subject,start_sec,end_sec,window_sec,step_sec,bvp_mean,bvp_std,bvp_min,bvp_max,bvp_range,bvp_median,bvp_iqr,bvp_rms,bvp_energy,bvp_skew,bvp_kurtosis,bvp_peak_count,bvp_valid_ibi_count,bvp_peak_prominence_mean,bvp_peak_prominence_std,bvp_ibi_mean,bvp_ibi_std,bvp_ibi_min,bvp_ibi_max,bvp_hr_mean,bvp_hr_std,bvp_hr_min,bvp_hr_max,bvp_rmssd,bvp_sdnn,original_label,label,label_purity
S2,300,360,60,30,0.06803645833333387,123.64350441831718,-471.89,597.16,1069.05,0.705,105.42250000000001,123.64352313729209,58704847.925,0.291301175277244,2.50473185255313,88,83,2.134505395284066,1.7841484377958297,0.6671686746987951,0.21894804583450753,0.34375,1.3125,99.89103694720409,32.38823000870792,45.714285714285715,174.54545454545453,0.2930240039358925,0.21894804583450753,1,0,0.8908809523809523
S2,330,390,60,30,-0.020908854166666244,98.1211438779572,-392.28,554.77,947.05,3.175,59.915000000000006,98.12114610571443,36970595.7623,0.3304076062216012,4.148434821666043,84,81,2.030929675106552,2.033863004399073,0.6961805555555556,0.21409847235372215,0.34375,1.25,95.53379897080016,32.037353170822755,48.0,174.54545454545453,0.2574867734012031,0.21409847235372215,1,0,1.0
S2,360,420,60,30,0.17571875000000006,44.970133207868074,-345.19,209.89,555.0799999999999,4.455,36.565,44.9704765130691,7765800.029999999,-1.2504594619314446,11.41104299038979,80,78,2.0258751420389447,2.0250834181900026,0.7524038461538461,0.20157937781958296,0.34375,1.484375,86.33619487851692,26.259401304128318,40.421052631578945,174.54545454545453,0.2325483471586796,0.20157937781958296,1,0,1.0
S2,390,450,60,30,-0.2819270833333332,40.34778820268652,-289.26,194.12,483.38,3.725,33.84,40.34877316262747,6251610.2236,-0.6614757146657569,8.938312935584195,79,76,2.0745102138858753,1.9129503099622036,0.7732319078947368,0.20222938657878334,0.390625,1.484375,83.6815416591113,24.772389461618356,40.421052631578945,153.6,0.2195965761345108,0.20222938657878334,1,0,1.0
S2,420,480,60,30,-0.9174947916666666,73.25475518286177,-400.17,363.29,763.46,3.1550000000000002,38.89,73.26050063706738,20609667.6618,-0.8356961279644185,8.361382585674246,80,79,1.806851987554881,2.063162752572807,0.7531645569620253,0.20968119123044007,0.34375,1.484375,87.82449790756164,31.75404174131423,40.421052631578945,174.54545454545453,0.22766847101060722,0.20968119123044007,1,0,1.0
S2,450,510,60,30,-0.00932031250000011,92.3729390496949,-670.2,363.29,1033.49,1.92,54.894999999999996,92.37293951989876,32765798.229300003,-0.9073929480516474,7.27700843187278,79,77,1.8751354447942168,1.8821750161888133,0.7469561688311688,0.2329031022094032,0.34375,1.453125,89.62534298625307,31.833869839757764,41.29032258064516,174.54545454545453,0.3182095602252547,0.2329031022094032,1,0,1.0
S2,480,540,60,30,0.9167890624999998,67.50657990288555,-670.2,303.72,973.9200000000001,2.085,41.864999999999995,67.51280495113348,17502638.716300003,-1.2417932324112404,18.182266833812537,74,72,1.7912548178332128,1.7571468989567025,0.7953559027777778,0.21822481167066884,0.34375,1.453125,82.10188929520685,26.04523921526985,41.29032258064516,174.54545454545453,0.29393583049227445,0.21822481167066884,1,0,1.0
S2,510,570,60,30,-0.01861197916666665,25.716486981754976,-182.86,139.13,321.99,3.835,27.81,25.716493716845257,2539538.1084999996,-0.4051072877141021,8.322678227416159,74,73,2.2419627317802027,1.645254497492876,0.8039383561643836,0.13149441873684845,0.359375,1.171875,77.63536780826367,19.358313240466572,51.2,166.95652173913044,0.15415258944738272,0.13149441873684845,1,0,1.0
S2,540,600,60,30,-0.1345312500000001,20.520690450155588,-152.01,91.48,243.49,4.015,27.525,20.521131430998956,1617088.6472,-0.69729457925548,6.50868968493786,77,76,2.431818633189267,1.1848390982486592,0.7724095394736842,0.1422000501961049,0.34375,1.03125,81.68340789352635,22.5172099600148,58.18181818181818,174.54545454545453,0.1355087827719419,0.1422000501961049,1,0,1.0
S2,570,630,60,30,0.14408072916666612,69.56133930177756,-596.97,368.75,965.72,3.8899999999999997,38.715,69.56148851709213,18580994.6293,-0.9438075908449465,13.976750230189626,78,77,1.6359772593950215,1.8935621940816059,0.7672483766233766,0.22473526226680782,0.34375,1.453125,86.02321406474,29.26534518748083,41.29032258064516,174.54545454545453,0.28588896266214875,0.22473526226680782,1,0,1.0
S2,600,660,60,30,-0.12666666666666782,98.0527609819354,-596.97,421.48,1018.45,5.425000000000001,52.9875,98.05284279726418,36919142.3256,-0.435391020956774,5.585820926392175,76,72,1.8416897326446946,1.858911985941456,0.7552083333333334,0.2623108197269669,0.34375,1.4375,90.49272410201677,34.140865708973315,41.73913043478261,174.54545454545453,0.3545343386346755,0.2623108197269669,1,0,1.0
S2,630,690,60,30,0.07414583333333263,89.12425522391935,-449.14,421.48,870.62,6.13,43.71,89.1242860662733,30501651.3286,-0.39316288287276213,5.862077981795581,77,75,1.7151306327967548,1.9935179374528604,0.7535416666666667,0.22016762868828427,0.359375,1.296875,87.4988448465544,28.40492154464136,46.265060240963855,166.95652173913044,0.28757205692190835,0.22016762868828427,1,0,1.0
S2,660,720,60,30,0.5626666666666669,82.33812224489925,-727.64,595.6,1323.24,4.34,32.7225,82.34004474490982,26034750.5994,-0.37831782238866235,21.08196179734506,69,63,1.3799144566286232,1.8224693497969273,0.792906746031746,0.18811836389214986,0.359375,1.28125,81.05667786127117,24.120977289474,46.829268292682926,166.95652173913044,0.2602032055246871,0.18811836389214986,1,0,1.0
S2,690,750,60,30,-0.22684895833333346,77.20485271657219,-727.64,595.6,1323.24,3.3449999999999998,26.09,77.20518598797298,22888860.4548,-0.0938316861211667,27.681564930155826,71,68,1.0937957272994374,1.8244954607933868,0.8051470588235294,0.16014157904995874,0.359375,1.140625,78.7242869829238,22.248446347005576,52.602739726027394,166.95652173913044,0.18638896573699706,0.16014157904995874,1,0,1.0
S2,720,780,60,30,-0.3535312500000003,46.48027579745366,-335.37,351.65,687.02,4.18,23.572499999999998,46.4816202659942,8296477.5265999995,-0.1760167070070536,27.99704641713063,72,71,1.2281165174921713,1.5990057893459413,0.8375880281690141,0.09493379919667547,0.46875,1.140625,72.74191400016949,10.199263229866695,52.602739726027394,128.0,0.15585888549421878,0.09493379919667547,1,0,1.0
S2,750,810,60,30,0.6854609374999999,70.09705464788354,-409.52,402.66,812.1800000000001,4.880000000000001,28.5775,70.10040604023067,18870016.9997,0.13246104959665736,10.181832133310364,74,73,1.4924808758233936,2.0038147076331474,0.8144263698630136,0.17616921523178716,0.34375,1.5,78.01678707447309,22.4818648479946,40.0,174.54545454545453,0.2613914049464158,0.17616921523178716,1,0,1.0
S2,780,840,60,30,0.0017708333333333807,72.22904308654161,-409.52,402.66,812.1800000000001,5.234999999999999,31.7325,72.22904310824929,20033413.126399998,0.0629790612829539,8.991945675752039,74,73,1.5472326692911484,1.9749696288640728,0.7977311643835616,0.2012623769605452,0.34375,1.5,81.3339812831816,26.588191344389323,40.0,174.54545454545453,0.29312206636473237,0.2012623769605452,1,0,1.0
S2,810,870,60,30,-0.7135286458333332,31.376799859093612,-242.2,380.05,622.25,4.62,28.41,31.384911861052622,3782448.7392999995,1.9554911056220685,40.52992369452915,74,73,1.987119774465762,1.8741652520908416,0.809931506849315,0.14508513242628984,0.359375,1.0625,77.82134108647696,21.744798666908817,56.470588235294116,166.95652173913044,0.16081651668883565,0.14508513242628984,1,0,1.0
S2,840,900,60,30,-0.15470572916666664,28.26191981781147,-116.17,380.05,496.22,3.825,30.5,28.262343244165752,3067238.5752999997,4.00236312643703,50.70106815793742,74,73,2.178181630668911,0.7932192920332841,0.8069349315068494,0.14321412791306387,0.359375,1.21875,77.98453847056737,21.31820764171773,49.23076923076923,166.95652173913044,0.15044557302462686,0.14321412791306387,1,0,1.0
S2,870,930,60,30,0.08410677083333332,37.9480988164819,-314.16,225.36,539.52,2.885,37.0025,37.94819202194453,5529850.666499998,-0.3293060525731055,10.76816141760131,78,76,2.274354673598305,1.9647171607808418,0.7715871710526315,0.15317632869536063,0.359375,1.0625,82.18282704703729,22.90202998494355,56.470588235294116,166.95652173913044,0.1693373266835559,0.15317632869536063,1,0,1.0
S2,900,960,60,30,-0.10170312499999994,43.35171797544224,-314.16,225.36,539.52,3.31,38.19,43.35183727303742,7216826.092599999,-0.29001869538584824,6.5187378840558114,76,75,2.225990821642981,1.7252128220972511,0.7785416666666667,0.21891918060985172,0.359375,1.21875,84.92205355026364,29.63600864109318,49.23076923076923,166.95652173913044,0.27964420527807854,0.21891918060985172,1,0,1.0
S2,930,990,60,30,-0.030273437499999882,35.67406710563745,-182.35,204.13,386.48,4.45,34.06,35.67407995083464,4886937.5245,-0.007421321974447744,5.837255576871167,75,74,2.1039559757627337,1.7260530799464922,0.7835726351351351,0.21634907120429583,0.359375,1.34375,83.9131231804141,28.58588702030631,44.651162790697676,166.95652173913044,0.27927507713219196,0.21634907120429583,1,0,1.0
S2,960,1020,60,30,0.26253125000000005,27.38319305190272,-182.35,204.13,386.48,3.88,29.3125,27.384451507653026,2879647.4280000003,0.2699891709130086,13.15871293579561,76,73,2.0226630831265298,1.5682209860966647,0.7988013698630136,0.1685236226830917,0.34375,0.984375,80.70803214734228,27.11157510007903,60.95238095238095,174.54545454545453,0.16270311491311576,0.1685236226830917,1,0,1.0
S2,990,1050,60,30,0.0065859374999999686,22.960102573663203,-230.28,181.44,411.72,2.86,23.47,22.960103518227186,2024318.7977,-0.9147772741950263,26.47897432183318,75,72,2.0855191382402287,1.4206785420496977,0.8025173611111112,0.19979755846538946,0.34375,1.421875,80.93626875602595,26.982438374320328,42.1978021978022,174.54545454545453,0.2786830234384881,0.19979755846538946,1,0,1.0
S2,1020,1080,60,30,0.03411197916666663,23.42825798766137,-230.28,181.44,411.72,2.5599999999999996,22.935,23.42828282148612,2107716.2341,-0.7976149550211709,24.78914328252301,73,71,2.0902225849823415,1.5280393202658364,0.8268045774647887,0.1578863801508712,0.34375,1.296875,76.35957523239236,21.376067321979303,46.265060240963855,174.54545454545453,0.23158307335829065,0.1578863801508712,1,0,1.0
S2,1050,1110,60,30,-0.051098958333333354,19.626275965436164,-78.59,87.06,165.65,4.15,28.612499999999997,19.626342485929467,1479142.3464000002,-0.3927675240960383,0.3528570260740804,69,68,2.890372400587557,0.9000931019497532,0.8671875,0.1261009649240616,0.453125,1.203125,70.88107960040688,12.297617048094281,49.87012987012987,132.41379310344828,0.19869964101985166,0.1261009649240616,1,0,1.0
S2,1080,1140,60,30,0.020757812499999993,21.78102319522498,-60.03,36.42,96.45,7.08,36.8475,21.781033086557404,1821747.4649,-0.5467932181021143,-0.9558938602854159,70,69,3.0084248495239065,0.4934928365137851,0.8541666666666666,0.09332128221887999,0.5625,1.203125,71.1139486589619,8.269947891142072,49.87012987012987,106.66666666666667,0.11908693492509134,0.09332128221887999,1,0,1.0
S2,1110,1170,60,30,0.06995572916666673,25.544831149600142,-171.28,101.42,272.7,5.42,37.067499999999995,25.544926937958248,2505766.2422999996,-0.9497228805112655,4.544026909529246,72,71,2.7031724315944134,0.855377492361391,0.8386883802816901,0.12113792350502343,0.421875,1.25,73.53860723310648,14.800494802755912,48.0,142.22222222222223,0.1599233389169859,0.12113792350502343,1,0,1.0
S2,1140,1200,60,30,-0.3320364583333333,35.414638350527746,-225.29,212.29,437.58,4.0649999999999995,34.832499999999996,35.41619485077884,4816538.3336,-0.6637638743927722,7.533634958114261,73,72,2.2321819871708826,1.640102172545281,0.8211805555555556,0.19104520385775842,0.359375,1.265625,78.68329121128632,25.680138045783025,47.407407407407405,166.95652173913044,0.23669625163270294,0.19104520385775842,1,0,1.0
S2,1170,1230,60,30,-0.06193489583333325,47.42619712545188,-261.35,444.13,705.48,2.665,32.957499999999996,47.42623756649416,8637112.3573,0.8646715918596669,12.900302629954504,80,75,1.9059481990701301,2.023316395160812,0.7691666666666667,0.20845683839160142,0.359375,1.265625,85.72877588360667,29.889892520802146,47.407407407407405,166.95652173913044,0.2175855833096237,0.20845683839160142,1,0,1.0
S2,1200,1260,60,30,0.33202604166666677,40.110104195219996,-261.35,444.13,705.48,2.285,30.1425,40.1114784051118,6178293.8874,1.6527977839799193,22.849008604611253,80,75,1.9338768012785152,2.1313106096351144,0.7641666666666667,0.20104177461137,0.34375,1.21875,85.99160208216558,29.65822115046603,49.23076923076923,174.54545454545453,0.2103854450121799,0.20104177461137,1,0,1.0
S2,1230,1290,60,30,0.0329713541666667,17.813341100001782,-65.1,62.53,127.63,3.355,26.6075,17.8133716139087,1218494.2396999998,-0.3289729717682062,0.024242003494372888,78,76,2.6987911425264497,1.0669064985763335,0.7826891447368421,0.17281028478810176,0.34375,1.03125,82.78352557618686,28.57145148646152,58.18181818181818,174.54545454545453,0.18808935155044443,0.17281028478810176,1,0,1.0
S2,1260,1320,60,30,0.30294531250000006,45.31193627577075,-210.62,327.42,538.04,3.95,29.935000000000002,45.31294897622395,7884531.2445,0.7933928736947886,12.316317440703859,75,74,1.7544369070769994,1.902840671638257,0.801097972972973,0.14745736367038742,0.34375,1.125,78.86468790998255,22.568078187962453,53.333333333333336,174.54545454545453,0.17936848169627628,0.14745736367038742,1,0,1.0
S2,1290,1350,60,30,-0.07365624999999962,58.37835233608075,-404.55,327.42,731.97,4.16,38.730000000000004,58.37839880228602,13086863.7954,-0.254177432037401,8.866472577908008,79,78,1.7963243479790674,1.9025252049411399,0.7568108974358975,0.19140873957678653,0.34375,1.171875,86.81801143202361,31.201663532437895,51.2,174.54545454545453,0.22748949686758055,0.19140873957678653,1,0,1.0
S2,1320,1380,60,30,-0.28816927083333294,42.85295623927602,-404.55,259.43,663.98,7.08,43.515,42.85392514080779,7052002.175899999,-1.6753336198610298,18.8339625240552,77,76,2.0176061863182753,1.313176412956713,0.7802220394736842,0.11641288743649077,0.375,1.078125,79.1344390191452,15.76267443483165,55.65217391304348,160.0,0.15089792010384592,0.11641288743649077,1,0,1.0
S2,1350,1410,60,30,-0.11722395833333325,43.575724515298376,-306.06,233.82,539.88,9.98,53.585,43.57588218831127,7291612.8326,-1.231709734144166,9.303094210635205,77,76,2.4431421277760323,1.4793190954164455,0.7793996710526315,0.12248096827814646,0.34375,1.03125,80.10640449266543,20.74604509496432,58.18181818181818,174.54545454545453,0.11196341943539714,0.12248096827814646,1,0,1.0
S2,1380,1440,60,30,0.8342109374999993,136.88754697953826,-668.24,464.19,1132.43,11.190000000000001,98.935,136.89008885220122,71957362.2757,-0.5668236208655859,3.2771722931037948,85,81,2.0390648703568113,1.8025511651748816,0.7216435185185185,0.209546685286291,0.34375,1.234375,92.19363435150055,33.04922096282408,48.607594936708864,174.54545454545453,0.2871186754446017,0.209546685286291,1,0,1.0
S2,2280,2340,60,30,0.34930989583333333,126.61448927160008,-762.88,450.12,1213.0,6.279999999999999,102.4175,126.61497111681327,61560387.4979,-0.9646791559264749,5.156393859009313,71,65,2.3023453584749194,1.8375664338948643,0.7771634615384615,0.2729308757612209,0.359375,1.390625,87.8567024726024,32.31535760006036,43.146067415730336,166.95652173913044,0.34295006355699953,0.2729308757612209,2,1,1.0
S2,2310,2370,60,30,-0.20361197916666657,92.75961760137093,-762.88,306.62,1069.5,6.095,69.3925,92.75984107031783,33040850.3631,-2.279443712255075,13.773187064973524,77,71,1.9871401845196848,1.9458954666466863,0.7048855633802817,0.23813084097534756,0.359375,1.5,94.73608069751477,31.215319798161577,40.0,166.95652173913044,0.3154381961341352,0.23813084097534756,2,1,1.0
S2,2340,2400,60,30,-0.5170781249999998,82.61098874332728,-731.27,306.62,1037.8899999999999,-0.92,68.0275,82.61260697337605,26207396.470799997,-1.3275229455715896,10.584850554825259,79,72,2.1018382584470117,1.60629189137473,0.6838107638888888,0.240395660001757,0.34375,1.34375,98.8294338214852,34.127239126675924,44.651162790697676,174.54545454545453,0.28764492290415145,0.240395660001757,2,1,1.0
S2,2370,2430,60,30,-0.5074531250000001,66.16150754477079,-464.57,299.26,763.8299999999999,0.0,46.595,66.16345357726449,16809993.9428,-0.5000972348798075,6.230489609731887,81,77,2.057376575199088,1.8231301859121356,0.7199675324675324,0.2592124431169124,0.34375,1.484375,95.09003398526549,35.306324987171536,40.421052631578945,174.54545454545453,0.3102613068627543,0.2592124431169124,2,1,1.0
S2,2400,2460,60,30,-0.0646536458333333,78.95014320221891,-464.57,358.01,822.5799999999999,0.31,52.6275,78.95016967521217,23935216.4803,0.06626234495388636,4.264275003024028,82,73,2.280420337351103,1.9964538527781441,0.6924229452054794,0.2548606661959825,0.34375,1.5,98.64431793571661,34.78451881835479,40.0,174.54545454545453,0.3149911556987002,0.2548606661959825,2,1,1.0
S2,2430,2490,60,30,0.723104166666667,91.27133438156382,-545.31,358.01,903.3199999999999,-2.49,83.3625,91.2741987608058,31990960.740199998,-0.04877743947147621,2.9658446683845137,83,80,2.3021585666637567,1.7787952307519765,0.6947265625,0.2766876454806414,0.34375,1.453125,99.50016552272227,35.271810098694445,41.29032258064516,174.54545454545453,0.38005883642611127,0.2766876454806414,2,1,1.0
S2,2460,2520,60,30,0.03970052083333352,96.50701871139402,-545.31,314.1,859.41,-0.745,81.28999999999999,96.50702687728344,35764247.9489,-0.5770573557148296,4.278096913560655,83,78,2.086095853487349,1.8510670436010894,0.6901041666666666,0.22748164938728443,0.359375,1.359375,96.88790002127757,31.727140098616033,44.13793103448276,166.95652173913044,0.3442799560078487,0.22748164938728443,2,1,1.0
S2,2490,2550,60,30,-0.32148177083333335,97.70403297964033,-649.86,575.34,1225.2,1.255,58.9675,97.70456187412964,36657336.618300006,-0.5786796014681987,8.072825898676175,80,74,2.0780513742181803,2.0756677193348736,0.7037584459459459,0.24950382546886618,0.34375,1.5,96.39542554067953,33.807263426173435,40.0,174.54545454545453,0.33000521315672643,0.24950382546886618,2,1,1.0
S2,2520,2580,60,30,0.10650520833333328,82.0890752366178,-649.86,575.34,1225.2,1.47,31.759999999999998,82.0891443283611,25876330.0476,-1.4416774022167034,19.217780370368075,67,61,1.8891491591990808,2.4222629311445174,0.7610143442622951,0.29401453392127924,0.34375,1.5,91.01439458790804,34.45614902421715,40.0,174.54545454545453,0.35322523466798067,0.29401453392127924,2,1,1.0
S2,2550,2610,60,30,-0.14405989583333334,57.046079274342226,-579.93,332.32,912.25,0.76,26.3275,57.04626117308763,12496419.509100001,-3.0416101663358512,34.210196977512936,61,52,1.7498307486918585,2.1643205149288467,0.7908653846153846,0.2660515848872281,0.40625,1.453125,84.35202215579108,27.170566738875376,41.29032258064516,147.69230769230768,0.33890440596841453,0.2660515848872281,2,1,1.0
S2,2580,2640,60,30,-0.12838802083333317,32.56757472980958,-260.26,96.8,357.06,0.63,24.21,32.567827794706005,4072947.4839,-1.8667415260258102,11.940947506419967,73,70,1.9794795851365945,1.7688720434143552,0.7888392857142857,0.2799043061467433,0.34375,1.453125,86.02732613429156,30.253739967318158,41.29032258064516,174.54545454545453,0.3746696159352563,0.2799043061467433,2,1,1.0
S2,2610,2670,60,30,0.23034635416666718,49.90687288339984,-342.26,222.31,564.5699999999999,1.685,25.354999999999997,49.90740446509624,9564476.2385,-1.3846949169676397,8.98335433730527,65,60,1.8284208959347823,1.9686574045587988,0.8505208333333333,0.31320709932243274,0.390625,1.453125,81.4507597596929,31.66321731199406,41.29032258064516,153.6,0.4399193472041114,0.31320709932243274,2,1,1.0
S2,2640,2700,60,30,0.04995312500000022,52.932383108152415,-342.26,222.31,564.5699999999999,1.83,31.314999999999998,52.93240667892323,10759064.359000001,-0.9373865855658179,6.7775547750832335,72,67,1.8851435176271218,1.9817598099162324,0.753964552238806,0.2696393768836766,0.359375,1.421875,90.79742418392162,33.85542215448241,42.1978021978022,166.95652173913044,0.3694847744894848,0.2696393768836766,2,1,1.0
S2,2670,2730,60,30,-0.11858854166666676,37.41490944932963,-201.46,208.57,410.03,1.03,32.8,37.41509738519666,5375575.727399999,-0.057167278599577924,4.694651267966515,76,74,2.0539940128433734,1.8701706157221205,0.7732263513513513,0.21314679554447108,0.40625,1.234375,83.96097564983002,24.129394411658968,48.607594936708864,147.69230769230768,0.2801180608182474,0.21314679554447108,2,1,1.0
S2,2700,2760,60,30,0.15459635416666673,25.925493252973737,-151.26,139.7,290.96,1.13,19.415,25.925954185771218,2581075.5856999997,-0.18163021858650658,5.511695609221727,70,67,1.9758599135338406,1.9475597457339253,0.8101679104477612,0.24544375605103452,0.375,1.484375,81.82414303945122,27.51814323077662,40.421052631578945,160.0,0.3634740293726762,0.24544375605103452,2,1,1.0
S2,2730,2790,60,30,0.029765625000000084,33.08568420589412,-205.11,100.56,305.67,0.87,20.252499999999998,33.085697595253805,4203507.399800001,-0.9630757264866211,5.327401776197915,73,69,1.9582860210329263,2.1172746575446215,0.7733242753623188,0.2571253494770164,0.34375,1.484375,87.51629616843736,32.314898797155465,40.421052631578945,174.54545454545453,0.3679201077035251,0.2571253494770164,2,1,1.0
S2,2760,2820,60,30,-0.14879947916666653,43.826476541980774,-205.11,149.47,354.58000000000004,0.665,38.39,43.8267291429533,7375803.5995000005,-0.5262732318510377,2.004342639026847,67,63,2.282580544451085,1.8108088464859442,0.841765873015873,0.29794335835478847,0.34375,1.421875,82.90001675462871,35.89644662429174,42.1978021978022,174.54545454545453,0.43915746662666644,0.29794335835478847,2,1,1.0
S2,2790,2850,60,30,-0.05087239583333325,43.89338732934762,-167.49,172.07,339.56,0.945,33.165,43.89341680986787,7398267.0307,-0.09261802001991173,2.565195025146674,63,55,2.1580934511904672,1.8699674012351686,0.8485795454545455,0.2572436514850053,0.375,1.421875,77.84738290424654,25.467399820912465,42.1978021978022,160.0,0.3621508635562492,0.2572436514850053,2,1,1.0
S2,2820,2880,60,30,-0.019104166666666523,38.543751473293085,-167.49,172.07,339.56,0.59,21.79,38.543756207772056,5704785.1876,0.0701002056925577,3.8873652829867904,60,51,1.951007979043557,1.9565002551346649,0.8501838235294118,0.20417518092431963,0.515625,1.359375,74.69241290365626,17.83060012783582,44.13793103448276,116.36363636363636,0.296875,0.20417518092431963,2,1,1.0
S2,4770,4830,60,30,-0.1300494791666669,30.26793212678935,-126.1,252.96,379.06,2.72,29.630000000000003,30.268211511401834,3518072.1719000004,0.8784364572430107,10.6929365668164,73,72,2.0461412921766753,1.4808049147013378,0.8285590277777778,0.19612629457939512,0.34375,1.1875,78.60055974244531,27.44542004433048,50.526315789473685,174.54545454545453,0.20537251987306893,0.19612629457939512,3,0,1.0
S2,4800,4860,60,30,-0.05896354166666685,28.7871751577186,-115.07,133.41,248.48,2.9,30.192500000000003,28.78723554390759,3182226.9321999997,0.13156551050860532,3.5039422891742102,73,71,1.9987877149997701,1.706557502469137,0.8147007042253521,0.2208509485965205,0.34375,1.25,80.70180933505983,27.5516495219796,48.0,174.54545454545453,0.2774859733424119,0.2208509485965205,3,0,1.0
S2,4830,4890,60,30,0.06746614583333349,55.383872937185345,-557.03,274.22,831.25,2.41,42.977500000000006,55.383914029284036,11778731.263500001,-1.5143698553844327,19.36062079570612,76,71,1.9184736343828506,1.6854709121354619,0.7528609154929577,0.2388914866780741,0.34375,1.203125,89.71938109931821,33.44991907545773,49.87012987012987,174.54545454545453,0.28439462255690723,0.2388914866780741,3,0,1.0
S2,4860,4920,60,30,0.026046875000000285,53.41512126922615,-557.03,274.22,831.25,1.0550000000000002,37.0775,53.41512761985909,10956195.297200002,-1.7463922807526584,22.68022467237042,79,75,1.8948623796494233,1.7196988547081953,0.7320833333333333,0.23785189573672846,0.34375,1.25,92.21494384924031,33.575432895112,48.0,174.54545454545453,0.27677440251981883,0.23785189573672846,3,0,1.0
S2,4890,4950,60,30,0.007710937499999989,25.53035339092276,-143.47,103.2,246.67000000000002,0.425,23.665,25.530354555390694,2502908.1743,-0.6404519960286436,5.386409512600956,79,77,2.157808762363294,2.0220970492772263,0.757711038961039,0.23741432174649685,0.34375,1.390625,88.37987063251718,31.13668868152814,43.146067415730336,174.54545454545453,0.2856978791767948,0.23741432174649685,3,0,1.0
S2,4920,4980,60,30,0.05266927083333336,24.53719791342731,-143.21,116.77,259.98,0.9,25.5375,24.53725444084549,2311975.1251000003,-0.26179616853770743,5.090124778971406,75,73,2.1455804985998,1.8542155004249894,0.8020119863013698,0.23877931951183304,0.34375,1.390625,83.96884569082182,32.61678595488485,43.146067415730336,174.54545454545453,0.2786275792307468,0.23877931951183304,3,0,1.0
S2,4950,5010,60,30,-0.07637239583333323,19.998294361954045,-108.56,116.77,225.32999999999998,0.895,26.2275,19.99844019243022,1535760.4229000001,0.21470615336931245,4.5615041835482275,69,68,2.360527397223383,1.3708177972902222,0.8625919117647058,0.19085085657821732,0.359375,1.265625,74.39097284143176,23.165794752923055,47.407407407407405,166.95652173913044,0.2659608828969841,0.19085085657821732,3,0,1.0
S2,4980,5040,60,30,-0.059830729166666624,56.73144428143713,-640.66,408.55,1049.21,1.975,27.8675,56.73147583109361,12358887.7439,-2.1725751925405836,37.18630947716484,70,65,1.4920851025264703,2.0736061963544046,0.8326923076923077,0.17122304402799587,0.390625,1.1875,76.14225509517232,20.85693100869737,50.526315789473685,153.6,0.19074743122656004,0.17122304402799587,3,0,1.0
S2,5010,5070,60,30,0.0909427083333334,66.71866320678858,-640.66,408.55,1049.21,6.54,47.425,66.71872518773934,17093331.036199998,-1.8692365905251251,21.84245684567211,74,69,1.8871862008129872,2.0445614172231323,0.7941576086956522,0.21186359910347685,0.375,1.1875,82.81147033088894,28.332483690988226,50.526315789473685,160.0,0.14193375872500813,0.21186359910347685,3,0,1.0
S2,5040,5100,60,30,-0.014549479166666846,62.46607927636898,-484.97,274.9,759.87,8.205,58.64,62.466080970787324,14983723.2839,-1.4676428491497011,12.225779478963378,76,75,2.1030803554886184,1.7321827679905049,0.7708333333333334,0.24309920243024702,0.34375,1.1875,88.0221863986509,33.75266978464767,50.526315789473685,174.54545454545453,0.2569247872117126,0.24309920243024702,3,0,1.0
S2,5070,5130,60,30,-0.06661979166666682,53.61919132906169,-471.2,274.9,746.0999999999999,5.465,48.0175,53.61923271531557,11040084.929200001,-1.3199461814781708,15.939735680811939,72,71,1.99290170420494,1.6268249253501121,0.8268045774647887,0.2434742831486542,0.34375,1.328125,81.05171538765774,30.911799367465576,45.1764705882353,174.54545454545453,0.32080482634639845,0.2434742831486542,3,0,0.9257857142857143
S3,360,420,60,30,-0.3204010416666667,24.16028935170098,-163.71,132.66,296.37,4.46,24.2725,24.162413753294945,2241877.3954000003,-0.5744220795873523,7.4177940672693055,64,63,2.451601691841074,1.7072972458793345,0.9370039682539683,0.2783270769972058,0.34375,1.4375,73.34967657661566,32.94167316111157,41.73913043478261,174.54545454545453,0.2153666199715821,0.2783270769972058,1,0,1.0
S3,390,450,60,30,0.15948697916666665,36.42203131808779,-283.57,178.35,461.91999999999996,3.8,30.0125,36.42238050199755,5094104.837499999,-0.47243333119621683,7.326007784218193,67,66,2.387574096238744,1.8774347575203136,0.8832859848484849,0.2854046525605298,0.34375,1.421875,78.41055222728023,34.68166538683702,42.1978021978022,174.54545454545453,0.30686628532197485,0.2854046525605298,1,0,1.0
S3,420,480,60,30,0.11800520833333335,51.060532423638016,-283.57,345.41,628.98,1.8399999999999999,51.144999999999996,51.06066878346369,10011616.883,-0.1839707144310793,4.770979651279774,74,71,2.27352569435196,1.9123566737431466,0.7623239436619719,0.2782868591191312,0.34375,1.421875,90.7380910840395,35.92096952380541,42.1978021978022,174.54545454545453,0.37826886283341604,0.2782868591191312,1,0,1.0
S3,450,510,60,30,-0.1197057291666667,41.881716248609365,-240.18,345.41,585.59,4.545,40.230000000000004,41.88188731887121,6735715.1439,-0.08031102912727502,8.774092397370627,64,61,2.249971221108421,2.056281282611716,0.9016393442622951,0.2975058582719463,0.34375,1.421875,77.01750820816277,34.16231001507437,42.1978021978022,174.54545454545453,0.3144082363146678,0.2975058582719463,1,0,1.0
S3,480,540,60,30,-0.0773984375000001,21.71742598788273,-109.07,120.1,229.17,4.325,24.9075,21.7175639070613,1811145.9151,-0.4749619118515211,4.189871013647695,58,57,2.5712150438523063,1.5270939868853526,1.0331688596491229,0.2512828614837351,0.34375,1.421875,64.94479459121678,30.039053173040195,42.1978021978022,174.54545454545453,0.2288790131894391,0.2512828614837351,1,0,1.0
S3,510,570,60,30,0.007721354166666683,16.82742290907607,-157.94,80.39,238.32999999999998,3.75,19.442500000000003,16.827424680568573,1087342.9301,-1.4316653801073511,11.513723039763635,59,58,2.574308810381348,1.5583721720040102,1.0132004310344827,0.27444475385780803,0.34375,1.484375,67.19537468626235,31.28908425614275,40.421052631578945,174.54545454545453,0.2501113375982293,0.27444475385780803,1,0,1.0
S3,540,600,60,30,-0.05257812499999993,19.1326868884645,-157.94,80.39,238.32999999999998,3.78,22.2425,19.13275913273488,1405679.8926,-0.9641920569220387,6.8372543741838,60,59,2.6143391999735828,1.480673178410101,0.9928495762711864,0.30106628283976944,0.34375,1.484375,69.60255225620324,31.866709990283685,40.421052631578945,174.54545454545453,0.25811029692198484,0.30106628283976944,1,0,1.0
S3,570,630,60,30,0.17124739583333334,22.75911277381645,-85.1,114.32,199.42,3.175,26.995,22.759757026863774,1989145.1132999999,0.10205856285290332,2.066547574732632,63,62,2.6239341266025353,1.3949067847472028,0.9506048387096774,0.2960806641342314,0.34375,1.34375,73.4011805684275,34.81868890516161,44.651162790697676,174.54545454545453,0.26344634499376485,0.2960806641342314,1,0,1.0
S3,600,660,60,30,0.0008906250000002262,32.59331873937311,-117.7,116.69,234.39,2.29,34.754999999999995,32.593318751541446,4079325.8005999997,-0.07601677433163169,1.2944703744970978,67,65,2.2632282398992016,1.4115126233080917,0.8747596153846153,0.2753452311222679,0.359375,1.4375,77.94418489199084,31.71723113042229,41.73913043478261,166.95652173913044,0.3299740960329074,0.2753452311222679,1,0,1.0
S3,630,690,60,30,-0.18088020833333315,33.05166185396079,-161.73,146.34,308.07,2.815,32.52,33.05215679737607,4194989.0648,-0.2507129091990473,2.453282421699191,69,67,2.139636761295349,1.5284164728943839,0.8509794776119403,0.26153050854841536,0.359375,1.4375,79.66070269520769,31.87468860074713,41.73913043478261,166.95652173913044,0.30552708236539705,0.26153050854841536,1,0,1.0
S3,660,720,60,30,0.03681770833333323,36.27418143930707,-161.73,185.1,346.83,2.34,33.1775,36.27420012399194,5052739.5634,-0.0669265381243573,3.902520030051761,66,64,2.319998888103599,1.793292110965018,0.914306640625,0.27607533711388044,0.34375,1.390625,75.50566439832318,35.191592189871386,43.146067415730336,174.54545454545453,0.30678681288723597,0.27607533711388044,1,0,1.0
S3,690,750,60,30,-0.11640364583333344,40.43667325028867,-152.58,185.1,337.68,2.0149999999999997,45.71,40.4368407935063,6278930.2785,-0.0746712355543053,1.7846604301377615,60,58,2.604331452989847,1.517023089884538,1.0185883620689655,0.3015380285395307,0.34375,1.40625,67.87520304907142,32.33269440876024,42.666666666666664,174.54545454545453,0.3148554323123216,0.3015380285395307,1,0,1.0
S3,720,780,60,30,-0.037632812499999994,28.365359317557242,-127.18,124.46,251.64,3.82,27.975,28.365384281597674,3089644.8977,-0.33999231828489446,2.762317263341772,57,56,2.5960377598343998,1.6417232213062631,1.0558035714285714,0.23826491349987317,0.453125,1.40625,61.48400512279418,21.53656390407623,42.666666666666664,132.41379310344828,0.23209114527682673,0.23826491349987317,1,0,1.0
S3,750,810,60,30,0.25734114583333334,38.50610908969341,-376.37,197.15,573.52,3.895,24.5675,38.50696900163279,5693900.780900001,-2.710843831345751,28.55452512718212,63,62,2.0033143595515495,2.2849621467586165,0.9508568548387096,0.2686299252077551,0.34375,1.265625,71.38675840297304,30.57296446934997,47.407407407407405,174.54545454545453,0.2396937483155482,0.2686299252077551,1,0,1.0
S3,780,840,60,30,-0.00793229166666638,68.7684451324364,-815.51,378.75,1194.26,3.1399999999999997,27.9875,68.76844558992276,18159740.578,-2.8715457244470795,33.97885032172541,64,62,1.780694979567608,2.494290154283256,0.9259072580645161,0.29922582984379476,0.390625,1.4375,74.77990922856671,32.31931410238251,41.73913043478261,153.6,0.30243128749814707,0.29922582984379476,1,0,1.0
S3,810,870,60,30,-0.03128906249999955,92.91598945771405,-815.51,597.3,1412.81,1.875,38.4725,92.91599472594295,33152187.1715,-0.9964884064038201,16.526982409566827,68,65,1.8458720658603023,2.393052978242668,0.8661057692307692,0.32208811595256015,0.34375,1.453125,82.1399698601494,36.90491086130043,41.29032258064516,174.54545454545453,0.3382009503423963,0.32208811595256015,1,0,1.0
S3,840,900,60,30,0.026239583333333583,76.4338910436857,-564.25,597.3,1161.55,1.62,31.6625,76.4338955476806,22433819.0922,0.020979644306000782,18.033872139171944,66,62,1.8452170795741853,2.4552202631017503,0.8777721774193549,0.3049429526932455,0.359375,1.5,78.90192500624207,33.04368526411621,40.0,166.95652173913044,0.375096043028851,0.3049429526932455,1,0,1.0
S3,870,930,60,30,-0.09998437499999986,37.69747327476789,-286.28,350.83,637.1099999999999,1.6549999999999998,18.1325,37.69760586797368,5457060.4346,1.15244219850893,25.23173931921571,65,61,1.7277101628957574,2.5317764331713755,0.9108606557377049,0.35069301932087227,0.34375,1.5,80.71011180852724,40.812246881350916,40.0,174.54545454545453,0.30851627455722114,0.35069301932087227,1,0,1.0
S3,900,960,60,30,0.14945833333333308,61.99012262607794,-346.01,596.91,942.92,2.185,26.7275,61.99030279801497,14756342.941399999,1.0228694383156642,20.912337874306658,65,58,1.7985073683463073,2.004508550875544,0.7796336206896551,0.2941499486228438,0.34375,1.40625,89.5445745701532,35.342011656277016,42.666666666666664,174.54545454545453,0.29750193497822747,0.2941499486228438,1,0,1.0
S3,930,990,60,30,-0.01802604166666697,57.75856631279674,-346.01,596.91,942.92,2.73,29.552500000000002,57.75856912569698,12810440.860599998,0.9552529340976535,26.417378998680814,70,68,1.7236058017933085,1.8873232872526582,0.8455882352941176,0.29308397748412524,0.34375,1.296875,82.5466305530492,35.350197131543894,46.265060240963855,174.54545454545453,0.27674406669609475,0.29308397748412524,1,0,1.0
S3,960,1020,60,30,-0.12073177083333334,19.152724535867037,-313.8,156.09,469.89,1.875,14.1225,19.15310505655132,1408671.1039,-4.135079156371625,77.5194114428949,59,56,1.987600564630143,1.8733383492279796,0.9771205357142857,0.2746936117517352,0.375,1.453125,70.26722525913932,33.12547536961176,41.29032258064516,160.0,0.29825486736864987,0.2746936117517352,1,0,1.0
S3,990,1050,60,30,0.04560156250000001,8.267383063039913,-45.74,37.84,83.58000000000001,1.6949999999999998,11.6875,8.267508827545434,262470.53650000005,-0.6811525893483524,2.410377308600614,60,59,2.7484311734526483,0.8906961778062346,1.00635593220339,0.2353373365565286,0.34375,1.328125,65.31444586824517,25.77117526111997,45.1764705882353,174.54545454545453,0.18715170596406172,0.2353373365565286,1,0,1.0
S3,1020,1080,60,30,-0.1488489583333333,10.810658026057114,-59.96,56.43,116.39,1.6,12.825,10.811682707550661,448867.1346,-0.515304341629043,4.166857036297491,57,56,2.617121635829125,1.4137488973287442,1.0591517857142858,0.18691114484759808,0.359375,1.34375,59.67090199447523,18.642013496748415,44.651162790697676,166.95652173913044,0.1759208725793813,0.18691114484759808,1,0,1.0
S3,1050,1110,60,30,0.03318489583333335,16.643543131058266,-89.41,56.43,145.84,2.875,17.965,16.643576214044515,1063713.1361,-0.958015572685761,2.8308103873883512,56,55,2.73894289976318,1.4125610250228626,1.0707386363636364,0.23782227210567164,0.390625,1.375,61.27266047681614,24.624057294157673,43.63636363636363,153.6,0.17975667951711424,0.23782227210567164,1,0,1.0
S3,1080,1140,60,30,-0.03636979166666675,20.89672929199298,-89.41,99.7,189.11,3.8,26.525,20.896760941939863,1676830.5326,-0.44536936915720304,2.291512722934738,58,56,2.8087880135917116,1.28840100060358,1.0345982142857142,0.2779712513581803,0.390625,1.375,65.57819368650722,29.215123693328916,43.63636363636363,153.6,0.2118640215712985,0.2779712513581803,1,0,1.0
S3,1110,1170,60,30,-0.15390364583333352,26.03899597730951,-124.93,183.76,308.69,2.135,30.1925,26.039450797559876,2603723.5116999997,0.37896865403152663,6.156204690635484,61,59,2.5782704459493764,1.471888254450848,0.9769597457627118,0.3051350869924965,0.390625,1.484375,70.19210924877198,29.409807855434074,40.421052631578945,153.6,0.2324453611177741,0.3051350869924965,1,0,1.0
S3,1140,1200,60,30,0.2070911458333332,25.413966840598217,-124.93,183.76,308.69,3.45,31.427500000000002,25.414810589845214,2480304.3737,0.32222786760395256,6.379007903788619,60,58,2.6140743952602175,1.297520422816468,1.0129310344827587,0.2760098817692488,0.359375,1.5,66.1534946653329,27.156755244556276,40.0,166.95652173913044,0.2633903681225584,0.2760098817692488,1,0,1.0
S3,1170,1230,60,30,0.1083307291666667,34.54759737937638,-323.02,339.8,662.8199999999999,4.015,30.0475,34.54776722502302,4583225.1657,0.32142057375904154,27.02445868753854,61,60,2.2981551172155985,2.187267539255541,0.9799479166666667,0.2939977300185775,0.359375,1.46875,70.33313815488853,32.29566670024554,40.851063829787236,166.95652173913044,0.22999976971248604,0.2939977300185775,1,0,1.0
S3,1200,1260,60,30,-0.04033072916666664,35.547535882427816,-323.02,339.8,662.8199999999999,2.5,24.43,35.54755876118933,4852335.1060999995,0.25784930909662446,25.19069494694241,65,64,2.234602579693358,2.4902874220356894,0.918212890625,0.3396724400695708,0.359375,1.453125,78.47954149157346,37.6204047271946,41.29032258064516,166.95652173913044,0.30349117753448757,0.3396724400695708,1,0,1.0
S3,1230,1290,60,30,0.01644010416666659,18.016874561581613,-188.7,157.11,345.81,1.9049999999999998,15.105,18.0168820622435,1246494.8706999999,-0.6107343648977098,21.886218719579514,64,62,2.3323880957470053,2.035406231209443,0.9553931451612904,0.3252786343166894,0.34375,1.484375,75.58262922975017,39.57274620625277,40.421052631578945,174.54545454545453,0.3416185314869904,0.3252786343166894,1,0,1.0
S3,1260,1320,60,30,-0.03947395833333336,8.70514215159811,-57.41,39.08,96.49,1.5150000000000001,10.82,8.705231649583869,290999.26300000004,-0.9072502182809485,3.808086668687195,60,59,2.920362037051814,1.4181391262897751,1.0113877118644068,0.23191381670039432,0.34375,1.34375,64.9557004410109,26.014014862311367,44.651162790697676,174.54545454545453,0.2630932848033577,0.23191381670039432,1,0,1.0
S3,1290,1350,60,30,-0.051669270833333315,7.2511556693853905,-49.57,37.95,87.52000000000001,1.15,9.6775,7.251339755880174,201914.60450000002,-0.6951017848059744,3.014671622374527,63,62,2.8646555720440268,1.3906503120425961,0.9495967741935484,0.27521269031232737,0.359375,1.5,71.37249141249995,29.83301104212249,40.0,166.95652173913044,0.30290732847092594,0.27521269031232737,1,0,1.0
S3,1320,1380,60,30,0.022765625,7.10740879274238,-49.57,37.95,87.52000000000001,1.38,9.7425,7.107445252749636,193980.5876,-0.7088369692504334,3.284247193476748,62,60,2.904806204811563,1.355786401528522,0.9744791666666667,0.3054006966322641,0.34375,1.5,72.05555913793852,35.172800809725025,40.0,174.54545454545453,0.280439628197513,0.3054006966322641,1,0,1.0
S3,1350,1410,60,30,-0.016187500000000007,6.314023083272167,-18.19,12.8,30.990000000000002,1.64,9.5075,6.314043833491339,153089.8542,-0.6711696169942462,-0.5848029362762008,60,58,3.0253822454247,0.9278482917926901,1.0258620689655173,0.27362680830050146,0.34375,1.28125,67.05562398100845,33.12035592954465,46.829268292682926,174.54545454545453,0.2528873153074726,0.27362680830050146,1,0,1.0
S3,1380,1440,60,30,-0.012343749999999964,14.893582747576865,-98.39,145.22,243.61,1.8,11.6575,14.893587862804695,851784.8042,2.0496369932156795,29.070100438676853,56,55,2.0148658611678725,1.8178872468570288,1.0724431818181819,0.1951644583570101,0.40625,1.390625,59.26167500316045,19.32998096400877,43.146067415730336,147.69230769230768,0.21347814095749162,0.1951644583570101,1,0,1.0
S3,1410,1470,60,30,0.04698437500000009,15.654169073942866,-98.39,145.22,243.61,2.37,14.33,15.654239583163513,941012.033,1.7074429564983093,23.357725171833277,56,54,2.2248865356880656,1.9527922529647745,1.0787037037037037,0.2042561755269892,0.390625,1.453125,59.28535253366801,20.533243850849296,41.29032258064516,153.6,0.2461376168225701,0.2042561755269892,1,0,1.0
S3,1440,1500,60,30,0.03511197916666669,11.708700176843314,-96.96,93.97,190.93,2.67,14.962499999999999,11.708752823520175,526444.3879000001,-1.0664452678013592,14.923182626721605,55,54,2.6710363374250528,1.0695686108019857,1.0940393518518519,0.15712977839767395,0.375,1.25,57.10265517081647,16.795083279372797,48.0,160.0,0.1361479408307479,0.15712977839767395,1,0,0.8809047619047619
S3,2250,2310,60,30,-0.0675911458333334,16.559453833225096,-78.47,103.58,182.05,0.62,13.0125,16.559591776904053,1053005.1065,0.04432148187646097,5.572577608742206,98,97,1.9224483004190327,1.7493532707543746,0.6080863402061856,0.1840543322412177,0.34375,1.5,105.64788348372755,24.902760364009435,40.0,174.54545454545453,0.23819585218344133,0.1840543322412177,2,1,1.0
S3,2280,2340,60,30,-0.0005026041666666019,15.420803368964409,-78.45,89.16,167.61,0.22,12.775,15.420803377154998,913156.5189,-0.04701602265498022,4.926455694902753,95,93,2.0326267116010985,1.7805838694990097,0.6231518817204301,0.19566466184687686,0.34375,1.46875,103.83342175970397,26.77041673948787,40.851063829787236,174.54545454545453,0.19738035769706055,0.19566466184687686,2,1,1.0
S3,2310,2370,60,30,0.10888541666666676,16.72754780536049,-87.5,71.32,158.82,0.67,15.24,16.727902188098284,1074519.2126000002,-0.1671534791738435,3.600027289339706,88,87,2.083593452935164,1.8029274759455638,0.6830100574712644,0.196044362226076,0.359375,1.390625,93.94380136494415,23.476969771064596,43.146067415730336,166.95652173913044,0.2744194370568401,0.196044362226076,2,1,1.0
S3,2340,2400,60,30,0.015333333333333274,21.479196059873196,-166.38,177.78,344.15999999999997,1.34,16.96,21.479201532868565,1771607.4181999997,-0.14011490223747106,16.123312961586755,84,82,1.8918361252604037,1.7416139835306639,0.6939786585365854,0.17560990496373263,0.359375,1.265625,92.18422057132447,24.20647313320365,47.407407407407405,166.95652173913044,0.22425421884149666,0.17560990496373263,2,1,1.0
S3,2370,2430,60,30,-0.0924661458333334,23.33753301609876,-166.38,177.78,344.15999999999997,0.495,13.607500000000002,23.337716196441008,2091452.1494999998,0.34517844086992294,14.121403728269698,87,84,1.893009037804687,2.097677196148243,0.6659226190476191,0.19066501522315346,0.34375,1.328125,98.05104994090864,29.80979832882972,45.1764705882353,174.54545454545453,0.227490504402653,0.19066501522315346,2,1,1.0
S3,2400,2460,60,30,0.031888020833333315,18.598385282256423,-112.45,123.64,236.09,0.245,12.114999999999998,18.598412619175996,1328259.6554999999,0.7171450260236097,9.04904049702431,94,92,1.9944479090712524,2.1513999003206363,0.6324728260869565,0.18012968779360586,0.34375,1.1875,102.96976063766678,30.10478104304381,50.526315789473685,174.54545454545453,0.20047269860161854,0.18012968779360586,2,1,1.0
S3,2430,2490,60,30,-0.0907161458333334,16.323554701930792,-81.61,88.62,170.23000000000002,0.62,15.235,16.32380677189122,1023232.0033,-0.15225130400097744,3.084201882861331,90,89,2.183225446341332,1.8829389169953332,0.6567766853932584,0.20724205782337551,0.34375,1.328125,100.01183981379543,29.06832762338734,45.1764705882353,174.54545454545453,0.25931466644946144,0.20724205782337551,2,1,1.0
S3,2460,2520,60,30,0.000190104166666627,17.61787700451312,-88.25,88.62,176.87,1.0950000000000002,16.055,17.61787700553877,1191896.0263,-0.48166329404588865,4.4528771418730875,79,77,2.1648321659682885,1.8378816306203105,0.7400568181818182,0.22421723466767424,0.34375,1.484375,88.86092905962973,27.71931067146265,40.421052631578945,174.54545454545453,0.28657917108426095,0.22421723466767424,2,1,1.0
S3,2490,2550,60,30,0.12852604166666665,14.517450988104976,-88.25,66.5,154.75,0.65,11.8125,14.518019910973281,809367.9442,-0.4292857391627293,7.768666658155519,73,70,1.9934251597271704,1.708915242667279,0.7834821428571429,0.2137549229651489,0.40625,1.484375,82.79075286669537,24.533481501411714,40.421052631578945,147.69230769230768,0.2721648047286258,0.2137549229651489,2,1,1.0
S3,2520,2580,60,30,-0.00146354166666669,10.208141503829797,-36.45,114.97,151.42000000000002,0.41,7.74,10.20814160874381,400151.63560000004,1.978146248314236,19.828536208347664,75,74,2.110263328401628,2.2556270898019277,0.7937077702702703,0.2581415504780352,0.34375,1.390625,84.88391390554229,30.97249111590367,43.146067415730336,174.54545454545453,0.2875065142204226,0.2581415504780352,2,1,1.0
S3,2550,2610,60,30,-0.007002604166666663,8.299541911304095,-60.68,114.97,175.65,0.51,6.03,8.299544865470535,264508.58869999996,2.152524438359557,42.65470244696755,80,79,1.7349451516580707,2.1861214054766935,0.7456487341772152,0.2231687619531211,0.34375,1.390625,87.78160908591873,26.528814546978115,43.146067415730336,174.54545454545453,0.24195799195685783,0.2231687619531211,2,1,1.0
S3,2580,2640,60,30,-0.007315104166666675,7.454037594700564,-60.68,32.68,93.36,0.5,5.23,7.454041184079836,213360.88309999998,-0.9923814439742773,10.50677425571621,86,84,1.613594048174047,1.5698992869878272,0.6902901785714286,0.18068210619009714,0.359375,1.1875,93.00398553817303,24.72944143726229,50.526315789473685,166.95652173913044,0.23512680626119678,0.18068210619009714,2,1,1.0
S3,2610,2670,60,30,-0.009093750000000001,7.008635537348022,-48.25,32.68,80.93,0.62,4.859999999999999,7.008641436945299,188624.8504,-1.0970727126716229,9.478071909868646,86,84,1.500706795309266,1.6552481833385517,0.69140625,0.21179520013148342,0.34375,1.3125,94.76331322510698,28.22727499065054,45.714285714285715,174.54545454545453,0.32354811383372556,0.21179520013148342,2,1,1.0
S3,2640,2700,60,30,0.0057916666666667175,8.418716428313001,-48.25,37.56,85.81,0.63,5.5225,8.418718420504987,272159.3082,-0.9664003607738442,5.958170017487923,78,76,1.577285333433998,1.7298720725478531,0.7650082236842105,0.2637370111976382,0.34375,1.421875,87.59428076982331,28.855177392209956,42.1978021978022,174.54545454545453,0.37857239372630785,0.2637370111976382,2,1,1.0
S3,2670,2730,60,30,0.0003359375000000127,10.359471819138319,-42.72,72.95,115.67,0.47,6.1225000000000005,10.359471824585219,412103.6409,0.17499483241560482,5.9815249938543396,71,67,1.6665839609283142,1.750008700439443,0.7831156716417911,0.24981806562199632,0.46875,1.484375,83.09209395032178,21.054000853496216,40.421052631578945,128.0,0.33495882372168545,0.24981806562199632,2,1,1.0
S3,2700,2760,60,30,-0.022898437500000014,8.604486278976898,-39.37,72.95,112.32,0.36,5.97,8.604516747821558,284304.8005,0.6566288763327406,10.979156570320635,76,74,1.6760534539527667,1.8952070254261846,0.7730152027027027,0.2393368768180668,0.40625,1.484375,85.38124257752133,26.9374129475706,40.421052631578945,147.69230769230768,0.3666987511582599,0.2393368768180668,2,1,1.0
S3,2730,2790,60,30,-0.03390104166666665,5.846346124806551,-25.16,23.94,49.1,0.33,5.98,5.846444414485326,131254.7032,-0.19630267994060097,1.7841293115932535,82,80,1.9416129700651679,1.570846001244274,0.73671875,0.21240950508760784,0.34375,1.46875,89.6314435913973,30.464168735827844,40.851063829787236,174.54545454545453,0.2772437949448879,0.21240950508760784,2,1,1.0
S3,2760,2820,60,30,-0.024539062499999948,8.809432740205427,-50.09,83.78,133.87,0.32,6.4425,8.809466917458268,298009.7563,1.8864978678408313,22.30892713699621,78,75,1.5954343723775395,1.528519853902308,0.7783333333333333,0.25586471713040515,0.34375,1.46875,86.69548715888057,31.80353094782531,40.851063829787236,174.54545454545453,0.3587731814598149,0.25586471713040515,2,1,1.0
S3,2790,2850,60,30,-0.10538541666666663,9.556505324548334,-50.09,83.78,133.87,0.22,6.4425,9.55708638153735,350737.53640000004,1.8192794059685364,19.068976209980974,74,72,1.6211682175183562,1.7597034805074352,0.8209635416666666,0.2672658863553888,0.375,1.5,81.58457177996243,28.187971659951256,40.0,160.0,0.3870167861187368,0.2672658863553888,2,1,1.0
S3,2820,2880,60,30,0.042281249999999916,9.489183716653315,-66.12,61.83,127.95,0.375,6.6575,9.489277913123843,345778.158,-0.8077711390922434,10.166659248708442,69,67,1.6759585161112753,1.7274234935986479,0.8330223880597015,0.24976973063615687,0.359375,1.5,79.64058491418612,27.583404933054272,40.0,166.95652173913044,0.33143398263980844,0.24976973063615687,2,1,1.0
S3,5010,5070,60,30,0.5981640625000002,23.853891400285722,-159.15,140.49,299.64,-0.72,20.6,23.861390051342184,2186365.1911000004,0.2442932537359037,7.22872769037563,69,64,2.0652662852556345,1.7901863533717488,0.818115234375,0.27430619804425116,0.375,1.421875,82.54437789526074,29.499709574257302,42.1978021978022,160.0,0.34106772779094213,0.27430619804425116,3,0,1.0
S3,5040,5100,60,30,0.027463541666666914,20.328068850773697,-136.42,140.49,276.90999999999997,-0.1,17.1125,20.32808740260423,1586807.5678,0.376360794759001,12.778660959420714,66,61,1.7968213979912262,1.588882113068715,0.8670594262295082,0.3028693117218506,0.390625,1.46875,80.16797787936073,33.71121447342142,40.851063829787236,153.6,0.36982100822560093,0.3028693117218506,3,0,1.0
S3,5070,5130,60,30,-0.5723151041666665,15.634149923580784,-136.42,55.47,191.89,0.5549999999999999,14.1125,15.644621708800067,939856.0835,-2.151518283261942,16.33025484151563,70,67,1.7929157915670189,1.4121600596826362,0.8446828358208955,0.32869509595466234,0.34375,1.46875,85.19029327382034,38.75863063424154,40.851063829787236,174.54545454545453,0.3485800471088732,0.32869509595466234,3,0,1.0
S3,5100,5160,60,30,0.10050520833333332,18.390356201093493,-102.67,84.61,187.28,0.16,16.924999999999997,18.39063083474844,1298746.7616,-0.06543670864212095,3.59395064645064,81,78,2.1638152572035123,1.9120645345268206,0.7317708333333334,0.3094039001113484,0.34375,1.4375,97.5868456846764,39.3096962691406,41.73913043478261,174.54545454545453,0.3424608723147193,0.3094039001113484,3,0,1.0
S3,5130,5190,60,30,-0.11753385416666676,32.3981769072415,-217.01,325.49,542.5,-0.555,23.7725,32.39839010074099,4030677.8155,0.92294917890332,19.408400275014817,78,75,1.917906271225346,2.0080349242912128,0.7454166666666666,0.28149032941746965,0.359375,1.421875,93.02574708360198,35.433773760458095,42.1978021978022,166.95652173913044,0.3205570300959237,0.28149032941746965,3,0,1.0
S3,5160,5220,60,30,-0.02902604166666663,31.374407836200486,-217.01,325.49,542.5,-0.095,15.3825,31.374421262922656,3779920.5488,1.0072792929397345,23.35738003425633,61,57,1.9482465545273382,2.3548180707991464,0.9435307017543859,0.2810939257793271,0.390625,1.46875,71.46855275323276,28.446445540157878,40.851063829787236,153.6,0.339224214644738,0.2810939257793271,3,0,1.0
S3,5190,5250,60,30,0.02188802083333341,23.346203666294134,-158.2,128.93,287.13,0.395,13.215,23.34621392674927,2092975.5060999999,0.07094638261717044,10.768740172818621,63,61,1.863502730789814,2.1329777880097716,0.9610655737704918,0.2988116693385108,0.34375,1.359375,72.0177951478132,33.072692597095845,44.13793103448276,174.54545454545453,0.3111167301699905,0.2988116693385108,3,0,1.0
S3,5220,5280,60,30,-0.008111979166666682,18.693064460096842,-158.2,128.93,287.13,1.18,12.3025,18.693066220220313,1341813.9829,0.1984519690364056,17.49307870449747,61,58,1.8479809077451412,1.8875648037134916,0.9808728448275862,0.27991546261867645,0.34375,1.421875,69.55956605325865,31.21971227802478,42.1978021978022,174.54545454545453,0.2703954371549389,0.27991546261867645,3,0,1.0
S3,5250,5310,60,30,0.03641666666666667,15.083672734095817,-135.16,122.76,257.92,1.3,10.995000000000001,15.083716694598737,873671.0757999999,0.3225881160237177,30.351367053651046,65,64,1.9915981945637296,1.9160417704376207,0.91455078125,0.31090865264954975,0.34375,1.359375,77.01730408086989,35.034062855057364,44.13793103448276,174.54545454545453,0.23601443807563707,0.31090865264954975,3,0,1.0
S3,5280,5340,60,30,-0.02803385416666669,15.320402967866485,-135.16,122.76,257.92,1.275,11.442499999999999,15.320428616549592,901307.6466999999,0.31043940700759204,28.399401239786112,66,65,2.0235443686787318,1.8634809202921438,0.9103365384615385,0.3242071148639437,0.34375,1.40625,77.92381128744945,35.35332281193127,42.666666666666664,174.54545454545453,0.2644375457006283,0.3242071148639437,3,0,1.0
S3,5310,5370,60,30,-0.037218750000000064,12.263361521471799,-82.22,104.31,186.53,1.75,12.215,12.263417999956891,577503.0568,-0.37733373997151026,11.22384338194462,62,61,2.5018136428231266,1.7123820422448737,0.9659323770491803,0.29503593711170584,0.34375,1.46875,72.08087150057364,34.641094054290086,40.851063829787236,174.54545454545453,0.3540306877441323,0.29503593711170584,3,0,1.0
S4,270,330,60,30,0.21780468750000057,87.77486444169952,-467.49,528.59,996.08,3.755,81.845,87.77513467173164,29585181.1839,-0.13351954386551537,5.579722010709725,69,68,2.1608807452927947,1.6073047868068961,0.8274356617647058,0.22884772050122368,0.40625,1.484375,78.32948363707395,22.38834301332592,40.421052631578945,147.69230769230768,0.30874020884529413,0.22884772050122368,1,0,0.7451190476190476
S4,300,360,60,30,0.5702968749999999,64.6051589046832,-467.49,219.12,686.61,8.955,69.125,64.6076759806836,16028742.8952,-1.0936106386709243,7.113831357819331,69,68,2.3147543477820887,1.261283325366249,0.8614430147058824,0.18266798452572622,0.40625,1.265625,73.36265610518943,18.51049820231325,47.407407407407405,147.69230769230768,0.28084158779408275,0.18266798452572622,1,0,1.0
S4,330,390,60,30,-0.17707552083333328,44.976142138713904,-156.03,219.12,375.15,9.815,62.195,44.97649071928439,7767877.3149,-0.06311435389186544,1.1228421750451156,64,63,2.775999542489222,1.038596856101511,0.9454365079365079,0.1802688150267229,0.609375,1.359375,65.74161780091846,12.29994083263257,44.13793103448276,98.46153846153847,0.2752782225283851,0.1802688150267229,1,0,1.0
S4,360,420,60,30,0.113921875,40.9763306568324,-114.8,125.89,240.69,8.47,59.082499999999996,40.976489018602685,6447638.9848,-0.3246015084317288,-0.22180449762980192,63,62,2.815640183618188,1.0127906861488354,0.9458165322580645,0.21264741058545852,0.453125,1.359375,67.24665484644477,17.91404501951041,44.13793103448276,132.41379310344828,0.313701583358515,0.21264741058545852,1,0,1.0
S4,390,450,60,30,-0.18154947916666686,38.17845498882176,-114.8,103.91,218.70999999999998,7.755,58.7675,38.17888664624566,5597289.1605,-0.4679911832898328,-0.4403610924270369,65,63,2.855001295716454,0.9168983504430974,0.9357638888888888,0.17224912184318839,0.34375,1.296875,67.63727804377217,20.31653310446758,46.265060240963855,174.54545454545453,0.2152660347704822,0.17224912184318839,1,0,1.0
S4,420,480,60,30,-0.04807031250000017,38.43880077135404,-131.64,86.64,218.27999999999997,9.795,60.754999999999995,38.438830828925994,5673767.8675,-0.5932178064390555,-0.5520554388947922,61,60,3.0422129214964935,0.6479261487257044,0.9859375,0.11593778077234645,0.34375,1.203125,62.5773609065811,15.823879448235939,49.87012987012987,174.54545454545453,0.13929455381477635,0.11593778077234645,1,0,1.0
S4,450,510,60,30,0.02906510416666664,37.6797477016546,-131.64,86.64,218.27999999999997,10.68,57.61,37.679758911657395,5451894.649499999,-0.6482431880235405,-0.3712316622562679,61,59,2.942995063380968,0.8304937893767467,0.988082627118644,0.2139171608363893,0.484375,1.359375,64.16419165284721,16.583288546497254,44.13793103448276,123.87096774193549,0.33200827126368404,0.2139171608363893,1,0,1.0
S4,480,540,60,30,0.1694739583333334,35.90154140630009,-118.22,69.53,187.75,10.07,55.185,35.90194140670993,4949565.683599999,-0.6677441012788674,-0.4116131807187937,60,59,2.9757403855623656,0.8008076332319344,0.996822033898305,0.2346975122312935,0.34375,1.453125,64.81237807893184,21.69480390304644,41.29032258064516,174.54545454545453,0.35415412101681054,0.2346975122312935,1,0,1.0
S4,510,570,60,30,0.02063802083333345,34.48198940183925,-118.22,64.38,182.6,9.705,54.11,34.48199557793107,4565790.793099999,-0.6124543044939161,-0.6228034296170608,60,59,3.08541266070315,0.6104396019031815,0.981197033898305,0.21510237536435686,0.34375,1.453125,64.94503135294092,19.475613190379278,41.29032258064516,174.54545454545453,0.3404215324765854,0.21510237536435686,1,0,1.0
S4,540,600,60,30,-0.31751822916666667,32.03240960441115,-88.0,64.38,152.38,8.52,49.9875,32.03398325045802,3940516.1583,-0.5957999935943453,-0.6845563396907979,63,60,3.0391491318799724,0.7786485005302639,0.97734375,0.13610875826162264,0.34375,1.203125,63.50344612748716,16.67296806727041,49.87012987012987,174.54545454545453,0.15172199693456964,0.13610875826162264,1,0,1.0
S4,570,630,60,30,0.1071874999999999,32.23243887837495,-83.15,53.47,136.62,7.779999999999999,51.465,32.23261710144452,3989535.764,-0.5465599022404223,-0.7524455283402367,59,58,3.1632255617081495,0.57666434269563,1.013739224137931,0.21284117804452407,0.46875,1.453125,62.39271774653773,16.13577977464094,41.29032258064516,128.0,0.3280597261725424,0.21284117804452407,1,0,1.0
S4,600,660,60,30,0.10590885416666658,33.982685828243,-92.78,53.47,146.25,8.01,55.334999999999994,33.98285086314064,4434563.1467,-0.5768179722718223,-0.7778301379752621,61,60,3.1109911853320926,0.6400800622010668,0.9822916666666667,0.146060091562419,0.359375,1.171875,63.78617841468074,19.125770488322743,51.2,166.95652173913044,0.13326738526202228,0.146060091562419,1,0,1.0
S4,630,690,60,30,0.02132812499999995,43.2160281609372,-255.01,133.66,388.66999999999996,8.344999999999999,57.9825,43.21603342390221,7171682.0923999995,-0.874088816343067,2.7268260519393115,65,64,2.7666515734031636,1.2893005349027926,0.911865234375,0.158873655864273,0.34375,1.21875,69.17293004571866,21.012433566410138,49.23076923076923,174.54545454545453,0.18301302850122578,0.158873655864273,1,0,1.0
S4,660,720,60,30,0.13359374999999993,43.47034538830708,-255.01,133.66,388.66999999999996,8.24,56.795,43.47055066903052,7256404.8978,-0.8489640488936027,2.663145162063473,68,66,2.6850522124036225,1.3221398632708714,0.8856534090909091,0.14708336412264875,0.34375,1.21875,70.66323770692311,18.912639430113344,49.23076923076923,174.54545454545453,0.18488765104683272,0.14708336412264875,1,0,1.0
S4,690,750,60,30,-0.08196614583333342,35.48024189181888,-116.21,78.19,194.39999999999998,8.945,53.962500000000006,35.480336570430694,4834000.4473,-0.6108348941315188,-0.4841509709910401,68,63,2.8078054808873727,1.0311087278054127,0.9154265873015873,0.17903413652466188,0.34375,1.15625,69.6846226622616,22.520170983278096,51.891891891891895,174.54545454545453,0.23427417186025107,0.17903413652466188,1,0,1.0
S4,720,780,60,30,-0.0361901041666667,36.595568620341886,-116.21,111.36,227.57,9.120000000000001,56.459999999999994,36.595586514903566,5142669.8971,-0.5945991952148383,-0.40119687735801124,65,60,2.8172894035863867,1.0443106030196232,0.96171875,0.2290794992839549,0.34375,1.328125,68.93848636222687,29.490703039049986,45.1764705882353,174.54545454545453,0.29854292828968443,0.2290794992839549,1,0,1.0
S4,750,810,60,30,0.34566145833333334,37.13021056840561,-91.72,111.36,203.07999999999998,8.555,58.417500000000004,37.131819490807565,5294484.5518,-0.5195665797291249,-0.6177509934861125,60,57,2.9839089240431473,0.8244697653012683,1.0148026315789473,0.18803425923640502,0.34375,1.328125,63.14235704651192,23.54649463140205,45.1764705882353,174.54545454545453,0.23049239436824623,0.18803425923640502,1,0,1.0
S4,780,840,60,30,-0.21359635416666667,36.66997012640513,-108.46,74.28,182.74,9.2,58.405,36.67059220238962,5163772.1567,-0.5762485138498652,-0.7278471134950775,64,60,2.874627375932741,0.9047650745233997,0.9747395833333333,0.1725859271065954,0.34375,1.28125,65.24640101463294,22.57891722415253,46.829268292682926,174.54545454545453,0.21829553275008645,0.1725859271065954,1,0,1.0
S4,810,870,60,30,-0.37980989583333324,34.73829025789821,-108.46,81.83,190.29,8.46,53.42,34.7403665150349,4634469.3719,-0.5967931868761541,-0.5406408110658516,65,62,2.8834996026055624,0.904668119434728,0.9508568548387096,0.16411281808520023,0.34375,1.28125,66.29351372154754,20.168286935191865,46.829268292682926,174.54545454545453,0.20661216960055664,0.16411281808520023,1,0,1.0
S4,840,900,60,30,0.37176562500000027,34.57748499983506,-106.08,150.86,256.94,6.73,49.8025,34.579483492292795,4591644.205800001,-0.1612493969428649,0.5944291300137308,71,68,2.673517785553273,1.0377585699936522,0.8547794117647058,0.1884561028980142,0.34375,1.21875,75.42727603383241,25.432360698758934,49.23076923076923,174.54545454545453,0.20995270045236095,0.1884561028980142,1,0,1.0
S4,870,930,60,30,0.06349218750000002,38.22705082542773,-106.68,150.86,257.54,7.025,56.2025,38.22710355320827,5611435.9529,-0.23967607468698449,0.14793235655752257,64,63,2.890243070399448,0.9768200238633862,0.9375,0.18093671611393647,0.421875,1.390625,66.70216764036505,15.162202875346656,43.146067415730336,142.22222222222223,0.21412889687243628,0.18093671611393647,1,0,1.0
S4,900,960,60,30,-0.04637760416666685,39.35932952363548,-106.68,97.11,203.79000000000002,9.870000000000001,62.125,39.35935684728972,5948770.450300001,-0.5387223145998504,-0.6794078245656707,60,56,2.980348024718207,0.8458376824724881,1.0368303571428572,0.17272084308640806,0.34375,1.328125,60.64949119633519,18.463608643333185,45.1764705882353,174.54545454545453,0.232978795855292,0.17272084308640806,1,0,1.0
S4,930,990,60,30,0.11518229166666653,38.321914367631784,-100.52,76.52,177.04,11.7,61.285,38.322087466113025,5639356.369000001,-0.6154332111740224,-0.7407136702587489,61,57,2.9796416920898263,0.8662482136347497,1.0032894736842106,0.19367431056649512,0.34375,1.328125,64.01518322115463,23.787899735028528,45.1764705882353,174.54545454545453,0.2384869940205635,0.19367431056649512,1,0,1.0
S4,960,1020,60,30,-0.20769531250000015,36.97761921470031,-100.52,76.52,177.04,9.895,58.567499999999995,36.97820249998921,5250767.846899999,-0.6282033605243361,-0.7072055050049091,63,59,2.9698788064589476,0.8967612934809361,0.973781779661017,0.17364603430386752,0.34375,1.21875,65.40086373115211,22.863938571043878,49.23076923076923,174.54545454545453,0.22242336012987826,0.17364603430386752,1,0,1.0
S4,990,1050,60,30,-0.05302083333333343,36.37770886662576,-96.99,59.78,156.76999999999998,10.08,57.3575,36.377747505772675,5081627.5722,-0.6659999774231271,-0.6739008204201631,63,59,2.9789915930717257,0.8972927764123747,0.9920550847457628,0.18790503747834592,0.34375,1.328125,64.53433441895803,23.339407777656085,45.1764705882353,174.54545454545453,0.23060911308704413,0.18790503747834592,1,0,1.0
S4,1020,1080,60,30,-0.015976562500000093,36.13849708981973,-93.73,57.01,150.74,10.219999999999999,58.7625,36.13850062137966,5015006.3123,-0.6341377482627799,-0.7838480682215456,62,58,3.0361287233266445,0.7840617023519423,0.9978448275862069,0.16257272793982963,0.34375,1.328125,62.86224825368903,18.369587468578295,45.1764705882353,174.54545454545453,0.18391352447454515,0.16257272793982963,1,0,1.0
S4,1050,1110,60,30,0.08622395833333328,35.528089029167134,-86.97,64.39,151.36,10.45,58.287499999999994,35.528193658493485,4847049.771400001,-0.6048276042168268,-0.8492336257472979,65,58,2.893576141537853,0.9335178691641406,0.9768318965517241,0.17131672113225416,0.34375,1.265625,64.60149066685439,19.594537924480925,47.407407407407405,174.54545454545453,0.2609233010371492,0.17131672113225416,1,0,1.0
S4,1080,1140,60,30,-0.03593229166666676,37.00315340047047,-103.47,112.89,216.36,10.715,59.0175,37.00317084667655,5257861.0664,-0.5371271646494574,-0.5991467601795173,64,58,2.766550532655372,1.0210467478584977,0.9913793103448276,0.21547682810745222,0.34375,1.34375,66.01137723980786,27.237215321496066,44.651162790697676,174.54545454545453,0.310119772950003,0.21547682810745222,1,0,1.0
S4,1110,1170,60,30,-0.2559479166666668,36.042736469008155,-103.47,112.89,216.36,7.615,56.165000000000006,36.04364523061474,4988714.3482,-0.503542759513484,-0.5026482092483282,64,58,2.819643184900401,1.0164564123543482,0.9978448275862069,0.19953829966598136,0.34375,1.34375,64.4431531020634,23.336296013902935,44.651162790697676,174.54545454545453,0.26568143105421865,0.19953829966598136,1,0,1.0
S4,1140,1200,60,30,0.15177864583333353,37.8826400192913,-205.98,103.99,309.96999999999997,7.0649999999999995,53.515,37.88294407234662,5510851.0141,-0.6823569839847003,1.079560636431494,64,63,2.71282736492668,1.0155094406674723,0.9464285714285714,0.2491726495482195,0.34375,1.4375,70.59881891809313,29.92801981936157,41.73913043478261,174.54545454545453,0.32058591301079925,0.2491726495482195,1,0,1.0
S4,1170,1230,60,30,-0.8255312499999999,61.57451248901156,-322.43,404.27,726.7,4.985,52.28,61.58004620089341,14561672.026,-0.04546059527924277,10.094391310777498,67,66,1.8755264507580267,1.6039015261538858,0.8880208333333334,0.17634895350185523,0.34375,1.25,71.87914430278788,23.530107615421876,48.0,174.54545454545453,0.21124665734724565,0.17634895350185523,1,0,1.0
S4,1200,1260,60,30,0.23995833333333347,78.60801886508843,-481.65,404.27,885.92,3.72,61.8825,78.60838511186851,23728428.325999998,-0.3363040269986653,6.789386484201252,72,71,1.8065039228143216,1.6649729496311736,0.8268045774647887,0.2112774627248616,0.34375,1.484375,79.0312027267197,27.373619181647193,40.421052631578945,174.54545454545453,0.31043401897010026,0.2112774627248616,1,0,1.0
S4,1230,1290,60,30,0.8632421875000004,63.64207849112497,-481.65,334.55,816.2,5.305,65.615,63.64793273740155,15556067.872299999,-0.7115950294839163,9.012094662512224,70,69,2.1295412058285983,1.5483121243646822,0.8571105072463768,0.2332972709608627,0.34375,1.484375,77.55071161820025,29.851911142348275,40.421052631578945,174.54545454545453,0.283797945952465,0.2332972709608627,1,0,1.0
S4,1260,1320,60,30,-0.2930494791666668,37.13968017200474,-128.0,150.29,278.28999999999996,6.575,54.647499999999994,37.140836302862674,5297056.2097000005,-0.33438595609166616,0.1169324923412769,62,61,2.824428929138836,0.8971520597880619,0.9633709016393442,0.17969329654543983,0.34375,1.328125,66.26378939675796,22.917939354996008,45.1764705882353,174.54545454545453,0.2241066611524893,0.17969329654543983,1,0,1.0
S4,1290,1350,60,30,-0.07524479166666662,33.156468828094624,-116.0,81.87,197.87,8.675,52.0075,33.15655420768394,4221531.2138,-0.5686381683838032,-0.5699485404851043,60,58,3.043086419218009,0.6947680263228276,1.0158943965517242,0.14850104638281517,0.34375,1.28125,61.25825486677021,16.879755835401514,46.829268292682926,174.54545454545453,0.18235822719667955,0.14850104638281517,1,0,1.0
S4,1320,1380,60,30,-0.0006770833333331024,32.876323231606335,-90.46,118.25,208.70999999999998,8.75,52.307500000000005,32.87632323857855,4150474.098,-0.5097020508803626,-0.47234373483131176,63,62,2.804522278931127,0.893264461097632,0.9337197580645161,0.2539643696488764,0.34375,1.28125,73.72896974524835,36.499861175986055,46.829268292682926,174.54545454545453,0.283214055222935,0.2539643696488764,1,0,1.0
S4,1350,1410,60,30,0.12433854166666676,33.29728607762785,-97.79,118.25,216.04000000000002,8.49,52.515,33.297518228966155,4257502.9256,-0.4686792129350955,-0.4298970932355064,66,65,2.7351532976548825,0.9419597347250488,0.9060096153846153,0.2508173583771937,0.34375,1.203125,76.09736438993959,37.19107800316856,49.87012987012987,174.54545454545453,0.28625777188207596,0.2508173583771937,1,0,1.0
S4,1380,1440,60,30,0.012705729166666523,34.316036013867794,-97.79,67.84,165.63,9.895,55.9,34.31603836605596,4521947.4783,-0.6059860467230521,-0.7522334829106958,61,60,3.067332383089149,0.630960818773859,0.9830729166666666,0.2053026631226275,0.34375,1.375,64.98784948247679,21.046114755002105,43.63636363636363,174.54545454545453,0.2901858469007843,0.2053026631226275,1,0,1.0
S4,1830,1890,60,30,0.1499921875,51.40286936629589,-158.55,99.66,258.21000000000004,12.08,79.22,51.40308820241048,10146345.510699999,-0.6247282931502388,-0.5736663256326104,68,62,2.9699188940856085,1.126010536144335,0.9128024193548387,0.22128336447491997,0.34375,1.21875,73.02090772894833,32.098370567117875,49.23076923076923,174.54545454545453,0.2911027493978152,0.22128336447491997,3,0,0.9617619047619047
S4,1860,1920,60,30,0.08867968750000044,71.1371731275181,-269.59,522.28,791.8699999999999,10.14,86.395,71.13722840160038,19432340.216300003,0.8085760646162992,7.083241316734085,66,63,2.500717017178244,1.008814359699919,0.921875,0.20133329144985374,0.390625,1.21875,69.87289705753527,23.079577295215934,49.23076923076923,153.6,0.23023049296110387,0.20133329144985374,3,0,1.0
S4,1890,1950,60,30,-0.011510416666666235,101.23216895849637,-446.7,522.28,968.98,6.57,99.8475,101.2321696128817,39352136.3118,-0.12508700405108572,3.594871707202979,70,68,2.240019179011851,1.5258506230792046,0.8412224264705882,0.2376246875148681,0.359375,1.296875,79.16832386784165,29.383618046427806,46.265060240963855,166.95652173913044,0.34130319824802163,0.2376246875148681,3,0,1.0
S4,1920,1980,60,30,0.05779947916666671,89.66975433312459,-446.7,347.06,793.76,12.254999999999999,92.6525,89.66977296136479,30876165.822499998,-0.721451113039729,4.041859923764262,65,63,2.4028855152841566,1.51912192604266,0.9079861111111112,0.2283384504891397,0.359375,1.328125,72.26544146540179,26.045701239167087,45.1764705882353,166.95652173913044,0.2969479430761854,0.2283384504891397,3,0,1.0
S4,1950,2010,60,30,0.2686041666666667,73.74873607553657,-572.43,335.04,907.47,16.58,88.8125,73.74922522262521,20885561.168399997,-1.2928708336165817,8.313927854869865,62,61,2.6026689893437647,1.167418689834445,0.9743852459016393,0.16247913216433046,0.421875,1.375,63.75727517834636,14.188355477885077,43.63636363636363,142.22222222222223,0.2127239169528194,0.16247913216433046,3,0,1.0
S4,1980,2040,60,30,-0.0058385416666665675,78.92344331874041,-572.43,335.04,907.47,14.745000000000001,96.91,78.92344353470013,23919014.1672,-0.9869960036911949,6.398210983285047,71,65,2.4312542595428823,1.505256403930375,0.8783653846153846,0.19047109778188573,0.34375,1.1875,73.51588711111305,25.761246949350436,50.526315789473685,174.54545454545453,0.2222446854152254,0.19047109778188573,3,0,1.0
S4,2010,2070,60,30,-0.22109114583333322,64.96811841389354,-263.46,285.82,549.28,14.53,96.92,64.96849460728221,16208276.3195,-0.30632159721667107,0.3003473332207376,94,78,2.223976262803241,1.399730841737069,0.6935096153846154,0.2384426768931154,0.34375,1.1875,100.03261322824711,41.824127170613664,50.526315789473685,174.54545454545453,0.3064087764263679,0.2384426768931154,3,0,1.0
S4,2040,2100,60,30,0.01108333333333323,60.350249462023534,-156.97,99.28,256.25,16.71,95.7525,60.35025047975153,13985866.4946,-0.5817557056667554,-0.767608577328525,103,81,2.136751650492801,1.4680479006737068,0.6521990740740741,0.22253095115022015,0.34375,1.09375,105.6430341884434,42.28218562928173,54.857142857142854,174.54545454545453,0.30469751586101745,0.22253095115022015,3,0,1.0
S4,2070,2130,60,30,-0.06620312500000004,60.9936529934023,-169.02,115.32,284.34000000000003,15.344999999999999,96.6425,60.9936889221609,14285683.5392,-0.5664813809131192,-0.7273144235140654,89,71,2.4189770566286777,1.3711040100338892,0.7517605633802817,0.2237628180552989,0.34375,1.09375,90.26268005811527,37.21153627051576,54.857142857142854,174.54545454545453,0.28904138436390037,0.2237628180552989,3,0,1.0
S4,2100,2160,60,30,-0.04511458333333333,62.74332980142354,-169.02,115.32,284.34000000000003,15.655,99.6325,62.74334602087964,15117033.4844,-0.5495045605847679,-0.7468604329615327,89,70,2.4396344121567646,1.3892877592955504,0.7580357142857143,0.2186661646931977,0.34375,1.0625,88.96140655664053,36.06910523936749,56.470588235294116,174.54545454545453,0.26633669575791913,0.2186661646931977,3,0,1.0
S4,2130,2190,60,30,0.1170989583333333,60.19726730734093,-151.65,107.19,258.84000000000003,17.495,95.7975,60.197381200825504,13915102.8612,-0.5651893463325259,-0.7822512107304123,92,72,2.392106275096726,1.4168444284085024,0.7369791666666666,0.22530180857666604,0.34375,1.0625,92.3428440297794,37.93187376454992,56.470588235294116,174.54545454545453,0.25299428245362654,0.22530180857666604,3,0,1.0
S4,2160,2220,60,30,0.15491406249999973,61.29317443258968,-176.7,123.62,300.32,15.71,94.58000000000001,61.29337019931784,14426408.5647,-0.5519445146971165,-0.7007675423497424,92,77,2.3966353947927073,1.4371907529467898,0.7049512987012987,0.24085303468400643,0.34375,1.171875,98.98464104241161,42.591284938354015,51.2,174.54545454545453,0.31733006583455936,0.24085303468400643,3,0,0.7382380952380952
S4,3600,3660,60,30,0.1977447916666666,113.71301666786306,-432.66,648.68,1081.34,2.08,125.14750000000001,113.71318860496496,49653846.7688,0.36317903922434225,3.639521840725627,79,73,1.8248013900832465,1.5780176576905407,0.7564212328767124,0.26808559678444965,0.34375,1.4375,89.72851599653053,31.243644188532404,41.73913043478261,174.54545454545453,0.367893271186597,0.26808559678444965,2,1,0.7784285714285715
S4,3630,3690,60,30,-1.8204609374999998,114.60545643696935,-432.66,648.68,1081.34,-0.03,120.81,114.61991416482147,50448862.9369,0.37928193563027396,3.5143401468941367,77,73,1.8423614537131623,1.4874885873034758,0.7836044520547946,0.22465833363644114,0.359375,1.484375,83.64656795873377,26.75239609872053,40.421052631578945,166.95652173913044,0.2824050356609575,0.22465833363644114,2,1,1.0
S4,3660,3720,60,30,-1.643606770833333,70.13172462622387,-444.39,278.54,722.9300000000001,-0.73,76.525,70.15098176266406,18897255.330300003,-0.5127882441135012,2.9997663322001795,80,79,2.097100146671795,1.6541091272530803,0.7462420886075949,0.23666752197540644,0.34375,1.484375,89.58195216248272,31.136376592899648,40.421052631578945,174.54545454545453,0.32542867285133625,0.23666752197540644,2,1,1.0
S4,3690,3750,60,30,0.21937760416666674,78.04903700894766,-444.39,278.54,722.9300000000001,-0.99,85.0275,78.04934531792878,23392129.1695,0.025807219533583906,2.0033321578574297,80,77,1.9698593460208145,1.6315204030370605,0.7408685064935064,0.26039117278371504,0.34375,1.453125,91.78364335885233,32.92586569520348,41.29032258064516,174.54545454545453,0.3624014441795466,0.26039117278371504,2,1,1.0
S4,3720,3780,60,30,0.18417708333333327,79.64890629970681,-402.71,269.2,671.91,1.21,94.64,79.64911924144234,24360891.6324,0.05666926515808471,1.2233546567690636,83,79,2.161519330279158,1.441801138774779,0.7325949367088608,0.23051257483683485,0.375,1.21875,90.91975729627077,30.097899611098754,49.23076923076923,160.0,0.33269106292378664,0.23051257483683485,2,1,1.0
S4,3750,3810,60,30,0.006648437499999934,71.99184232425912,-402.71,386.04,788.75,4.4,70.94,71.9918426312503,19902049.5569,-0.4063675120209412,3.8901521773947234,89,85,2.121117353541587,1.6717727591307465,0.68125,0.22672186332337588,0.34375,1.484375,98.18400342330469,32.29616136312846,40.421052631578945,174.54545454545453,0.315927078745747,0.22672186332337588,2,1,1.0
S4,3780,3840,60,30,0.6757083333333329,64.6807742261815,-388.09,386.04,774.13,5.43,57.9075,64.6843036311747,16066787.0832,-0.7070125948607087,5.950767169549813,86,83,1.9196657214102941,1.7880939450166047,0.7018072289156626,0.2203604234608911,0.34375,1.484375,94.51569036981077,30.76870259931012,40.421052631578945,174.54545454545453,0.2849205768932723,0.2203604234608911,2,1,1.0
S4,3810,3870,60,30,-0.34572656250000006,76.47156829156903,-406.87,329.27,736.14,4.08,69.5575,76.47234979931063,22456397.889900003,-0.5740179644009981,4.0522892028857145,84,81,1.844245960991096,1.6093709052438574,0.6873070987654321,0.22732442693379953,0.34375,1.484375,97.5468908976899,33.42168895896601,40.421052631578945,174.54545454545453,0.27887451675215863,0.22732442693379953,2,1,1.0
S4,3840,3900,60,30,-0.18120833333333372,74.0211960409422,-406.87,329.27,736.14,4.275,55.1375,74.02141784505122,21040013.9512,-0.6824050637107244,4.977685348271645,80,76,1.761221879309971,1.650410120370939,0.7084703947368421,0.24466911721666268,0.34375,1.484375,95.72376893157066,34.55758046771579,40.421052631578945,174.54545454545453,0.2908880977569668,0.24466911721666268,2,1,1.0
S4,3870,3930,60,30,0.45548697916666636,52.96498969122923,-359.73,206.75,566.48,3.865,42.4175,52.966948197722395,10773110.789299998,-1.2766184029766514,6.954642159808866,79,78,1.8510245020801168,1.678403814269378,0.7612179487179487,0.21210868233845673,0.34375,1.203125,87.2918208057655,31.871790865054635,49.87012987012987,174.54545454545453,0.2632569674772629,0.21210868233845673,2,1,1.0
S4,3900,3960,60,30,-0.19775260416666657,68.55682126039261,-268.36,331.69,600.05,2.5,73.95750000000001,68.5571064691464,18048295.0941,-0.14610341559104556,1.752513000570513,83,82,2.196141524062964,1.5109107662100474,0.7170350609756098,0.22053936729833507,0.34375,1.390625,92.38096296233877,30.437808156255347,43.146067415730336,174.54545454545453,0.2752160521950027,0.22053936729833507,2,1,1.0
S4,3930,3990,60,30,-0.10628645833333354,81.47359119844975,-425.33,331.69,757.02,4.12,99.28999999999999,81.47366052647526,25489756.260799997,-0.39449695561414355,1.8354077076214308,84,81,2.259573838959465,1.39230262567023,0.7212577160493827,0.22201130385114357,0.34375,1.390625,91.52579241485601,29.54710887805786,43.146067415730336,174.54545454545453,0.2934891211915912,0.22201130385114357,2,1,1.0
S4,3960,4020,60,30,0.2108281250000001,78.87326871047392,-425.33,262.36,687.69,1.915,95.885,78.87355048159627,23888781.947799996,-0.4747400492538331,1.8714124246865254,87,81,2.2101175499925776,1.4384477133164872,0.7160493827160493,0.208301359286211,0.34375,1.34375,91.96968918054287,30.418589298634664,44.651162790697676,174.54545454545453,0.29626273212355364,0.208301359286211,2,1,1.0
S4,3990,4050,60,30,-0.15070052083333324,87.6820765102532,-331.65,266.18,597.8299999999999,-2.22,112.61500000000001,87.68220601579817,29522569.926899996,-0.2213244309188696,0.5659763777730951,86,83,2.1937672717519265,1.3604572082230646,0.7033132530120482,0.20325520004526826,0.359375,1.34375,92.90377792647739,28.396935669348814,44.651162790697676,166.95652173913044,0.29525089288345197,0.20325520004526826,2,1,1.0
S4,4020,4080,60,30,0.14130468749999944,96.66526457500171,-331.65,324.85,656.5,-4.85,121.35999999999999,96.66536785410683,35881702.4347,-0.015313155347549698,0.462457882971393,94,93,2.042919579958375,1.3556788628220109,0.640625,0.20605695185048714,0.34375,1.25,103.3685578160871,32.22253755172312,48.0,174.54545454545453,0.30326888953767256,0.20605695185048714,2,1,1.0
S4,4050,4110,60,30,-0.22752864583333357,95.26856800733624,-308.0,324.85,632.85,-5.800000000000001,117.0625,95.26883970875852,34852422.9867,0.20108982634003797,0.4923461355981349,92,89,2.1104969450537694,1.3956787254138943,0.6618679775280899,0.21954169525376807,0.34375,1.5,100.38913661411686,31.717153570430444,40.0,174.54545454545453,0.32389128109186505,0.21954169525376807,2,1,1.0
S4,4080,4140,60,30,-0.10964843749999957,99.94171927254627,-308.0,430.63,738.63,-4.52,124.6175,99.94177942148265,38355299.6119,0.208353114372596,0.6636972734494524,87,84,2.1564533484227995,1.4180393489498275,0.6876860119047619,0.2467762532275173,0.34375,1.390625,98.85258826368516,34.75953783689483,43.146067415730336,174.54545454545453,0.3635738858117798,0.2467762532275173,2,1,1.0
S4,4110,4170,60,30,0.23311197916666682,111.52991475957977,-386.36,430.63,816.99,-2.325,141.92000000000002,111.53015837644075,47765668.7135,-0.023020275704850456,0.4514967118185855,87,82,2.120070340567586,1.3800637682125005,0.7038871951219512,0.2643768023130604,0.34375,1.484375,97.42103684836587,35.06546473592426,40.421052631578945,174.54545454545453,0.36002440653720846,0.2643768023130604,2,1,1.0
S4,4140,4200,60,30,0.3532682291666665,116.81160281812107,-386.36,316.38,702.74,-0.99,154.5925,116.81213700373866,52397089.3493,-0.23390882990133258,0.2228459632590969,81,79,2.084210764397044,1.4048559816647141,0.7270569620253164,0.27158857769975014,0.34375,1.453125,94.47834576364122,34.01617044048197,41.29032258064516,174.54545454545453,0.34540322149144276,0.27158857769975014,2,1,1.0
S4,4170,4230,60,30,-0.08638541666666745,123.05201235934659,-450.16,902.17,1352.33,-0.33499999999999996,146.98250000000002,123.05204268164344,58144531.9992,0.4723688778582537,4.674371524897401,78,76,1.9795162782639353,1.5340813211788409,0.7608963815789473,0.2556920340527359,0.375,1.453125,88.63210199357091,30.882995456148333,41.29032258064516,160.0,0.3671531455560018,0.2556920340527359,2,1,1.0
S4,4200,4260,60,30,-1.3145963541666683,148.7466253930712,-946.79,1095.96,2042.75,3.5599999999999996,139.1275,148.75243436462154,84968781.04089999,0.2798043573749924,10.232768384231262,73,70,1.8736384541417368,1.508044710351511,0.8138392857142858,0.25904053921468095,0.34375,1.421875,82.17291262779436,28.881130902727634,42.1978021978022,174.54545454545453,0.3456080384102316,0.25904053921468095,2,1,0.8049047619047619
S5,270,330,60,30,-3.2321354166666656,217.953508732779,-1092.57,743.27,1835.84,4.51,190.04749999999999,217.97747284589124,182454446.0862,-0.7083941420372152,2.5081281176653176,69,62,2.2895475757082084,1.7590877691052802,0.7338709677419355,0.2615912851907975,0.34375,1.453125,92.87496037053192,33.29675985110117,41.29032258064516,174.54545454545453,0.37012282658908663,0.2615912851907975,1,0,0.8438095238095238
S5,300,360,60,30,0.9846927083333337,189.8879424001642,-1092.57,743.27,1835.84,7.665,138.4075,189.89049551964922,138464257.10860002,-0.7465601670209489,4.270640660341335,70,67,2.1495369200271552,2.0086417319278422,0.7901119402985075,0.2733421859544454,0.34375,1.453125,86.40740259814262,32.551253305547014,41.29032258064516,174.54545454545453,0.3631329375077814,0.2733421859544454,1,0,1.0
S5,330,390,60,30,2.530947916666667,146.88870330626955,-822.42,623.53,1445.9499999999998,5.465,102.7225,146.91050628309117,82877555.92840001,-0.46959817041358026,4.57207301281519,70,65,2.248824107692685,1.9192847601637881,0.7980769230769231,0.27416705822109527,0.34375,1.453125,85.77452084908997,33.515466977376164,41.29032258064516,174.54545454545453,0.38326563582901857,0.27416705822109527,1,0,1.0
S5,360,420,60,30,-0.0946458333333335,128.54580326547512,-822.42,604.86,1427.28,6.83,81.6925,128.54583810843508,63452284.7808,-1.230528433867129,7.09850304390125,70,63,2.0864113939024387,2.0713285556442016,0.7919146825396826,0.25814223137592285,0.34375,1.3125,85.69700800147035,32.57200202556538,45.714285714285715,174.54545454545453,0.339328464328634,0.25814223137592285,1,0,1.0
S5,390,450,60,30,-0.3486640625000004,114.29378016195835,-727.28,691.01,1418.29,3.79,71.8775,114.29431197718696,50162648.6413,-1.1028689573734158,7.93536622670152,72,66,1.9388996177451274,2.180717355200381,0.7556818181818182,0.24572631997511457,0.34375,1.296875,89.79871496870173,33.59749431328179,46.265060240963855,174.54545454545453,0.2882997342677342,0.24572631997511457,1,0,1.0
S5,420,480,60,30,-0.009526041666666795,90.24544562685668,-545.71,691.01,1236.72,2.18,46.135,90.24544612962704,31273883.700999998,-0.676655516131054,11.60925327361704,67,62,2.016019378046437,2.506159391833751,0.8500504032258065,0.24473828543301568,0.34375,1.421875,78.30335626343428,28.91522036585812,42.1978021978022,174.54545454545453,0.2789351458202614,0.24473828543301568,1,0,1.0
S5,450,510,60,30,-0.13659374999999999,31.55393604379324,-259.22,103.89,363.11,5.035,41.4725,31.554231692569115,3823371.0248,-0.9496392430417052,5.4684396180148145,66,65,2.6323470065867562,1.3891422248903575,0.9100961538461538,0.1720613231598397,0.34375,1.125,70.48298076650427,24.925216227931408,53.333333333333336,174.54545454545453,0.14189422880430602,0.1720613231598397,1,0,1.0
S5,480,540,60,30,0.10096875000000012,80.92745961822501,-849.75,518.27,1368.02,8.44,53.31999999999999,80.92752260478457,25149173.4334,-2.336679076767256,33.38984596422127,60,59,1.513060798452286,1.4210661381663956,0.9827860169491526,0.16724292986697895,0.5,1.484375,63.17681953116269,13.219606556976784,40.421052631578945,120.0,0.24718069517421934,0.16724292986697895,1,0,1.0
S5,510,570,60,30,0.1836692708333332,123.69103280873541,-849.75,518.27,1368.02,8.61,51.7825,123.6911691742491,58750100.4737,-1.8021060431698268,12.585241814704128,60,56,1.5968349700182762,2.228771894817798,0.9349888392857143,0.2090018827303081,0.390625,1.484375,68.9300951530761,22.641433025345332,40.421052631578945,153.6,0.25569681142908296,0.2090018827303081,1,0,1.0
S5,540,600,60,30,-0.10653124999999983,152.09543704717754,-819.15,848.5,1667.65,4.87,40.927499999999995,152.0954743556795,88830847.9468,-0.7924807639510856,9.429405381928133,45,32,2.002384565035228,2.7197269782672175,0.88720703125,0.2575974000586337,0.390625,1.484375,75.06854860270398,27.536217473349872,40.421052631578945,153.6,0.3542321353942465,0.2575974000586337,1,0,1.0
S5,570,630,60,30,0.1463619791666671,141.54617788305436,-805.01,848.5,1653.51,4.539999999999999,42.3275,141.54625355384795,76935712.87730001,-0.6719265647254876,11.150577213109981,48,40,1.9404650890227189,2.6049428901533704,0.92265625,0.23998367254031575,0.4375,1.484375,70.33240848902977,21.66303180862885,40.421052631578945,137.14285714285714,0.37592534069791855,0.23998367254031575,1,0,1.0
S5,600,660,60,30,0.11700520833333321,111.66986156743258,-802.81,611.95,1414.76,4.695,38.17,111.66992286514902,47885459.22319999,-1.789554081235662,14.249788109287579,57,49,1.6793894999969223,2.36862519310112,0.9473852040816326,0.25598102712489756,0.34375,1.421875,70.26544354231163,27.44695530246579,42.1978021978022,174.54545454545453,0.3786578330858767,0.25598102712489756,1,0,1.0
S5,630,690,60,30,-0.16303125,88.03760953025193,-802.81,611.95,1414.76,3.2350000000000003,37.4825,88.03776048372416,29762485.5206,-1.807567012276709,23.398078295599742,67,63,1.5717400727290531,2.1427324934219922,0.871031746031746,0.27057520113340017,0.359375,1.359375,78.40415581149756,32.12274204432959,44.13793103448276,166.95652173913044,0.28266055332723394,0.27057520113340017,1,0,1.0
S5,660,720,60,30,-0.14702343749999983,38.35647109910574,-224.72,193.17,417.89,2.5149999999999997,28.85,38.3567528743989,5649563.4857,-0.40187241051068007,5.275996889877298,78,72,2.0629086870752875,1.877737799465035,0.7990451388888888,0.24439386942775304,0.359375,1.28125,84.55729016617634,32.648644721686274,46.829268292682926,166.95652173913044,0.2533745618130274,0.24439386942775304,1,0,1.0
S5,690,750,60,30,-0.03737239583333347,56.69639435365419,-695.84,300.42,996.26,2.785,27.197499999999998,56.69640667097909,12343612.9129,-3.6164484605561467,48.62813970196136,65,64,1.4070600375681404,1.8241931134034102,0.91748046875,0.190656790662073,0.359375,1.34375,69.95364912252548,23.440718905808488,44.651162790697676,166.95652173913044,0.24291644970585755,0.190656790662073,1,0,1.0
S5,720,780,60,30,-0.04044531250000006,56.81762105068276,-695.84,300.42,996.26,3.38,31.365,56.81763544606808,12396455.7991,-3.5962070133717012,48.18323623592733,64,63,1.4466187774155728,1.7954812857622917,0.9317956349206349,0.1419088656203705,0.390625,1.203125,66.9797041702374,17.81919501466303,49.87012987012987,153.6,0.15955427535567387,0.1419088656203705,1,0,1.0
S5,750,810,60,30,0.0050546874999999915,22.093655111704038,-113.77,89.21,202.98,2.21,32.435,22.093655689921295,1874417.7475,-0.35812076457613135,0.9490187946285258,65,64,2.7911528861560564,1.1300419611457213,0.928466796875,0.1493292673882932,0.34375,1.078125,67.81573841236131,20.633941132292385,55.65217391304348,174.54545454545453,0.1522809381603099,0.1493292673882932,1,0,1.0
S5,780,840,60,30,0.0502604166666666,22.823882884649212,-113.77,89.21,202.98,2.285,32.05500000000001,22.823938223752418,2000379.4792,-0.4445877134774689,1.3731832350321804,62,61,2.8506429981396155,1.2257269067969336,0.9626024590163934,0.1334934234814798,0.40625,1.1875,64.47407073364525,15.950220856321819,50.526315789473685,147.69230769230768,0.13430533562402996,0.1334934234814798,1,0,1.0
S5,810,870,60,30,-0.06278385416666647,47.106058808213454,-737.93,240.09,978.02,3.94,35.765,47.106100647954385,8520901.3181,-6.198768692091172,88.82401077896169,63,62,1.700681037200516,1.1373139373948387,0.9382560483870968,0.175197618010526,0.390625,1.359375,67.00591523650607,17.52130605400844,44.13793103448276,153.6,0.21128585761249896,0.175197618010526,1,0,1.0
S5,840,900,60,30,0.12980989583333358,51.55297300966973,-737.93,240.09,978.02,6.31,53.629999999999995,51.553136439452366,10205667.3667,-4.782716640338131,61.323895435720516,62,60,2.003329286669649,0.9703781726511196,0.9450520833333333,0.16178960471419784,0.390625,1.296875,66.24684408683036,17.115972480472333,46.265060240963855,153.6,0.21174271531603342,0.16178960471419784,1,0,1.0
S5,870,930,60,30,-0.04621875000000004,31.872085489697174,-115.16,115.32,230.48,4.395,50.9975,31.872119001337467,3900794.7634,-0.34325803269686495,-0.38323891431342805,62,61,2.841631110292302,0.8565783571465688,0.9651639344262295,0.12910750845809857,0.359375,1.125,64.23942198363916,16.32427539671481,53.333333333333336,166.95652173913044,0.13249041828562547,0.12910750845809857,1,0,1.0
S5,900,960,60,30,-0.064059895833333,76.945873762432,-766.81,526.23,1293.04,2.785,39.585,76.94590042838134,22735378.9161,-1.0950528434717581,33.63975857844404,63,60,1.4740664805954946,2.0771145650890306,0.9114583333333334,0.188488424803016,0.359375,1.390625,70.254395853603,22.78800353379527,43.146067415730336,166.95652173913044,0.23188115312316526,0.188488424803016,1,0,1.0
S5,930,990,60,30,0.0117526041666664,119.57863009345498,-810.69,526.23,1336.92,4.075,32.650000000000006,119.57863067099841,54908347.8265,-1.2679781919608393,12.961173252730898,54,43,1.789118759791514,2.4810739645151094,0.842296511627907,0.21124517165126117,0.359375,1.1875,77.827920435335,27.77971538574612,50.526315789473685,166.95652173913044,0.27141578280884493,0.21124517165126117,1,0,1.0
S5,960,1020,60,30,-0.12752864583333406,99.30901812551501,-810.69,525.84,1336.5300000000002,3.72,31.4625,99.30910000905946,37871221.8033,-1.7406985797056114,18.323223672642747,61,55,1.5457513534804348,2.3890994773291974,0.9036931818181818,0.18796730678344437,0.375,1.1875,70.53514071118451,21.008859689270388,50.526315789473685,160.0,0.2529752786514846,0.18796730678344437,1,0,1.0
S5,990,1050,60,30,-0.9769635416666664,92.29573149860862,-632.04,398.44,1030.48,4.95,39.2375,92.30090200331196,32714713.0008,-1.76267883617412,11.17082785407131,71,69,1.8266146186501349,2.4150333263547203,0.8534873188405797,0.2395503696399214,0.375,1.34375,78.76764563492993,31.367839929985447,44.651162790697676,160.0,0.2812053171204951,0.2395503696399214,1,0,1.0
S5,1020,1080,60,30,-0.21065885416666602,127.05981367490813,-755.05,425.19,1180.24,8.75,94.3575,127.05998830574165,61993884.012499996,-1.0180801680337583,4.351666037100737,72,70,2.2069002403134217,2.049032529852074,0.8381696428571429,0.29440982735723226,0.359375,1.375,83.29427088617597,35.18724659047847,43.63636363636363,166.95652173913044,0.38061448427919287,0.29440982735723226,1,0,1.0
S5,1050,1110,60,30,1.1591223958333337,124.53129324585456,-755.05,743.79,1498.84,3.93,87.44999999999999,124.53668761539123,59556044.398899995,-0.6150749656402229,6.160187966937761,64,57,2.1628060243320872,1.9693890168981594,0.7993421052631579,0.305903366777965,0.359375,1.375,88.5910745290803,37.42541153778796,43.63636363636363,166.95652173913044,0.35847008546926096,0.305903366777965,1,0,1.0
S5,1080,1140,60,30,0.3161276041666667,85.39325684449422,-637.71,743.79,1381.5,3.37,31.7075,85.393841997956,28001695.6845,-0.7441159151749779,20.159207847765394,67,60,1.5649650525676553,2.138717657439326,0.834375,0.25167408239626105,0.34375,1.34375,81.26020433500626,33.18560620030584,44.651162790697676,174.54545454545453,0.33705194285481194,0.25167408239626105,1,0,1.0
S5,1110,1170,60,30,0.1107890624999999,87.98423480425866,-878.8,557.66,1436.46,2.94,31.167500000000004,87.98430455659289,29726353.337500002,-2.2162711909668316,30.68651443762311,59,54,1.3772035826578044,2.3143149545167665,0.9267939814814815,0.17878128151143236,0.34375,1.375,68.55335806090244,21.98509144912504,43.63636363636363,174.54545454545453,0.22596955998561916,0.17878128151143236,1,0,1.0
S5,1140,1200,60,30,0.22204166666666683,121.71300331598174,-878.8,744.43,1623.23,3.235,48.3275,121.71320585169843,56886161.1982,-1.1532837434033363,15.693721121059887,56,50,1.6182520853358071,2.3000729039458863,0.9021875,0.2422189495709409,0.375,1.390625,72.94265806044562,25.788265167402592,43.146067415730336,160.0,0.3404365468199827,0.2422189495709409,1,0,1.0
S5,1170,1230,60,30,-0.13080468749999977,104.07665846976778,-765.59,744.43,1510.02,4.8149999999999995,60.41,104.0767406681193,41594756.9207,-0.36959864517123747,17.44983348911325,70,66,1.6863160812193443,2.0779674786856237,0.8115530303030303,0.23442043101160306,0.34375,1.4375,81.90321501106041,29.723876847824684,41.73913043478261,174.54545454545453,0.34459031904679105,0.23442043101160306,1,0,1.0
S5,1200,1260,60,30,-0.20774218749999962,132.56093460328754,-1224.81,1405.45,2630.26,4.705,47.1075,132.56109738423842,67478187.0325,0.18400937074203164,34.483586966237375,59,52,1.4888055686824053,2.340336852255901,0.8167067307692307,0.2107507939872,0.34375,1.34375,80.31352190568144,28.185438168402694,44.651162790697676,174.54545454545453,0.2689027865971379,0.2107507939872,1,0,1.0
S5,1230,1290,60,30,-0.03530989583333295,120.08507212340396,-1224.81,1405.45,2630.26,3.505,28.555,120.08507731467668,55374435.0477,0.13194801678405316,51.195749425445776,45,31,1.1069948429472398,2.103370796306938,0.9601814516129032,0.16091027553544499,0.53125,1.40625,64.67297090060396,13.71639945174847,42.666666666666664,112.94117647058823,0.24771087397071073,0.16091027553544499,1,0,1.0
S5,1260,1320,60,30,-0.03207552083333325,51.901117772961676,-725.29,341.9,1067.19,3.0,26.4925,51.90112768449135,10343911.890899999,-5.824845573834657,85.10040408914651,61,59,1.130545157692485,1.1955244613217155,0.966896186440678,0.06204046806926408,0.78125,1.125,62.316106784500484,4.111315756789165,53.333333333333336,76.8,0.09539681474206062,0.06204046806926408,1,0,1.0
S5,1290,1350,60,30,-0.07905208333333297,57.337613981768435,-725.29,341.9,1067.19,2.4850000000000003,34.7325,57.337668476789034,12624415.5892,-4.2820668579485455,56.57483550934192,63,61,1.507412369808605,1.3164538086793869,0.9305840163934426,0.14881180132565636,0.390625,1.28125,66.9088243518949,16.190690394734485,46.829268292682926,153.6,0.17321917564894482,0.14881180132565636,1,0,1.0
S5,1320,1380,60,30,0.7253229166666674,100.95825832857595,-800.95,689.53,1490.48,1.045,71.1625,100.96086379420947,39141488.709400006,-0.0005369973655136029,15.771559667469806,69,66,1.9241500774258675,2.042739724609195,0.8503787878787878,0.21335786284355007,0.34375,1.203125,77.68365289917509,29.731623303908314,49.87012987012987,174.54545454545453,0.25757018041019125,0.21335786284355007,1,0,1.0
S5,1350,1410,60,30,-0.011507812499999303,110.12828656036238,-800.95,689.53,1490.48,2.615,45.65,110.12828716161458,46572440.191300005,-0.22528060343376727,14.672497285825681,64,59,1.8339733601439172,2.2087598355353597,0.8752648305084746,0.22559455941038226,0.34375,1.375,75.54590760306317,28.411389577774774,43.63636363636363,174.54545454545453,0.24163504146767747,0.22559455941038226,1,0,1.0
S5,1380,1440,60,30,-0.7031692708333329,64.92122119291719,-677.43,686.28,1363.71,3.725,29.369999999999997,64.92502913517347,16186596.1275,-2.75685836659684,49.285671412346765,64,62,1.2719863356330279,2.0136751426427173,0.9241431451612904,0.1876647204505991,0.34375,1.375,69.0818489141772,22.300056892120097,43.63636363636363,174.54545454545453,0.21006050613990745,0.1876647204505991,1,0,1.0
S5,1410,1470,60,30,-0.04110156249999985,67.06313447556415,-629.3,510.4,1139.6999999999998,5.005,40.0025,67.0631470706978,17270268.2689,-2.090984475743406,27.865292422981092,70,67,1.632148584404192,2.165099429965361,0.8472481343283582,0.2111351322565996,0.34375,1.3125,77.620028372916,29.380072048748502,45.714285714285715,174.54545454545453,0.24146473897953413,0.2111351322565996,1,0,1.0
S5,1860,1920,60,30,0.028052083333332926,126.57007787687303,-845.72,705.44,1551.16,1.385,75.1925,126.57008098550416,61516743.9386,-0.03241903670560345,9.763291559186511,66,62,1.9879848235865705,1.8923121724930843,0.8321572580645161,0.22380280951794806,0.34375,1.296875,78.98533055955536,27.478881471660205,46.265060240963855,174.54545454545453,0.3060554751894542,0.22380280951794806,3,0,0.9604761904761905
S5,1890,1950,60,30,0.04039322916666575,140.17678565340773,-660.16,746.45,1406.6100000000001,-2.11,152.8225,140.17679147324773,75454206.2121,0.6329286681885924,4.202716373138636,73,70,2.2886432731270685,1.4692699096222845,0.8198660714285714,0.20889339313886002,0.34375,1.390625,80.0919589119484,29.02308088960346,43.146067415730336,174.54545454545453,0.251002857214236,0.20889339313886002,3,0,1.0
S5,1920,1980,60,30,-0.6563671875000007,141.47842792353234,-595.07,758.33,1353.4,-2.1550000000000002,146.8375,141.4799504721392,76863653.32069999,0.44037859360187925,3.694082713788318,78,77,2.1504211602679297,1.6151281556094728,0.773538961038961,0.21791677140885285,0.359375,1.296875,85.15482095847784,28.397183497294186,46.265060240963855,166.95652173913044,0.2509362608116483,0.21791677140885285,3,0,1.0
S5,1950,2010,60,30,-0.6854088541666669,132.9473642036088,-595.07,758.33,1353.4,-4.369999999999999,132.715,132.9491310012381,67873810.30649999,0.3810924902863732,3.872137090509672,78,77,2.267785868882761,1.619807151109545,0.770900974025974,0.20731368017496493,0.375,1.296875,84.42728807948718,25.82709608574158,46.265060240963855,160.0,0.2607549885668537,0.20731368017496493,3,0,1.0
S5,1980,2040,60,30,0.8730078124999998,106.07982357806836,-454.89,590.47,1045.3600000000001,0.08,116.435,106.08341582450478,43214173.8739,0.42872876895774453,4.027928196944299,82,80,2.2908714938010286,1.562553647944029,0.7326171875,0.23114960011706132,0.34375,1.296875,92.15663790526582,34.11148194327979,46.265060240963855,174.54545454545453,0.2786114807386212,0.23114960011706132,3,0,1.0
S5,2010,2070,60,30,0.32761458333333354,84.63908019119697,-454.89,280.93,735.8199999999999,3.0949999999999998,115.57000000000001,84.63971424176172,27509303.911399998,-0.36305964351541853,1.1830404453369772,85,81,2.3650596170946456,1.3094888995248835,0.7177854938271605,0.2332514954322074,0.34375,1.1875,95.18699752674968,37.05346329755727,50.526315789473685,174.54545454545453,0.2760533360347915,0.2332514954322074,3,0,1.0
S5,2040,2100,60,30,-0.10339322916666678,68.66623876298881,-195.16,230.99,426.15,1.2650000000000001,101.00999999999999,68.66631660439946,18105842.0583,-0.03540930910268295,-0.3595497671301966,79,76,2.664755452949623,1.1902248161185502,0.7724095394736842,0.21436415558604208,0.34375,1.1875,86.83498417587016,34.077540994809226,50.526315789473685,174.54545454545453,0.26000801269704493,0.21436415558604208,3,0,1.0
S5,2070,2130,60,30,-0.4796744791666668,100.34065596949637,-1319.66,774.75,2094.41,1.625,80.3625,100.34180249524519,38662952.939500004,-3.4103393041087915,53.888666784388676,74,73,1.9218248106807754,1.8980728333235228,0.8082191780821918,0.1940090973947541,0.359375,1.46875,80.24928850355958,26.590566002929577,40.851063829787236,166.95652173913044,0.21561179005429332,0.1940090973947541,3,0,1.0
S5,2100,2160,60,30,-0.8243098958333331,110.9731301022009,-1319.66,774.75,2094.41,3.83,75.1725,110.97619155244234,47292345.9513,-2.743025616154161,37.50138967210328,76,75,1.778927545009579,1.959609156661271,0.786875,0.2060706290733026,0.359375,1.46875,83.02318243221555,27.599930624301706,40.851063829787236,166.95652173913044,0.23236042971854412,0.2060706290733026,3,0,1.0
S5,2130,2190,60,30,0.24519010416666673,77.06844644545487,-557.59,400.87,958.46,5.35,80.20750000000001,77.0688364756023,22808085.333900005,-0.7792053604672368,9.045785161638692,73,70,2.2817237432448567,1.6052455640910872,0.8321428571428572,0.19820071140778237,0.359375,1.203125,77.83487681736837,25.446714096535967,49.87012987012987,166.95652173913044,0.2179965673966889,0.19820071140778237,3,0,1.0
S5,2160,2220,60,30,0.7330651041666668,63.102314414649996,-490.8,386.63,877.4300000000001,4.215,74.39500000000001,63.10657231170373,15292567.560700001,-0.3959186455546401,8.230348683634846,71,67,2.641136581627866,1.4285256001476467,0.859375,0.18951036674672342,0.390625,1.15625,74.85863334261204,23.767772440309678,51.891891891891895,153.6,0.20520857368083142,0.18951036674672342,3,0,1.0
S5,2190,2250,60,30,0.18394010416666676,63.051118177713185,-490.8,386.63,877.4300000000001,2.56,66.485,63.0513864829464,15265832.975700002,-0.1936502395317669,9.336596779873663,75,70,2.5353375370140743,1.491225279906153,0.7995535714285714,0.2169243239212087,0.34375,1.03125,83.91921488201851,33.634894967464675,58.18181818181818,174.54545454545453,0.23061599094771618,0.2169243239212087,3,0,0.7728571428571429
S5,3600,3660,60,30,7.0748255208333335,204.3525679322146,-1049.49,1623.26,2672.75,2.83,238.92499999999998,204.47499890363278,160550496.67830002,0.7002804284341093,7.563533098553959,104,100,2.0443984685411793,1.227276274658626,0.58578125,0.19228903567855216,0.34375,1.390625,112.23924850521598,32.55279688744014,43.146067415730336,174.54545454545453,0.2800769941151464,0.19228903567855216,2,1,0.9604761904761905
S5,3630,3690,60,30,0.23333072916666708,198.22924048012723,-1049.49,506.67,1556.16,11.65,266.97249999999997,198.22937780399073,150892363.10230002,-0.4360023238488131,0.8463109869947512,101,98,2.2031852693197442,1.3130178414541438,0.603156887755102,0.2322366289394963,0.34375,1.390625,111.88023415036515,35.21154298500557,43.146067415730336,174.54545454545453,0.32168758931985963,0.2322366289394963,2,1,1.0
S5,3660,3720,60,30,1.6832135416666663,185.60868432669213,-610.18,593.1,1203.28,10.775,252.6975,185.61631637685437,132301120.91639999,-0.12552396977630034,-0.07249867590517756,105,100,2.179237112749497,1.2590364902836582,0.5825,0.2001596042849306,0.34375,1.234375,113.892403425995,33.67252987871956,48.607594936708864,174.54545454545453,0.26308762840726585,0.2001596042849306,2,1,1.0
S5,3690,3750,60,30,-1.3061796875000005,183.07513877138103,-651.47,597.64,1249.1100000000001,4.4,237.195,183.0797982889878,128709936.1595,-0.12520626582626904,0.32219336210437577,105,100,2.2491535333603894,1.2922381636857336,0.57671875,0.20631030131742695,0.34375,1.234375,115.30483854379727,33.612461406536944,48.607594936708864,174.54545454545453,0.3096699504629033,0.20631030131742695,2,1,1.0
S5,3720,3780,60,30,-0.7652265625000001,186.8557270966101,-752.27,597.64,1349.9099999999999,4.745,230.77,186.85729399864164,134076089.55070001,-0.14280227664070716,0.6176800619613072,106,99,2.1582451764489132,1.3925379102001032,0.5833333333333334,0.1698180984260226,0.34375,1.046875,111.04294342359127,29.397705940415154,57.3134328358209,174.54545454545453,0.2321482228088691,0.1698180984260226,2,1,1.0
S5,3750,3810,60,30,0.08081249999999969,196.00262315253124,-988.99,754.7,1743.69,3.24,211.26999999999998,196.0026398121549,147521413.6832,-0.22550211332636796,1.9241479145391702,107,101,2.00036279532376,1.5210012236424308,0.5682240099009901,0.1962397269153516,0.34375,1.453125,116.11858939656526,33.08521451698831,41.29032258064516,174.54545454545453,0.2774790603023046,0.1962397269153516,2,1,1.0
S5,3780,3840,60,30,-0.47974218750000003,164.88462803740222,-988.99,754.7,1743.69,3.715,141.425,164.8853259559472,104398735.54789999,-0.5048992502692139,4.928339579278105,93,89,2.0644581814966,1.773632605924437,0.6423806179775281,0.2378365422410524,0.34375,1.453125,105.2805341905988,34.829741361034735,41.29032258064516,174.54545454545453,0.3061499720688004,0.2378365422410524,2,1,1.0
S5,3810,3870,60,30,-0.04885416666666617,103.31612411514791,-804.36,469.57,1273.93,3.5,90.60750000000002,103.31613566576253,40989019.733399995,-1.362244307237397,9.45346760881642,94,90,2.107544197357434,1.8884179150655185,0.6460069444444444,0.21616981683093303,0.34375,1.484375,103.46277981208158,34.051726136139486,40.421052631578945,174.54545454545453,0.2736468400105377,0.21616981683093303,2,1,1.0
S5,3840,3900,60,30,0.4379557291666668,88.44515365534637,-591.45,430.28,1021.73,2.25,75.435,88.44623796600136,30039310.1197,-1.0195341281786199,7.537099060800813,104,101,2.0697355293928124,1.9105274949369058,0.5816831683168316,0.17894954724521853,0.34375,1.03125,112.8917098929296,33.01454412690988,58.18181818181818,174.54545454545453,0.26474117667072494,0.17894954724521853,2,1,1.0
S5,3870,3930,60,30,0.1309270833333336,88.04992625916664,-565.71,430.28,995.99,-0.875,51.2325,88.05002360105212,29770777.559600003,-0.5036333898795113,9.16141145062553,93,86,1.9894981033227785,2.0850944418211474,0.5866642441860465,0.19477261103106613,0.34375,1.265625,112.02721199821072,31.137670890305863,47.407407407407405,174.54545454545453,0.2698357854379978,0.19477261103106613,2,1,1.0
S5,3900,3960,60,30,0.008544270833333586,67.91429822064516,-565.71,427.47,993.1800000000001,-1.795,37.8975,67.91429875812082,17711431.5871,-0.5499264627035391,17.405121750380644,87,81,1.912437328859524,2.298260258070576,0.6469907407407407,0.24767166370153423,0.359375,1.4375,104.95756738759191,34.593533561867325,41.73913043478261,166.95652173913044,0.3535792846687642,0.24767166370153423,2,1,1.0
S5,3930,3990,60,30,0.31249739583333314,143.59815119928095,-1337.14,669.23,2006.3700000000001,-1.03,85.3775,143.59849122631462,79182822.4607,-1.0479432519289782,11.565583957766997,85,74,1.9476278933268247,1.691974260883209,0.5948057432432432,0.2187549933232142,0.34375,1.5,112.64977360898835,34.94846878226805,40.0,174.54545454545453,0.3155989325326583,0.2187549933232142,2,1,1.0
S5,3960,4020,60,30,0.19548697916666669,203.2110117803001,-1337.14,788.05,2125.19,0.4,204.2625,203.21110580854653,158571853.5319,-0.6237009903413521,3.6015865527197883,84,82,2.264502798004942,1.6320501495799897,0.692454268292683,0.26542179782229774,0.34375,1.453125,99.68646884202442,36.48932646464452,41.29032258064516,174.54545454545453,0.36596958674994556,0.26542179782229774,2,1,1.0
S5,3990,4050,60,30,0.14555989583333423,220.04108332628536,-1450.07,788.05,2238.12,7.575,193.54,220.04113147111505,185925502.2301,-0.6332777287374861,3.6736798125248322,79,76,2.2911239336951597,1.755989041153356,0.7417763157894737,0.2792724896675482,0.359375,1.5,92.89829544010388,34.29366468791704,40.0,166.95652173913044,0.40133241625033644,0.2792724896675482,2,1,1.0
S5,4020,4080,60,30,0.3183645833333337,185.2949826669469,-1450.07,778.13,2228.2,3.56,148.685,185.29525616580713,131843834.71700001,-0.7488865497193137,6.452156495631961,88,82,2.0302701034952,1.6024503595424575,0.6486280487804879,0.2248608021111523,0.34375,1.34375,103.44806708408179,33.88663103693139,44.651162790697676,174.54545454545453,0.33374450190828964,0.2248608021111523,2,1,1.0
S5,4050,4110,60,30,-0.6717031250000001,185.99882329605217,-784.5,681.53,1466.03,-2.3200000000000003,179.29250000000002,186.0000361629109,132848691.65799999,-0.1698782848635007,2.207806829040311,99,95,2.094394698803548,1.5668780570096814,0.6032894736842105,0.1907111908364302,0.34375,1.203125,109.08344643392542,32.20363165818104,49.87012987012987,174.54545454545453,0.2874248282854034,0.1907111908364302,2,1,1.0
S5,4080,4140,60,30,-2.3882161458333333,291.45057956651317,-1617.86,1789.0,3406.8599999999997,-0.19,299.4625,291.4603642110118,326204712.5991,-0.027731566140064914,4.878960800145214,93,90,1.9129091987151883,1.4781470265612509,0.6267361111111112,0.2346577512543863,0.34375,1.34375,108.27854553070961,35.893770733391264,44.651162790697676,174.54545454545453,0.3367153996450802,0.2346577512543863,2,1,1.0
S5,4110,4170,60,30,0.5754479166666665,294.63859000849703,-1617.86,1789.0,3406.8599999999997,4.28,310.27750000000003,294.6391519511621,333358962.672,-0.01865179303322588,4.511902925561203,91,87,1.9749052447152828,1.4925541407228413,0.6327227011494253,0.2175520559858739,0.34375,1.296875,105.93612297477686,34.069193254330315,46.265060240963855,174.54545454545453,0.29105174657790067,0.2175520559858739,2,1,1.0
S5,4140,4200,60,30,2.1419739583333333,265.15634079581895,-988.07,784.06,1772.13,10.239999999999998,292.965,265.164992253251,269999896.768,-0.2520605212323935,0.7469718170392992,91,87,2.124306757676784,1.4820533999978964,0.6483477011494253,0.23453506941994567,0.34375,1.34375,103.74710182932577,33.42833202869169,44.651162790697676,174.54545454545453,0.3186709033189146,0.23453506941994567,2,1,1.0
S5,4170,4230,60,30,-0.4159531250000004,273.6644999507797,-1317.83,1304.01,2621.84,16.6,298.16499999999996,273.6648160621173,287586937.1532,-0.3294125443028087,1.610616393003899,90,86,2.1439073516618232,1.5400726334469756,0.6573401162790697,0.25160493532101763,0.34375,1.34375,103.9298829727351,35.680048077054536,44.651162790697676,174.54545454545453,0.3808331556774374,0.25160493532101763,2,1,1.0
S5,4200,4260,60,30,-0.09063020833333339,248.31531609144133,-1317.83,1304.01,2621.84,11.559999999999999,293.155,248.3153326305629,236776336.9706,-0.3387827159929229,1.9318224680539915,96,94,2.1725963860186064,1.4217400734342573,0.621343085106383,0.20666696966003262,0.34375,1.25,106.53793557260343,31.77548072564273,48.0,174.54545454545453,0.26089841193615276,0.20666696966003262,2,1,0.7895238095238095
S6,630,690,60,30,0.13011979166666685,50.28675493675232,-224.11,265.23,489.34000000000003,2.9400000000000004,49.30500000000001,50.28692328259074,9710494.6684,-0.2019770440843889,2.6392603452901007,72,70,2.1261811412264726,1.5875946860387098,0.7977678571428571,0.27085046223960585,0.34375,1.4375,85.56687563548887,32.848785561702826,41.73913043478261,174.54545454545453,0.37579173666783316,0.27085046223960585,1,0,0.7884047619047619
S6,660,720,60,30,0.11501822916666686,46.202935339196806,-224.11,265.23,489.34000000000003,3.15,44.47,46.20307850296386,8197341.9385,0.10446603537425851,4.63967004972959,72,70,2.0657147134191693,1.5845532627412096,0.8310267857142857,0.1802019587416053,0.34375,1.25,77.55708663883392,25.987709920785562,48.0,174.54545454545453,0.24651528554115013,0.1802019587416053,1,0,1.0
S6,690,750,60,30,-0.18822916666666675,26.96078837847939,-100.98,230.23,331.21,2.51,28.83,26.96144543989312,2791371.0344000002,1.0148241410247827,10.220099835284795,72,71,2.1425766466705074,1.1511545596220176,0.8241637323943662,0.13100975428612743,0.40625,1.09375,75.50199105713803,17.531932371025487,54.857142857142854,147.69230769230768,0.14129305601681716,0.13100975428612743,1,0,1.0
S6,720,780,60,30,0.1671536458333334,38.199306727693276,-335.97,205.38,541.35,2.47,30.865000000000002,38.1996724438536,5603385.5033,-0.8525094131944659,15.327718444017933,71,69,1.8871885892731515,1.7914132181159648,0.8245018115942029,0.18810562155567964,0.40625,1.421875,77.34551143393738,21.76654972616167,42.1978021978022,147.69230769230768,0.24844414761731481,0.18810562155567964,1,0,1.0
S6,750,810,60,30,0.23206510416666676,37.56271810018394,-335.97,205.38,541.35,3.48,31.222500000000004,37.563434950580046,5418284.7179000005,-0.8983892793480449,16.51666294486834,65,63,2.009357333396847,1.8431340686154198,0.892609126984127,0.17335653103134582,0.4375,1.421875,70.41495922430472,17.891915235618125,42.1978021978022,137.14285714285714,0.2391729991832407,0.17335653103134582,1,0,1.0
S6,780,840,60,30,-0.5647421874999999,25.569181905546948,-118.9,166.46,285.36,3.645,28.9525,25.575417827619,2511751.6687000003,0.0007840445170786229,5.818622699047113,67,66,2.227932755959217,1.2577032444614673,0.8925189393939394,0.23059635738455764,0.34375,1.46875,73.46653849728358,26.582615195938494,40.851063829787236,174.54545454545453,0.311958665746947,0.23059635738455764,1,0,1.0
S6,810,870,60,30,-0.22589062500000007,27.420342357236116,-118.9,166.46,285.36,3.425,32.6725,27.421272792532807,2887396.614,0.018332918815114584,4.0590602865859795,70,69,2.249784351309437,1.2058352309539573,0.8469202898550725,0.21192410023929512,0.34375,1.25,76.7957517578654,25.916734607576668,48.0,174.54545454545453,0.3078876065431469,0.21192410023929512,1,0,1.0
S6,840,900,60,30,0.3968619791666666,20.750364942114878,-59.49,70.27,129.76,5.005000000000001,30.315,20.754159695382953,1654022.9554999997,-0.3122789893314749,-0.28320742356188555,68,66,2.866122518866534,0.817713128039439,0.8920454545454546,0.08430689910626889,0.5,1.0625,68.02513448190416,8.39739751607834,56.470588235294116,120.0,0.09268222046533313,0.08430689910626889,1,0,1.0
S6,870,930,60,30,-0.060906250000000016,19.008103839534975,-63.33,50.94,114.27,5.58,28.8725,19.008201417962546,1387437.0092,-0.5547440238441897,-0.3974014326490809,69,66,2.9114431907537135,0.877489521928902,0.890625,0.10797946283409357,0.453125,1.0,68.9045719463107,12.934761650814599,60.0,132.41379310344828,0.11148379172466145,0.10797946283409357,1,0,1.0
S6,900,960,60,30,-0.0009062500000000343,17.724804840297328,-63.33,50.94,114.27,4.79,26.677500000000002,17.724804863465117,1206407.8366,-0.5062964305412638,-0.2487429980950795,72,70,2.8401973899307524,0.941853390285409,0.840625,0.1544223467012281,0.34375,1.03125,75.54617775880364,23.46472787404564,58.18181818181818,174.54545454545453,0.16777048987694684,0.1544223467012281,1,0,1.0
S6,930,990,60,30,0.039554687500000026,17.692422341706685,-53.4,63.23,116.63,4.48,25.9875,17.692466557566952,1202009.7519,-0.3741695649077618,-0.22670889455712873,72,70,2.762497798990653,0.9911042920693872,0.8399553571428572,0.18676260719029197,0.34375,1.046875,77.55269477867067,28.340835756450215,57.3134328358209,174.54545454545453,0.19485680535303687,0.18676260719029197,1,0,1.0
S6,960,1020,60,30,-0.04365104166666664,21.121623554209275,-115.16,63.23,178.39,4.7,29.07,21.12166865991337,1713119.566,-0.6453979003078225,1.3647439534080172,70,67,2.703444775946843,1.147033956589904,0.8605410447761194,0.16132868956425692,0.375,1.046875,73.91033753162132,23.053040407790842,57.3134328358209,160.0,0.17128212137922239,0.16132868956425692,1,0,1.0
S6,990,1050,60,30,0.03734374999999998,22.441774017874256,-115.16,61.6,176.76,5.795,32.4,22.4418050883836,1933956.924,-0.7601952001484522,1.016884485900854,68,67,2.778405704090708,0.9827625218998886,0.882929104477612,0.19540572652534913,0.40625,1.3125,72.17771134655702,20.591367963078,45.714285714285715,147.69230769230768,0.2678438962272841,0.19540572652534913,1,0,1.0
S6,1020,1080,60,30,0.09191927083333339,20.557881528917918,-91.78,49.3,141.07999999999998,5.55,32.192499999999995,20.558087024559825,1622918.1777000001,-0.6039671132298624,-0.2757127413879261,66,65,3.0021959116736143,0.7210283148250528,0.9024038461538462,0.16601755839894033,0.40625,1.296875,69.35529411640626,16.749789261591307,46.265060240963855,147.69230769230768,0.2514833313895712,0.16601755839894033,1,0,1.0
S6,1050,1110,60,30,-0.06320572916666671,26.33706403312182,-95.95,111.66,207.61,4.705,33.915000000000006,26.337139876018398,2663596.5575,0.01072919425766868,1.6968415059020332,67,66,2.6621186010531503,1.2224058123494201,0.8944128787878788,0.17986878631013853,0.421875,1.25,70.30272286014822,16.81748717459344,48.0,142.22222222222223,0.30237193331672224,0.17986878631013853,1,0,1.0
S6,1080,1140,60,30,-0.2720364583333333,38.912931750452024,-203.46,177.93,381.39,2.4,40.6375,38.91388262882541,5814874.6032,-0.20582315899105785,3.303959063992308,70,69,2.3147721689596183,1.5441462273850615,0.8521286231884058,0.25227648574255124,0.34375,1.484375,78.56602928684399,29.575573293850148,40.421052631578945,174.54545454545453,0.3609500332048582,0.25227648574255124,1,0,1.0
S6,1110,1170,60,30,0.08682031250000002,46.69729370581211,-235.2,200.7,435.9,3.4050000000000002,45.4775,46.69737441455934,8373675.944499999,-0.32218804512875904,3.3714736637083638,72,71,2.1265180700724278,1.6313960497205617,0.8224031690140845,0.2778333085825295,0.34375,1.484375,83.56975430336288,33.73179017775525,40.421052631578945,174.54545454545453,0.39787907295612895,0.2778333085825295,1,0,1.0
S6,1140,1200,60,30,0.30104166666666654,39.84600972622516,-235.2,200.7,435.9,5.635,42.2325,39.84714691402008,6097133.25,-0.3368400724848202,4.569321933846756,73,72,2.171960836163218,1.397165630189836,0.8235677083333334,0.25256976650430657,0.34375,1.34375,81.28615614479838,29.544638811774522,44.651162790697676,174.54545454545453,0.3622056311463903,0.25256976650430657,1,0,1.0
S6,1170,1230,60,30,-0.12484895833333333,38.438689768552464,-213.51,129.77,343.28,4.92,46.6025,38.43889252287865,5673786.0802,-0.8079948110902616,3.466681020729757,75,70,2.0850103671388687,1.2203711910716777,0.8252232142857143,0.2457690652509205,0.359375,1.25,80.87150644746555,28.98563603392532,48.0,166.95652173913044,0.3417576484995925,0.2457690652509205,1,0,1.0
S6,1200,1260,60,30,-0.10148177083333333,37.04741203451864,-213.51,129.77,343.28,5.99,42.545,37.04755102574539,5270480.7820999995,-0.9307582722849312,4.173326770750801,74,72,2.089488330872041,1.2464344260718763,0.8192274305555556,0.19412532232210677,0.34375,1.15625,79.95196200078921,29.419471404106616,51.891891891891895,174.54545454545453,0.23944056396269753,0.19412532232210677,1,0,1.0
S6,1230,1290,60,30,0.12749739583333333,27.422199743328655,-121.7,116.5,238.2,6.0,37.525,27.42249613636509,2887654.2503,-0.2807897793264385,1.114021999180193,74,73,2.592449779415337,1.0599811358276385,0.8131421232876712,0.14676790297534173,0.34375,0.984375,78.12259796375709,24.843191999519192,60.95238095238095,174.54545454545453,0.13767645716548232,0.14676790297534173,1,0,1.0
S6,1260,1320,60,30,-0.1343359375,34.38964733733256,-239.64,123.25,362.89,5.755,41.7625,34.38990971390022,4541437.0181,-0.9404268459145492,6.186412203477577,71,70,2.4629464304794273,1.3275400573486489,0.8399553571428572,0.14833609586804034,0.34375,1.125,75.25915223947793,22.924983157788176,53.333333333333336,174.54545454545453,0.15499952518627602,0.14833609586804034,1,0,1.0
S6,1290,1350,60,30,-0.9025833333333334,45.95881233782561,-391.83,236.62,628.45,5.51,45.625,45.9676743829518,8114024.018599999,-1.5401596236712494,11.743199335042451,68,67,2.303805117515639,1.5886672599985534,0.8770988805970149,0.21976204326739493,0.375,1.359375,73.94428189160456,23.62039024068395,44.13793103448276,160.0,0.3327316865535088,0.21976204326739493,1,0,1.0
S6,1320,1380,60,30,0.23737239583333317,66.42143030684565,-391.83,354.23,746.06,2.615,50.935,66.42185445816354,16941552.9587,-0.5811345636358904,7.207410134217868,77,75,2.023206743568658,1.932814328809385,0.7672916666666667,0.24042298518560068,0.375,1.390625,86.62012779518228,28.574944070199475,43.146067415730336,160.0,0.31590208936879094,0.24042298518560068,1,0,1.0
S6,1350,1410,60,30,0.7191223958333333,68.74163228687681,-451.67,354.23,805.9000000000001,2.59,52.0625,68.74539363829678,18147567.9225,-0.7239872197975594,6.797729857874554,74,70,1.9999407144632904,1.9074974995225855,0.7933035714285714,0.23780483592064502,0.375,1.390625,82.86173022453443,25.714770577634873,43.146067415730336,160.0,0.28381728835694603,0.23780483592064502,1,0,1.0
S6,1380,1440,60,30,-0.06072656249999984,50.11937957442443,-451.67,352.41,804.08,2.98,30.3,50.11941636372699,9645910.643099999,-0.8655093360726505,15.406302286711373,68,66,1.8755132170769477,2.005100170680858,0.8752367424242424,0.215298329765039,0.484375,1.375,73.18339204802074,19.719800536227613,43.63636363636363,123.87096774193549,0.29775931046930143,0.215298329765039,1,0,1.0
S6,1410,1470,60,30,0.1078593749999999,29.977707297135392,-228.75,352.41,581.1600000000001,2.135,19.015,29.97790133477492,3450910.3427999993,2.4348743433383118,48.16854784117503,70,68,1.566311529631735,1.5534442362832865,0.8354779411764706,0.18185178740738636,0.34375,1.359375,76.28110550197009,22.572264067572153,44.13793103448276,174.54545454545453,0.203564034719651,0.18185178740738636,1,0,1.0
S6,1440,1500,60,30,-0.06025781250000005,12.82288772855622,-38.64,45.11,83.75,2.44,18.525,12.823029310702093,631411.5099000001,-0.41338279275949563,-0.032158426174272225,73,72,2.6644351996135267,1.152001592796168,0.8083767361111112,0.22445730896393895,0.34375,1.34375,81.01443060569974,26.15425322990161,44.651162790697676,174.54545454545453,0.29930321811373733,0.22445730896393895,1,0,1.0
S6,1470,1530,60,30,0.020072916666666624,21.48212830846492,-153.53,100.28,253.81,2.705,23.6025,21.482137686537,1772091.8,-0.6464303798171237,6.014039636077266,75,74,2.272077792563678,1.5831313161438838,0.8078547297297297,0.14160063515492544,0.359375,1.046875,77.69607593305496,20.538825257072105,57.3134328358209,166.95652173913044,0.1628322472774501,0.14160063515492544,1,0,1.0
S6,1500,1560,60,30,0.046622395833333295,24.04852012778711,-153.53,100.28,253.81,3.24,29.0175,24.048565320708324,2220800.6169,-0.6186840493038395,3.252604327956486,76,74,2.4412871059548835,1.32014007648537,0.7945523648648649,0.20568620526578135,0.375,1.296875,81.54545109068704,24.95407671252593,46.265060240963855,160.0,0.28133916965443917,0.20568620526578135,1,0,1.0
S6,1530,1590,60,30,0.0027604166666667243,19.967614475666586,-58.8,32.53,91.33,5.465,30.9225,19.967614666473057,1531029.6402,-0.6457257314608849,-0.620535072594365,73,72,3.040505610202076,0.7561845995683442,0.8294270833333334,0.18338123042651625,0.375,1.21875,76.28604578476232,19.21729059041257,49.23076923076923,160.0,0.2619817990398742,0.18338123042651625,1,0,1.0
S6,1560,1620,60,30,-0.021937499999999957,20.99788589423573,-100.68,78.61,179.29000000000002,5.36,30.72,20.997897353812597,1693100.9022,-0.6375426861463118,0.6351806502727935,76,75,2.9966926595971994,0.84873132959871,0.7858333333333334,0.13242955412427979,0.390625,1.1875,78.85167297423422,15.643668129473763,50.526315789473685,153.6,0.10276542040038356,0.13242955412427979,1,0,1.0
S6,1590,1650,60,30,-0.02144010416666664,19.664030464225156,-100.68,78.61,179.29000000000002,3.125,24.215,19.664042152518938,1484830.2865,-0.580773803765594,1.7349950445110922,77,76,2.69875048174173,1.2745857941254832,0.7756990131578947,0.1775871950139078,0.34375,1.40625,81.65016300784337,20.836699681720113,42.666666666666664,174.54545454545453,0.17961728700675408,0.1775871950139078,1,0,1.0
S6,1620,1680,60,30,-0.02270312499999999,16.682549608591465,-70.35,60.37,130.72,2.605,22.27,16.68256505681905,1068702.6312000002,-0.43769722210117284,0.5640739652209898,78,74,2.563925869628023,1.1978627206669288,0.7804054054054054,0.17722203064646694,0.34375,1.40625,81.97096612779188,24.825555365271356,42.666666666666664,174.54545454545453,0.19518189126138177,0.17722203064646694,1,0,1.0
S6,1650,1710,60,30,-0.025919270833333462,19.40754801452752,-127.69,93.29,220.98000000000002,3.1550000000000002,26.3475,19.407565322440412,1446349.7922999999,-0.5979488352311354,3.880100678845742,75,74,2.544734998449983,1.134570178877579,0.7975084459459459,0.1980665489819658,0.390625,1.15625,81.20875189406868,25.30023126045426,51.891891891891895,153.6,0.29454520208315305,0.1980665489819658,1,0,1.0
S6,1680,1740,60,30,0.00814322916666658,21.862807889610774,-127.69,93.29,220.98000000000002,3.61,29.857499999999998,21.862809406162977,1835452.5509,-0.4815991631368485,2.174793528247748,73,72,2.5737084383119777,1.1153704182533704,0.8187934027777778,0.1869323678199373,0.390625,1.203125,78.12740830212572,22.388674039854163,49.87012987012987,153.6,0.2634607877991457,0.1869323678199373,1,0,1.0
S6,1710,1770,60,30,-0.20660156249999992,32.085862392272254,-156.1,230.37,386.47,4.33,35.4375,32.08652754134449,3953453.7587,0.15509490651290025,5.98027509974264,71,70,2.1988535577915003,1.3223725855860469,0.8370535714285714,0.12975260383333587,0.359375,1.203125,74.47372088840673,19.113313254066565,49.87012987012987,166.95652173913044,0.14067531306064382,0.12975260383333587,1,0,1.0
S6,1740,1800,60,30,-0.046760416666666624,41.68229262422294,-343.95,322.79,666.74,5.445,33.0525,41.68231885281716,6671676.307,-0.4833789132175322,15.029247385157813,72,71,1.9214394160617043,1.727727114980469,0.8301056338028169,0.16282237071385486,0.359375,1.28125,76.25336248709156,21.661095803943454,46.829268292682926,166.95652173913044,0.19044378095741835,0.16282237071385486,1,0,1.0
S6,1770,1830,60,30,0.18789322916666643,37.64587444699917,-343.95,322.79,666.74,5.595,31.86,37.64634333829504,5442229.1203,-1.073651660696074,20.964543420131676,69,68,1.9511116537148478,1.621441651787089,0.8614430147058824,0.12355275507896504,0.375,1.046875,71.87152891951987,16.25405052478986,57.3134328358209,160.0,0.13674956342531747,0.12355275507896504,1,0,0.8782619047619048
S6,2430,2490,60,30,-0.06207031250000013,40.337161452848676,-244.86,287.38,532.24,3.125,23.82,40.337209209325266,6248027.3157,0.16957652799094305,10.17895772477627,67,61,1.6681517746691754,1.838491744195601,0.8153176229508197,0.2627771668796284,0.4375,1.421875,81.34147667059608,25.518276507700442,42.1978021978022,137.14285714285714,0.3358466446906981,0.2627771668796284,2,1,0.8217380952380953
S6,2460,2520,60,30,0.1690104166666667,43.95015021613379,-300.7,236.91,537.61,3.1550000000000002,29.019999999999996,43.95047517993027,7417513.9912,-0.3214941117767716,7.879168688166978,65,57,1.8586092071231972,1.7056703203096688,0.8344298245614035,0.2212393532693877,0.40625,1.5,76.69467824165503,19.95813673926817,40.0,147.69230769230768,0.25587747857163706,0.2212393532693877,2,1,1.0
S6,2490,2550,60,30,-0.206028645833333,62.47659676317649,-300.7,361.93,662.63,1.9049999999999998,32.6475,62.47693647188103,14988931.5491,-0.5319604246823318,7.6569213538268635,65,58,1.6148742310066333,1.648070939074676,0.8362068965517241,0.22217230148527778,0.515625,1.5,75.98490303905028,16.783514630714617,40.0,116.36363636363636,0.2969543407368482,0.22217230148527778,2,1,1.0
S6,2520,2580,60,30,0.41573437499999966,73.43926203830976,-299.41,361.93,661.34,1.54,48.0975,73.44043875006524,20711032.4882,-0.05752066341689816,3.8504450974482234,51,40,1.9352633697673967,1.7716989172212312,0.890625,0.27310247332732085,0.359375,1.484375,74.55689162412519,25.636663083245878,40.421052631578945,166.95652173913044,0.3938091378056517,0.27310247332732085,2,1,1.0
S6,2550,2610,60,30,0.372354166666666,62.94612302132858,-222.22,335.14,557.36,0.775,47.1475,62.94722433151176,15215435.716,0.299075929710506,3.019047606407864,59,52,1.8962732749563118,1.8012877258678854,0.9341947115384616,0.2933164849520537,0.34375,1.484375,72.08877038080679,27.283209584272033,40.421052631578945,174.54545454545453,0.432913193054437,0.2933164849520537,2,1,1.0
S6,2580,2640,60,30,-0.5483828125000002,42.452928486716274,-222.22,257.51,479.73,0.445,24.7,42.45647018779696,6921799.145500001,-0.31840070985015373,9.42726992418444,64,59,1.6937288560081087,1.9836245155969832,0.846927966101695,0.269771960357291,0.359375,1.453125,78.98942562948875,27.882120583562102,41.29032258064516,166.95652173913044,0.3741515635551666,0.269771960357291,2,1,1.0
S6,2610,2670,60,30,-0.0905416666666668,41.76738655835353,-320.87,257.51,578.38,0.74,22.0925,41.76748469453641,6698967.466399999,-1.1050685409149918,16.095701678453413,67,62,1.5773179312799943,1.9338812010813768,0.8077116935483871,0.26396821884239285,0.359375,1.375,83.82657564313021,31.19564893588316,43.63636363636363,166.95652173913044,0.3063430353833246,0.26396821884239285,2,1,1.0
S6,2640,2700,60,30,0.10035416666666644,39.706618089216555,-320.87,227.13,548.0,1.19,23.502499999999998,39.706744906144934,6054242.2696,-1.421112058604985,15.70591686154275,65,60,1.5797599013842567,1.6396370422413766,0.8557291666666667,0.2795575039298216,0.34375,1.46875,79.1326935897136,30.657007656907698,40.851063829787236,174.54545454545453,0.3643266095727796,0.2795575039298216,2,1,1.0
S6,2670,2730,60,30,0.4843437499999999,40.14283622898157,-262.39,160.8,423.19,1.88,21.9525,40.1457580495748,6188858.4552,-1.242281963318146,9.530295474340472,58,51,1.789983138962251,1.9696315919878538,0.9258578431372549,0.26885548433701895,0.421875,1.46875,70.73561645733328,21.985381227900252,40.851063829787236,142.22222222222223,0.34280409629626657,0.26885548433701895,2,1,1.0
S6,2700,2760,60,30,-0.020322916666666656,46.050667275973225,-262.39,264.87,527.26,1.8250000000000002,24.475,46.05067176039165,8143351.179199999,-0.5450287758201763,7.960988719114145,58,50,1.90300885459547,2.1043005055815387,0.8709375,0.23261442916605582,0.359375,1.421875,74.23360051549658,21.940819140452287,42.1978021978022,166.95652173913044,0.22285685668479793,0.23261442916605582,2,1,1.0
S6,2730,2790,60,30,-0.4280729166666667,34.51500690422718,-208.33,264.87,473.20000000000005,1.38,18.432499999999997,34.51766139269625,4575240.760399999,0.3605810010198304,15.146734753185942,68,62,1.513962083498992,1.8819757938296926,0.8079637096774194,0.2488378212487381,0.359375,1.5,82.64175858966702,30.059484184683956,40.0,166.95652173913044,0.3282957206150886,0.2488378212487381,2,1,1.0
S6,2760,2820,60,30,-0.15846354166666668,20.801979277416027,-111.33,73.9,185.23000000000002,1.45,19.21,20.80258283367917,1661750.2178,-0.430542958915208,2.653112360111269,77,75,2.1725767294154323,1.7092316275191988,0.75375,0.2013599596079949,0.390625,1.3125,85.77095864660023,24.864860672716723,45.714285714285715,153.6,0.2878415366328297,0.2013599596079949,2,1,1.0
S6,2790,2850,60,30,-0.19460937500000006,30.564808407258372,-111.33,109.46,220.79,1.4649999999999999,34.93,30.56542795023898,3587502.2814000007,-0.1648878861210283,0.8681651269821726,83,82,2.120491277909103,1.4843778163153962,0.7185594512195121,0.2187431115863243,0.34375,1.34375,91.19128313489168,26.929102334323662,44.651162790697676,174.54545454545453,0.3175802337380447,0.2187431115863243,2,1,1.0
S6,2820,2880,60,30,-0.10333593750000003,30.146264496887714,-116.55,109.46,226.01,1.74,31.175,30.1464416048112,3489822.4951000004,-0.2892627689131642,1.5818194631767692,82,80,2.019899979006578,1.5247390717438871,0.725390625,0.23117311591420914,0.34375,1.34375,91.68760965179828,29.919507664406336,44.651162790697676,174.54545454545453,0.32077165878658326,0.23117311591420914,2,1,1.0
S6,2850,2910,60,30,0.02764843750000005,22.87656368212773,-116.55,99.16,215.70999999999998,1.895,24.475,22.876580389965227,2009617.6524999999,-0.4818183956757202,3.169455640143119,80,78,2.162027072214536,1.41550539293628,0.7349759615384616,0.19864453141946167,0.34375,1.3125,88.46525066343183,26.595994819844737,45.714285714285715,174.54545454545453,0.28086079672097397,0.19864453141946167,2,1,1.0
S6,2880,2940,60,30,0.4517395833333333,30.152607790325256,-178.71,206.86,385.57000000000005,2.175,22.497500000000002,30.15599153084397,3492033.8888,0.38374471638380125,12.958917861898897,76,74,1.5775322272980319,1.5015968283622325,0.7772381756756757,0.21194875855679463,0.359375,1.390625,83.22408179705825,23.862141009721196,43.146067415730336,166.95652173913044,0.31273535657713003,0.21194875855679463,2,1,1.0
S6,2910,2970,60,30,0.13984635416666666,35.875844417360895,-178.71,206.86,385.57000000000005,1.87,20.52,35.87611698137715,4942447.7555,-0.45444083159788334,8.34730424019059,67,59,1.4489440010806784,1.6478094910018855,0.784427966101695,0.15774653190503635,0.4375,1.5,79.13585344532771,14.23187556121362,40.0,137.14285714285714,0.21514110495928818,0.15774653190503635,2,1,1.0
S6,2940,3000,60,30,-0.4001666666666665,45.33414840535652,-252.07,231.35,483.41999999999996,1.915,21.9525,45.33591451597729,7892525.356799999,-1.153837517152518,9.104020422500223,53,40,1.6934587310984142,1.8648869920938211,0.873046875,0.270479254471779,0.359375,1.46875,75.82142032242315,25.3773426205028,40.851063829787236,166.95652173913044,0.4204406409138528,0.270479254471779,2,1,1.0
S6,2970,3030,60,30,-0.11839583333333327,45.42490394217489,-252.07,231.35,483.41999999999996,2.18,25.990000000000002,45.42505823583682,7923593.9164,-0.736674284234516,9.023669858309118,56,47,1.7907774325884047,1.8207794888902578,0.8899601063829787,0.27201057099978115,0.359375,1.4375,74.6846522855598,26.06004421803785,41.73913043478261,166.95652173913044,0.40575324980616095,0.27201057099978115,2,1,1.0
S6,3000,3060,60,30,0.07597656249999997,34.364535935116436,-165.38,185.53,350.90999999999997,1.4649999999999999,32.225,34.36461992331587,4534760.0735,0.12172964009609027,4.160532234505793,67,64,1.9846345344191336,1.780609886144617,0.85498046875,0.2963537358089236,0.375,1.484375,79.57394920978186,29.406729500271226,40.421052631578945,160.0,0.35496452497129233,0.2963537358089236,2,1,1.0
S6,3030,3090,60,30,0.18615364583333338,34.44797606570331,-165.38,177.98,343.36,1.045,32.53,34.448479040490675,4556919.1995,0.13091074360836946,3.5073346634049454,67,64,1.902306158420964,1.582073624785438,0.8671875,0.2563285893206706,0.390625,1.421875,76.76487027256606,27.451384923000973,42.1978021978022,153.6,0.34387962022249163,0.2563285893206706,2,1,1.0
S6,5550,5610,60,30,0.004640625,7.21193830684116,-39.73,32.75,72.47999999999999,1.33,8.1225,7.211939799879317,199726.37059999997,-0.6444042693341225,3.1319261078215384,67,65,2.6994212752798177,1.3258221456268495,0.8961538461538462,0.1656642453782516,0.359375,1.0625,70.92199237251474,22.25869794208682,56.470588235294116,166.95652173913044,0.15868464528866877,0.1656642453782516,3,0,0.9884047619047619
S6,5580,5640,60,30,0.038268229166666744,24.998318573579667,-271.27,114.14,385.40999999999997,1.7,10.675,24.99834786467981,2399682.8005,-2.6960648318598093,30.397884233625284,62,60,1.629051500693205,2.2289099298220694,0.9502604166666667,0.11989889901597535,0.59375,1.453125,64.27571535523684,9.428085810586062,41.29032258064516,101.05263157894737,0.1627996951192852,0.11989889901597535,3,0,1.0
S6,5610,5670,60,30,-0.037656249999999926,32.4710960241079,-271.27,252.99,524.26,0.815,15.26,32.47111785879876,4048794.2208,0.07964722123123474,19.478168483760523,64,61,1.609691199249749,1.8454349431839363,0.9026639344262295,0.2328827742612902,0.359375,1.5,72.17364694061376,24.093376645450842,40.0,166.95652173913044,0.3771153445206342,0.2328827742612902,3,0,1.0
S6,5640,5700,60,30,-0.12095052083333338,22.31615064924135,-135.2,252.99,388.19,0.505,12.9225,22.3164784145735,1912416.8018999998,4.000259004433317,45.387269184115425,69,67,1.4695277610372997,1.6108012741072213,0.882695895522388,0.18399580627708953,0.4375,1.40625,71.65845220893006,18.958901793815173,42.666666666666664,137.14285714285714,0.2625293093305503,0.18399580627708953,3,0,1.0
S6,5670,5730,60,30,0.09937760416666647,11.85988928740477,-82.0,88.77,170.76999999999998,1.125,12.094999999999999,11.860305637617788,540160.7032999999,0.48516836967156424,10.766100588821645,75,73,2.073498838878948,1.4884815497502804,0.8011558219178082,0.20010198254002318,0.34375,1.15625,82.09529579976923,29.849557524107748,51.891891891891895,174.54545454545453,0.26566329380831544,0.20010198254002318,3,0,1.0
S6,5700,5760,60,30,-0.047557291666666814,12.063770821306635,-82.0,88.77,170.76999999999998,0.88,11.482500000000002,12.063864560123342,558861.4199999999,0.16779148455033177,11.464464342628684,72,71,2.0738747751915767,1.7347722670154202,0.8422095070422535,0.21884672989566142,0.34375,1.5,77.80949865349199,27.359388653934378,40.0,174.54545454545453,0.24944833105489286,0.21884672989566142,3,0,1.0
S6,5730,5790,60,30,-0.09893489583333331,10.855463787781929,-70.02,90.21,160.23,0.87,11.025,10.85591461653316,452547.3875,0.6587532147036027,13.029307579434775,68,66,2.21303574692071,1.5065969791200433,0.8697916666666666,0.18972272597800519,0.421875,1.3125,73.36677358844693,21.103229559434084,45.714285714285715,142.22222222222223,0.24838722580339692,0.18972272597800519,3,0,1.0
S6,5760,5820,60,30,0.006421874999999948,115.64166539136613,-600.95,653.83,1254.7800000000002,0.86,20.6525,115.64166556967764,51352300.0924,0.2486459869677459,9.824498509979394,33,28,2.89154195541093,2.851891923784801,0.7823660714285714,0.2692092917739346,0.359375,1.5,86.1242813784297,30.191634805115292,40.0,166.95652173913044,0.3842418280294422,0.2692092917739346,3,0,1.0
S6,5790,5850,60,30,0.00938020833333327,118.22833993432486,-600.95,653.83,1254.7800000000002,1.73,44.265,118.2283403064366,53675291.3342,0.21655254345664213,8.789297991625762,58,49,1.9374592109991517,2.39419067941573,0.8389668367346939,0.26235426442295945,0.359375,1.5,80.02684137599826,29.81853150242091,40.0,166.95652173913044,0.34425271006255953,0.26235426442295945,3,0,1.0
S6,5820,5880,60,30,0.1333619791666667,30.803954221857694,-221.07,160.19,381.26,1.895,23.862499999999997,30.804242907752037,3643781.3035,-0.6441206886656478,11.517522836573244,71,69,1.917985881625934,1.8877110821295442,0.8541666666666666,0.20813509590200127,0.375,1.4375,75.82140983822283,24.373326049291528,41.73913043478261,160.0,0.2660369318851017,0.20813509590200127,3,0,1.0
S6,5850,5910,60,30,0.19327083333333336,25.53735341122032,-182.63,171.05,353.68,2.25,18.19,25.53808475325789,2504424.0878,0.49377091263468714,15.926849169854524,67,66,2.0147075414971165,2.1125107964623453,0.888967803030303,0.2239329308820632,0.375,1.28125,72.94961070008713,23.05349624338525,46.829268292682926,160.0,0.334732016449784,0.2239329308820632,3,0,1.0
S6,5880,5940,60,30,-0.09228125000000001,32.575763705457696,-204.52,171.05,375.57000000000005,2.535,23.425,32.57589441324546,4074965.3638,-0.6628846388339042,6.6782394048267175,74,73,2.0510896203368696,1.9345875376681392,0.8142123287671232,0.2521653024553241,0.34375,1.421875,82.9969839772024,32.11687928335735,42.1978021978022,174.54545454545453,0.3072475250781797,0.2521653024553241,3,0,0.7115952380952381
S7,90,150,60,30,0.09433333333333352,46.15260995603035,-282.98,287.63,570.61,0.71,28.2075,46.15270636193776,8179477.6494,-0.35037218921039387,8.895685542232794,71,68,1.8200334900815818,2.019126927322766,0.8377757352941176,0.2583346068546064,0.359375,1.46875,79.29807775884056,26.944807967228353,40.851063829787236,166.95652173913044,0.3220610605548989,0.2583346068546064,1,0,0.8228095238095238
S7,120,180,60,30,0.3488776041666668,33.36116451547772,-226.31,234.46,460.77,0.9299999999999999,24.435,33.362988676248094,4274261.8115,0.0832797601906372,15.438462726813707,73,69,1.8718220808686132,1.7834569005746874,0.818161231884058,0.2256759894624576,0.34375,1.5,80.38612130717677,27.81248322298842,40.0,174.54545454545453,0.25138203702453155,0.2256759894624576,1,0,1.0
S7,150,210,60,30,-0.024973958333333223,32.58329712139957,-226.31,234.46,460.77,1.7349999999999999,24.125,32.583306692231226,4076820.0,0.07223791754857381,17.12314109965163,72,69,1.8580540683838969,1.7055128698394084,0.8097826086956522,0.1611539437695214,0.390625,1.1875,77.91038723668828,20.21324282353284,50.526315789473685,153.6,0.13918791849299195,0.1611539437695214,1,0,1.0
S7,180,240,60,30,-0.08572135416666668,13.112220903864133,-34.76,29.41,64.17,2.88,20.505,13.11250110323319,660240.7111,-0.3890095308330617,-0.8185873724139312,74,73,3.129482012262829,0.6450860180055041,0.8122859589041096,0.09160258742927536,0.5625,1.078125,74.80376850106079,8.446010229760219,55.65217391304348,106.66666666666667,0.08728815501090817,0.09160258742927536,1,0,1.0
S7,210,270,60,30,-0.06340624999999998,15.35102405010963,-69.03,111.72,180.75,2.665,21.2625,15.351154996923956,904926.5654,0.30766025687986187,4.368583422653732,76,75,2.827978659882472,1.039335700698208,0.795625,0.09159893330892742,0.59375,1.265625,76.29895199726354,7.905726400547233,47.407407407407405,101.05263157894737,0.0960788997808994,0.09159893330892742,1,0,1.0
S7,240,300,60,30,-0.010424479166666644,15.20531442703589,-69.03,111.72,180.75,3.31,21.8525,15.205318000449436,887814.5107,0.27121048980436624,4.511883334919849,72,71,2.9143410637684948,1.0911618097603195,0.8320862676056338,0.08455975102115294,0.640625,1.078125,72.85180917247567,7.385565763993608,55.65217391304348,93.65853658536585,0.09533628216176972,0.08455975102115294,1,0,1.0
S7,270,330,60,30,0.028067708333333333,13.584049303686987,-53.09,25.81,78.9,3.6,22.1525,13.584078300762625,708584.3838000001,-0.5180226007422795,-0.7376414789520509,71,70,3.2010928291536036,0.5254538196709307,0.8446428571428571,0.08881684928456275,0.65625,1.015625,71.84044590258941,7.691514655382162,59.07692307692308,91.42857142857143,0.06244336201827162,0.08881684928456275,1,0,1.0
S7,300,360,60,30,-0.04541406250000002,13.333953886031038,-61.39,58.42,119.81,2.2199999999999998,19.865000000000002,13.334031223597574,682738.1325000001,-0.4574845246223126,0.8386170172921954,76,74,2.9679276578100855,1.0089919362412256,0.8000422297297297,0.11444509976504459,0.359375,1.015625,77.03009939411216,15.277659343997186,59.07692307692308,166.95652173913044,0.09011206398336721,0.11444509976504459,1,0,1.0
S7,330,390,60,30,0.011190104166666662,10.96482087344691,-61.39,58.42,119.81,1.6150000000000002,15.875,10.96482658345349,461673.30049999995,-0.3066456508228515,2.5734597757361195,74,73,3.0190656003947165,1.0355200857362712,0.809931506849315,0.1208098458454809,0.359375,1.078125,76.18021977690972,15.20656011619442,55.65217391304348,166.95652173913044,0.11421282426868953,0.1208098458454809,1,0,1.0
S7,360,420,60,30,0.011851562499999958,22.568615727788696,-156.27,140.24,296.51,1.07,19.424999999999997,22.568618839621642,1955875.4163,-0.08062586448550046,9.519786344938776,77,75,2.25000996968926,1.8379611035367986,0.7889583333333333,0.20094784080009973,0.34375,1.359375,82.85260855337069,28.241944231264597,44.13793103448276,174.54545454545453,0.2176916967435393,0.20094784080009973,1,0,1.0
S7,390,450,60,30,0.043880208333333365,29.110783281755175,-156.27,140.24,296.51,2.39,35.4075,29.110816353204523,3254168.1744,-0.2136439207015997,2.695147255713305,79,77,2.4787804508013362,1.4461094650056237,0.7642045454545454,0.2055715828941942,0.34375,1.359375,86.07551178026156,29.825571882571218,44.13793103448276,174.54545454545453,0.24719593147174612,0.2055715828941942,1,0,1.0
S7,420,480,60,30,0.031200520833333415,21.646862150912884,-91.51,69.96,161.47,3.37,27.795,21.646884636204003,1799376.4394999999,-0.46680181609120425,1.0123096995955674,74,71,2.61206948674192,1.2946906223890549,0.8274647887323944,0.15154529313984874,0.34375,1.03125,76.50007459997435,22.721307619721305,58.18181818181818,174.54545454545453,0.13861409447635548,0.15154529313984874,1,0,1.0
S7,450,510,60,30,-0.003940104166666654,12.869137355411752,-33.54,34.79,68.33,1.84,20.7975,12.869137958576518,635960.4933,-0.25054292168813563,-0.865244067810123,75,72,2.887590595524499,0.860131506087636,0.8077256944444444,0.1698435601155139,0.34375,1.03125,80.2754753078371,29.523374281724152,58.18181818181818,174.54545454545453,0.16091196553211465,0.1698435601155139,1,0,1.0
S7,480,540,60,30,0.022273437500000017,30.655550760174037,-186.74,187.12,373.86,1.58,24.26,30.655558851791056,3608691.0279,-0.015535589181421587,8.939249254833292,79,77,2.123137498858595,2.03743632544979,0.7617694805194806,0.1964218631461581,0.34375,1.234375,85.02826171880403,25.9140818921518,48.607594936708864,174.54545454545453,0.2507569748662616,0.1964218631461581,1,0,1.0
S7,510,570,60,30,-0.07957291666666665,31.51301474647181,-186.74,187.12,373.86,2.0,26.8975,31.513115210344036,3813413.4922,-0.002957120688801796,7.784836905866701,72,70,2.319548694731152,2.003121661376392,0.8133928571428571,0.2559679103123942,0.34375,1.4375,82.55541305693322,29.717920215832738,41.73913043478261,174.54545454545453,0.31642127636979905,0.2559679103123942,1,0,1.0
S7,540,600,60,30,-0.04710937499999997,13.677224709672299,-44.13,70.96,115.09,2.0,19.8275,13.677305840408899,718343.789,-0.1266467023137937,0.7588837803883361,65,63,2.8578559825734544,1.0008798052929373,0.925843253968254,0.08125993214096691,0.65625,1.1875,65.32747904877539,6.059397166544853,50.526315789473685,91.42857142857143,0.11263852358748201,0.08125993214096691,1,0,1.0
S7,570,630,60,30,0.17406249999999995,40.06324736115501,-313.46,267.91,581.37,2.285,21.41,40.06362548341076,6163561.2936,-1.5875692926148302,21.82925985393211,73,71,1.7048078097764143,2.1131927659526917,0.8144806338028169,0.2139168277064868,0.34375,1.359375,80.36502809909807,27.56261314406644,44.13793103448276,174.54545454545453,0.2782829607611648,0.2139168277064868,1,0,1.0
S7,600,660,60,30,0.13907552083333324,45.65343411524625,-313.46,267.91,581.37,2.91,34.4025,45.653645949865,8003540.6919,-1.1347091025971028,12.642073456464045,75,73,1.9754950548882027,1.8492757216547324,0.7861729452054794,0.25528023869808336,0.34375,1.40625,85.97763495028971,31.9861750105155,42.666666666666664,174.54545454545453,0.32674249923646553,0.25528023869808336,1,0,1.0
S7,630,690,60,30,-0.19559375000000004,30.187506493470014,-226.31,149.24,375.55,2.66,36.334999999999994,30.188140141590925,3499483.412,-0.33082818225762783,3.183823480856872,71,69,2.3366069682975312,1.3066605664896433,0.8514492753623188,0.2232112241741015,0.34375,1.359375,78.29779539360524,31.559171996648498,44.13793103448276,174.54545454545453,0.20484985983282833,0.2232112241741015,1,0,1.0
S7,660,720,60,30,-0.17554166666666676,26.572282171668352,-174.45,111.37,285.82,0.555,31.9925,26.5728619965464,2711489.2596,-0.3341464387787544,3.5669449264008017,74,72,2.2642319700699334,1.3611657678775102,0.8185763888888888,0.23984580781378848,0.34375,1.40625,81.35609774044832,29.709449170354294,42.666666666666664,174.54545454545453,0.30682568412722694,0.23984580781378848,1,0,1.0
S7,690,750,60,30,0.07385416666666661,23.151590558875558,-174.45,111.37,285.82,-0.35,26.560000000000002,23.151708356917204,2058246.1434,-0.31092196732471133,6.5655577266968965,83,80,2.3104192077881254,1.6628518189694097,0.72890625,0.22145509341272215,0.34375,1.34375,92.52745769833454,35.542871636771565,44.651162790697676,174.54545454545453,0.2959784095973637,0.22145509341272215,1,0,1.0
S7,720,780,60,30,0.14729687499999994,16.881633874612035,-119.03,80.02,199.05,0.515,20.405,16.882276465152245,1094443.2332000001,-0.09278174649356147,5.171198652836024,79,76,2.4395922872965885,1.563812177222162,0.7713815789473685,0.20188516645284055,0.34375,1.34375,85.63016126530047,31.93339167364617,44.651162790697676,174.54545454545453,0.2600580864601855,0.20188516645284055,1,0,1.0
S7,750,810,60,30,-0.03107291666666677,13.412778320927766,-44.82,58.52,103.34,1.56,18.7325,13.412814313651703,690829.7772,-0.0059725316830450716,0.7760570183985847,76,74,2.614847392678496,1.1400076902015757,0.7981418918918919,0.1636700332444261,0.34375,1.21875,79.63553881390419,23.304920114703826,49.23076923076923,174.54545454545453,0.22088761098496185,0.1636700332444261,1,0,1.0
S7,780,840,60,30,-0.23697395833333335,13.307119742569082,-45.87,43.23,89.1,1.2349999999999999,18.835,13.309229598290052,680200.6751999999,-0.24840643992717226,0.06152333555737188,80,74,2.6298046216606616,1.180297656387389,0.7719594594594594,0.13621362815437404,0.34375,1.015625,81.44272960723818,22.065550200226546,59.07692307692308,174.54545454545453,0.16595502142229374,0.13621362815437404,1,0,1.0
S7,810,870,60,30,0.03312760416666668,16.38738614676851,-125.12,123.95,249.07,1.525,17.502499999999998,16.3874196309687,1031222.4851,0.004770106637207169,10.174539857558422,74,71,2.3370974831438405,1.5058585158064997,0.8182218309859155,0.15233293087755542,0.34375,1.1875,76.81963470552462,20.137823810008026,50.526315789473685,174.54545454545453,0.17362140346475555,0.15233293087755542,1,0,1.0
S7,840,900,60,30,0.16150520833333332,16.719787554252832,-125.12,123.95,249.07,2.18,15.5625,16.72056756786882,1073577.1384,-0.17646708923836332,11.817826069096771,70,69,2.2780962730951297,1.8330005463141195,0.849411231884058,0.15972075964144106,0.34375,1.1875,74.56569026016352,22.38468816885089,50.526315789473685,174.54545454545453,0.16675400782841243,0.15972075964144106,1,0,1.0
S7,870,930,60,30,0.005802083333333354,10.831731960925223,-105.86,58.5,164.36,1.07,13.085,10.831733514885785,450533.57159999997,-0.8546262429081917,14.962340685190036,71,70,2.5728526891875645,1.7650982224916558,0.8484375,0.10768302266622957,0.359375,1.0,72.40354749036263,14.24722672723192,60.0,166.95652173913044,0.10772894393949492,0.10768302266622957,1,0,1.0
S7,900,960,60,30,-0.016510416666666687,9.569058587441686,-66.68,98.84,165.52,0.615,11.9325,9.569072830935607,351617.8746,1.0545969100996346,21.720500786800923,72,71,2.5890594027321905,1.5238652282562786,0.8314260563380281,0.13430679906576806,0.40625,1.0625,75.03911458549952,18.54298509952081,56.470588235294116,147.69230769230768,0.13838745669186517,0.13430679906576806,1,0,1.0
S7,930,990,60,30,0.015666666666666655,22.778461552558568,-158.36,147.96,306.32000000000005,0.885,15.690000000000001,22.778466940201074,1992416.8556,-0.44717831527530816,10.751319327476171,79,77,1.8454030769805474,1.905133418558245,0.7607548701298701,0.20296509284349895,0.34375,1.25,86.92244603306186,31.75027061873412,48.0,174.54545454545453,0.20859444300594523,0.20296509284349895,1,0,1.0
S7,960,1020,60,30,-0.01298177083333334,24.586103740216092,-158.36,147.96,306.32000000000005,1.2650000000000001,22.905,24.586107167484684,2321190.3961,-0.40186516289343394,7.1383077522152085,79,77,2.143888839592859,1.6895931661645274,0.7676542207792207,0.2258718712690043,0.34375,1.359375,87.11530361735635,32.717251767240214,44.13793103448276,174.54545454545453,0.28430585842516226,0.2258718712690043,1,0,1.0
S7,990,1050,60,30,0.0011953125000000306,15.141489467181547,-78.94,79.01,157.95,0.93,19.3575,15.14148951436224,880376.4661000001,0.14024398362490154,2.0533379275552415,79,77,2.4958750527611944,1.5028231937207626,0.7688717532467533,0.21360688701682126,0.34375,1.265625,85.9629954111025,30.31263742813538,47.407407407407405,174.54545454545453,0.28423805624006715,0.21360688701682126,1,0,1.0
S7,1020,1080,60,30,-0.025856770833333258,12.04135342637448,-36.06,67.17,103.23,0.165,15.49,12.041381187864554,556780.2659,0.45357632903483375,2.2468256953919044,82,78,2.311353905395047,1.4159884425700484,0.7510016025641025,0.2153661661781877,0.34375,1.265625,88.55479119009549,31.918849915310783,47.407407407407405,174.54545454545453,0.28300319367432963,0.2153661661781877,1,0,1.0
S7,1050,1110,60,30,-0.012606770833333317,10.436355266644616,-31.1,67.17,98.27000000000001,0.28,14.195,10.436362880922244,418243.85349999997,0.3477429678013618,2.1379757243382276,82,78,2.4888256128745123,1.3449085980767383,0.7493990384615384,0.16944380291657715,0.34375,1.0625,85.54055445250935,25.490915580480344,56.470588235294116,174.54545454545453,0.22723150498724035,0.16944380291657715,1,0,1.0
S7,1080,1140,60,30,0.002617187500000018,12.843843616824934,-134.58,115.76,250.34000000000003,0.61,14.822500000000002,12.843843883476822,633463.0107,-0.2792520690823586,20.199359173185783,81,80,2.329655303173065,1.7367699073369067,0.7427734375,0.10129001156516419,0.34375,0.953125,83.08677818383282,17.852546188652965,62.950819672131146,174.54545454545453,0.10118524750035877,0.10129001156516419,1,0,1.0
S7,1110,1170,60,30,-0.008932291666666632,13.024310402634205,-134.58,115.76,250.34000000000003,1.38,16.3475,13.024313465591959,651389.7264,-0.3043027717544876,18.943055966088586,75,74,2.410743117755876,1.7083454062820995,0.8019425675675675,0.15635781981205982,0.34375,1.140625,78.62924351741812,21.228674550496304,52.602739726027394,174.54545454545453,0.10792829918705733,0.15635781981205982,1,0,1.0
S7,1140,1200,60,30,0.04561979166666667,9.905683947088574,-26.31,25.81,52.12,2.105,16.4425,9.90578899558233,376798.6776,-0.3991817685159027,-0.8970130519044965,65,64,3.08014300071533,0.5886187280123313,0.91650390625,0.13370617157323914,0.609375,1.328125,66.8854693528928,10.023836467877727,45.1764705882353,98.46153846153847,0.20218800983105908,0.13370617157323914,1,0,1.0
S7,1170,1230,60,30,-0.09529166666666672,14.162233872107318,-62.72,102.0,164.72,1.5,17.9,14.162554457088593,770219.3232,0.5562669344930317,6.608040947208332,70,69,2.538209339736421,1.42843834788821,0.8605072463768116,0.12065943299201183,0.359375,1.046875,72.02492190828455,17.240525911265166,57.3134328358209,166.95652173913044,0.14053561293080924,0.12065943299201183,1,0,1.0
S7,1200,1260,60,30,-0.04852864583333337,13.785105195717293,-62.72,102.0,164.72,1.27,16.8625,13.785190614803204,729720.8843,0.6187914699791547,7.59918850117683,69,68,2.58012150591796,1.6574298553499418,0.8664981617647058,0.1514054537975287,0.4375,1.265625,71.8507486220729,15.738112762798469,47.407407407407405,137.14285714285714,0.19260956188679698,0.1514054537975287,1,0,1.0
S7,1230,1290,60,30,-0.03148958333333332,25.442917427217832,-309.72,237.4,547.12,2.085,14.842500000000001,25.44293691384867,2485797.269,-3.8463283468932277,61.90843616028039,68,66,1.5880589581269067,2.376477270379112,0.8951231060606061,0.18545214440855404,0.484375,1.4375,70.20337243626095,16.147495121163995,41.73913043478261,123.87096774193549,0.22551356986289695,0.18545214440855404,1,0,0.9438571428571428
S7,1560,1620,60,30,-0.0027682291666666875,6.16543924736502,-18.47,12.68,31.15,0.81,10.2325,6.165439868820527,145968.5713,-0.4002313256833144,-0.85339578622427,61,59,2.9445205064409192,0.8719611364351171,0.9841101694915254,0.17760553541525884,0.390625,1.1875,64.80615272207041,22.28053365461473,50.526315789473685,153.6,0.2153757617514097,0.17760553541525884,3,0,1.0
S7,1590,1650,60,30,-0.020489583333333335,6.166065835304401,-17.14,12.57,29.71,0.655,10.2125,6.166099878232053,145999.8248,-0.3205205827982399,-0.916431413671321,63,62,2.941419149814957,0.8704497358986911,0.9621975806451613,0.1760523421932448,0.359375,1.28125,66.16531923191346,21.976689573247782,46.829268292682926,166.95652173913044,0.2018897656123668,0.1760523421932448,3,0,1.0
S7,1620,1680,60,30,-0.021085937499999992,6.095438624403067,-16.32,12.26,28.58,1.0550000000000002,10.162500000000001,6.095475095562691,142674.49589999998,-0.39055190426530206,-0.8790184441438949,66,62,2.831078734445732,0.9692348558025182,0.9322076612903226,0.1845351859418112,0.359375,1.28125,68.77162625240221,23.38863980870333,46.829268292682926,166.95652173913044,0.21422986531917562,0.1845351859418112,3,0,1.0
S7,1650,1710,60,30,0.01015364583333333,6.821304707979353,-17.44,12.79,30.23,1.3,11.4775,6.821312264925642,178676.3559,-0.410448904205455,-0.9698003006621496,60,59,3.022833248094959,0.7002858221743123,0.9939088983050848,0.1957282006046187,0.34375,1.359375,64.36486999898251,22.809492040422764,44.13793103448276,174.54545454545453,0.2943332091098689,0.1957282006046187,3,0,1.0
S7,1680,1740,60,30,0.026760416666666686,7.149026020848329,-17.44,12.79,30.23,1.295,12.215,7.149076105810224,196259.6704,-0.38251636901339536,-1.0450884479820601,60,59,3.0215304766000486,0.668368479396327,0.9891419491525424,0.1492958356243071,0.34375,1.25,63.6657215151265,21.122763731316116,48.0,174.54545454545453,0.1843074101710659,0.1492958356243071,3,0,1.0
S7,1710,1770,60,30,0.004684895833333358,6.99267906267877,-18.29,15.34,33.629999999999995,1.19,11.6025,6.9926806320519885,187766.71649999998,-0.4110913150462487,-0.9625113902405116,63,60,2.9355871853434223,0.8800592555945972,0.9630208333333333,0.18801939057618203,0.34375,1.25,66.95130611055257,25.237354053904706,48.0,174.54545454545453,0.23164011699825682,0.18801939057618203,3,0,1.0
S7,1740,1800,60,30,-0.037549479166666684,7.048716916348864,-18.29,15.34,33.629999999999995,0.96,11.4225,7.0488169312451525,190793.54929999998,-0.4125486887254263,-0.8780436131118736,61,58,2.9819402181218337,0.8752966422573755,0.9975754310344828,0.17574506869347098,0.359375,1.1875,63.694624209731856,21.44913509021056,50.526315789473685,166.95652173913044,0.20314608527539804,0.17574506869347098,3,0,1.0
S7,1770,1830,60,30,-0.007505208333333354,7.13392018553015,-34.76,17.74,52.5,1.05,11.4025,7.133924133439229,195428.63439999998,-0.5163886549417468,-0.12286367009788624,63,62,2.902965448299981,0.9953806411832862,0.959929435483871,0.2041811286008025,0.34375,1.1875,68.12055417794119,27.888918609594036,50.526315789473685,174.54545454545453,0.2211700154117034,0.2041811286008025,3,0,1.0
S7,1800,1860,60,30,0.1158333333333333,7.094361404146175,-34.76,24.72,59.48,1.0750000000000002,11.29,7.095306976710028,193318.5834,-0.42254164320596926,0.07153883335135136,69,67,2.6511562913292037,1.158581134509391,0.8698694029850746,0.24592036372607692,0.34375,1.171875,79.112290232387,37.51031851436276,51.2,174.54545454545453,0.2998875262645829,0.24592036372607692,3,0,1.0
S7,1830,1890,60,30,0.03962500000000001,7.492868669677967,-25.0,24.72,49.72,1.1,11.927499999999998,7.492973444612403,215595.46,-0.3798814475207772,-0.5867789859341399,65,62,2.7570214974671177,1.0274676610434494,0.9377520161290323,0.23436646381437468,0.34375,1.3125,71.58780519124961,32.49462740173061,45.714285714285715,174.54545454545453,0.2921115362154736,0.23436646381437468,3,0,1.0
S7,1860,1920,60,30,-0.13990885416666668,8.430629283861364,-25.0,15.62,40.62,1.02,14.0825,8.431790118911582,273005.1249,-0.4283186858279932,-0.8775921344408948,64,62,2.7938861924683973,1.054411017592465,0.9569052419354839,0.23219221268551687,0.34375,1.234375,69.80637033069193,30.87558755699433,48.607594936708864,174.54545454545453,0.25371061583645793,0.23219221268551687,3,0,1.0
S7,3090,3150,60,30,0.10336979166666642,67.29025519932539,-268.32,393.2,661.52,-3.5700000000000003,65.81,67.29033459646465,17387478.2596,0.3599162914849293,3.676333003386109,99,97,2.17234390514009,1.6117425258883138,0.6074420103092784,0.17819842903385516,0.359375,1.40625,106.75426504051488,29.264565941284555,42.666666666666664,166.95652173913044,0.2566062373904974,0.17819842903385516,2,1,0.8894761904761905
S7,3120,3180,60,30,-0.051117187500000466,73.99567301135204,-268.32,393.2,661.52,-1.255,72.025,73.99569066756382,21025390.991499998,0.3166886233739916,2.879929914867856,87,82,2.3067378637595337,1.6818592737061484,0.674733231707317,0.22496516986697201,0.34375,1.40625,98.15525667244555,30.217115880030295,42.666666666666664,174.54545454545453,0.30711015511790424,0.22496516986697201,2,1,1.0
S7,3150,3210,60,30,-0.048700520833333476,66.59034199283565,-256.79,309.54,566.33,-0.375,62.7425,66.5903598012771,17027619.9109,0.238420992913601,2.4145655067910026,93,86,2.3253880737455,1.7331459569182015,0.6598837209302325,0.23298612734326157,0.34375,1.328125,101.67301437031816,32.673549454771056,45.1764705882353,174.54545454545453,0.32531182015242294,0.23298612734326157,2,1,1.0
S7,3180,3240,60,30,-0.01992968750000014,73.91320008244365,-284.33,600.91,885.24,0.345,60.76,73.91320276932797,20978540.3275,0.8645722983094435,6.99634260529489,91,85,2.019944330431071,1.6695361458828115,0.6573529411764706,0.2521368720968063,0.34375,1.4375,103.77488755815965,35.42251412357391,41.73913043478261,174.54545454545453,0.33585097169133205,0.2521368720968063,2,1,1.0
S7,3210,3270,60,30,-0.5066354166666671,78.21153751993157,-351.94,600.91,952.8499999999999,2.3449999999999998,60.27,78.21317843354203,23490436.917799998,0.6602914123856948,8.373618698286684,87,83,1.8496021747199642,1.7282561471567797,0.6782756024096386,0.253110777719618,0.34375,1.4375,100.16523564504472,34.21558972823958,41.73913043478261,174.54545454545453,0.30984005142897875,0.253110777719618,2,1,1.0
S7,3240,3300,60,30,-0.13821093750000024,69.24750608063655,-351.94,460.64,812.5799999999999,1.635,65.33000000000001,69.24764400794471,18413707.0105,0.05322073648582752,6.019242732403656,87,83,2.0705223027117636,1.5752942204621774,0.6820406626506024,0.23066763785210906,0.359375,1.375,97.91358863082999,31.722077726313653,43.63636363636363,166.95652173913044,0.28732431005110143,0.23066763785210906,2,1,1.0
S7,3270,3330,60,30,0.4488828125000001,69.76137152992526,-308.03,278.18,586.21,-0.795,79.6625,69.7628156937177,18688705.741499998,0.1968019538911435,1.131890880754205,86,80,2.35909859395146,1.6074917735305843,0.6853515625,0.22129854348621705,0.34375,1.171875,98.20503168721098,34.60333550828201,51.2,174.54545454545453,0.26956886948527575,0.22129854348621705,2,1,1.0
S7,3300,3360,60,30,-0.0686953124999999,73.27256471054723,-308.03,344.89,652.92,-1.75,78.10749999999999,73.27259691253812,20616474.079899997,0.15314527495015046,2.143907641096872,83,77,2.4239023551349668,1.7256577433526394,0.7037337662337663,0.259477437798982,0.34375,1.453125,97.21433712427373,34.67348214737215,41.29032258064516,174.54545454545453,0.3549679725174623,0.259477437798982,2,1,1.0
S7,3330,3390,60,30,0.2805208333333332,71.48501707044677,-297.11,391.5,688.61,-2.21,71.19,71.48556747693901,19623115.6128,0.36539196885710684,3.6367021252260994,84,80,2.421598025497881,1.7399435724351935,0.709375,0.27810305390942763,0.34375,1.484375,97.39596220148174,35.76041573749341,40.421052631578945,174.54545454545453,0.3690020057147644,0.27810305390942763,2,1,1.0
S7,3360,3420,60,30,0.3535494791666665,54.182356834256844,-283.51,391.5,675.01,-0.10500000000000001,31.622500000000002,54.183510308478155,11273674.711099999,0.8767292962766629,8.049236332452349,62,57,2.712625662676549,1.9704122067957122,0.6600877192982456,0.23929021271630804,0.34375,1.46875,102.29694760597293,34.074061117020065,40.851063829787236,174.54545454545453,0.3351709485205167,0.23929021271630804,2,1,1.0
S7,3390,3450,60,30,-0.2842265625,26.306976919863125,-132.06,178.46,310.52,0.01,16.775,26.30851229927382,2657809.2265000003,0.7105272816340042,7.836612001310806,75,71,2.201910169171251,2.03447330207043,0.7537411971830986,0.25426144628141334,0.34375,1.46875,90.83060111818536,35.65910897491842,40.851063829787236,174.54545454545453,0.28010057783831355,0.25426144628141334,2,1,1.0
S7,3420,3480,60,30,0.21521875000000001,26.266392904282622,-99.6,127.38,226.98,0.26,28.78,26.267274607627265,2649483.7068000003,-0.01773719655019398,1.6710338006129666,90,89,2.190847707044087,1.5325054837014938,0.6567766853932584,0.23443292166075014,0.359375,1.40625,101.47520091865651,29.9317655062023,42.666666666666664,166.95652173913044,0.2775362448176814,0.23443292166075014,2,1,1.0
S7,3450,3510,60,30,0.024666666666666674,38.88853385389523,-138.94,165.09,304.03,1.1,41.754999999999995,38.88854167682301,5807303.7072,-0.0348483415651086,1.685305896062447,89,84,1.9832511718451795,1.6153110993186082,0.6822916666666666,0.2535134132925633,0.34375,1.40625,99.6406560545561,34.169898966249804,42.666666666666664,174.54545454545453,0.3353338913864052,0.2535134132925633,2,1,1.0
S7,3480,3540,60,30,-0.314375,39.245734737396944,-138.94,165.09,304.03,0.13,41.3575,39.24699385581971,5914853.862600001,-0.0036198195297877747,1.547062368344812,83,80,1.966638392455742,1.5760011777521545,0.73203125,0.2702391067271491,0.34375,1.40625,93.84741902529174,34.85491635264783,42.666666666666664,174.54545454545453,0.34497050300429744,0.2702391067271491,2,1,1.0
S7,3510,3570,60,30,0.06964843749999995,35.01258666620756,-104.68,181.18,285.86,-0.24,39.67,35.01265593986754,4707402.5317,0.328929307073809,1.0974432594262034,78,76,2.1077401850078554,1.524159164066094,0.744860197368421,0.27073248668201394,0.34375,1.5,90.35185095019988,28.80124206047651,40.0,174.54545454545453,0.3417270017865138,0.27073248668201394,2,1,1.0
S7,3540,3600,60,30,0.08951302083333326,34.21682591466236,-109.21,181.18,290.39,-0.815,40.865,34.21694299985328,4495868.8829,0.25280018821714445,1.1222087003310603,74,72,2.221086014905525,1.5160639241377358,0.7973090277777778,0.28155091230642915,0.34375,1.5,84.63467062614724,28.57189826239811,40.0,174.54545454545453,0.3580713494950767,0.28155091230642915,2,1,1.0
S7,3570,3630,60,30,-0.09690104166666667,30.205844988846238,-109.21,101.13,210.33999999999997,-0.47,36.9,30.20600041882545,3503625.4514,-0.07882108096953523,0.5151276149265529,81,78,2.1574477022000607,1.4831495689977305,0.7199519230769231,0.22789889939545727,0.359375,1.453125,91.59771565101141,28.26411631851263,41.29032258064516,166.95652173913044,0.3102189476072431,0.22789889939545727,2,1,1.0
S7,3600,3660,60,30,-0.11320572916666666,36.375220749750675,-299.87,248.28,548.15,-0.035,39.6425,36.37539690684087,5080970.8805,0.12394000721562534,8.364832891406225,84,80,2.169137547939086,1.633558393426013,0.679296875,0.24164474212464127,0.34375,1.390625,98.95312329873192,32.408377818162336,43.146067415730336,174.54545454545453,0.3635940088115739,0.24164474212464127,2,1,1.0
S7,3630,3690,60,30,0.07853645833333335,35.28355258863132,-299.87,248.28,548.15,0.575,37.24250000000001,35.28363999433732,4780551.364800001,0.02574681625552057,9.558735909032785,83,81,2.058527652289229,1.5924702329722829,0.706983024691358,0.2549842041170091,0.390625,1.4375,95.04560974479305,30.363807064717783,41.73913043478261,153.6,0.3599901325145073,0.2549842041170091,2,1,1.0
S7,3660,3720,60,30,0.0661432291666667,26.203054892975306,-108.26,74.81,183.07,0.68,27.47,26.203138374077287,2636561.1289,-0.29719685547292785,0.9462719816419525,83,80,2.1406958583052496,1.5225894757685992,0.7302734375,0.24185642378097194,0.390625,1.390625,90.79543733090642,27.72951664727494,43.146067415730336,153.6,0.3772553814385781,0.24185642378097194,2,1,1.0
S7,3690,3750,60,30,0.0016848958333331998,29.9774085562723,-96.75,92.84,189.59,0.14,34.985,29.97740860362252,3450796.9020999996,-0.07485864265272744,0.22600237772972198,89,85,2.2442968050723686,1.4702917573817031,0.6829044117647058,0.24259274124659283,0.34375,1.40625,99.1637800101155,34.215509898990874,42.666666666666664,174.54545454545453,0.3589663502165595,0.24259274124659283,2,1,0.7771904761904762
S8,150,210,60,30,0.1104583333333335,36.87844542022952,-128.88,115.64,244.51999999999998,6.705,53.087500000000006,36.87861084227889,5222522.6406,-0.40991173444065826,-0.04617824123582803,64,63,2.794128760738817,0.9159390050076129,0.9290674603174603,0.15907236178053968,0.578125,1.34375,66.66995274047663,12.520441535979613,44.651162790697676,103.78378378378379,0.24891080776409488,0.15907236178053968,1,0,0.8578095238095238
S8,180,240,60,30,0.14235156250000008,37.38354073564589,-95.8,92.87,188.67000000000002,9.45,59.575,37.38381176259374,5366589.6265,-0.5149669866275313,-0.7596000522345396,64,63,2.9888195192666935,0.6339726667825959,0.9337797619047619,0.11207738237495858,0.625,1.140625,65.23667831535006,8.313128319929033,52.602739726027394,96.0,0.17451238951072195,0.11207738237495858,1,0,1.0
S8,210,270,60,30,-0.021523437499999624,53.64142192457799,-386.4,195.91,582.31,10.785,66.0575,53.641426242680744,11049226.019900002,-1.6435177806849235,10.202211496729143,70,69,2.4820291232356038,1.493274301793091,0.8555253623188406,0.13580992048330018,0.421875,1.03125,72.92960571499536,18.040185578578665,58.18181818181818,142.22222222222223,0.08961868388811697,0.13580992048330018,1,0,1.0
S8,240,300,60,30,-0.06483854166666626,54.00383986516389,-386.4,195.91,582.31,9.8,67.7175,54.00387878864582,11199048.669,-1.6046854287547556,9.886954625013678,69,68,2.4849896941090246,1.492289524854197,0.8687959558823529,0.14944125853948667,0.421875,1.09375,72.184518735086,18.753071698103007,54.857142857142854,142.22222222222223,0.09375,0.14944125853948667,1,0,1.0
S8,270,330,60,30,-0.06062239583333325,38.01857454481842,-138.96,102.35,241.31,8.469999999999999,58.6325,38.018622877410905,5550396.2323,-0.4594867719880858,-0.23657502031658106,64,63,2.87133907720057,0.7345580100324697,0.9345238095238095,0.12112217705431327,0.578125,1.359375,65.31837163860261,8.908628047837048,44.13793103448276,103.78378378378379,0.17567060810051074,0.12112217705431327,1,0,1.0
S8,300,360,60,30,-0.019645833333333394,42.62358204789123,-225.37,196.91,422.28,7.96,57.707499999999996,42.62358657541718,6976397.309,-0.29595294067409,2.3186806347317193,68,67,2.60395068996422,1.153197177257011,0.8803638059701493,0.12626321367850987,0.34375,1.40625,70.27172571960025,16.330058391705876,42.666666666666664,174.54545454545453,0.16486658115983766,0.12626321367850987,1,0,1.0
S8,330,390,60,30,0.025552083333333215,42.124502520027306,-225.37,196.91,422.28,8.115,62.175,42.1245102697794,6813981.5634,-0.28924340085291794,2.1065355338914413,70,69,2.6806827811851712,1.0648056836233437,0.8564311594202898,0.11840850503795075,0.34375,1.40625,71.99794283126583,15.648933773546467,42.666666666666664,174.54545454545453,0.160097393238276,0.11840850503795075,1,0,1.0
S8,360,420,60,30,0.060460937500000034,35.410194472411405,-76.67,48.43,125.1,9.88,62.057500000000005,35.410246089217715,4814920.4279,-0.5295271885442252,-1.0700109477699777,69,68,3.101591862198365,0.17785465602167966,0.8685661764705882,0.03327916726145528,0.8125,0.953125,69.17921954216591,2.608326406644455,62.950819672131146,73.84615384615384,0.040358627288868375,0.03327916726145528,1,0,1.0
S8,390,450,60,30,-0.028559895833333352,43.21338156021591,-223.43,334.89,558.3199999999999,8.84,63.23,43.21339099788928,7170805.1003,-0.007608624742974494,6.155605538156415,72,71,2.5693012311413685,0.7708903964799466,0.8408890845070423,0.12154981726137869,0.34375,1.21875,73.75248730708948,17.565554826840554,49.23076923076923,174.54545454545453,0.10886360035449341,0.12154981726137869,1,0,1.0
S8,420,480,60,30,0.029877604166666686,49.25345033821889,-223.43,334.89,558.3199999999999,5.0600000000000005,63.629999999999995,49.25345940023528,9315468.5295,-0.01888164424233265,3.9245703724240304,74,73,2.48435332210673,1.3339809181292375,0.803082191780822,0.18307309180527132,0.375,1.25,79.95793349161619,24.04206201649356,48.0,160.0,0.21361311050799944,0.18307309180527132,1,0,1.0
S8,450,510,60,30,0.11169531250000012,40.68365985226592,-170.23,153.82,324.04999999999995,4.404999999999999,50.585,40.68381317941705,6355862.9945,-0.23947198297569328,1.2746978579687056,74,73,2.530001728052422,1.3667741232316133,0.8045804794520548,0.18444506315625617,0.375,1.328125,79.35174560860278,22.169085025928055,45.1764705882353,160.0,0.21186780449105785,0.18444506315625617,1,0,1.0
S8,480,540,60,30,-0.07741145833333342,35.308256382441236,-184.5,194.15,378.65,5.7,44.66,35.30834124257444,4787247.2114,-0.04902709275116889,3.8263884269826045,74,73,2.479647425200146,1.2399728096091935,0.8092893835616438,0.16239951170709288,0.359375,1.328125,78.05667773578388,21.072795819328515,45.1764705882353,166.95652173913044,0.21395412402545552,0.16239951170709288,1,0,1.0
S8,510,570,60,30,-0.2087187500000001,33.10071826817079,-184.5,194.15,378.65,5.5649999999999995,43.2225,33.10137630651355,4207492.2754,-0.09366589698129534,5.086006614135906,72,71,2.483652885668561,1.309776844789979,0.8342869718309859,0.13181465125794145,0.375,1.03125,74.80542265077845,18.930495173469577,58.18181818181818,160.0,0.1420439326217169,0.13181465125794145,1,0,1.0
S8,540,600,60,30,0.07863281250000011,49.830659739601316,-328.77,231.43,560.2,7.095000000000001,48.685,49.83072178087656,9535107.1995,-0.8307870827151533,8.208032620699928,71,70,2.229568013969695,1.7129966735471462,0.8379464285714285,0.20480369910188714,0.34375,1.375,77.63126521736785,26.955773386062493,43.63636363636363,174.54545454545453,0.2439180371180486,0.20480369910188714,1,0,1.0
S8,570,630,60,30,0.21309114583333347,55.44514862683758,-328.77,231.43,560.2,6.015000000000001,58.74249999999999,55.44555810963166,11804966.070099998,-0.563995971217722,4.892480978725714,76,75,2.3086045257830587,1.6157070550094925,0.785,0.15815175992276112,0.359375,1.171875,80.9027385850895,23.41353779647958,51.2,166.95652173913044,0.2016251801242472,0.15815175992276112,1,0,1.0
S8,600,660,60,30,-0.025502604166666654,38.881798924586455,-133.81,152.47,286.28,5.92,54.835,38.88180728817517,5805292.5619,-0.08780396463069676,0.3997459162305663,75,73,2.700108265831306,1.0984793581627084,0.8110017123287672,0.09220924196399609,0.484375,1.171875,75.09682236271962,10.214924160663093,51.2,123.87096774193549,0.13936550166937137,0.09220924196399609,1,0,1.0
S8,630,690,60,30,-0.1275234375000003,60.94817123433111,-377.95,337.06,715.01,6.955,56.1175,60.948304644480956,14264432.021900002,-0.5036435285672829,9.54351067483082,74,73,2.012432064326895,1.5721397815994542,0.8154965753424658,0.12255904184625352,0.453125,1.25,75.55902252295324,13.972483602694885,48.0,132.41379310344828,0.16070050646397407,0.12255904184625352,1,0,1.0
S8,660,720,60,30,0.007950520833332985,62.43875972154844,-377.95,337.06,715.01,6.845,57.537499999999994,62.43876022773067,14970619.3105,-0.4352370638200031,8.650456386050019,71,70,2.0641521254796804,1.606859003648672,0.8361607142857143,0.15242512380623785,0.359375,1.25,75.35431784992974,21.006503761254688,48.0,166.95652173913044,0.18300198049237182,0.15242512380623785,1,0,1.0
S8,690,750,60,30,0.009716145833333245,36.21456200905885,-143.51,190.65,334.15999999999997,6.46,55.345,36.214563312450124,5036139.2483,-0.09649235902916707,1.0648557052356633,70,68,2.7824560889683743,1.0199821891146765,0.8543198529411765,0.14687991759970462,0.46875,1.203125,72.76133430993814,15.302390701783674,49.87012987012987,128.0,0.1740345168628956,0.14687991759970462,1,0,1.0
S8,720,780,60,30,0.08096354166666662,30.181712121276146,-79.3,90.23,169.53,7.075,51.0625,30.18182071490497,3498018.4384000003,-0.37277464272202737,-0.8954557373221457,69,68,2.9461069129327457,0.5635198865071898,0.8717830882352942,0.08779979266871125,0.46875,1.109375,69.70021082310613,9.158437954013676,54.08450704225352,128.0,0.10081075836370675,0.08779979266871125,1,0,1.0
S8,750,810,60,30,-0.1865130208333335,68.4784210243783,-401.83,447.49,849.3199999999999,2.55,51.825,68.47867502441149,18007023.103099998,0.4138300543270379,10.900511477234751,70,68,2.071837240619712,2.1307696879487343,0.7913602941176471,0.15725240741139132,0.375,1.265625,79.96476609946745,21.747053777338564,47.407407407407405,160.0,0.17131225717663995,0.15725240741139132,1,0,1.0
S8,780,840,60,30,0.5678645833333318,129.6293611596491,-1101.54,1330.79,2432.33,1.755,53.5475,129.6306049698286,64527719.98019999,0.7735436919965585,30.92986382046442,60,57,1.665724735520388,2.0150148608415748,0.8242872807017544,0.2299058683768134,0.359375,1.46875,79.32139840859497,26.24191123045467,40.851063829787236,166.95652173913044,0.3423902693421333,0.2299058683768134,1,0,1.0
S8,810,870,60,30,0.037614583333331925,120.28533124858002,-1101.54,1330.79,2432.33,5.085,53.3775,120.28533712983264,55559279.34119999,0.8238085083396748,41.67263058654218,69,67,1.3594583550074817,2.0539029746687656,0.7926772388059702,0.14876135844827382,0.359375,1.203125,79.00982458099911,18.843620623665792,49.87012987012987,166.95652173913044,0.19233045465520737,0.14876135844827382,1,0,1.0
S8,840,900,60,30,-0.5381171874999998,76.54410810197537,-364.97,554.21,919.1800000000001,5.995,59.3125,76.54599960307773,22499673.8121,0.5614072109957634,10.753174371058167,76,74,1.946829000543786,1.8467568298155919,0.7922297297297297,0.17613594525461793,0.40625,1.5,79.78275551004101,19.697580085897005,40.0,147.69230769230768,0.2395197329717882,0.17613594525461793,1,0,1.0
S8,870,930,60,30,0.3494088541666666,83.89342148356005,-364.97,554.21,919.1800000000001,5.085,75.3675,83.89414910925329,27026796.4983,0.9161093629522348,7.746213451568657,78,75,1.9444817946923045,1.6186817751877043,0.7652083333333334,0.20142676846823404,0.359375,1.46875,84.33188631603018,24.92696826188362,40.851063829787236,166.95652173913044,0.300624218617291,0.20142676846823404,1,0,1.0
S8,900,960,60,30,-0.18636197916666689,80.13023634520718,-506.43,580.07,1086.5,6.3149999999999995,60.215,80.13045305953312,24656215.708900005,0.29381293355550714,13.112517871979907,77,75,1.8377112121801649,1.8593037961432484,0.7777083333333333,0.1734975183940361,0.375,1.375,81.51630458102562,21.199021900580213,43.63636363636363,160.0,0.25660998733420753,0.1734975183940361,1,0,1.0
S8,930,990,60,30,-0.14503125000000003,59.37466287710489,-506.43,580.07,1086.5,6.73,40.0525,59.37484000680199,13537427.043200001,-0.08219622275172327,39.68721153074465,75,74,1.6168737417850982,2.047757073168208,0.7941300675675675,0.10140346527573832,0.375,1.046875,77.07135178661055,12.836705806941518,57.3134328358209,160.0,0.1683460093163474,0.10140346527573832,1,0,1.0
S8,960,1020,60,30,0.18047395833333332,26.988619861247937,-265.59,135.16,400.75,6.45,37.5625,26.98922327271727,2797125.7838000003,-1.466386963227951,12.831864652028042,77,76,2.60782354945897,0.8531158403586631,0.7802220394736842,0.08962754758244354,0.359375,1.03125,78.31514958248519,13.154627488318896,58.18181818181818,166.95652173913044,0.12089617618711795,0.08962754758244354,1,0,1.0
S8,990,1050,60,30,-0.11976822916666675,29.06404858192203,-265.59,135.16,400.75,5.4399999999999995,38.7625,29.06429535359565,3243775.7353,-1.1568209480135492,9.547444143468619,77,76,2.548504896731487,1.0512337044631768,0.768297697368421,0.12913066485113153,0.359375,1.109375,81.09824135181486,18.949981628501302,54.08450704225352,166.95652173913044,0.1716855015961841,0.12913066485113153,1,0,1.0
S8,1020,1080,60,30,-0.07973697916666672,27.77440249054625,-78.15,120.61,198.76,5.225,43.43,27.77451694796344,2962267.3601,-0.24120992009513884,-0.2798177921559746,73,72,2.7621175436509935,0.8291193694861467,0.8263888888888888,0.1346773577574027,0.390625,1.15625,75.19226763552501,16.855051247050874,51.891891891891895,153.6,0.17305135210841116,0.1346773577574027,1,0,1.0
S8,1050,1110,60,30,-0.20317187500000003,35.070699171186696,-141.98,188.65,330.63,4.635,48.3625,35.07128767477275,4723181.6416,0.220098955807361,2.5081583145416992,70,69,2.5195839694342044,1.291353109227562,0.8568840579710145,0.13677611214882285,0.34375,1.25,72.44726237516186,16.699006661926546,48.0,174.54545454545453,0.18628011563175337,0.13677611214882285,1,0,1.0
S8,1080,1140,60,30,0.01951822916666662,38.95115551415245,-146.15,228.52,374.67,3.09,42.2225,38.95116040439564,5826020.7239,0.5996104063555836,3.8789741998793357,73,72,2.1742334211065524,1.5967859503596769,0.8207465277777778,0.198805095844591,0.34375,1.46875,78.90762637271024,26.206078194235698,40.851063829787236,174.54545454545453,0.2543362927777781,0.198805095844591,1,0,1.0
S8,1110,1170,60,30,0.45770572916666635,41.302446301539206,-146.15,228.52,374.67,3.3899999999999997,45.765,41.3049823269063,6551430.009699999,0.3326079810469878,2.080800092881124,73,71,2.0862773002666515,1.5754715247242619,0.808318661971831,0.23833880764776044,0.359375,1.46875,82.30393249061741,29.80530727778573,40.851063829787236,166.95652173913044,0.3364069601793977,0.23833880764776044,1,0,1.0
S8,1140,1200,60,30,-0.03212760416666696,37.544345955252375,-124.34,181.05,305.39,3.965,45.9575,37.544359701433514,5412783.1503,0.006755476070822874,1.147945165506389,77,73,2.108595639146273,1.4200351540513387,0.775042808219178,0.16587922556475607,0.34375,1.265625,82.38894245839988,24.54918971885016,47.407407407407405,174.54545454545453,0.20392470781720723,0.16587922556475607,1,0,1.0
S8,1170,1230,60,30,-0.2043880208333334,23.5975921163152,-124.34,141.2,265.53999999999996,3.335,31.7575,23.598477242208695,2138450.4121000003,-0.14214805603339478,2.8693904488051256,73,72,2.533709870061553,1.2154524438369947,0.8172743055555556,0.1750542235425164,0.34375,1.203125,78.18963057665536,23.99563305385905,49.87012987012987,174.54545454545453,0.24863458554730813,0.1750542235425164,1,0,1.0
S8,1200,1260,60,30,0.16611979166666663,26.374377278316604,-86.09,149.6,235.69,3.22,32.7675,26.374900428327056,2671239.8308,0.4157098987622811,2.9453525756073864,74,72,2.3485631997391923,1.405133671934738,0.8253038194444444,0.17355020090358791,0.40625,1.375,76.64697139890832,20.277916140077117,43.63636363636363,147.69230769230768,0.2522320037481143,0.17355020090358791,1,0,1.0
S8,1230,1290,60,30,0.07486979166666649,43.87490751336078,-178.23,200.88,379.11,2.13,48.042500000000004,43.8749713936279,7392050.3608,0.05698344986644973,1.4683929272410134,69,65,2.1554593518253298,1.4864532951297673,0.8471153846153846,0.18652576037251364,0.40625,1.328125,74.65668619407103,18.79045135931416,45.1764705882353,147.69230769230768,0.28003344744771674,0.18652576037251364,1,0,1.0
S8,1260,1320,60,30,-0.31760416666666663,90.7809561205202,-768.25,819.37,1587.62,3.8600000000000003,54.435,90.78151170013915,31646526.207599998,-1.6054125877757186,35.590770220274436,64,58,1.3502935278326695,1.434684469491014,0.8561422413793104,0.21809011114155277,0.40625,1.421875,75.3394697605081,21.997558690877284,42.1978021978022,147.69230769230768,0.34597936372074856,0.21809011114155277,1,0,1.0
S8,1650,1710,60,30,0.0648333333333331,59.467612211688156,-563.67,362.9,926.5699999999999,7.605,46.5,59.467647553277516,13579780.245199999,-1.5811694778354126,18.29774241438741,66,65,2.0535649830010105,2.0364440800417776,0.8963942307692307,0.220248460256961,0.34375,1.453125,72.42727115926066,24.55449248587502,41.29032258064516,174.54545454545453,0.2748151678216538,0.220248460256961,3,0,0.7911428571428571
S8,1680,1740,60,30,-0.45869531249999995,37.02098021154805,-217.83,149.2,367.03,7.11,44.2275,37.023821753211024,5263731.3685,-0.9643854022418161,4.79636544782937,68,67,2.5007362137179254,1.308881873713414,0.8882929104477612,0.15753329657555615,0.515625,1.171875,70.17731906063628,15.15987232614212,51.2,116.36363636363636,0.1666740647032314,0.15753329657555615,3,0,1.0
S8,1710,1770,60,30,0.04777083333333341,45.97366986678787,-343.01,271.63,614.64,6.5600000000000005,43.61,45.97369468590617,8116149.5158,-0.8516740678692348,11.946438149711868,70,69,2.0672422837049123,1.5717016042567598,0.855072463768116,0.17941671976807413,0.359375,1.1875,74.27696914563506,20.67153880077217,50.526315789473685,166.95652173913044,0.1801564373309061,0.17941671976807413,3,0,1.0
S8,1740,1800,60,30,0.32722656250000004,51.51260571493563,-343.01,271.63,614.64,8.145,50.792500000000004,51.513645034744194,10190037.599100001,-0.705495541427807,8.645256037109656,68,67,2.1292589444526278,1.5561795053999532,0.8682369402985075,0.17878991587300733,0.40625,1.265625,72.9914030643457,19.84904680250156,47.407407407407405,147.69230769230768,0.2279014445293417,0.17878991587300733,3,0,1.0
S8,1770,1830,60,30,-0.08474739583333342,41.30989055410872,-234.43,251.38,485.81,10.33,53.96,41.3099774838179,6553014.680500001,-0.6916136382537599,4.807231693674158,69,68,2.5925889364705443,0.7968063006423307,0.8602941176470589,0.15841519924371947,0.40625,1.265625,72.72792230747234,16.94284983457258,47.407407407407405,147.69230769230768,0.20469755800171546,0.15841519924371947,3,0,1.0
S8,1800,1860,60,30,-0.48659635416666674,39.31492167426684,-180.11,370.9,551.01,8.77,53.125,39.31793283306773,5936255.394300001,0.39011574728620435,8.734681128925372,73,71,2.617758904724795,1.3799658581524306,0.8215228873239436,0.17337219958980457,0.359375,1.28125,77.26356056402314,21.390886765248766,46.829268292682926,166.95652173913044,0.21398672407501626,0.17337219958980457,3,0,1.0
S8,1830,1890,60,30,0.09751822916666668,39.848141222884394,-186.88,370.9,557.78,8.705,48.595,39.848260548284394,6097474.0559,0.19806609740668127,9.348649337848526,72,70,2.4274553433318613,1.5376509171959616,0.8352678571428571,0.19684108470426342,0.359375,1.28125,76.7387839639827,22.365097378873678,46.829268292682926,166.95652173913044,0.2545720958643221,0.19684108470426342,3,0,1.0
S8,1860,1920,60,30,0.4225338541666665,47.20652207114544,-313.92,301.06,614.98,7.49,46.565,47.20841303106321,8557955.561900001,-0.520350627035344,8.813221554407253,74,72,2.2574869622358156,1.7939461737741929,0.8179253472222222,0.20210681850187262,0.34375,1.28125,79.08531983283642,24.86952418041282,46.829268292682926,174.54545454545453,0.22528590989492242,0.20210681850187262,3,0,1.0
S8,1890,1950,60,30,-0.1478177083333335,47.86876888549154,-313.92,301.06,614.98,6.43,50.15,47.86899711386797,8799132.997200001,-0.3768279610172502,7.854318077725422,72,70,2.359401950295362,1.6879022022416654,0.8316964285714286,0.1837263755117198,0.34375,1.171875,77.16086396587478,24.262523570804177,51.2,174.54545454545453,0.22365268155240103,0.1837263755117198,3,0,1.0
S8,1920,1980,60,30,0.019000000000000038,40.560221576225395,-232.76,150.55,383.31,9.295,45.2,40.56022602639808,6317306.631599999,-1.246065187809493,5.451132068499179,71,70,2.3920821068334837,1.5704161881561909,0.8433035714285714,0.10501419668360103,0.34375,1.0625,72.78656528669201,14.412152684477471,56.470588235294116,174.54545454545453,0.10280472884819415,0.10501419668360103,3,0,1.0
S8,1950,2010,60,30,0.11932031250000001,36.85137411124561,-232.76,192.27,425.03,7.58,37.4375,36.851567283142224,5214865.963099999,-1.2609613827323543,9.305573281275617,72,71,2.2426119873807853,1.6897820757739914,0.8305457746478874,0.11103332523676085,0.34375,1.1875,73.99655874279304,14.540613682076598,50.526315789473685,174.54545454545453,0.1327534007164627,0.11103332523676085,3,0,1.0
S8,1980,2040,60,30,-0.06948697916666663,25.873163749706013,-86.49,192.27,278.76,5.915,37.474999999999994,25.873257059353293,2570593.6545,0.2868633266927991,4.122855357479657,71,70,2.7728769193278295,1.1212056918602094,0.8390625,0.1622798560330491,0.34375,1.109375,75.10844570943877,19.881353982423832,54.08450704225352,174.54545454545453,0.17320794068280967,0.1622798560330491,3,0,0.8755
S8,3300,3360,60,30,-0.16443229166666562,123.7325337787225,-579.86,362.16,942.02,10.835,121.26,123.73264303845306,58789505.1006,-0.7394321047685876,1.9494001421273035,75,69,2.0358041034743346,1.5958177610594575,0.7350543478260869,0.23715045642949878,0.390625,1.484375,89.90751574839189,27.193859716871767,40.421052631578945,153.6,0.3266664888611211,0.23715045642949878,2,1,1.0
S8,3330,3390,60,30,0.8063229166666667,152.90051328079687,-717.85,1024.11,1741.96,7.795,101.8175,152.90263934339748,89776193.7338,-0.0998417996361001,6.670058298840276,68,60,1.8596069224372365,1.671155961370806,0.8033854166666666,0.27316640827569383,0.359375,1.484375,85.172987766361,33.03236983327274,40.421052631578945,166.95652173913044,0.3761458482457867,0.27316640827569383,2,1,1.0
S8,3360,3420,60,30,0.23090624999999948,161.7020594872183,-717.85,1024.11,1741.96,5.36,109.63499999999999,161.70222435113305,100406819.9428,-0.01721699923771022,5.465756109551927,68,61,1.8636017144725217,1.8385819777119952,0.7712602459016393,0.28953851184910095,0.359375,1.46875,89.27363187312896,33.097183852114746,40.851063829787236,166.95652173913044,0.36420553341886047,0.28953851184910095,2,1,1.0
S8,3390,3450,60,30,-0.7020078125000002,152.74041633381802,-664.36,654.04,1318.4,7.734999999999999,131.065,152.7420295688023,89587689.9717,-0.18692564988544713,2.5143737285663113,76,71,2.0214464930655494,1.8287130627381059,0.7306338028169014,0.2337868910821918,0.359375,1.40625,90.44606069473778,27.835699994665877,42.666666666666664,166.95652173913044,0.31334150093046587,0.2337868910821918,2,1,1.0
S8,3420,3480,60,30,0.021041666666667305,164.91468707953192,-664.36,1029.67,1694.0300000000002,6.71,123.725,164.9146884218979,104435921.116,0.6331853253634896,5.439516952987823,69,63,2.103388826597602,1.8907685115704829,0.7552083333333334,0.24035847690613063,0.34375,1.453125,87.57234757500551,28.238001049854745,41.29032258064516,174.54545454545453,0.3458285763696675,0.24035847690613063,2,1,1.0
S8,3450,3510,60,30,0.009062500000000995,152.13873433346896,-618.26,1029.67,1647.93,1.7850000000000001,126.96000000000001,152.13873460338345,88881387.1362,0.6938496484584928,6.80929549378479,65,61,2.0473489429743092,1.9179635448626693,0.8765368852459017,0.29461777939316663,0.34375,1.46875,77.53933538661228,29.670312891453534,40.851063829787236,174.54545454545453,0.418111103094919,0.29461777939316663,2,1,1.0
S8,3480,3540,60,30,0.406190104166667,127.617070301483,-680.77,527.03,1207.8,4.824999999999999,117.0225,127.61771672747626,62539321.4313,-0.5860633775848302,4.2118324167095995,72,65,1.9562854411003157,1.5683050938844747,0.7838942307692308,0.25403252009298516,0.375,1.40625,85.16313926191889,28.667109789662728,42.666666666666664,160.0,0.3420534751087677,0.25403252009298516,2,1,1.0
S8,3510,3570,60,30,0.4129140625000004,117.29446936677911,-680.77,527.03,1207.8,4.805,85.14750000000001,117.29519615933675,52831346.081499994,-0.7448928105152148,5.6079470212958995,71,61,1.985735353979573,1.7670525189057278,0.7361680327868853,0.24648688041314126,0.34375,1.40625,91.68065178405958,32.80786760411788,42.666666666666664,174.54545454545453,0.31144352668260744,0.24648688041314126,2,1,1.0
S8,3540,3600,60,30,-0.5317552083333331,140.97190254563463,-669.51,502.06,1171.57,7.395,106.5475,140.9729054497264,76313702.6724,-0.5036670484799932,2.5260723854411093,71,62,2.1232819674449246,1.7936637155858701,0.7247983870967742,0.26138628887821863,0.34375,1.4375,94.21955618859978,34.33418152593781,41.73913043478261,174.54545454545453,0.3666025271460033,0.26138628887821863,2,1,1.0
S8,3570,3630,60,30,-0.49713802083333325,136.3581976169968,-669.51,502.06,1171.57,6.145,117.2975,136.3591038529064,71400211.9817,-0.28759284237752386,2.2303337217326584,76,70,2.041295450405375,1.6925147914068852,0.7404017857142857,0.2588054856768961,0.34375,1.4375,90.82140054110967,30.106508410911243,41.73913043478261,174.54545454545453,0.3614072970693868,0.2588054856768961,2,1,1.0
S8,3600,3660,60,30,0.2717265625000001,101.74857435509857,-759.9,462.5,1222.4,4.175,72.03,101.74893718668412,39754929.479499996,-0.7897417013848856,7.996825368911082,59,49,2.2079533115704817,2.0363872222900317,0.7592474489795918,0.28009467865589566,0.34375,1.453125,91.94430951861082,37.61194458681236,41.29032258064516,174.54545454545453,0.32178586447842145,0.28009467865589566,2,1,1.0
S8,3630,3690,60,30,0.18276822916666705,89.9054413398833,-759.9,462.5,1222.4,6.045,72.01249999999999,89.90562711390645,31038803.661099996,-1.3086980305124123,12.753448932684998,53,40,1.9640803359877204,2.030052816113766,0.84765625,0.27821167013343906,0.390625,1.484375,79.85254694121106,29.392290498341612,40.421052631578945,153.6,0.34399576005045807,0.27821167013343906,2,1,1.0
S8,3660,3720,60,30,-0.23119010416666655,76.5922964615602,-496.5,339.81,836.31,2.48,76.5925,76.59264537878158,22527103.9723,-0.6477824143881431,5.294125572437554,53,42,2.0516275811548814,1.6013357132117128,0.8991815476190477,0.3232561528094283,0.421875,1.421875,77.09509754097932,30.126548912629353,42.1978021978022,142.22222222222223,0.3719707424404604,0.3232561528094283,2,1,1.0
S8,3690,3750,60,30,-0.6006197916666671,73.13254558029112,-496.5,339.81,836.31,1.8599999999999999,59.614999999999995,73.13501191076337,20539123.074,-0.6776198404569274,7.55784690115677,48,38,2.011282489433452,1.798422352866106,1.0020559210526316,0.27054202523009074,0.421875,1.5,66.19408692032293,24.918522341692313,40.0,142.22222222222223,0.3820684474857734,0.27054202523009074,2,1,1.0
S8,3720,3780,60,30,0.2621614583333332,76.54293257582482,-324.12,335.06,659.1800000000001,6.275,74.555,76.54338152928376,22498134.7428,-0.2064475054439771,2.688680882770183,62,54,2.1278802374999275,1.7896365235125644,0.7919560185185185,0.30877150843268547,0.359375,1.5,88.51767538008927,35.104694112703534,40.0,166.95652173913044,0.349069053353966,0.30877150843268547,2,1,1.0
S8,3750,3810,60,30,1.0267890625000005,98.82232358810097,-586.03,397.85,983.88,7.475,96.4175,98.82765774382295,37504918.79090001,-0.7135266437371005,4.534451906834318,73,67,2.047514464744531,1.7316803476959788,0.730410447761194,0.26843394189167097,0.359375,1.34375,94.2498132735142,35.233085055889745,44.651162790697676,166.95652173913044,0.3511387387141407,0.26843394189167097,2,1,1.0
S8,3780,3840,60,30,-0.3253958333333332,84.89735694409642,-586.03,397.85,983.88,2.17,66.69749999999999,84.89798053276455,27677441.658400003,-1.061036417005009,8.357297502002824,66,60,2.008946433238784,1.9904698789496003,0.8463541666666666,0.296548157070324,0.359375,1.46875,80.19571029075249,28.91942261547813,40.851063829787236,166.95652173913044,0.40183594486927504,0.296548157070324,2,1,1.0
S8,3810,3870,60,30,-0.9513020833333333,43.13870565267243,-212.61,167.95,380.56,0.845,34.93000000000001,43.14919351554171,7149515.14,-0.45954681267658243,3.1578261285438085,69,63,1.9120997257196766,1.7317629191006785,0.8239087301587301,0.3365521479899385,0.34375,1.46875,86.9068679492906,37.72356171957443,40.851063829787236,174.54545454545453,0.48547124906564226,0.3365521479899385,2,1,1.0
S8,3840,3900,60,30,0.2291171875000001,29.23626811796324,-98.26,127.17,225.43,0.8,27.8675,29.237165870703706,3282477.5736999996,0.20705335600541258,1.729710411020898,81,78,1.8616231511027266,1.522592982483147,0.7467948717948718,0.2488625840236066,0.34375,1.46875,88.33100398083366,26.71543212595499,40.851063829787236,174.54545454545453,0.33649742863879284,0.2488625840236066,2,1,1.0
S8,3870,3930,60,30,0.35680729166666686,28.314483856440212,-105.63,127.17,232.8,0.99,27.4325,28.316731935377007,3079055.2608,0.07736960121515297,2.156726604243997,81,78,1.9628308780643904,1.5541228892843129,0.7323717948717948,0.19968046787942897,0.359375,1.359375,88.30194487335088,25.432875977573403,44.13793103448276,166.95652173913044,0.2565411020744462,0.19968046787942897,2,1,1.0
S8,3900,3960,60,30,-0.06069531249999976,40.76430504616445,-279.43,253.32,532.75,0.81,35.567499999999995,40.76435023176143,6381051.839299999,-0.14019015616926406,6.401002801050415,79,77,1.846946577051241,1.6959042229774228,0.7380275974025974,0.2257812479482556,0.34375,1.296875,89.66009995895355,29.71408183775869,46.265060240963855,174.54545454545453,0.28907361287315636,0.2257812479482556,2,1,1.0
S9,60,120,60,30,0.31714583333333324,66.76218909643005,-303.29,210.64,513.9300000000001,5.37,66.34,66.76294237394787,17115995.4218,-0.6109938547726325,2.2607458471217834,80,77,2.100850449906831,1.6827671375373,0.757913961038961,0.22734482564657418,0.34375,1.328125,88.46281268536735,33.00911804829094,45.1764705882353,174.54545454545453,0.2964743660981325,0.22734482564657418,1,0,0.745904761904762
S9,90,150,60,30,-0.055223958333333406,51.275673093581545,-208.87,267.59,476.46,3.42,47.760000000000005,51.27570283170594,10096119.1714,-0.001953599629687582,3.326577314113801,75,74,2.0695453990367336,1.6153042389132735,0.796875,0.18288593610499415,0.34375,1.328125,80.46553370810462,24.45938504993574,45.1764705882353,174.54545454545453,0.25299865779802616,0.18288593610499415,1,0,1.0
S9,120,180,60,30,-0.1989869791666667,37.353141641074366,-171.9,267.59,439.49,4.265,36.975,37.353671657228574,5357939.6592999995,0.5705480445583296,7.3467698249082005,81,80,2.1832926475050622,1.6174935764611253,0.7373046875,0.1691743389826449,0.34375,1.109375,87.5532501465184,28.04130652711169,54.08450704225352,174.54545454545453,0.19063829326963536,0.1691743389826449,1,0,1.0
S9,150,210,60,30,0.008981770833333262,32.62261175533393,-155.69,232.92,388.61,5.995,33.465,32.62261299178008,4086661.9331,0.13283232275275209,8.202762788053885,77,75,2.310523916375289,1.438195134641516,0.7839583333333333,0.10289979618811476,0.453125,1.0625,78.02237935924607,11.778480614898596,56.470588235294116,132.41379310344828,0.124841538072784,0.10289979618811476,1,0,1.0
S9,180,240,60,30,-0.0890390625000001,37.163790882369284,-155.69,232.92,388.61,5.2,37.6675,37.163897544567696,5303636.277899999,0.0640043194141823,5.001837949770145,79,77,2.1856819748341767,1.6013081320977354,0.765625,0.2140022814388645,0.34375,1.3125,85.85336056553419,29.017946656437307,45.714285714285715,174.54545454545453,0.2493502555821461,0.2140022814388645,1,0,1.0
S9,210,270,60,30,-0.03354947916666662,31.116284237018178,-150.36,137.38,287.74,5.3,34.135000000000005,31.116302323484042,3717981.1979,-0.36319938857031425,2.6527532227558623,79,78,2.33539241458539,1.4038148607105783,0.7588141025641025,0.21534073118257466,0.34375,1.40625,86.55389758630818,28.731822013812987,42.666666666666664,174.54545454545453,0.2516937349265943,0.21534073118257466,1,0,1.0
S9,240,300,60,30,0.14714062500000014,23.023516493355398,-112.98,118.87,231.85000000000002,6.195,30.405,23.023986667893407,2035599.2144000002,-0.44115067321989765,2.719147987888836,76,75,2.852078154090995,1.0196092196898172,0.7941666666666667,0.11149356919671297,0.515625,1.140625,77.05138920270065,11.079027902901963,52.602739726027394,116.36363636363636,0.13772104851616507,0.11149356919671297,1,0,1.0
S9,270,330,60,30,0.05188281249999995,30.945827547940805,-210.38,130.95,341.33,6.35,32.9075,30.945871040465562,3677364.2283000005,-1.1982321423434377,8.34718561007918,77,76,2.4137907810361243,1.5242979569168567,0.7808388157894737,0.1298645768191366,0.390625,1.375,79.4623540335897,17.539973664932774,43.63636363636363,153.6,0.18957188610128875,0.1298645768191366,1,0,1.0
S9,300,360,60,30,0.08677343749999995,42.35101801869115,-257.26,149.91,407.16999999999996,7.1850000000000005,40.067499999999995,42.351106914093265,6887486.4263,-1.137980296287918,5.270354463031973,82,80,2.156374000408594,1.6176313288064001,0.73671875,0.17109375,0.34375,1.1875,86.98422441130944,25.798413419133983,50.526315789473685,174.54545454545453,0.22463269949752263,0.17109375,1,0,1.0
S9,330,390,60,30,-0.0353776041666664,38.59152529570556,-257.26,149.91,407.16999999999996,4.595,40.965,38.59154151137213,5718939.1727,-0.9383789044752434,5.228193070020126,77,73,2.2500936355632555,1.53915143974082,0.7523544520547946,0.16609947611226306,0.34375,1.203125,84.6457960514039,24.153368219009955,49.87012987012987,174.54545454545453,0.21418380332299353,0.16609947611226306,1,0,1.0
S9,360,420,60,30,-0.5284687499999997,26.74428038344255,-175.09,126.85,301.94,4.1850000000000005,32.125,26.74950116259959,2747657.5198000004,-0.6224007728615143,3.8289325659809545,75,74,2.3814687011020763,1.2866203294198693,0.7975084459459459,0.16275397555431192,0.359375,1.390625,79.0791975614898,20.463459069346452,43.146067415730336,166.95652173913044,0.17809608332936544,0.16275397555431192,1,0,1.0
S9,390,450,60,30,0.09297916666666683,36.22130893648769,-175.09,211.71,386.8,4.74,34.082499999999996,36.22142827385354,5038048.7662,-0.2461802204566113,3.8018935688839326,78,75,2.1501509563843504,1.614595975444577,0.7770833333333333,0.1787058026167278,0.359375,1.296875,82.35157085644921,23.65275920094408,46.265060240963855,166.95652173913044,0.2463977168761041,0.1787058026167278,1,0,1.0
S9,420,480,60,30,0.34531770833333336,46.48063408900236,-149.65,268.62,418.27,2.955,43.395,46.481916802509524,8296583.384200001,0.5139935204939519,4.328161568425785,74,72,2.12839586051595,1.7182658205466232,0.80859375,0.20268632519060292,0.390625,1.296875,79.8886944840328,23.992685789489837,46.265060240963855,153.6,0.3117729217772466,0.20268632519060292,1,0,1.0
S9,450,510,60,30,-0.1654661458333334,40.43942291591574,-158.47,268.62,427.09000000000003,1.8450000000000002,35.8625,40.43976143373881,6279837.330500001,0.7907059429649113,7.408222748497099,83,82,1.9427898703741973,1.7195310454899646,0.715891768292683,0.19950348119765454,0.34375,1.265625,90.98693911573339,27.6322975728715,47.407407407407405,174.54545454545453,0.2549601968300005,0.19950348119765454,1,0,1.0
S9,480,540,60,30,0.12555729166666654,26.23849122317426,-158.47,144.83,303.3,3.635,27.08,26.23879163189653,2643740.8754000003,-0.37917180675744305,5.23456911740041,83,82,2.2833418763887523,1.4075354160780769,0.708079268292683,0.1568942140504658,0.34375,1.265625,89.86591662450071,24.62802755054291,47.407407407407405,174.54545454545453,0.16674802701648042,0.1568942140504658,1,0,1.0
S9,510,570,60,30,0.0633072916666666,15.904148114215522,-111.34,56.74,168.08,4.96,22.605,15.904274112705782,971312.3905999998,-1.05792738052224,3.8621508456238978,77,76,2.8922373646317325,0.7915571727221019,0.7820723684210527,0.08271448460499244,0.421875,0.90625,77.99195654338509,12.309799149113639,66.20689655172414,142.22222222222223,0.06422109434082647,0.08271448460499244,1,0,1.0
S9,540,600,60,30,0.45103645833333333,36.60410197682659,-382.5,215.13,597.63,4.785,23.9575,36.606880711372646,5145844.6672,-1.5700758715561909,22.807577906114368,78,77,1.8694485995806884,2.2341464164660283,0.7713068181818182,0.1212900414963023,0.34375,0.984375,81.20279359171742,22.388247772401257,60.95238095238095,174.54545454545453,0.12501284884620756,0.1212900414963023,1,0,1.0
S9,570,630,60,30,-0.23362500000000003,67.28094146302533,-382.5,405.17,787.6700000000001,3.51,46.345,67.2813470791992,17382833.9128,0.07205707010184131,4.851691558214736,79,77,1.8880532471414682,1.8652525671964604,0.7609577922077922,0.21140955379555285,0.375,1.265625,86.63201601137808,29.596307474601915,47.407407407407405,160.0,0.3051405201668526,0.21140955379555285,1,0,1.0
S9,600,660,60,30,-0.49706249999999985,67.51780677174672,-290.75,405.17,695.9200000000001,4.115,56.03,67.5196364207912,17506181.0012,0.1470937252022274,4.10816284930261,77,74,1.9169007592689429,1.8470272833559955,0.7690033783783784,0.22358717744459455,0.34375,1.40625,85.72954301693049,28.545383944173977,42.666666666666664,174.54545454545453,0.329325510955492,0.22358717744459455,1,0,1.0
S9,630,690,60,30,0.2487265625000004,64.78874089483243,-467.8,320.78,788.5799999999999,5.855,44.807500000000005,64.7892183286743,16118948.396700002,-1.0873847516058908,11.174889452184194,80,79,1.7641471870171253,1.9459007562686286,0.7498022151898734,0.19881928834386586,0.34375,1.3125,86.60299628199364,26.894793820366324,45.714285714285715,174.54545454545453,0.24771719175573212,0.19881928834386586,1,0,1.0
S9,660,720,60,30,0.06420833333333362,67.23225837843714,-467.8,320.78,788.5799999999999,5.17,55.9375,67.23228903863829,17357493.847200003,-0.9384905762598862,9.483969353073205,84,83,1.8916921900697061,1.8547690678534587,0.7131024096385542,0.19854187608778837,0.34375,1.21875,92.24029119503798,31.020530348010443,49.23076923076923,174.54545454545453,0.2550462505880539,0.19854187608778837,1,0,1.0
S9,690,750,60,30,0.6711848958333336,57.2283031787228,-300.24,290.12,590.36,2.94,64.0725,57.23223893820867,12578032.0277,-0.16518275981105882,2.7038523893836395,88,86,2.022024750465928,1.5313283258855257,0.6798691860465116,0.22029850826176908,0.359375,1.265625,98.67326762270655,33.946168888742044,47.407407407407405,166.95652173913044,0.28833498472977165,0.22029850826176908,1,0,1.0
S9,720,780,60,30,-0.26505989583333295,51.43519678315047,-234.21,240.08,474.29,0.33999999999999997,55.114999999999995,51.435879742352924,10159294.943500001,0.3683548845450717,2.019666452575123,84,83,2.0672846052184886,1.5395544293193333,0.7083960843373494,0.19434477287853602,0.359375,1.484375,91.71369233059171,27.59906904975789,40.421052631578945,166.95652173913044,0.27679504399387855,0.19434477287853602,1,0,1.0
S9,750,810,60,30,-0.8050260416666665,43.28197385133991,-184.3,240.08,424.38,4.225,44.6725,43.28945977251083,7196072.9372000005,0.1743497100373114,3.937807823373566,82,81,2.1094626513722794,1.4089605359431001,0.7351466049382716,0.1574012609245366,0.359375,1.375,85.90643678830178,21.90189150830166,43.63636363636363,166.95652173913044,0.2234771053185594,0.1574012609245366,1,0,1.0
S9,780,840,60,30,-0.046937499999999764,51.383966193930675,-293.39,237.0,530.39,6.98,47.352500000000006,51.38398763182862,10138806.470199998,-0.3337011286835599,4.644193499200144,80,78,1.9852082771307926,1.5654517270156785,0.7558092948717948,0.21256876029725177,0.34375,1.46875,86.709374996897,28.37738614305851,40.851063829787236,174.54545454545453,0.27581440248563255,0.21256876029725177,1,0,1.0
S9,810,870,60,30,0.7501041666666671,54.88015261960966,-293.39,237.0,530.39,4.54,51.32,54.88527860740528,11567592.222,-0.10576876151484607,4.306883495462434,80,79,2.0102235459268782,1.5834712443553587,0.7460443037974683,0.21451985228531953,0.34375,1.46875,88.5359306514235,30.80518499279877,40.851063829787236,174.54545454545453,0.2384724629489449,0.21451985228531953,1,0,1.0
S9,840,900,60,30,0.3214036458333338,47.14086157943715,-244.39,219.08,463.47,3.5,52.115,47.14195722236412,8533878.2621,0.12105821219906537,3.4488679479297932,84,83,2.097909511859684,1.3617085209029334,0.7117846385542169,0.1991140281403573,0.34375,1.328125,92.25335266401738,30.293217763616358,45.1764705882353,174.54545454545453,0.2326025459012779,0.1991140281403573,1,0,1.0
S9,870,930,60,30,-0.7943802083333329,47.44558274334336,-221.08,189.24,410.32000000000005,3.38,57.08,47.45223242136068,8646583.1492,-0.04654635219796203,1.4816204067280392,83,81,2.232556407453916,1.3678451076663634,0.7339891975308642,0.1893869701403028,0.359375,1.328125,88.09242420282334,25.978988747173116,45.1764705882353,166.95652173913044,0.23580941266531855,0.1893869701403028,1,0,1.0
S9,900,960,60,30,-0.06727604166666647,56.47867904707906,-221.08,263.65,484.73,5.2,60.17,56.478719115864784,12249007.5378,0.02571161297933587,2.0115970024663143,82,78,2.0294599917368825,1.5405910448593505,0.7465945512820513,0.19263220899701036,0.375,1.15625,86.87924455831516,26.455083108629406,51.891891891891895,160.0,0.2711479399832181,0.19263220899701036,1,0,1.0
S9,930,990,60,30,0.0840598958333332,62.15825162230035,-266.19,263.65,529.8399999999999,8.594999999999999,54.665,62.15830846159901,14836436.3935,-0.344410168614691,2.7487938858493957,75,72,1.990622270907125,1.6233511775804579,0.8103298611111112,0.21484462682200425,0.390625,1.359375,80.09158324413043,24.503169076423433,44.13793103448276,153.6,0.29049387470512555,0.21484462682200425,1,0,1.0
S9,960,1020,60,30,-0.1697317708333332,57.61243650649148,-266.19,277.3,543.49,8.835,53.6275,57.6126865289976,12745811.1325,-0.43417123433609434,3.9937281053321723,74,73,2.090631097294072,1.595053195738284,0.8007277397260274,0.2102491594530477,0.359375,1.359375,81.36941328889753,26.343792832138266,44.13793103448276,166.95652173913044,0.32992335395944195,0.2102491594530477,1,0,1.0
S9,990,1050,60,30,-0.010971354166666518,53.74917414597344,-202.21,277.3,479.51,8.035,61.4275,53.74917526571725,11093659.552299999,0.029048315931108775,2.5340365795813353,79,78,2.1241115295328115,1.4828912051697136,0.7544070512820513,0.20988351702673125,0.34375,1.5,87.45640550245874,30.48844953798068,40.0,174.54545454545453,0.31099475138595245,0.20988351702673125,1,0,1.0
S9,1020,1080,60,30,0.08788802083333346,64.05078042266999,-352.12,207.84,559.96,7.46,73.2425,64.0508407209249,15753639.1567,-0.6511026984338695,2.9466653919896535,77,75,2.090715322565399,1.2693958024224625,0.7689583333333333,0.21908149485725373,0.34375,1.5,85.56959769721763,28.862815356273533,40.0,174.54545454545453,0.34101820690525947,0.21908149485725373,1,0,1.0
S9,1050,1110,60,30,0.025343750000000043,53.765821704198565,-352.12,186.83,538.95,7.38,52.9375,53.76582767737639,11100534.6272,-1.1081563197828195,6.692545807378442,77,76,2.1831616591905334,1.4382266911197952,0.7810444078947368,0.1718281451732008,0.34375,1.3125,81.61296890752908,23.53729163735272,45.714285714285715,174.54545454545453,0.22874487699181373,0.1718281451732008,1,0,1.0
S9,1080,1140,60,30,-0.20421614583333347,38.7441275921288,-198.89,323.66,522.55,6.82,43.4025,38.74466578910412,5764412.6481,0.3513494058371177,8.68573581545756,75,74,2.4339963893218535,1.4179929494384262,0.7947635135135135,0.12743936118885243,0.46875,1.140625,77.65752925094026,14.041919712474542,52.602739726027394,128.0,0.20397936759834784,0.12743936118885243,1,0,1.0
S9,1110,1170,60,30,-0.20777083333333338,57.390280619754336,-250.78,323.66,574.44,6.05,58.195,57.39065671634481,12647759.916800002,-0.020917497031773133,3.111302963688212,77,75,2.1994900405819098,1.5883035261112608,0.7814583333333334,0.20949923760137065,0.359375,1.5,83.29330906172207,26.40305877886405,40.0,166.95652173913044,0.30972160150559275,0.20949923760137065,1,0,1.0
S9,1140,1200,60,30,0.2068281250000002,64.0616664099558,-292.89,254.9,547.79,6.67,59.925000000000004,64.06200028951446,15759129.143400002,-0.3946369215018732,2.8431793281469586,79,78,2.172963625317782,1.572685231426958,0.7650240384615384,0.1533880995305734,0.34375,1.09375,83.15922750168035,24.823702350355358,54.857142857142854,174.54545454545453,0.19925604836100097,0.1533880995305734,1,0,1.0
S9,1170,1230,60,30,0.24845052083333338,69.12715218861898,-456.32,257.8,714.12,5.945,53.835,69.12759866630543,18349919.6059,-0.9805911145095083,6.710570283408764,77,75,2.0157602594933404,1.8764178399321592,0.7620833333333333,0.14228358322573817,0.34375,1.140625,82.35972092154925,21.32547436217771,52.602739726027394,174.54545454545453,0.1980342452427139,0.14228358322573817,1,0,1.0
S9,1200,1260,60,30,-0.05173697916666661,61.0305869363929,-456.32,257.8,714.12,3.545,47.337500000000006,61.03060886568006,14302983.239100002,-1.0794892760487824,9.909933812776293,79,77,1.9201577489745503,1.989481031552267,0.7364042207792207,0.16101403365082714,0.34375,1.21875,86.26853461687055,23.950091249313864,49.23076923076923,174.54545454545453,0.22524001498474677,0.16101403365082714,1,0,0.9207619047619048
S9,1860,1920,60,30,-0.06004427083333338,68.33332918894641,-467.56,360.67,828.23,1.6,29.372500000000002,68.33335556929262,17930678.336099997,-1.0925029667663055,12.615814337094632,84,79,1.7236081184733643,2.0764320928379996,0.680379746835443,0.2492546923899667,0.34375,1.421875,99.32114595679208,33.534199796103394,42.1978021978022,174.54545454545453,0.31536646081562286,0.2492546923899667,2,1,0.7959047619047619
S9,1890,1950,60,30,0.04610156250000017,62.52270885142368,-437.17,300.96,738.13,2.45,28.474999999999998,62.522725848078295,15010910.390299998,-1.1048159608330153,11.335128195530064,81,78,1.7890842722049032,2.2634979706480283,0.7357772435897436,0.25697873992884124,0.34375,1.484375,92.15938181056013,33.92013117670157,40.421052631578945,174.54545454545453,0.3829563819852683,0.25697873992884124,2,1,1.0
S9,1920,1980,60,30,0.1009036458333334,58.78382698047043,-437.17,300.96,738.13,1.76,28.6625,58.78391358199644,13269306.2247,-0.9798129601003935,12.290986413682257,72,67,1.762784081391483,2.1450612321694167,0.7833488805970149,0.28026225186690434,0.34375,1.484375,86.63146527003569,31.479355323459274,40.421052631578945,174.54545454545453,0.39854193150128225,0.28026225186690434,2,1,1.0
S9,1950,2010,60,30,-0.07366927083333351,41.2083045275008,-253.51,234.67,488.17999999999995,-0.18,27.737499999999997,41.208370377785,6520818.3905,0.06625895261408161,5.456138553486506,81,80,1.8298571005670174,1.9429827612903408,0.740625,0.24834166783762848,0.34375,1.4375,90.27513229350367,30.53713432320989,41.73913043478261,174.54545454545453,0.3463830400626422,0.24834166783762848,2,1,1.0
S9,1980,2040,60,30,0.038460937500000014,39.04241146991941,-202.44,192.6,395.03999999999996,-0.795,29.3425,39.04243041397664,5853355.6709,0.07023444366437892,3.5744587614689234,82,79,2.092027664351066,1.9006350573791635,0.721123417721519,0.24564905267106688,0.34375,1.46875,93.04010310406234,31.804248676931387,40.851063829787236,174.54545454545453,0.3398811641282386,0.24564905267106688,2,1,1.0
S9,2010,2070,60,30,0.22630989583333352,44.76290973065766,-224.92,297.08,522.0,0.535,33.895,44.763481809662196,7694474.1263,0.2902508761137007,6.3284263312178854,81,75,2.0722347992433874,1.808984635153662,0.691875,0.24072048971092322,0.34375,1.453125,96.54627133449102,30.807187386100964,41.29032258064516,174.54545454545453,0.315776739682207,0.24072048971092322,2,1,1.0
S9,2040,2100,60,30,0.0019244791666663966,69.8578482017942,-462.43,389.23,851.6600000000001,0.695,53.755,69.85784822830247,18739656.8029,-0.31493066974007033,7.55651531949677,80,75,1.9626892830128504,1.6767958862049772,0.7004166666666667,0.2574460569172156,0.34375,1.390625,97.17888645904173,33.759232667636304,43.146067415730336,174.54545454545453,0.3640586032444279,0.2574460569172156,2,1,1.0
S9,2070,2130,60,30,-0.5061953125000004,72.65817176152643,-462.43,389.23,851.6600000000001,0.445,57.067499999999995,72.65993502214185,20273150.0445,-0.5111194245760287,6.412479362289302,79,73,2.089844818774701,1.689226018725658,0.7275256849315068,0.28551028350277025,0.34375,1.359375,95.89387940782082,36.534981239408445,44.13793103448276,174.54545454545453,0.3440901489420444,0.28551028350277025,2,1,1.0
S9,2100,2160,60,30,0.06570572916666682,73.11563880195955,-367.4,314.81,682.21,2.12,54.59,73.11566832534227,20528259.6659,-0.5731504154121896,4.038952688653785,83,78,2.1648327925964637,1.8081352712549328,0.6834935897435898,0.2575657557763691,0.34375,1.328125,99.99942470742758,34.80079163436253,45.1764705882353,174.54545454545453,0.35134034286710375,0.2575657557763691,2,1,1.0
S9,2130,2190,60,30,0.3714921875000002,70.00588484517331,-367.4,314.81,682.21,2.12,40.915,70.00687051569325,18819693.7705,-0.5216757561936239,4.712585499147974,77,70,2.048137647696257,1.8889116019275405,0.7122767857142858,0.2245949487935936,0.375,1.3125,92.71113721665262,28.44536013873134,45.714285714285715,160.0,0.2978625831368737,0.2245949487935936,2,1,1.0
S9,2160,2220,60,30,-0.13974739583333307,52.80034331104596,-403.25,274.06,677.31,2.25,30.8925,52.80052824640071,10705519.807100002,-0.8757799698180553,9.632832006019722,77,74,1.8057487861865784,2.1326825708499904,0.7489442567567568,0.19451833611145558,0.34375,1.234375,87.08591952460354,28.436177398305855,48.607594936708864,174.54545454545453,0.27245573506258436,0.19451833611145558,2,1,1.0
S9,2190,2250,60,30,0.02066666666666673,48.2608230485804,-403.25,231.05,634.3,2.2800000000000002,36.292500000000004,48.26082747360949,8943772.678800002,-1.0791595870233643,11.783636658673771,80,76,1.9534607792556726,1.9367611784481655,0.7275904605263158,0.239034488467858,0.359375,1.375,91.54691099771848,29.618610089535498,43.63636363636363,166.95652173913044,0.3686749570534095,0.239034488467858,2,1,1.0
S9,2220,2280,60,30,0.04848958333333324,35.39006850092115,-180.98,138.8,319.78,-1.17,31.905,35.39010171982533,4809443.711000001,0.07328882788452411,3.3032289669476125,85,81,2.013216853510376,1.684034841555313,0.7079475308641975,0.20594174108036478,0.375,1.234375,92.30785497242289,27.410358666504695,48.607594936708864,160.0,0.2929374983331555,0.20594174108036478,2,1,1.0
S9,2250,2310,60,30,-0.04175260416666668,25.047039169793507,-80.6,104.35,184.95,-1.585,29.440000000000005,25.047073969889677,2409046.7115,0.7177997525258406,1.9933656884006785,81,79,2.2863942927222856,1.4148935371208078,0.7454509493670886,0.19579097876205898,0.34375,1.328125,86.72692179345665,25.622927610072672,45.1764705882353,174.54545454545453,0.26812315088119776,0.19579097876205898,2,1,1.0
S9,2280,2340,60,30,0.08472135416666655,20.733840820812077,-56.79,68.98,125.77000000000001,2.955,30.439999999999998,20.734013911701346,1650813.4383,0.013228143644396602,-0.09829914024058306,77,76,2.7789377012201464,0.9330353122946149,0.7783717105263158,0.16620643593956277,0.34375,1.328125,81.09619308412924,20.606441583666737,45.1764705882353,174.54545454545453,0.24593703674246925,0.16620643593956277,2,1,1.0
S9,2310,2370,60,30,0.14445833333333324,21.836781192098737,-67.16,103.31,170.47,4.025,30.770000000000003,21.83725900935524,1831164.9832,0.1083744628398704,0.9440417058943469,78,77,2.7569104966731253,1.0432700891345132,0.7662337662337663,0.12038564984151366,0.40625,1.328125,80.45000209656784,14.850464110590378,45.1764705882353,147.69230769230768,0.17881833552997448,0.12038564984151366,2,1,1.0
S9,2340,2400,60,30,-0.2231796874999999,22.477683846729978,-67.16,103.31,170.47,2.285,30.497500000000002,22.478791788849737,1940336.9482999998,0.18063291691063846,0.9511896517116591,79,78,2.5726275560714433,1.2113614672497006,0.7668269230769231,0.17470659266880229,0.34375,1.34375,83.29453041593358,24.118703465038337,44.651162790697676,174.54545454545453,0.23857173386567682,0.17470659266880229,2,1,1.0
S9,2370,2430,60,30,-0.08610416666666658,22.620726374223324,-64.14,87.61,151.75,2.505,32.692499999999995,22.620890248285985,1964945.9543999997,0.017757769650973983,0.02718929801555703,77,76,2.650861629834575,1.0798886250983009,0.7639802631578947,0.1508435314888776,0.34375,1.34375,82.54369668811218,21.910897166597742,44.651162790697676,174.54545454545453,0.1791727227658645,0.1508435314888776,2,1,1.0
S9,2400,2460,60,30,0.1316328125,25.16257470628847,-107.71,117.6,225.31,3.5549999999999997,32.8425,25.162919008868485,2431382.3732999996,0.12868098754505988,1.7280887744787714,80,78,2.434399131051218,1.205789980661794,0.7419871794871795,0.17165165394011803,0.375,1.1875,86.41808143691085,25.472961413088747,50.526315789473685,160.0,0.2339484755337069,0.17165165394011803,2,1,1.0
S9,2430,2490,60,30,0.014700520833333404,58.56363452266314,-755.34,331.38,1086.72,3.3,35.87,58.56363636771008,13170046.097700002,-3.324250693210749,39.95777064496333,80,78,1.5332915337631714,1.4947153801253314,0.7558092948717948,0.2494122319134096,0.34375,1.46875,88.49960547994995,30.000339774278785,40.851063829787236,174.54545454545453,0.3413248276744793,0.2494122319134096,2,1,1.0
S9,2460,2520,60,30,0.2744635416666667,57.26201190510639,-755.34,331.38,1086.72,2.745,34.7825,57.262669669307684,12591411.2166,-3.583493901037165,43.95735243223656,81,78,1.479517059183789,1.507688453135136,0.7425881410256411,0.23627335313028602,0.34375,1.4375,89.70316439157186,30.53423313539684,41.73913043478261,174.54545454545453,0.33912080001803213,0.23627335313028602,2,1,0.9540952380952381
S9,4050,4110,60,30,0.3926901041666667,49.851327278048785,-316.06,288.3,604.36,2.67,20.8875,49.85287390814136,9543586.7017,-1.2449694883257734,16.686976903197912,81,80,1.2824057677152358,1.7913237755935492,0.7361328125,0.2053066992557168,0.359375,1.484375,88.0800604028843,25.9635501091161,40.421052631578945,166.95652173913044,0.2891760703170083,0.2053066992557168,3,0,0.8625714285714285
S9,4080,4140,60,30,0.015971354166666788,16.09948442964001,-106.6,80.95,187.55,2.075,18.015,16.099492351759885,995303.6313000001,-0.37520128704224415,7.203737093045659,84,83,2.4646086491054056,1.310560603170857,0.7153614457831325,0.12054485837663191,0.421875,1.171875,86.55842334293416,16.878591032494988,51.2,142.22222222222223,0.1519805414675053,0.12054485837663191,3,0,1.0
S9,4110,4170,60,30,0.001171875000000037,11.856152204026495,-29.75,37.87,67.62,2.545,18.3725,11.856152261941197,539782.4504000001,-0.2669638201755647,-0.6200125217739432,84,83,3.071381108990403,0.7065086722415882,0.7193147590361446,0.07073254649080907,0.5,0.953125,84.2628854134782,8.873162311704458,62.950819672131146,120.0,0.09541833638081795,0.07073254649080907,3,0,1.0
S9,4140,4200,60,30,-0.0023489583333333804,13.006702503064645,-35.96,37.87,73.83,2.545,19.9425,13.00670271517087,649629.3716,-0.2849457114272666,-0.617403438556082,85,84,3.0998226167420557,0.7470853799052107,0.7087053571428571,0.07515341363783862,0.390625,0.859375,85.86324166999141,11.753414164419995,69.81818181818181,153.6,0.07040134112949359,0.07515341363783862,3,0,1.0
S9,4170,4230,60,30,0.0219557291666666,12.29502927605631,-35.96,31.12,67.08,2.6,18.4525,12.295048879655786,580485.9915,-0.37937792740910903,-0.6148190966891467,85,84,3.2252536651147787,0.772977902377543,0.7103794642857143,0.05484386810266951,0.515625,0.96875,84.9781392690363,6.8229886105901825,61.935483870967744,116.36363636363636,0.07404639745391814,0.05484386810266951,3,0,1.0
S9,4200,4260,60,30,0.06016145833333329,13.219907619720011,-61.41,48.61,110.02,2.37,18.182499999999997,13.220044511082405,671115.1752,-0.3854425746529298,0.8800696702376123,86,85,2.9043055569857206,0.7644087088321442,0.7020220588235294,0.07284701732072461,0.40625,0.96875,86.48691401275329,10.373095131585377,61.935483870967744,147.69230769230768,0.10743117519264979,0.07284701732072461,3,0,1.0
S9,4230,4290,60,30,0.01786979166666663,13.650216628459752,-61.41,48.61,110.02,2.36,19.292499999999997,13.650228325318714,715502.336,-0.3556700016162795,0.6087522852996687,87,86,2.9499005550755855,0.6963696072027945,0.6884084302325582,0.05828611835742165,0.40625,0.921875,87.9113196969733,9.25968348045308,65.08474576271186,147.69230769230768,0.059437853728767434,0.05828611835742165,3,0,1.0
S9,4260,4320,60,30,-0.06933333333333334,13.634714832587157,-82.67,46.46,129.13,2.895,19.3625,13.63489111350301,713895.3818,-0.7021870630962849,1.71503357951336,88,87,3.099374752458415,0.8574567995576101,0.6846264367816092,0.033126892129070315,0.59375,0.75,87.84962716837707,4.360141400630133,80.0,101.05263157894737,0.022161229534408605,0.033126892129070315,3,0,1.0
S9,4290,4350,60,30,0.05752083333333336,12.912753347368744,-82.67,46.46,129.13,2.5700000000000003,17.6575,12.912881462177603,640291.2294,-0.785548786177584,2.5282151861586346,88,87,2.994880956104485,0.8611189593237296,0.679058908045977,0.05987691469558873,0.421875,0.9375,89.10992739036814,8.903662548167562,64.0,142.22222222222223,0.08150396355749452,0.05987691469558873,3,0,1.0
S9,4320,4380,60,30,0.022776041666666705,11.646233437604451,-66.81,39.4,106.21000000000001,1.49,16.335,11.646255708649456,520839.44460000005,-0.5131688513204189,1.4866146007422705,87,86,3.0271145557487893,0.7266439177830863,0.6835029069767442,0.058131585575739164,0.484375,0.921875,88.43141495625545,7.79664862735088,65.08474576271186,123.87096774193549,0.0799780243254358,0.058131585575739164,3,0,1.0
S9,4350,4410,60,30,-0.07115624999999998,16.301014218400724,-70.53,149.37,219.9,1.725,18.6075,16.301169521246525,1020396.0105999999,0.7632025648824101,11.951842642485794,88,87,2.5588689471740995,1.6006903676335198,0.6806752873563219,0.06284482594379534,0.390625,0.921875,89.09663011855604,10.650377786803547,65.08474576271186,153.6,0.06918303106825183,0.06284482594379534,3,0,1.0
S9,4380,4440,60,30,-0.024515624999999975,19.373695411045468,-109.78,149.37,259.15,1.81,20.59,19.373710922170623,1441308.1916,0.7332281598764875,9.401224807525745,88,87,2.4138575484380085,1.5632295068173827,0.6785201149425287,0.10027665193341516,0.34375,1.09375,90.7205164888581,16.717876064356304,54.857142857142854,174.54545454545453,0.11209248705452907,0.10027665193341516,3,0,0.8374285714285714
S10,90,150,60,30,0.19625781250000027,67.67957209328682,-274.47,272.99,547.46,2.4050000000000002,38.9075,67.67985664774547,17589361.9041,-0.0012202540144387486,2.8008998128581615,80,77,1.8053194815059925,1.8657697826085937,0.7416801948051948,0.23772076760274305,0.359375,1.34375,89.37274694036894,28.802437703540065,44.651162790697676,166.95652173913044,0.3133212891955443,0.23772076760274305,1,0,0.9523809523809523
S10,120,180,60,30,0.016989583333333304,51.87755922201068,-264.71,272.99,537.7,2.675,24.655,51.87756200400291,10334520.727599999,-0.025005814885044896,7.070963074112431,87,85,1.4390183297022938,1.7857371446090515,0.6764705882352942,0.186175214601748,0.359375,1.265625,94.6583126075405,23.802936785572527,47.407407407407405,166.95652173913044,0.2217717524696335,0.186175214601748,1,0,1.0
S10,150,210,60,30,-0.15736197916666703,50.79651688502098,-324.07,474.78,798.8499999999999,2.335,21.1575,50.79676062942112,9908393.8193,1.6546672299386092,26.2196645629349,90,86,1.2855583983583192,1.8312724409576595,0.640625,0.15394373547455728,0.359375,1.328125,98.10244684155813,20.865528473344238,45.1764705882353,166.95652173913044,0.23200393791029142,0.15394373547455728,1,0,1.0
S10,180,240,60,30,-0.019799479166666845,55.60722319112419,-324.07,474.78,798.8499999999999,2.69,22.7725,55.60722671602024,11873908.4661,1.2319582789762469,19.13604014058985,92,90,1.3009414061513809,1.7914373576748484,0.6333333333333333,0.1691257390966851,0.359375,1.328125,99.36663282352367,19.212082035733715,45.1764705882353,166.95652173913044,0.2333133727751805,0.1691257390966851,1,0,1.0
S10,210,270,60,30,0.04220052083333334,31.889527719182354,-228.88,192.97,421.85,2.455,20.049999999999997,31.8895556418784,3905064.0347,-0.4836401456498826,17.449201633194306,100,99,1.6457942074955785,1.3474944051005027,0.6002209595959596,0.10634581661235133,0.375,1.234375,101.93666647345601,12.11997776992316,48.607594936708864,160.0,0.13701793976091792,0.10634581661235133,1,0,1.0
S10,240,300,60,30,0.0424479166666667,27.216545355556008,-164.54,218.67,383.21,1.9649999999999999,22.509999999999998,27.216578457195286,2844449.8288,0.7949734750217916,16.36550896843405,95,94,2.0173912719390352,1.2779726060311203,0.6314827127659575,0.14283156485142512,0.53125,1.234375,98.2445341579291,14.642681283383524,48.607594936708864,112.94117647058823,0.12830599594496786,0.14283156485142512,1,0,1.0
S10,270,330,60,30,0.023072916666666703,27.541728650678408,-164.54,218.67,383.21,1.48,20.634999999999998,27.541738315274934,2912821.8218,0.794406239859649,15.603142953806412,90,89,1.897250394784804,1.5606566685328866,0.6706460674157303,0.16519721491597686,0.46875,1.375,93.34934529458023,16.446624949855355,43.63636363636363,128.0,0.17503392274703755,0.16519721491597686,1,0,1.0
S10,300,360,60,30,0.7066276041666666,33.18182328500909,-223.24,370.41,593.6500000000001,2.29,19.5825,33.18934646974149,4229885.6413,2.7898439018683177,41.31362598670527,94,93,1.5895975404305336,1.9156322228209275,0.6386088709677419,0.13016919720557796,0.34375,1.3125,97.25634843717337,18.122885152563605,45.714285714285715,174.54545454545453,0.17340444749684128,0.13016919720557796,1,0,1.0
S10,330,390,60,30,-0.01719531250000017,35.5746247355673,-223.24,370.41,593.6500000000001,1.51,13.6525,35.57462889132097,4859728.2077,1.7125732987753195,33.87888602985497,84,81,1.4165862376375165,2.143313061223593,0.6732253086419753,0.19546787848638061,0.34375,1.25,95.21764928358961,23.054056656132744,48.0,174.54545454545453,0.2403978737329274,0.19546787848638061,1,0,1.0
S10,360,420,60,30,-0.5836119791666668,48.32080298801677,-344.41,287.78,632.19,0.715,12.5625,48.32432725190241,8967323.920699999,-0.888591895281655,13.967598435093599,67,58,1.547564353542527,2.1273621291640263,0.6368534482758621,0.19002675931392077,0.359375,1.265625,99.99354704887232,20.89107776448975,47.407407407407405,166.95652173913044,0.25986234864102203,0.19002675931392077,1,0,1.0
S10,390,450,60,30,-0.014403645833333497,60.95118684719652,-344.41,287.78,632.19,0.91,24.1475,60.95118854909127,14265781.9605,-0.24969062465628286,5.889247822831274,87,85,1.5931572887931924,1.9150182543069576,0.6560661764705882,0.20761433383396677,0.359375,1.390625,98.81653923636733,25.001058761547682,43.146067415730336,166.95652173913044,0.3175054851068193,0.20761433383396677,1,0,1.0
S10,420,480,60,30,0.3817682291666665,43.52391804757365,-202.55,234.94,437.49,1.87,18.285,43.52559234740762,7274792.4065000005,0.5455296832531101,8.368579894278254,102,101,1.3334655900092838,1.8570671434516688,0.5870977722772277,0.11280955020547687,0.34375,1.046875,105.40161010538151,17.8914808649207,57.3134328358209,174.54545454545453,0.17798102734210183,0.11280955020547687,1,0,1.0
S10,450,510,60,30,-0.00543749999999991,25.988656521208323,-164.72,227.87,392.59000000000003,0.535,10.75,25.988657090041222,2593575.5418,1.8492676917051993,22.7249856840513,99,97,1.342504910225995,1.6732141669670286,0.5934278350515464,0.09171380300029498,0.359375,1.015625,103.2130260731895,14.242387065677136,59.07692307692308,166.95652173913044,0.12276236121356239,0.09171380300029498,1,0,1.0
S10,480,540,60,30,-0.5347109374999999,51.73194088248116,-310.99,231.55,542.54,0.255,11.81,51.73470424439681,10277681.753300002,-0.5637504376260479,9.961446793001715,59,53,1.7206397513774454,2.1522416534442557,0.6621462264150944,0.2079818126571105,0.375,1.40625,96.85517704137428,21.590445163813417,42.666666666666664,160.0,0.28895690638917076,0.2079818126571105,1,0,1.0
S10,510,570,60,30,-0.051226562500000065,48.18567593316679,-310.99,231.55,542.54,1.87,17.252499999999998,48.1857031628353,8915950.038900003,-0.7905384540588684,13.144565168326018,90,88,1.323987284327163,1.7758496891145614,0.6459517045454546,0.16036634576820996,0.375,1.40625,96.49988052758412,15.560529554398173,42.666666666666664,160.0,0.23070644218157513,0.16036634576820996,1,0,1.0
S10,540,600,60,30,0.34353124999999984,35.80833452038818,-236.6,270.19,506.78999999999996,2.42,20.6425,35.809982335149925,4924242.565799999,0.4460150993758604,13.219033008062656,98,97,1.5187292007211897,1.6086353058069183,0.6135631443298969,0.10872911892746145,0.390625,1.125,100.08174457298082,13.697158148932456,53.333333333333336,153.6,0.15774028875945634,0.10872911892746145,1,0,1.0
S10,570,630,60,30,0.027148437499999765,62.0578814160858,-236.6,317.07,553.67,1.43,33.625,62.057887354393756,14788536.5103,0.4631771895685545,5.391183007784022,92,91,1.5438917666480039,1.747038838092041,0.6510989010989011,0.18642455637220284,0.359375,1.4375,97.80990249053202,21.306620124531925,41.73913043478261,166.95652173913044,0.24975030933692333,0.18642455637220284,1,0,1.0
S10,600,660,60,30,0.4423776041666665,55.936121596127755,-233.45,317.07,550.52,1.295,26.247500000000002,55.937870867252876,12015534.325100001,0.6012982189384375,7.711408099918641,91,90,1.5226945298174304,1.777490124957719,0.6585069444444445,0.19225116254625305,0.34375,1.4375,97.311516587381,23.456440180583577,41.73913043478261,174.54545454545453,0.23707480603958714,0.19225116254625305,1,0,1.0
S10,630,690,60,30,0.14374218750000042,52.34505386665797,-282.75,348.22,630.97,2.37,27.485,52.34525122797474,10521697.252299998,0.26747848379424527,7.0240918551356835,90,89,1.6906553324002656,1.980586112841259,0.6632724719101124,0.19812769205787914,0.34375,1.3125,97.51667559905776,25.725359516993432,45.714285714285715,174.54545454545453,0.2519840923093929,0.19812769205787914,1,0,1.0
S10,660,720,60,30,-0.7818151041666658,57.02935685362135,-282.75,348.22,630.97,2.08,41.3025,57.034715551099154,12491361.7075,0.2709098625573165,5.497984652454056,93,92,1.7758218588115253,1.7150515628151122,0.645889945652174,0.18371515663653384,0.359375,1.453125,98.3348417658523,20.800176987834334,41.29032258064516,166.95652173913044,0.23103155520107285,0.18371515663653384,1,0,1.0
S10,690,750,60,30,-0.33270312499999977,63.32189940211074,-284.51,281.11,565.62,1.565,50.004999999999995,63.32277343310554,15397530.759399999,-0.0420374357673897,2.792111035904134,92,91,1.8540910226309133,1.702543244263325,0.649896978021978,0.17167942828608465,0.359375,1.4375,97.22933106224697,20.06279218416807,41.73913043478261,166.95652173913044,0.22352186150228,0.17167942828608465,1,0,1.0
S10,720,780,60,30,0.11966145833333286,62.254272047938386,-284.51,260.64,545.15,1.78,45.8725,62.25438705090054,14882337.4352,-0.2764077268476753,2.7403878321212582,76,70,2.114870715068707,1.7550911505533198,0.6852678571428571,0.16901611198253816,0.4375,1.4375,91.84345059319274,18.57155409088568,41.73913043478261,137.14285714285714,0.24201760345155635,0.16901611198253816,1,0,1.0
S10,750,810,60,30,0.2517135416666664,37.54125481388808,-227.12,171.74,398.86,1.1,21.259999999999998,37.54209867213517,5412131.2232,-0.7143208136405619,8.08496171435849,85,81,1.7471790552238575,1.796206949078464,0.6784336419753086,0.18841188042311854,0.359375,1.453125,93.60162308203873,20.718827636187534,41.29032258064516,166.95652173913044,0.274173117641938,0.18841188042311854,1,0,1.0
S10,780,840,60,30,-0.12980989583333388,56.88157776651991,-315.91,325.08,640.99,1.66,25.3175,56.88172588641899,12424438.0409,-0.7701059204568906,8.653741074998598,74,68,1.6161195951660166,1.8973981730085163,0.7228860294117647,0.22055807468442215,0.34375,1.453125,89.65477598676382,23.647344659179375,41.29032258064516,174.54545454545453,0.29487988281532385,0.22055807468442215,1,0,1.0
S10,810,870,60,30,-0.1357343750000006,70.18866985320905,-315.91,325.08,640.99,2.995,37.540000000000006,70.18880109806217,18917636.3504,-0.41208537049828087,4.110771000714417,82,79,1.7927690243153767,1.8918145414095329,0.7066851265822784,0.2238188351976314,0.34375,1.375,92.71120612852353,27.21378827296549,43.63636363636363,174.54545454545453,0.31876728208554456,0.2238188351976314,1,0,1.0
S10,840,900,60,30,0.1620546874999997,70.12026983246155,-319.3,284.7,604.0,1.895,39.4375,70.12045709419583,18880813.451899998,-0.22047821670775553,2.596095180455827,80,75,1.866903112506242,1.8205973824687696,0.7054166666666667,0.24064114303714196,0.359375,1.46875,93.97371317786762,28.37835985169162,40.851063829787236,166.95652173913044,0.3500130080232347,0.24064114303714196,1,0,1.0
S10,870,930,60,30,0.06933593749999985,52.466214541693994,-319.3,236.58,555.88,0.375,21.0775,52.466260356607194,10570400.5471,-0.43572828992790985,7.235322177425502,82,80,1.4363598843932404,1.7406501556134006,0.720703125,0.2649390845191765,0.34375,1.46875,93.43452720712624,30.746617407416604,40.851063829787236,174.54545454545453,0.31526172853086026,0.2649390845191765,1,0,1.0
S10,900,960,60,30,-0.21413020833333327,40.465070832418284,-321.73,259.9,581.63,0.94,20.34,40.46563738802034,6287876.3873999985,-0.4634838177316427,16.52247170850525,88,86,1.576235965683795,1.9209276500018204,0.6798691860465116,0.19310517500692145,0.34375,1.359375,93.89104904398145,21.93721483858626,44.13793103448276,174.54545454545453,0.2470006195663818,0.19310517500692145,1,0,1.0
S10,930,990,60,30,0.07228124999999998,41.71354348727339,-321.73,259.9,581.63,4.95,31.9325,41.7136061117203,6681695.7497999985,-0.46759992822505697,14.31281796246595,87,85,1.8405610125762768,1.7226184498313426,0.6882352941176471,0.150193385648505,0.421875,1.359375,90.80917878407479,18.03875078748083,44.13793103448276,142.22222222222223,0.18805720776629953,0.150193385648505,1,0,1.0
S10,960,1020,60,30,0.15642708333333344,24.243680121384553,-179.76,206.1,385.86,4.13,27.35,24.244184772031762,2257077.1018000003,0.016166013173464933,14.405921996706365,90,89,2.279911472503284,1.1896769572450296,0.6702949438202247,0.1011543750948991,0.390625,1.171875,91.36073416700036,13.206376507685018,51.2,153.6,0.14196997284257137,0.1011543750948991,1,0,1.0
S10,990,1050,60,30,0.16229427083333342,37.18669507142682,-312.82,206.1,518.92,4.13,26.83,37.18704922100738,5310246.258300001,-1.4466392067797862,16.710315905015438,94,93,1.8316520189695242,1.8752131242368792,0.6414650537634409,0.09983515035548594,0.34375,1.140625,95.86173089013889,16.54917141648718,52.602739726027394,174.54545454545453,0.13507110836096184,0.09983515035548594,1,0,1.0
S10,1020,1080,60,30,-0.08305468750000003,31.847234574101442,-312.82,179.3,492.12,3.185,19.7225,31.84734287344799,3894732.4727000003,-2.361027591084821,27.863645985862995,97,96,1.6758450660339914,1.957457913447785,0.6173502604166666,0.06245908457563185,0.34375,0.796875,98.50087769516813,13.460271171295023,75.29411764705883,174.54545454545453,0.08103146217267775,0.06245908457563185,1,0,1.0
S10,1050,1110,60,30,-0.1870260416666666,8.909058057869446,-24.87,18.7,43.57,2.12,12.912500000000001,8.911020941438192,304920.16980000003,-0.6068299685387682,-0.48837479387534,101,100,2.906931308984372,0.6794592529726586,0.59640625,0.04104678875609516,0.40625,0.703125,101.13037106269071,7.817971803806994,85.33333333333333,147.69230769230768,0.05735619644120433,0.04104678875609516,1,0,1.0
S10,1080,1140,60,30,-0.12064583333333326,31.236010786323465,-200.22,215.29,415.51,1.8250000000000002,13.987499999999999,31.236243776427674,3746699.233,0.4569760165748766,19.024986093192954,102,101,1.1982116793724458,1.8005387499415701,0.5900371287128713,0.0848768227770456,0.359375,1.140625,103.37596384684521,12.894512931652734,52.602739726027394,166.95652173913044,0.0830186114299077,0.0848768227770456,1,0,1.0
S10,1110,1170,60,30,-0.06711458333333316,44.04007168261409,-336.5,215.29,551.79,1.9849999999999999,23.4575,44.0401228220027,7447804.4858,-0.742458744881984,12.822979390880658,96,95,1.5253485238956344,1.5985819427015975,0.6217105263157895,0.1558365374434204,0.34375,1.484375,100.66338554393528,18.593854493374018,40.421052631578945,174.54545454545453,0.21273673648244706,0.1558365374434204,1,0,1.0
S10,1140,1200,60,30,0.09910156250000018,57.283512541241755,-336.5,250.32,586.8199999999999,3.245,38.6125,57.283598264968404,12600616.819899999,-0.7295414877790972,8.022189905824856,89,87,1.635227465603968,1.6221244383277167,0.6632543103448276,0.16923021651328574,0.34375,1.390625,94.97749891166788,19.209829957919577,43.146067415730336,174.54545454545453,0.23620290112835932,0.16923021651328574,1,0,1.0
S10,1170,1230,60,30,-0.038151041666666566,54.60615343852913,-305.55,262.32,567.87,2.8049999999999997,30.985,54.60616676579822,11450240.443599999,-0.30396328422113456,7.906830855694931,88,86,1.542002789188936,1.7393587687680119,0.6622456395348837,0.17384848456107987,0.390625,1.328125,95.40399445103391,19.865852499109295,45.1764705882353,153.6,0.23216482402531588,0.17384848456107987,1,0,1.0
S10,1200,1260,60,30,0.013119791666666724,35.95496902023511,-207.43,262.32,469.75,2.39,25.305,35.954971413908815,4964198.2824,0.30312980578270016,12.389117001245904,100,97,1.7333181392793329,1.6797725269332342,0.6066365979381443,0.11857289571708728,0.34375,1.34375,101.91929903001748,17.457845132482202,44.651162790697676,174.54545454545453,0.15975082067717603,0.11857289571708728,1,0,1.0
S10,1230,1290,60,30,0.11130208333333333,47.28972035575398,-363.24,319.6,682.84,2.98,27.987499999999997,47.28985133703812,8587507.351599999,-0.09882357221101731,13.548171961199252,99,97,1.5189838868138503,1.6354389408946368,0.6058311855670103,0.11469931842563745,0.375,1.265625,101.79702974087792,15.934985542469688,47.407407407407405,160.0,0.16504387782669466,0.11469931842563745,1,0,0.7142857142857143
S10,1590,1650,60,30,0.28437500000000004,17.687248033393768,-45.65,92.77,138.42,5.215,26.645,17.689533971685538,1201611.3106,-0.2357075956123729,0.49665086947637826,70,69,2.886954805964128,0.5534835551076958,0.8632246376811594,0.13092842001776003,0.359375,1.21875,72.24191276982285,19.210502527455834,49.23076923076923,166.95652173913044,0.09596420159169956,0.13092842001776003,3,0,0.9023809523809524
S10,1620,1680,60,30,0.015140625000000055,15.978403694225568,-39.72,24.84,64.56,5.57,25.96,15.978410867610291,980388.9171999999,-0.6432235067025578,-0.8318427105159207,71,70,3.0225216077115737,0.3952841973593117,0.8484375,0.05068930549893425,0.75,0.96875,70.97062571516491,4.2342333161159615,61.935483870967744,80.0,0.04334537266562302,0.05068930549893425,3,0,1.0
S10,1650,1710,60,30,0.059135416666666676,15.799177054728588,-39.48,28.86,68.34,5.27,25.5625,15.799287724583241,958531.1716,-0.6027401500137375,-0.8543399654539576,75,74,2.988737947326661,0.513948142962116,0.792652027027027,0.14096002924185327,0.515625,1.109375,78.18033493212171,14.335534752244914,54.08450704225352,116.36363636363636,0.2140517976776675,0.14096002924185327,3,0,1.0
S10,1680,1740,60,30,0.016729166666666698,15.574881401019269,-38.86,31.37,70.23,5.39,25.5875,15.574890385515827,931496.4884000001,-0.5853582926873507,-0.8905058316727721,79,77,2.9555703855848026,0.6032116899211338,0.763189935064935,0.07567442870653679,0.34375,0.890625,79.85507287852164,13.146620768412806,67.36842105263158,174.54545454545453,0.09366429744986249,0.07567442870653679,3,0,1.0
S10,1710,1770,60,30,-0.06950260416666665,16.323576401924683,-40.83,31.37,72.2,6.33,26.795,16.323724365519602,1023221.6723000002,-0.6249934937155953,-0.8770226885808081,80,79,3.050158787147246,0.49045570537730315,0.7533623417721519,0.07225455669497247,0.34375,0.890625,80.7460603745249,12.278853320780906,67.36842105263158,174.54545454545453,0.07689333609759658,0.07225455669497247,3,0,1.0
S10,1740,1800,60,30,-0.012828125000000027,20.788419144883903,-131.69,90.46,222.14999999999998,6.365,28.0825,20.788423102875473,1659488.7748,-1.208904728358007,5.756833740261724,80,79,2.606980339500109,0.6011624310153848,0.7503955696202531,0.13420366163718273,0.34375,1.171875,82.85169100444071,17.978763012736614,51.2,174.54545454545453,0.1720115279427292,0.13420366163718273,3,0,1.0
S10,1770,1830,60,30,0.02755989583333333,20.95272987904997,-131.69,90.46,222.14999999999998,6.045,28.4675,20.952748004314177,1685827.7719,-1.161884525026301,5.532975183722346,77,76,2.625061655913529,0.6246424627061653,0.7726151315789473,0.15506115856666144,0.34375,1.171875,81.28292868802454,19.809625162382208,51.2,174.54545454545453,0.2160924883971367,0.15506115856666144,3,0,1.0
S10,1800,1860,60,30,0.0022265624999999807,17.346180466812026,-41.37,37.68,79.05,6.41,28.2025,17.346180609713244,1155417.5299,-0.5581653011054409,-0.9149928317745002,77,76,3.0945844753502807,0.45246903668813676,0.7787828947368421,0.10570233732186206,0.53125,1.171875,78.31749872797738,9.694330664711844,51.2,112.94117647058823,0.1627001971930786,0.10570233732186206,3,0,1.0
S10,1830,1890,60,30,0.00795572916666664,20.17515549333714,-100.25,95.93,196.18,6.03,28.79,20.17515706194027,1563021.9359,-0.3912157780385697,1.7933698314226367,79,78,2.778746641538136,0.9338978900190004,0.7628205128205128,0.13158115060527786,0.453125,1.390625,80.707438170122,12.790007138577998,43.146067415730336,132.41379310344828,0.2031093900095831,0.13158115060527786,3,0,1.0
S10,1860,1920,60,30,-0.07221093749999999,20.65064500183865,-100.25,95.93,196.18,5.220000000000001,28.697499999999998,20.65077125463982,1637584.7171,-0.39152901183609834,1.7711139597514265,79,78,2.6125214568239126,1.1402937054307523,0.7654246794871795,0.11310306193949649,0.359375,1.140625,80.63742101598164,16.2240466727824,52.602739726027394,166.95652173913044,0.14500965597047433,0.11310306193949649,3,0,1.0
S10,1890,1950,60,30,-0.00013541666666680996,39.351669262989915,-389.53,293.06,682.5899999999999,5.975,28.715,39.35166926322292,5946446.8754,-1.9464241515438658,31.50071078952878,74,72,1.7790069189703492,2.159430785521477,0.7886284722222222,0.11446407804003308,0.484375,1.5,77.3720535387104,9.656683234351744,40.0,123.87096774193549,0.17134401012681486,0.11446407804003308,3,0,1.0
S10,1920,1980,60,30,0.020356770833333204,38.6259686172076,-389.53,293.06,682.5899999999999,5.26,26.4425,38.62597398144965,5729148.9255,-2.0419999568131346,34.12120744734542,77,76,1.6908448336341293,2.1657787151192154,0.7693256578947368,0.12118638808654177,0.484375,1.5,79.56016177012509,10.689286866294996,40.0,123.87096774193549,0.16765656550917812,0.12118638808654177,3,0,0.7976190476190477
S10,3180,3240,60,30,-0.39149739583333343,85.40600319132831,-522.14,469.3,991.44,-1.645,45.432500000000005,85.40690049011336,28010260.4211,0.3118142332855859,5.815401885781604,79,74,1.8313182185785013,1.9308661021223994,0.7168496621621622,0.31426814715962326,0.34375,1.46875,99.72742785380977,39.1399380537438,40.851063829787236,174.54545454545453,0.4150618352183136,0.31426814715962326,2,1,0.7857380952380952
S10,3210,3270,60,30,0.19290885416666678,54.22812568890129,-279.7,283.91,563.61,1.55,31.5325,54.228468810738995,11292391.0255,0.35654491595162685,6.7024511619471845,104,101,1.5277836934497366,1.7809765075559667,0.5645111386138614,0.1839686978148287,0.34375,1.3125,114.61299824252819,27.198887140153417,45.714285714285715,174.54545454545453,0.2668583498904428,0.1839686978148287,2,1,1.0
S10,3240,3300,60,30,0.21177343750000027,51.65669287071419,-279.7,283.85,563.55,1.815,31.245,51.65712696548392,10246881.662700001,0.12327277234671746,6.963888634946585,102,100,1.6245564906043564,1.7784941380414454,0.593125,0.18050655718698974,0.359375,1.421875,107.90484629139446,23.610025170930154,42.1978021978022,166.95652173913044,0.2168022958360865,0.18050655718698974,2,1,1.0
S10,3270,3330,60,30,-0.3289713541666663,56.01179175665465,-363.09,283.11,646.2,2.335,34.545,56.01275781411507,12047727.5057,-0.47824152615689786,8.297191346025734,103,102,1.544234474440802,1.7204560081380078,0.5726102941176471,0.10666385704132915,0.34375,1.03125,107.71764593231421,16.69002816586728,58.18181818181818,174.54545454545453,0.13530753726636632,0.10666385704132915,2,1,1.0
S10,3300,3360,60,30,0.2055000000000002,75.03210855756187,-363.09,289.16,652.25,4.635,53.445,75.03238997155661,21618660.6522,-0.4512402979987943,3.46863800881604,99,97,1.745857287681829,1.7413435308022216,0.5911726804123711,0.1724477980583879,0.34375,1.25,108.41183365091528,25.35980389550856,48.0,174.54545454545453,0.26183047211182675,0.1724477980583879,2,1,1.0
S10,3330,3390,60,30,0.24679687499999994,70.7520442832631,-279.49,292.37,571.86,1.92,47.1075,70.75247471967559,19222704.687200002,-0.14659499831088008,3.327709015098173,88,85,1.9012926378568635,1.8534171505187291,0.6485294117647059,0.2328766262036766,0.34375,1.390625,102.62772638111761,30.266264984379934,43.146067415730336,174.54545454545453,0.292972470214475,0.2328766262036766,2,1,1.0
S10,3360,3420,60,30,-0.0028802083333333782,47.19040248177483,-239.77,292.37,532.14,1.3050000000000002,30.9975,47.19040256966982,8551426.9236,0.24245103552267902,8.089127153540263,95,93,1.607882696237891,1.873609655988656,0.6313844086021505,0.18594274580253387,0.359375,1.25,102.08211839967859,25.83890518908641,48.0,166.95652173913044,0.2807872854320973,0.18594274580253387,2,1,1.0
S10,3390,3450,60,30,-0.07673958333333347,42.53378992532114,-215.27,209.2,424.47,0.805,31.83,42.533859152150775,6947056.0296,0.10633366350526732,5.686165186396524,93,92,1.681072053934963,1.7729871091647043,0.6411345108695652,0.19727211349849458,0.34375,1.25,101.20412427935553,26.997159894624108,48.0,174.54545454545453,0.29975737097866995,0.19727211349849458,2,1,1.0
S10,3420,3480,60,30,-0.03344270833333323,57.299730079733,-264.1,705.55,969.65,0.38,31.355,57.299739839069076,12607719.1128,2.6382119035404585,31.516074063445366,89,85,1.4520785307258854,2.149349935777765,0.653860294117647,0.22326621986049713,0.34375,1.296875,101.17338525285518,29.75081931037026,46.265060240963855,174.54545454545453,0.32950831567158695,0.22326621986049713,2,1,1.0
S10,3450,3510,60,30,0.10944270833333357,47.607185375496904,-264.1,705.55,969.65,2.04,26.177500000000002,47.607311172584964,8703191.336,4.323681173432048,65.33547304515469,96,92,1.2816933414300409,2.1980558020352663,0.6370584239130435,0.15932942491063257,0.359375,1.265625,99.50403106162028,23.045632143844095,47.407407407407405,166.95652173913044,0.23421468876373297,0.15932942491063257,2,1,1.0
S10,3480,3540,60,30,0.48993489583333333,47.71149112461592,-439.06,408.67,847.73,3.0949999999999998,29.825,47.714006555061566,8742245.4587,0.1679214690802634,24.362325745707082,94,93,1.5172846873416557,1.9136900355078057,0.6365927419354839,0.16516730266825694,0.359375,1.296875,100.05239220607305,24.163342296458175,46.265060240963855,166.95652173913044,0.25520024573106437,0.16516730266825694,2,1,1.0
S10,3510,3570,60,30,0.02263541666666651,49.25719616665582,-439.06,408.67,847.73,2.68,26.955,49.25720136754117,9316884.0444,-0.13858154383619922,22.750670930047836,91,89,1.3982962735661941,1.9845157020796023,0.6358848314606742,0.1750050864276047,0.359375,1.296875,100.8707959810203,25.367760316825247,46.265060240963855,166.95652173913044,0.254176538828085,0.1750050864276047,2,1,1.0
S10,3540,3600,60,30,-0.5558619791666666,61.21781151302692,-440.19,349.18,789.37,1.23,22.555,61.22033509369558,14392049.0073,-0.1707053395613685,15.176961893132685,85,81,1.2900935843736752,2.148434767103824,0.6820987654320988,0.2474571743376859,0.40625,1.5,96.67275677462386,25.573421937911643,40.0,147.69230769230768,0.2929270803699489,0.2474571743376859,2,1,1.0
S10,3570,3630,60,30,0.05028645833333372,78.16328549049062,-440.19,598.47,1038.66,1.615,30.9325,78.16330166642038,23460486.633200005,0.29377590724685704,11.908889206624327,84,80,1.4950601013058313,2.108056463064099,0.6845703125,0.24606390878101128,0.34375,1.328125,97.56894345236222,29.048150762124514,45.1764705882353,174.54545454545453,0.3229368698593534,0.24606390878101128,2,1,1.0
S10,3600,3660,60,30,-0.08777343749999983,53.550479656812705,-376.22,598.47,974.69,2.8499999999999996,30.405,53.55055159053959,11011820.450500002,0.9394798607295355,34.88628408084014,97,95,1.3725136237364666,1.9240821509527684,0.6069078947368421,0.18433897659729015,0.34375,1.3125,106.1810877866828,25.628781110827624,45.714285714285715,174.54545454545453,0.24545507189805374,0.18433897659729015,2,1,1.0
S10,3630,3690,60,30,0.03748958333333331,21.04800734951668,-96.21,73.8,170.01,2.27,26.185000000000002,21.048040736709122,1701196.8724,-0.6135797683892404,1.6301416328652891,105,104,2.2177147420821313,1.3456004761085887,0.5706129807692307,0.10911672737063073,0.34375,1.078125,108.3274366754178,17.433479046436528,55.65217391304348,174.54545454545453,0.12809983769022557,0.10911672737063073,2,1,1.0
S10,3660,3720,60,30,0.233515625,17.81829069134338,-95.81,70.22,166.03,1.955,24.0925,17.819820782160896,1219376.6888000001,-0.401095165645139,1.4488080390730351,106,105,2.3552647770652224,1.1487658002391097,0.5589285714285714,0.0665453163201563,0.34375,0.828125,108.77716358083687,12.448193820989326,72.45283018867924,174.54545454545453,0.06272495573625687,0.0665453163201563,2,1,1.0
S10,3690,3750,60,30,-0.19106510416666653,51.30039333970317,-312.81,408.07,720.88,3.245,27.72,51.300749143480274,10105984.752700001,-0.39424605389790096,15.124490831978498,102,101,1.5272347831571718,2.038112094133664,0.588644801980198,0.14325795764865476,0.390625,1.171875,106.34577238206955,19.018617564066126,51.2,153.6,0.1909960528060724,0.14325795764865476,2,1,1.0
S10,3720,3780,60,30,-0.15249218749999988,54.41051272466449,-312.81,408.07,720.88,4.53,38.57,54.41072641334726,11368424.251500001,-0.39006693784349333,11.512665096124246,95,94,1.7422407137755993,1.8268090485311563,0.6309840425531915,0.18604134502628622,0.359375,1.21875,101.99689909143275,24.891882840097526,49.23076923076923,166.95652173913044,0.24038552005619676,0.18604134502628622,2,1,1.0
S10,3750,3810,60,30,0.11363541666666663,31.06196534185062,-136.98,169.51,306.49,4.28,32.235,31.062173199991175,3705057.039,-0.7525538957676364,3.5954704048031525,94,93,1.9586518044984844,1.553930686067719,0.639616935483871,0.17632774519424377,0.359375,1.21875,100.11904895380852,24.56856278927322,49.23076923076923,166.95652173913044,0.24267460657001805,0.17632774519424377,2,1,1.0
S10,3780,3840,60,30,0.0065572916666666835,30.94882037789447,-232.21,169.51,401.72,4.11,25.03,30.948821072558644,3678065.3789999997,-1.3983990227067873,9.229793066795247,95,93,1.7537816634516643,1.710805884184214,0.6377688172043011,0.1633299575985331,0.34375,1.234375,98.77976180074634,19.859976837111397,48.607594936708864,174.54545454545453,0.22446792273195257,0.1633299575985331,2,1,1.0
S10,3810,3870,60,30,-0.06279947916666681,37.128558826357526,-232.21,204.43,436.64,4.12,26.8325,37.128611936037615,5293569.885299999,-1.026194825316681,7.9462283079869,98,96,1.7963645958722436,1.936062596850224,0.6140950520833334,0.15425351763698195,0.34375,1.125,102.71688386597664,21.380280205651584,53.333333333333336,174.54545454545453,0.19779832565413424,0.15425351763698195,2,1,1.0
S10,3840,3900,60,30,-0.193721354166667,48.1721175699965,-350.3,287.53,637.8299999999999,3.935,37.8675,48.17250708797109,8911067.2863,-0.46632592591982924,9.953642405920242,95,93,1.8459400705408855,1.8383455811558247,0.6345766129032258,0.16537584376715853,0.34375,1.328125,99.74796694214736,21.41073256322075,45.1764705882353,174.54545454545453,0.19766920551715336,0.16537584376715853,2,1,1.0
S10,3870,3930,60,30,-0.1098489583333335,44.236336792163144,-350.3,287.53,637.8299999999999,3.54,42.125,44.23647318201727,7514363.7488,-0.384285671822709,12.237737166815412,86,85,1.9526985917478266,1.4892503881475272,0.6990808823529412,0.19835538396461758,0.359375,1.375,92.48284351852507,25.179439060838646,43.63636363636363,166.95652173913044,0.2472528565545902,0.19835538396461758,2,1,0.7975952380952381
S11,90,150,60,30,0.1876328124999996,47.59927301063762,-248.08,276.26,524.34,7.83,52.0925,47.59964282653329,8700387.829300001,-0.5269993593259545,5.069145378872328,77,76,2.235120898723674,1.4746314621607346,0.7740542763157895,0.15642343970753492,0.34375,1.078125,82.17330175072642,24.22377198853714,55.65217391304348,174.54545454545453,0.16906798743404974,0.15642343970753492,1,0,1.0
S11,120,180,60,30,-0.3112838541666669,39.421099334655295,-214.87,276.26,491.13,6.0649999999999995,46.6275,39.42232832279982,5967820.6863,-0.07234405676143559,5.384992373777923,75,74,2.349340874889881,1.429126010968671,0.793285472972973,0.17196226472682605,0.34375,1.328125,80.94489379828225,26.168535502335057,45.1764705882353,174.54545454545453,0.1928895081946536,0.17196226472682605,1,0,1.0
S11,150,210,60,30,-0.05474479166666673,33.09274356334711,-159.49,137.85,297.34000000000003,6.9,48.03,33.09278884502886,4205309.4664,-0.5241272107907632,0.8453333050217244,76,75,2.744384440427762,0.9724122531837855,0.7891666666666667,0.1346864929712289,0.34375,1.328125,78.99853023439329,19.088374440258516,45.1764705882353,174.54545454545453,0.15106472136878857,0.1346864929712289,1,0,1.0
S11,180,240,60,30,0.01298177083333331,36.53756030528267,-95.04,57.1,152.14000000000001,10.215,59.962500000000006,36.53756261148986,5126374.9693,-0.5609918614410981,-0.8748539625553682,76,75,2.9296996858296476,0.5098245865985516,0.7952083333333333,0.06381804647241685,0.65625,0.9375,75.9421139702985,6.140506650684606,64.0,91.42857142857143,0.05261204059793137,0.06381804647241685,1,0,1.0
S11,210,270,60,30,0.20330468749999994,40.687665840559085,-157.05,118.2,275.25,10.5,64.69749999999999,40.688173765222714,6357225.539899999,-0.5171136592470333,-0.5029501772736564,75,74,2.8548405911309436,0.6785049933254856,0.7943412162162162,0.10943612635024982,0.359375,0.953125,77.882212518086,17.846809378940037,62.950819672131146,166.95652173913044,0.08151875335757168,0.10943612635024982,1,0,1.0
S11,240,300,60,30,0.19247395833333322,42.19906380804394,-157.05,118.2,275.25,9.47,67.31,42.19950275180977,6838264.4448,-0.4805301300543193,-0.6086335831461622,75,74,2.827424494756754,0.7343711122421561,0.7943412162162162,0.12394047976426624,0.359375,1.140625,78.25126188118297,18.561903007719945,52.602739726027394,166.95652173913044,0.10141008716646283,0.12394047976426624,1,0,1.0
S11,270,330,60,30,0.043544270833333315,42.74042870212311,-145.07,223.72,368.78999999999996,6.72,65.84,42.74045088373298,7014705.1843,-0.016861933016250528,0.7361418030510927,80,78,2.5004808853190377,0.8930849120177409,0.7580128205128205,0.12997760622849946,0.34375,1.140625,82.55744148045808,21.294030469080173,52.602739726027394,174.54545454545453,0.1288347462547758,0.12997760622849946,1,0,1.0
S11,300,360,60,30,-0.0819713541666663,42.5839142849422,-145.07,223.72,368.78999999999996,5.605,55.4975,42.58399317971728,6963442.4645,0.171286161068719,1.7203212464468063,80,79,2.2841224587565416,1.1407529097311875,0.7430775316455697,0.19481934314926164,0.34375,1.40625,87.30446173030302,27.030627305784986,42.666666666666664,174.54545454545453,0.30354249434535097,0.19481934314926164,1,0,1.0
S11,330,390,60,30,-0.15568489583333278,39.959264466684296,-270.7,145.73,416.42999999999995,6.415,51.4925,39.95956774672629,6131585.4893,-0.5357158144241995,2.6554466635235308,77,76,2.3876653367555702,1.0146534053837233,0.766858552631579,0.15214093614106233,0.421875,1.40625,81.61877992641432,18.308828445137493,42.666666666666664,142.22222222222223,0.24409030731473136,0.15214093614106233,1,0,1.0
S11,360,420,60,30,0.09768229166666678,37.44686040457168,-270.7,116.57,387.27,8.1,55.364999999999995,37.44698780929627,5384743.2806,-0.8075043956967874,2.1333208470563623,77,76,2.760503996206519,1.0451780054328446,0.778577302631579,0.07166499631619694,0.46875,0.9375,77.83972034452081,8.688105347245795,64.0,128.0,0.05731060293116216,0.07166499631619694,1,0,1.0
S11,390,450,60,30,-0.001843750000000203,37.708456827190446,-109.89,143.2,253.08999999999997,9.39,61.4125,37.70845687226541,5460202.443600001,-0.3665792626066567,-0.6908692256868574,76,75,2.926751682771185,0.5273145404711747,0.7904166666666667,0.0818922267712605,0.390625,1.203125,76.89367317256318,10.482545407585388,49.87012987012987,153.6,0.12678206055423763,0.0818922267712605,1,0,1.0
S11,420,480,60,30,-0.048333333333333575,54.635075380249596,-523.08,303.81,826.8900000000001,5.779999999999999,61.32,54.63509675947016,11462376.184,-1.5079391365594692,17.11783166977704,80,78,2.1049138158885543,1.297632008532803,0.7475961538461539,0.14078242886409428,0.453125,1.296875,83.10687252902248,15.989539632748766,46.265060240963855,132.41379310344828,0.1842246387768681,0.14078242886409428,1,0,1.0
S11,450,510,60,30,-0.1179947916666664,83.0289746447737,-523.08,436.48,959.5600000000001,5.279999999999999,72.9625,83.02905848757611,26472286.2848,-0.2903232049342924,5.941755571863547,75,74,1.918498138930829,1.618487795372867,0.8015202702702703,0.21524903771623416,0.390625,1.453125,80.20308089140924,21.51458808431196,41.29032258064516,153.6,0.2956501860886385,0.21524903771623416,1,0,1.0
S11,480,540,60,30,-0.14075781249999944,84.91386254104368,-334.69,436.48,771.1700000000001,7.68,89.97999999999999,84.91397920484614,27687874.039300002,0.223534849678398,3.2102267559210134,73,72,2.084449168137097,1.50741209472698,0.8196614583333334,0.23064064181890656,0.390625,1.453125,79.76829321548779,25.239811409069866,41.29032258064516,153.6,0.32565827497525557,0.23064064181890656,1,0,1.0
S11,510,570,60,30,0.09065364583333349,60.25358837572142,-264.07,328.81,592.88,7.955,66.92,60.25365657148432,13941132.020100001,0.3970864076672062,4.968987237465268,75,74,2.2565914661461086,1.4748294036535823,0.7958192567567568,0.1653261558656069,0.390625,1.203125,79.28133118513311,19.620414568179115,49.87012987012987,153.6,0.26859240959386466,0.1653261558656069,1,0,1.0
S11,540,600,60,30,-0.0524427083333333,43.99345024903623,-245.93,303.04,548.97,8.36,52.635,43.993481506378686,7432037.433800001,0.0639670543745917,7.921370054752094,75,74,2.456101974006167,1.1536792992561735,0.7985641891891891,0.14113008878630054,0.390625,1.234375,77.75877955740128,15.786614710343958,48.607594936708864,153.6,0.22844964233700193,0.14113008878630054,1,0,1.0
S11,570,630,60,30,0.15848958333333343,41.14394771599028,-217.39,173.31,390.7,9.309999999999999,57.7625,41.14425297175982,6500542.282,-0.5900037428910966,1.8515649975219226,73,72,2.688595970867499,1.030030093556593,0.8168402777777778,0.14830545621445756,0.390625,1.234375,76.40874654354752,17.47431482449742,48.607594936708864,153.6,0.22239790346311436,0.14830545621445756,1,0,1.0
S11,600,660,60,30,0.23953906250000012,39.76460526388694,-150.1,85.16,235.26,11.73,63.72,39.765326740204316,6072119.8493,-0.6421785922143365,-0.48566061052002407,71,70,2.9019862579390074,0.5542596253093437,0.8379464285714285,0.12564486085261695,0.40625,1.109375,73.53298615314579,13.628778357468967,54.08450704225352,147.69230769230768,0.19038392037585833,0.12564486085261695,1,0,1.0
S11,630,690,60,30,-0.1935390624999998,42.112669318585056,-154.21,134.16,288.37,10.29,65.745,42.113114044264265,6810295.1981,-0.4322568277257634,-0.3944726735568356,74,72,2.8301523555447416,0.7291376261344819,0.8127170138888888,0.13087053112570762,0.359375,1.09375,76.13291367018921,15.462351704050034,54.857142857142854,166.95652173913044,0.19112365510447146,0.13087053112570762,1,0,1.0
S11,660,720,60,30,0.038588541666667066,53.62600206850717,-239.31,221.77,461.08000000000004,6.35,67.42750000000001,53.62601595240023,11042878.413800001,-0.18958128446956996,2.213354023005209,76,74,2.347098822600954,1.2657487194760244,0.7977195945945946,0.1591142021065304,0.359375,1.109375,78.90431996599746,19.974445744157578,54.08450704225352,166.95652173913044,0.2279586910202018,0.1591142021065304,1,0,1.0
S11,690,750,60,30,0.1267005208333335,77.6231036021969,-438.46,630.13,1068.59,5.035,73.0625,77.62320700576198,23137391.1009,0.29325160763736124,9.647908982069827,74,72,1.8897114836067797,1.478803956617697,0.8012152777777778,0.17710673524563453,0.375,1.40625,79.63746248626182,23.32350150748307,42.666666666666664,160.0,0.2292875068193876,0.17710673524563453,1,0,1.0
S11,720,780,60,30,-0.02450520833333346,71.3482793336305,-438.46,630.13,1068.59,7.53,63.487500000000004,71.34828354189749,19547817.8472,0.40529035160238447,13.664987745309876,75,74,1.8294559385654006,1.3292065264729092,0.7983530405405406,0.16124140894528463,0.359375,1.40625,78.70079830734441,19.558532425220083,42.666666666666664,166.95652173913044,0.2119399221663458,0.16124140894528463,1,0,1.0
S11,750,810,60,30,0.030666666666666488,61.33000815069152,-221.86,349.05,570.9100000000001,7.72,62.45,61.330015817773386,14443664.026400002,0.6240175564770745,4.863494902614978,79,77,2.0248579888803597,1.5224744463107416,0.765422077922078,0.18248664116620644,0.375,1.34375,83.34124820315513,22.100732275466875,44.651162790697676,160.0,0.2748845638399872,0.18248664116620644,1,0,1.0
S11,780,840,60,30,0.0314999999999996,77.73334342809665,-289.41,349.05,638.46,5.465,72.08500000000001,77.73334981049264,23203098.9034,0.3344924187490578,3.3187992116851968,73,71,1.9967401481296783,1.6855345838336384,0.8180017605633803,0.22822926229490173,0.34375,1.5,80.06972641005055,26.41905187263121,40.0,174.54545454545453,0.259232426391563,0.22822926229490173,1,0,1.0
S11,810,870,60,30,-0.07584635416666738,91.07266639608186,-371.59,381.32,752.91,4.18,88.0575,91.07269797893032,31849867.457900003,-0.10359981233195809,2.527465397480001,72,69,1.9972833108408068,1.582578763628113,0.8048007246376812,0.2266405442230202,0.34375,1.484375,81.78562738709572,28.19367517780105,40.421052631578945,174.54545454545453,0.299187971174625,0.2266405442230202,1,0,1.0
S11,840,900,60,30,0.017278645833332718,95.33883137927644,-411.51,381.32,792.8299999999999,5.455,92.7375,95.33883294501621,34903653.3785,-0.22836076606199368,2.701756457705619,72,70,2.001380788867434,1.5411600818726678,0.8131696428571429,0.17872774965876656,0.40625,1.328125,78.02733981803169,20.586450954010825,45.1764705882353,147.69230769230768,0.24296603769048566,0.17872774965876656,1,0,1.0
S11,870,930,60,30,-0.055242187500000206,74.48420866542291,-411.51,318.39,729.9,9.57,74.5,74.48422915096552,21303937.5061,-0.41562006266134205,4.963120649982149,75,74,1.9652040249790252,1.4833672521325165,0.7962415540540541,0.16462839159412537,0.40625,1.171875,78.95530209079702,18.474456793095975,51.2,147.69230769230768,0.19954531470285894,0.16462839159412537,1,0,1.0
S11,900,960,60,30,-0.46546614583333346,56.70179599908887,-254.59,252.78,507.37,10.325,68.14500000000001,56.703706477224294,12346791.6605,-0.6158455871681678,2.5068526774276547,77,76,2.283690461082245,1.3200964456255049,0.783922697368421,0.1525336863774532,0.375,1.171875,80.70933468057643,22.529695780120793,51.2,160.0,0.1983000672381799,0.1525336863774532,1,0,1.0
S11,930,990,60,30,0.02921093749999996,48.56121165255083,-248.23,252.78,501.01,10.455,63.31,48.561220438151146,9055457.7809,-0.5877146689087127,3.1466849315490917,73,72,2.477017813352921,1.0465965590776465,0.8203125,0.17428471751825134,0.375,1.34375,77.29881183397828,21.112860524403136,44.651162790697676,160.0,0.24080099197818114,0.17428471751825134,1,0,1.0
S11,960,1020,60,30,0.29727864583333335,40.54179548003854,-204.45,192.84,397.28999999999996,10.06,62.15,40.54288538496664,6311906.1325,-0.47396767904663223,0.8277669144803621,71,70,2.777578714402489,0.7565236639588955,0.8430803571428571,0.12290191544282499,0.5,1.125,72.81834094150766,11.69340908857291,53.333333333333336,120.0,0.1916065989680834,0.12290191544282499,1,0,1.0
S11,990,1050,60,30,1.1418723958333332,50.54617027467899,-337.42,192.84,530.26,10.645,59.0925,50.55906646690788,9815881.7357,-0.9782558446801645,5.053506233518432,77,76,2.3276777284180117,1.5694545570643665,0.7802220394736842,0.12141062441093739,0.375,1.0,79.54664313830898,17.7632483631603,60.0,160.0,0.14160537889972025,0.12141062441093739,1,0,1.0
S11,1020,1080,60,30,-0.013138020833333286,51.22736410603012,-337.42,218.44,555.86,7.145,43.83,51.227365790750696,10077093.1425,-1.2714924109817967,7.033768780561102,80,79,1.9596289356645467,1.706983844615777,0.7454509493670886,0.13929247133388523,0.375,1.40625,83.64894285935728,18.428727068998715,42.666666666666664,160.0,0.18931910034332958,0.13929247133388523,1,0,1.0
S11,1050,1110,60,30,-1.3199348958333335,38.879212986758354,-244.09,218.44,462.53,5.9,35.942499999999995,38.90161218508763,5811208.0535,-1.4900194462171943,10.931308896033205,75,74,1.9664801349255556,1.5579120697579438,0.8013091216216216,0.15171893636455971,0.421875,1.140625,77.8259126551466,16.371877226143372,52.602739726027394,142.22222222222223,0.20648077583075677,0.15171893636455971,1,0,1.0
S11,1080,1140,60,30,0.04600520833333318,32.37379415595361,-223.56,132.22,355.78,8.085,43.275000000000006,32.37382684409197,4024568.3118000003,-0.9938711568079645,4.498766924541809,71,70,2.6517492106436977,0.8796871591051532,0.8372767857142858,0.13732468676470924,0.4375,1.140625,73.77350240606215,13.493769310661497,52.602739726027394,137.14285714285714,0.19962849043621148,0.13732468676470924,1,0,1.0
S11,1110,1170,60,30,0.0922656250000001,37.692062895039456,-107.9,72.65,180.55,9.485,60.370000000000005,37.692175822432525,5455488.454,-0.5496650666793438,-0.7601123712455875,71,70,3.008396658259353,0.593904282200548,0.8417410714285715,0.12591521616290877,0.59375,1.171875,72.88059910864551,10.966128292816341,51.2,101.05263157894737,0.19665525751418653,0.12591521616290877,1,0,1.0
S11,1140,1200,60,30,-0.05115364583333335,42.43598481091521,-214.62,112.02,326.64,7.825,58.28999999999999,42.43601564199576,6915131.226500001,-0.951782680278464,2.348168389038733,74,73,2.647740118677741,1.0510433286442908,0.8154965753424658,0.08564639886741679,0.546875,0.984375,74.4539504724811,8.48952442313243,60.95238095238095,109.71428571428571,0.07727401106748849,0.08564639886741679,1,0,1.0
S11,1170,1230,60,30,-0.09391406250000016,66.16140791826449,-399.02,330.17,729.19,7.83,59.4775,66.16147457227753,16808988.3555,-0.7805757870358785,7.710070394286598,72,70,1.9150829361107853,1.4868371837334688,0.8209821428571429,0.18840343572195475,0.375,1.34375,77.68256586428558,21.284246377392748,44.651162790697676,160.0,0.274623785396376,0.18840343572195475,1,0,1.0
S11,1200,1260,60,30,0.24696354166666665,87.41642080944568,-399.02,330.17,729.19,9.365,86.07499999999999,87.41676966191899,29344095.813600004,-0.38790282593094466,2.541945280294666,70,68,2.007816623374926,1.4676854369816132,0.8403033088235294,0.1968568646131033,0.34375,1.46875,76.44729300320775,24.211195180108348,40.851063829787236,174.54545454545453,0.2200620301374341,0.1968568646131033,1,0,1.0
S11,1890,1950,60,30,-0.2244739583333333,47.86393422955967,-351.29,216.08,567.37,0.42,27.310000000000002,47.864460599588746,8797465.299800001,-0.6380122294117421,8.656323047685268,57,52,2.0661236609436493,1.816636194674907,0.8299278846153846,0.29131389748290243,0.34375,1.390625,82.32134228814108,30.29728260000762,43.146067415730336,174.54545454545453,0.4398734203371666,0.29131389748290243,2,1,0.7062619047619048
S11,1920,1980,60,30,-0.022041666666666515,41.39035862847889,-351.29,177.61,528.9000000000001,1.545,38.0,41.39036449741856,6578543.1292,-1.4038186734961315,11.474281929525773,79,76,1.7717267376570718,1.4527699947876658,0.7545230263157895,0.28779634448809427,0.34375,1.40625,91.97028655343071,34.74276833368971,42.666666666666664,174.54545454545453,0.3756374789940429,0.28779634448809427,2,1,1.0
S11,1950,2010,60,30,0.19371614583333344,31.796503500575895,-108.15,177.61,285.76,0.94,32.1875,31.79709359056723,3882451.8175,0.2951825772148956,2.749165853978435,77,72,2.153695924420109,1.555537799243802,0.740234375,0.2701618968206038,0.34375,1.4375,93.07986525349422,35.354350940932335,41.73913043478261,174.54545454545453,0.36354648001844664,0.2701618968206038,2,1,1.0
S11,1980,2040,60,30,0.08402083333333316,34.4609482199535,-191.86,149.87,341.73,1.51,36.1475,34.46105064734315,4560245.805,-0.4986886819925921,2.8616456277328997,76,71,2.08983313863801,1.710533435105514,0.7339348591549296,0.31212534573804296,0.34375,1.46875,97.60407575233332,40.27518298786747,40.851063829787236,174.54545454545453,0.4116231210099841,0.31212534573804296,2,1,1.0
S11,2010,2070,60,30,0.11177083333333301,41.97388109102273,-287.04,152.71,439.75,2.48,41.7475,41.97402990615149,6765385.6764,-0.8606789694946625,4.673965807458392,69,66,2.0039722457691282,1.7261755121274358,0.8357007575757576,0.30212711637683837,0.375,1.421875,82.46015646692048,31.075184307617686,42.1978021978022,160.0,0.41648533714609004,0.30212711637683837,2,1,1.0
S11,2040,2100,60,30,-0.2148307291666668,36.77919229549295,-287.04,152.71,439.75,2.7,35.9925,36.77981971341134,5194579.7305,-1.0188223156490066,6.730836859361336,69,67,2.0640372572213477,1.5019713464051567,0.8393190298507462,0.2746399595987211,0.375,1.390625,80.30832083055078,28.515458105883358,43.146067415730336,160.0,0.38069286011236186,0.2746399595987211,2,1,1.0
S11,2070,2130,60,30,0.03308072916666672,27.75214604152532,-114.58,104.38,218.95999999999998,1.2349999999999999,26.5725,27.75216575773487,2957501.5843,-0.4598502204753142,1.685557429914728,63,58,2.405808513202807,1.6764832096272462,0.7645474137931034,0.27634098968397436,0.34375,1.453125,89.87523761149512,33.877466278086196,41.29032258064516,174.54545454545453,0.3720012132861982,0.27634098968397436,2,1,1.0
S11,2100,2160,60,30,-0.0757317708333334,35.24998010395318,-272.35,248.26,520.61,0.985,19.645,35.25006145569406,4771456.6373,-0.5478670671449078,11.333013575708097,60,52,2.123570938553196,2.0202780899316406,0.7448918269230769,0.29008753344569055,0.34375,1.453125,92.89524176134583,33.78848555969317,41.29032258064516,174.54545454545453,0.3848469723092391,0.29008753344569055,2,1,1.0
S11,2130,2190,60,30,-0.13059114583333342,33.04471435906841,-272.35,248.26,520.61,0.865,16.8025,33.04497240307202,4193165.5723,-0.4633193046308099,15.076755419042389,56,45,2.078547245216265,1.9712501963719444,0.7138888888888889,0.2675851334184005,0.34375,1.390625,96.01240101679299,34.089870755362945,43.146067415730336,174.54545454545453,0.325587114464184,0.2675851334184005,2,1,1.0
S11,2160,2220,60,30,-0.020351562500000142,23.70808374809344,-110.97,124.83,235.8,0.74,11.5775,23.70809248321569,2158362.8129,-0.26337698914935825,4.923772928778783,54,45,2.216035826479985,2.0779413367218833,0.7020833333333333,0.28273911340668806,0.34375,1.421875,99.86184895637481,38.575930405030725,42.1978021978022,174.54545454545453,0.3875088777392133,0.28273911340668806,2,1,1.0
S11,2190,2250,60,30,-0.018132812500000116,19.93061377624848,-110.97,84.57,195.54,0.43,5.4425,19.930622024835927,1525362.0261,-0.9178303582952902,7.009729957625321,44,34,2.3789921002722654,2.3508581649426894,0.7366727941176471,0.3194343763366355,0.34375,1.421875,98.1359044562447,42.159181026021045,42.1978021978022,174.54545454545453,0.4128793308656424,0.3194343763366355,2,1,1.0
S11,2220,2280,60,30,0.13102604166666662,9.817327134828425,-94.79,64.63,159.42000000000002,0.22,2.7225,9.818201459322035,370164.7868,-1.149186048133546,24.611603167288422,62,50,1.3404542029234139,2.096604033899924,0.7803125,0.2845022036931349,0.34375,1.34375,88.79370094340858,34.71907757060476,44.651162790697676,174.54545454545453,0.38375333417749863,0.2845022036931349,2,1,1.0
S11,2250,2310,60,30,0.003265624999999998,26.460338936365876,-284.04,130.04,414.08000000000004,0.17,3.55,26.460339137880805,2688574.2616000003,-4.278445668523588,43.123770876369775,26,20,1.9650309370725614,3.0971558802840713,0.7421875,0.3389760834575944,0.40625,1.4375,94.4204165674686,31.369230837641744,41.73913043478261,147.69230769230768,0.442275975666004,0.3389760834575944,2,1,1.0
S11,2280,2340,60,30,-0.03392187499999998,27.700472029562295,-284.04,130.04,414.08000000000004,0.14,6.0925,27.700492799843232,2946498.4372000005,-3.7738198791299427,35.850175052071535,37,26,1.5898158198044439,1.9180226677848735,0.7007211538461539,0.2802027882325299,0.375,1.453125,98.59450851046564,35.05394733362137,41.29032258064516,160.0,0.35023708487965693,0.2802027882325299,2,1,1.0
S11,2310,2370,60,30,0.013731770833333353,11.6202404103219,-83.36,86.03,169.39,0.29,5.8100000000000005,11.620248523814295,518515.8749,-0.8815287455320866,16.353227973424787,53,45,1.812354930393097,2.146764495652117,0.95,0.3217654209375381,0.34375,1.46875,73.48379150274725,32.65617007495141,40.851063829787236,174.54545454545453,0.4190972843335965,0.3217654209375381,2,1,1.0
S11,2340,2400,60,30,0.002638020833333314,8.131397128710688,-53.64,35.97,89.61,0.4,6.33,8.131397556629384,253899.36469999998,-1.378261190222382,8.87066134630364,67,62,1.7381309278227182,1.883954313468111,0.8180443548387096,0.31736506300174233,0.359375,1.46875,86.20951512384273,35.24785378287976,40.851063829787236,166.95652173913044,0.4071356990722091,0.31736506300174233,2,1,1.0
S11,2370,2430,60,30,-0.018145833333333347,9.83488243975151,-55.41,55.39,110.8,0.87,7.8125,9.834899179706929,371424.92880000005,-0.6450031410176202,7.159743102413776,71,64,1.8132354764506406,1.732251627060036,0.786376953125,0.304625578236804,0.390625,1.5,87.5742973408299,30.836480763087966,40.0,153.6,0.3302968091623913,0.304625578236804,2,1,1.0
S11,2400,2460,60,30,-0.030830729166666664,10.000247718936635,-55.41,55.39,110.8,0.64,7.6225,10.000295244339457,384022.67510000005,-0.6384831711542718,6.7895871398340955,78,73,1.7628281262809042,1.7063215691928855,0.7326626712328768,0.27142959751327905,0.390625,1.5,92.34273203951436,30.107229268147396,40.0,153.6,0.3501321210202499,0.27142959751327905,2,1,1.0
S11,2430,2490,60,30,-0.03163541666666663,5.974804990053008,-38.38,18.95,57.33,0.06,5.785,5.974888741118951,137085.29460000002,-0.5774625827666424,3.209676129200811,89,88,1.766142923179854,1.6320938400326603,0.6716974431818182,0.28197403566700546,0.34375,1.5,102.32061138076338,33.080763572453634,40.0,174.54545454545453,0.3629607778001149,0.28197403566700546,2,1,1.0
S11,2460,2520,60,30,0.009002604166666702,6.598182907215937,-35.74,32.16,67.9,0.07,6.115,6.598189048819255,167178.6191,-0.09224530728061406,4.709344139468096,93,90,1.5444460660925263,1.421604214247838,0.6232638888888888,0.2192509695630124,0.34375,1.3125,107.02359429007112,32.69398824562876,45.714285714285715,174.54545454545453,0.3072326444618698,0.2192509695630124,2,1,1.0
S11,2490,2550,60,30,0.055119791666666675,5.8942392900667535,-35.74,32.16,67.9,-0.09,5.98,5.8944970099237475,133421.1648,0.10416825712454296,6.9858474042186,92,89,1.5195750782512505,1.3370020167703123,0.6448384831460674,0.24321196251141558,0.34375,1.4375,104.56521803498453,31.937794164924494,41.73913043478261,174.54545454545453,0.34639910921106004,0.24321196251141558,2,1,1.0
S11,2520,2580,60,30,0.022645833333333365,4.366435018456052,-13.92,13.33,27.25,-0.17,5.342499999999999,4.366493742600197,73214.4676,-0.0922889409603877,0.2647415174892087,101,98,1.6331831548322076,1.2851014962515364,0.5830676020408163,0.2246671128515607,0.34375,1.46875,113.62768527616865,29.6818401201995,40.851063829787236,174.54545454545453,0.3238437252384067,0.2246671128515607,2,1,1.0
S11,4110,4170,60,30,-0.030080729166666643,15.136395052183808,-54.22,45.14,99.36,4.04,22.1325,15.136424942041025,879787.6224999998,-0.6047517733422793,-0.17330365716210672,72,71,2.8876408201248798,0.913170362622248,0.836487676056338,0.11113185916292292,0.59375,1.078125,73.06694083177595,10.221832909893182,55.65217391304348,101.05263157894737,0.14742961395672366,0.11113185916292292,3,0,1.0
S11,4140,4200,60,30,0.1153880208333333,16.72227687583063,-54.22,45.14,99.36,4.675000000000001,25.009999999999998,16.722674974635236,1073847.7758999998,-0.6030354351605389,-0.3947486217615297,72,71,2.9214439401523067,0.7800184946201214,0.8235035211267606,0.1366539865772705,0.5,1.265625,74.93220538471748,12.97390447601531,47.407407407407405,120.0,0.16010860571811872,0.1366539865772705,3,0,1.0
S11,4170,4230,60,30,0.049776041666666646,14.53857958702211,-50.08,30.97,81.05,4.02,22.067500000000003,14.538664796414421,811671.4524,-0.6056135157073163,-0.4349043859724957,72,71,2.9596923113887126,0.6940670320785476,0.8301056338028169,0.1401701755084265,0.5,1.265625,74.4289892023923,13.236186065448896,47.407407407407405,120.0,0.15372967345311053,0.1401701755084265,3,0,1.0
S11,4200,4260,60,30,-0.05005729166666665,12.265340190827065,-46.42,23.25,69.67,3.785,18.405,12.26544233728106,577693.7308,-0.6489137035226508,-0.47071081972140405,73,72,2.973330013044661,0.6586623213491868,0.8257378472222222,0.10817984551465157,0.515625,1.09375,74.03269337780665,10.755777030321045,54.857142857142854,116.36363636363636,0.1446509009394882,0.10817984551465157,3,0,1.0
S11,4230,4290,60,30,0.009648437499999914,24.49170898735316,-209.12,174.36,383.48,2.21,16.68,24.491710887840025,2303400.5845,-2.3915371853632528,28.616467673823557,73,71,1.6809490546270922,1.2279528057362683,0.7880721830985915,0.16746158990699253,0.359375,1.359375,80.25462881089055,20.85407199488602,44.13793103448276,166.95652173913044,0.22386400976054957,0.16746158990699253,3,0,1.0
S11,4260,4320,60,30,-0.004197916666666824,27.892533242047875,-209.12,174.36,383.48,1.9449999999999998,20.854999999999997,27.892533557947903,2987494.7646,-1.7800147534935917,17.786555853666698,73,71,1.7914206587247934,1.3657821812070439,0.7816901408450704,0.17136351211118064,0.359375,1.265625,81.47514284410109,22.691627968613194,47.407407407407405,166.95652173913044,0.23390578031014966,0.17136351211118064,3,0,1.0
S11,4290,4350,60,30,-0.17623437500000008,28.330275409504964,-309.63,293.95,603.5799999999999,3.55,25.32,28.33082355550811,3082120.5631999993,-0.13505065194273744,37.32055825202632,76,75,1.9128039658842708,1.7717803704137796,0.7945833333333333,0.15496751451693208,0.40625,1.390625,78.91893375578839,18.604072450799453,43.146067415730336,147.69230769230768,0.20778185737301122,0.15496751451693208,3,0,1.0
S11,4320,4380,60,30,-0.00811458333333334,33.618486675355236,-309.63,293.95,603.5799999999999,3.45,26.575,33.618487654674475,4339978.414799999,-0.6650863687348904,23.874961417438566,77,76,1.7927134040953927,1.9393391639501945,0.7820723684210527,0.1566994919664658,0.359375,1.484375,80.07381011941202,18.462338437905633,40.421052631578945,166.95652173913044,0.19931523398877468,0.1566994919664658,3,0,1.0
S11,4350,4410,60,30,0.20949218750000015,41.69021348524437,-517.92,207.69,725.6099999999999,3.31,27.5625,41.690739828190566,6674372.3037,-3.8202387179316024,43.39684956495455,73,72,1.7226801713310556,2.1063887360388236,0.8161892361111112,0.19471249950186478,0.359375,1.484375,78.20879844361357,21.284297734105245,40.421052631578945,166.95652173913044,0.21703775299148198,0.19471249950186478,3,0,1.0
S11,4380,4440,60,30,0.3386041666666671,37.63442923277367,-517.92,207.69,725.6099999999999,2.385,25.8275,37.63595244521299,5439225.279200001,-4.748231561495043,62.40714087369567,66,64,1.8816667607060562,2.1597402355434006,0.8857421875,0.19885220185140606,0.359375,1.4375,71.97287593863574,20.39403973552617,41.73913043478261,166.95652173913044,0.18754133142340515,0.19885220185140606,3,0,1.0
S11,4410,4470,60,30,0.03567447916666685,27.833508302779784,-263.15,142.37,405.52,2.1500000000000004,24.2425,27.833531164934413,2974868.9553000005,-1.7328438737995169,17.842160191907798,70,67,2.016351738581868,1.8889210435123434,0.8591417910447762,0.1893852004487969,0.359375,1.4375,74.09753847788588,21.266544061975864,41.73913043478261,166.95652173913044,0.1876479056789119,0.1893852004487969,3,0,1.0
S13,90,150,60,30,0.941447916666667,117.80458413210818,-756.5,526.02,1282.52,10.415,98.26750000000001,117.8083459128374,53294616.4482,-0.6007826800486435,6.379285470567778,64,60,2.01076640391482,1.759098296697976,0.86796875,0.27472798158758327,0.4375,1.453125,76.19515992385578,23.622578499670965,41.29032258064516,137.14285714285714,0.365228444589531,0.27472798158758327,1,0,1.0
S13,120,180,60,30,-0.3210468750000002,93.89657336387185,-392.71,536.76,929.47,7.4,79.735,93.89712221667348,33856011.1126,0.3135399366589973,4.233006168369996,67,62,1.9956031598865585,1.8491027943238674,0.8321572580645161,0.25879099326152805,0.4375,1.453125,79.13693243353563,24.11957528677922,41.29032258064516,137.14285714285714,0.34087964237251894,0.25879099326152805,1,0,1.0
S13,150,210,60,30,-0.7032500000000004,83.38932697593859,-392.71,536.76,929.47,5.6,50.5625,83.39229229408734,26704413.75,0.40932693362011346,7.562409687371005,73,70,1.5992109317077294,1.9517647307429864,0.7841517857142857,0.21026750170579603,0.421875,1.375,81.7326265711623,20.87926854396387,43.63636363636363,142.22222222222223,0.3030500523661569,0.21026750170579603,1,0,1.0
S13,180,240,60,30,0.47923958333333344,48.36620785136836,-324.32,190.61,514.9300000000001,6.574999999999999,45.417500000000004,48.36858208072674,8983755.772799999,-1.343404836529283,9.077471734243021,86,85,2.138534222396105,1.7280879840990058,0.6966911764705882,0.15987152538218832,0.34375,1.328125,91.13159724702912,24.411287337584902,45.1764705882353,174.54545454545453,0.20043143105947134,0.15987152538218832,1,0,1.0
S13,210,270,60,30,-0.23811979166666658,72.41909518527831,-550.07,305.19,855.26,5.32,69.195,72.41948666270414,20139195.066200003,-1.3489661994947164,8.432687178146317,88,86,2.001846770486196,1.6324730540798698,0.6815043604651163,0.2103501540272797,0.34375,1.40625,96.9069511646908,31.657853686125083,42.666666666666664,174.54545454545453,0.2817856418945812,0.2103501540272797,1,0,1.0
S13,240,300,60,30,0.1566927083333335,79.93781937224023,-550.07,305.19,855.26,2.965,75.5,79.93797294523893,24537905.351400003,-1.1628302531633596,5.968802933159894,79,76,2.0635960348186906,1.4869037325188972,0.7076480263157895,0.23772031134723345,0.359375,1.40625,95.20943370190189,33.39581706849068,42.666666666666664,166.95652173913044,0.35256685240769114,0.23772031134723345,1,0,1.0
S13,270,330,60,30,-0.14711979166666692,76.76398979675886,-640.72,286.49,927.21,2.9400000000000004,70.845,76.764130775708,22628090.0112,-1.6805187300599376,10.183009035159484,82,80,1.9345548184069712,1.4354680388540626,0.6857421875,0.2160406115465385,0.34375,1.421875,96.57172352160285,31.29769600641608,42.1978021978022,174.54545454545453,0.3121982324627225,0.2160406115465385,1,0,1.0
S13,300,360,60,30,-0.6165182291666671,82.86484717056582,-640.72,331.4,972.12,4.07,74.56,82.86714060065138,26369137.8867,-1.7384168600414296,10.796746226354276,80,78,1.8166192316766945,1.671999172467387,0.7361778846153846,0.20939205299787805,0.359375,1.5,88.16857802056056,26.430302931355605,40.0,166.95652173913044,0.2728730839924166,0.20939205299787805,1,0,1.0
S13,330,390,60,30,0.8938098958333325,97.12575961972526,-518.44,331.4,849.84,6.82,75.89250000000001,97.12987222187901,36227374.37890001,-0.9629875374914207,5.010944854925013,76,74,1.7745062054875513,1.69873630589204,0.7785050675675675,0.21054781491272345,0.375,1.5,82.20121803631547,20.833150215435946,40.0,160.0,0.27777413608248314,0.21054781491272345,1,0,1.0
S13,360,420,60,30,0.5338515624999991,110.53918424747741,-594.42,532.26,1126.6799999999998,9.515,74.7775,110.54047336423227,46921713.6061,-0.8116584170487058,6.14141983676172,77,73,1.6619998161448026,1.6808142240601216,0.760916095890411,0.2164087795569925,0.375,1.453125,84.63958013640304,22.381345292472687,41.29032258064516,160.0,0.26774835547139947,0.2164087795569925,1,0,1.0
S13,390,450,60,30,-1.2298411458333334,111.65613901105023,-629.49,532.26,1161.75,9.925,69.54249999999999,111.66291187363403,47879446.610300004,-0.952358646827149,7.068728206495047,79,76,1.637058173027271,1.8029969036082822,0.7351973684210527,0.20546624436951103,0.375,1.4375,86.54100154113428,19.232319213140567,41.73913043478261,160.0,0.2199372543097993,0.20546624436951103,1,0,1.0
S13,420,480,60,30,-0.27501822916666635,118.3814071633668,-976.29,431.5,1407.79,9.004999999999999,89.99000000000001,118.38172661777327,53814655.476500005,-1.0186413598520963,7.033096176558322,77,75,1.9377516430194308,1.9776666499435662,0.7654166666666666,0.21397303990352512,0.390625,1.4375,83.38884913150903,19.002055821109654,41.73913043478261,153.6,0.24986799724514003,0.21397303990352512,1,0,1.0
S13,450,510,60,30,0.6782005208333334,102.33854391398069,-976.29,431.5,1407.79,7.48,87.4425,102.3407911166423,40218768.1013,-0.9976019466746388,10.05779687703169,82,78,1.8207466497884621,1.6191094651189268,0.6995192307692307,0.22096977951816332,0.34375,1.359375,93.89230879399447,28.19341603219957,44.13793103448276,174.54545454545453,0.2924308508978117,0.22096977951816332,1,0,1.0
S13,480,540,60,30,-0.3712395833333339,74.5205400944158,-308.79,348.22,657.01,6.14,63.875,74.52146479231112,21325243.064799994,-0.29940740243893604,3.6247695833021867,88,84,1.8523873943481148,1.573554993228575,0.6702008928571429,0.22175888059492616,0.34375,1.484375,98.49491223940599,30.35887182410244,40.421052631578945,174.54545454545453,0.30466457088577276,0.22175888059492616,1,0,1.0
S13,510,570,60,30,0.040588541666666283,62.12336079131413,-308.79,348.22,657.01,4.125,54.9375,62.123374050654235,14819764.2372,-0.3078078546592254,6.0594764906108285,86,83,1.8683175107120997,1.5525691008843459,0.677710843373494,0.19382089834543978,0.34375,1.484375,95.70399402727516,27.698876525416463,40.421052631578945,174.54545454545453,0.30581648634952746,0.19382089834543978,1,0,1.0
S13,540,600,60,30,0.22915364583333328,29.726124338095154,-103.69,153.47,257.15999999999997,2.705,36.5,29.727007578249307,3393388.7215,0.08861256233463458,1.1232208272854374,83,82,2.5294735676918316,1.2963234475339331,0.717797256097561,0.15323593622085907,0.34375,1.140625,87.87598012125643,21.525022900184545,52.602739726027394,174.54545454545453,0.24124449275681678,0.15323593622085907,1,0,1.0
S13,570,630,60,30,-1.3017369791666666,30.434000603570205,-229.51,110.11,339.62,3.575,36.0725,30.461827126767062,3563223.9817,-1.4465037768381779,8.207277116442258,82,81,2.416845200563422,1.2899018992213565,0.7326388888888888,0.0802751945951173,0.625,1.1875,82.71561999090686,7.654231027766392,50.526315789473685,96.0,0.08696123193340237,0.0802751945951173,1,0,1.0
S13,600,660,60,30,0.13166145833333331,47.01510751986152,-229.51,263.68,493.19,5.82,43.962500000000006,47.01529187236584,8488080.6522,0.02746473659818764,5.577377063405013,85,84,1.9577186525053292,1.3677073982445265,0.7036830357142857,0.08488076030322471,0.53125,1.1875,86.31865983683967,9.050610732678859,50.526315789473685,112.94117647058823,0.09481076587234809,0.08488076030322471,1,0,1.0
S13,630,690,60,30,1.2841953124999994,60.55480897224413,-252.97,263.68,516.65,2.74,55.355,60.56842450704513,14087170.7415,0.1119318427881497,2.465285796187188,84,83,1.8417415795156524,1.479375021850113,0.7168674698795181,0.18665720460014573,0.375,1.40625,89.44518945615229,24.062203182809068,42.666666666666664,160.0,0.29807603652730835,0.18665720460014573,1,0,1.0
S13,660,720,60,30,1.371403645833333,62.67402408355996,-258.98,267.62,526.6,3.91,60.7225,62.689026494167685,15090869.9243,0.06496945879067888,2.5551548910600275,79,77,1.8848763349330566,1.6338954908018801,0.7428977272727273,0.15446516010016556,0.390625,1.421875,84.17035219957098,18.32997847063062,42.1978021978022,153.6,0.20328308625632074,0.15446516010016556,1,0,1.0
S13,690,750,60,30,0.28561458333333267,80.84820164774459,-477.71,267.62,745.3299999999999,5.62,63.544999999999995,80.84870614527226,25100211.015800003,-1.2554406189371357,6.284471709829601,70,66,1.7214165032118691,1.5104618731474364,0.8098958333333334,0.22380825441859037,0.46875,1.4375,79.52332067294898,20.974241299466865,41.73913043478261,128.0,0.2773433267873261,0.22380825441859037,1,0,1.0
S13,720,780,60,30,-1.1450208333333343,84.49543817321087,-477.71,367.27,844.98,3.97,71.045,84.50319606258492,27420634.156000003,-1.2182760009070457,5.537100695515097,71,67,1.9251860234898737,1.4814875680987896,0.7388059701492538,0.2175775812523226,0.34375,1.4375,87.92379697368557,25.442350558014503,41.73913043478261,174.54545454545453,0.22902673069144597,0.2175775812523226,1,0,1.0
S13,750,810,60,30,-0.12459895833333352,58.44955759247312,-340.65,367.27,707.92,2.925,57.2475,58.44969039829253,13118846.6214,-0.382492784197644,5.727096762626928,82,80,2.0973995051507215,1.5746896841367184,0.716015625,0.2048719201406317,0.34375,1.46875,90.22871442241606,25.26366421956274,40.851063829787236,174.54545454545453,0.2819961971756339,0.2048719201406317,1,0,1.0
S13,780,840,60,30,0.19503385416666638,74.52857913347808,-367.08,717.77,1084.85,3.185,61.394999999999996,74.52883432510787,21329461.0401,1.6684625893425518,18.24905936230575,84,83,1.7193899570618356,1.678840371541201,0.7147966867469879,0.18828030675621688,0.359375,1.46875,89.14374403912684,21.667732518317916,40.851063829787236,166.95652173913044,0.28411481329586874,0.18828030675621688,1,0,1.0
S13,810,870,60,30,-0.32321354166666694,79.47159596513755,-367.08,717.77,1084.85,4.76,69.0625,79.47225322236424,24252821.8838,1.2583201646340285,14.106101602026413,82,81,1.8053973012067022,1.6235093500329565,0.7166280864197531,0.1947503961779325,0.390625,1.421875,89.34513809529207,22.50577232402404,42.1978021978022,153.6,0.2896689162728502,0.1947503961779325,1,0,1.0
S13,840,900,60,30,-0.5125468749999998,49.77224039387747,-299.29,190.4,489.69000000000005,10.364999999999998,61.705,49.77487938835211,9513748.2936,-0.814679897910681,3.8357065543198514,86,85,2.3571488939802787,1.102018228448359,0.6998161764705882,0.0784403238611331,0.359375,0.984375,86.96311235445182,11.786255284434175,60.95238095238095,166.95652173913044,0.10494039283854022,0.0784403238611331,1,0,1.0
S13,870,930,60,30,0.3192786458333335,37.000055932889346,-112.63,69.27,181.89999999999998,14.025,56.965,37.00143345724088,5257367.3390999995,-0.6942032494445309,-0.67879410763189,85,84,3.0305041628258858,0.5234708349954336,0.7044270833333334,0.05058532104752475,0.609375,1.0625,85.52875618191453,5.03088430807771,56.470588235294116,98.46153846153847,0.07081792074818623,0.05058532104752475,1,0,1.0
S13,900,960,60,30,0.3193359374999999,72.90777622885741,-738.58,297.22,1035.8000000000002,12.19,59.8575,72.90847557093844,20412079.9107,-2.2327162701530012,22.42304871254378,87,86,1.881026981571713,1.3621958047032852,0.6869549418604651,0.10180532449836577,0.359375,1.0625,89.63623378384936,16.445133643595504,56.470588235294116,166.95652173913044,0.14553321709978023,0.10180532449836577,1,0,1.0
S13,930,990,60,30,1.2705338541666662,117.00265955044122,-797.02,562.55,1359.57,7.785,71.68,117.00955772137182,52574348.536900006,-1.3175713690504556,10.70790337014101,83,82,1.6634561635482839,1.848825098564206,0.7240853658536586,0.16667257279962602,0.359375,1.40625,87.16360146984037,20.319665266313535,42.666666666666664,166.95652173913044,0.19769572219077192,0.16667257279962602,1,0,1.0
S13,960,1020,60,30,-0.24860156250000004,125.33067235857177,-797.02,562.55,1359.57,5.675000000000001,73.03999999999999,125.33091891703556,60318102.668500006,-1.1930092510965518,8.596720811777633,72,69,1.727261849114968,2.0752072143402014,0.7952898550724637,0.1911840839006624,0.375,1.40625,79.63200997478116,18.533324287690867,42.666666666666664,160.0,0.2402750032897354,0.1911840839006624,1,0,1.0
S13,990,1050,60,30,-1.1997291666666665,86.80740870167458,-693.07,386.16,1079.23,7.12,58.8975,86.81569878525954,28941947.7334,-1.6895626132134716,15.09672179951001,79,75,1.6060345342371936,2.0785267448539795,0.72,0.1494512532009462,0.375,1.234375,87.04216293158767,19.263497317400525,48.607594936708864,160.0,0.18916420790063768,0.1494512532009462,1,0,1.0
S13,1020,1080,60,30,-0.012057291666666551,52.94038935874056,-374.21,575.93,950.1399999999999,9.315000000000001,50.0275,52.940390731778066,10762310.287999999,1.8090838555962774,28.680231092550972,85,83,1.8399851340663063,1.279486730157304,0.6954066265060241,0.08699204073863626,0.34375,1.0,88.09776602558307,15.52689314916143,60.0,174.54545454545453,0.1036588868582676,0.08699204073863626,1,0,1.0
S13,1050,1110,60,30,-0.24921614583333315,66.10403041115657,-374.21,575.93,950.1399999999999,3.6399999999999997,52.415000000000006,66.10450018937031,16780050.9899,1.819657978255988,18.17580883157997,90,89,1.6636840679484683,1.3240125548339725,0.6655547752808989,0.12990125754490314,0.34375,1.296875,93.67073893713949,20.074160113726087,46.265060240963855,174.54545454545453,0.18359752776577506,0.12990125754490314,1,0,1.0
S13,1080,1140,60,30,0.13074479166666672,68.90461569692643,-291.9,574.17,866.0699999999999,2.7350000000000003,57.425,68.90473973930725,18231794.528800003,0.4596820789744902,7.666732217095861,87,86,1.9473229604830422,1.473581331477822,0.6849563953488372,0.16609364343445557,0.34375,1.40625,92.39363263134756,22.204620326372417,42.666666666666664,174.54545454545453,0.22920774475866418,0.16609364343445557,1,0,1.0
S13,1110,1170,60,30,0.09947395833333322,67.31582358039314,-522.93,230.58,753.51,5.539999999999999,58.985,67.31589707769629,17400691.1976,-1.7473758819103087,10.801761124730781,86,84,2.0419591632350476,1.5032537484728894,0.6802455357142857,0.14278773483620183,0.421875,1.296875,91.72304166900388,17.922899020377567,46.265060240963855,142.22222222222223,0.19831094472618693,0.14278773483620183,1,0,1.0
S13,1140,1200,60,30,-0.2629218749999998,71.80896588021277,-522.93,371.61,894.54,6.285,59.595,71.80944721064157,19801331.3614,-1.462451394376303,12.531706078185191,85,84,1.947408795692457,1.6485168150729799,0.6969866071428571,0.15947231391515207,0.359375,1.328125,89.81283873558661,18.07187082576759,45.1764705882353,166.95652173913044,0.22436584410959715,0.15947231391515207,1,0,1.0
S13,1170,1230,60,30,-0.13077343749999978,68.66631849932507,-451.38,371.61,822.99,6.05,57.8575,68.66644302672674,18105908.7281,-0.7514731152903427,8.602693386711307,82,80,1.9640527006556865,1.5420463780237263,0.72265625,0.1626145179413957,0.359375,1.328125,86.59097216068196,17.50371182477352,45.1764705882353,166.95652173913044,0.2377005627998801,0.1626145179413957,1,0,1.0
S13,1200,1260,60,30,0.21644270833333368,77.8425059846526,-398.04,374.46,772.5,5.26,66.7425,77.8428068957991,23268489.928000003,-0.432998552839148,4.0620684512686775,78,75,1.8949932787378254,1.5625458498807818,0.7404166666666666,0.1878797081172478,0.359375,1.453125,85.70888371415893,20.584175323751907,41.29032258064516,166.95652173913044,0.28573054558281663,0.1878797081172478,1,0,1.0
S13,1650,1710,60,30,0.933153645833333,54.885273291177356,-590.54,315.53,906.0699999999999,5.970000000000001,35.0475,54.89320540808269,11570933.759900002,-2.7475273012123242,30.89109070957432,79,78,1.6692425845634824,2.0064323894617897,0.7580128205128205,0.1468899932196552,0.578125,1.453125,81.28830415187011,11.49176580497922,41.29032258064516,103.78378378378379,0.1977065129421392,0.1468899932196552,3,0,0.7682142857142857
S13,1680,1740,60,30,-0.04517447916666673,101.95172040384061,-783.79,559.04,1342.83,6.35,36.292500000000004,101.95173041217329,39913556.482700005,-2.4168982130272108,18.639707359001818,74,72,1.3597440307443898,2.265276906772088,0.7823350694444444,0.2249603069023342,0.46875,1.453125,81.38239390503249,16.95723150971851,41.29032258064516,128.0,0.30437839819371515,0.2249603069023342,3,0,1.0
S13,1710,1770,60,30,-0.20648697916666656,103.9367371631023,-783.79,559.04,1342.83,5.9350000000000005,41.075,103.93694227263171,41483089.800900005,-2.3009680695355637,17.088179776256993,73,72,1.4170052681033485,2.244413364227114,0.8198784722222222,0.25293916015109974,0.46875,1.46875,79.05211153938977,19.831985868647845,40.851063829787236,128.0,0.3620632005929235,0.25293916015109974,3,0,1.0
S13,1740,1800,60,30,-0.10540625000000035,76.82154415321891,-686.21,483.51,1169.72,5.125,38.745,76.82161646673741,22661993.3052,-1.729239918478817,23.12053148681914,81,78,1.3723886119159896,1.6779284371671657,0.7213541666666666,0.1892681168045179,0.375,1.40625,88.41973742824358,21.86295322248139,42.666666666666664,160.0,0.3149558533020474,0.1892681168045179,3,0,1.0
S13,1770,1830,60,30,0.31351302083333277,89.42447547125856,-686.21,483.51,1169.72,6.495,40.807500000000005,89.42502504178547,30707846.798299998,-1.925334429118277,16.60970873229172,81,77,1.3709050960573343,1.8292792228590204,0.6994724025974026,0.16854801117537868,0.359375,1.40625,90.40641131114073,21.58548212211965,42.666666666666664,166.95652173913044,0.2773046557880169,0.16854801117537868,3,0,1.0
S13,1800,1860,60,30,-0.41281770833333326,66.67794257839397,-587.72,385.94,973.6600000000001,4.245,35.895,66.6792204884544,17073094.8286,-2.135832106597205,20.674671620563252,83,81,1.329922649005531,1.7315963456184407,0.7100694444444444,0.18030498104121143,0.34375,1.296875,90.005581325486,23.97530351688693,46.265060240963855,174.54545454545453,0.27362716636305506,0.18030498104121143,3,0,1.0
S13,1830,1890,60,30,-0.22516145833333318,78.94418671121241,-590.66,385.94,976.5999999999999,4.255,40.870000000000005,78.94450780882153,23931783.6026,-1.2554346002408798,12.530658598845523,81,80,1.3385187181861264,1.6715968714744953,0.74296875,0.14552865307968565,0.34375,1.34375,83.51018582329618,15.700303344292816,44.651162790697676,174.54545454545453,0.19477576567018048,0.14552865307968565,3,0,1.0
S13,1860,1920,60,30,0.14523958333333326,69.60065643881121,-590.66,256.01,846.67,3.825,38.445,69.60080797842795,18602006.2896,-1.7749667148889523,17.73995176953824,77,74,1.3829937482255854,1.6661500071191382,0.747043918918919,0.15579908914764767,0.34375,1.34375,83.62733294799138,17.958870988908156,44.651162790697676,174.54545454545453,0.21685363184772338,0.15579908914764767,3,0,1.0
S13,1890,1950,60,30,-1.3737942708333335,76.53439146577048,-812.17,498.47,1310.6399999999999,3.685,35.0525,76.5467202937812,22500097.4889,-3.883515434242699,45.3493136421609,76,73,1.159513127097077,1.8301993097157119,0.7549229452054794,0.17854389117117656,0.453125,1.40625,83.11835612887471,16.150919118654283,42.666666666666664,132.41379310344828,0.2606509362927319,0.17854389117117656,3,0,1.0
S13,1920,1980,60,30,-0.39811718749999986,86.22559454088429,-812.17,498.47,1310.6399999999999,4.505,34.6275,86.22651362095048,28550444.7407,-3.1797932843020535,31.125903351694525,73,71,1.2513383970824798,2.1581695543194277,0.804137323943662,0.22281236397476198,0.59375,1.40625,78.92501896565817,15.856421002907982,42.666666666666664,101.05263157894737,0.24028994530046405,0.22281236397476198,3,0,1.0
S13,1950,2010,60,30,1.2445651041666674,78.4153442667794,-750.98,410.61,1161.5900000000001,4.085,38.50750000000001,78.42522017040207,23617978.209699996,-3.3112704959688397,31.846659125688625,74,71,1.284149524159996,1.9395819328557222,0.7935739436619719,0.2002164372199223,0.59375,1.40625,79.21908615196023,14.729485431423665,42.666666666666664,101.05263157894737,0.2068342644399824,0.2002164372199223,3,0,1.0
S13,1980,2040,60,30,0.5748984375000006,105.99300157783658,-937.75,495.82,1433.57,5.19,49.34,105.9945606703132,43141812.0641,-2.5322421369525263,21.261172515108555,74,70,1.3296046124355851,1.796030251684922,0.7397321428571428,0.21433500177221143,0.375,1.484375,87.60108351210623,24.80436478931022,40.421052631578945,160.0,0.3006411570276316,0.21433500177221143,3,0,1.0
S13,3270,3330,60,30,-1.1750624999999995,161.96464148784995,-706.84,555.9,1262.74,8.745000000000001,166.78,161.96890400372124,100738275.3184,-0.4782918934471932,1.7227794924335011,82,77,2.0259668837942977,1.5496122880523837,0.6854707792207793,0.23829048975260358,0.34375,1.46875,96.93326771636451,28.885992622062965,40.851063829787236,174.54545454545453,0.33026207259598356,0.23829048975260358,2,1,1.0
S13,3300,3360,60,30,2.0069114583333336,197.07394108713908,-727.81,740.3,1468.11,14.225,208.5575,197.08415955935868,149153917.245,-0.18415809655308255,1.1584523877725958,77,76,2.0833679491191064,1.635894857794946,0.7713815789473685,0.28530792092562324,0.359375,1.453125,88.08569966192114,29.648078452133316,41.29032258064516,166.95652173913044,0.40177017165704737,0.28530792092562324,2,1,1.0
S13,3330,3390,60,30,1.858026041666666,200.70851302728622,-727.81,740.3,1468.11,9.5,220.53750000000002,200.71711302825136,154703460.3356,-0.21243210617297856,1.0238916055769804,75,73,2.121737606327171,1.6505199308968321,0.7797517123287672,0.3075611912144411,0.359375,1.453125,89.8593596959317,34.98899772787294,41.29032258064516,166.95652173913044,0.4326249029362792,0.3075611912144411,2,1,1.0
S13,3360,3420,60,30,-2.4283437500000002,165.97018080462325,-617.55,462.91,1080.46,9.445,190.76749999999998,165.98794465167492,105799671.4356,-0.5610237643261116,0.7809708899897121,85,82,2.0144043779592984,1.5737572967031308,0.7008384146341463,0.2776716162693496,0.359375,1.484375,98.11658290539255,33.62162661951117,40.421052631578945,166.95652173913044,0.33970597507029043,0.2776716162693496,2,1,1.0
S13,3390,3450,60,30,-1.3634869791666673,141.96681309065517,-533.65,462.91,996.56,11.215,151.7925,141.97336058521464,77400710.8449,-0.49136769930631935,0.9918836301972522,79,75,2.009736054317266,1.643989645305877,0.7152083333333333,0.26554010081132545,0.359375,1.484375,95.22265068545788,32.534138111412986,40.421052631578945,166.95652173913044,0.34941866991253623,0.26554010081132545,2,1,1.0
S13,3420,3480,60,30,1.9234765624999994,115.37521613704011,-417.93,482.95,900.88,9.004999999999999,121.6475,115.39124863158041,51130138.60129999,-0.24460635293634286,1.494014953786575,87,83,1.959641165221795,1.6020729062104824,0.6425075301204819,0.21303305073119397,0.359375,1.21875,102.47512528593114,29.199318461509364,49.23076923076923,166.95652173913044,0.280136260262795,0.21303305073119397,2,1,1.0
S13,3450,3510,60,30,-1.4277630208333327,152.59112909781118,-726.74,721.52,1448.26,7.53,161.18,152.59780859038753,89418590.15650001,-0.1758157659122464,1.9141700185846977,77,75,2.0317533155469625,1.5977193543278818,0.7591666666666667,0.27592285178812015,0.34375,1.40625,90.44485276510669,33.97585059935963,42.666666666666664,174.54545454545453,0.4194476275875825,0.27592285178812015,2,1,1.0
S13,3480,3540,60,30,-1.1228203124999991,141.37106337721738,-726.74,721.52,1448.26,8.355,112.38,141.3755222301915,76750227.0177,-0.3247367454804925,3.0969527975115243,77,73,1.7423595387549182,1.7531989669850145,0.7375856164383562,0.27656097515384315,0.34375,1.46875,92.22476414172371,31.29904444095039,40.851063829787236,174.54545454545453,0.3885709886165518,0.27656097515384315,2,1,1.0
S13,3510,3570,60,30,0.9958984375000004,128.24270138578672,-771.55,625.6,1397.15,9.149999999999999,86.69999999999999,128.24656826762217,63157179.92609999,-0.5927876164780649,5.745805706810961,79,75,1.6343674449902177,1.8297988676367567,0.7070833333333333,0.25195968041644196,0.359375,1.46875,93.69711975805996,26.596256495577197,40.851063829787236,166.95652173913044,0.3279691151592034,0.25195968041644196,2,1,1.0
S13,3540,3600,60,30,0.3067005208333333,125.20125011117061,-771.55,625.6,1397.15,7.845000000000001,79.545,125.20162576663841,60193716.8433,-0.5778887205459405,6.193152566116007,76,73,1.668411750334976,1.901459182894433,0.7613441780821918,0.2556387353385415,0.34375,1.46875,86.97850399390975,26.268405770941683,40.851063829787236,174.54545454545453,0.34820444840728987,0.2556387353385415,2,1,1.0
S13,3570,3630,60,30,0.785643229166666,80.35771590890742,-497.14,339.51,836.65,5.55,62.295,80.3615563648453,24798642.2069,-1.121362694587528,7.285185211299517,84,80,1.5803294709200415,1.6551885678451692,0.67578125,0.20613011430510947,0.34375,1.21875,95.6324130709462,23.735503242740148,49.23076923076923,174.54545454545453,0.28983789902910834,0.20613011430510947,2,1,1.0
S13,3600,3660,60,30,0.008731770833332911,97.26610274290132,-497.14,354.09,851.23,5.574999999999999,75.46000000000001,97.26610313483552,36329068.105100006,-1.076802790126152,4.740256314756254,78,72,1.6441968052049565,1.7002348989560012,0.7026909722222222,0.25850827071799914,0.359375,1.453125,96.23616327493738,30.782232487765402,41.29032258064516,166.95652173913044,0.3465494999244514,0.25850827071799914,2,1,1.0
S13,3630,3690,60,30,-0.9574531249999996,101.49637212226936,-456.36,452.32,908.6800000000001,7.3149999999999995,81.15,101.50088802798106,39561332.2386,-0.7948781538868118,3.282618848840616,82,77,1.7269570762354596,1.7183157751045075,0.690137987012987,0.2786837580603903,0.359375,1.484375,99.68632925166455,32.940112998506414,40.421052631578945,166.95652173913044,0.3356457193692794,0.2786837580603903,2,1,1.0
S13,3660,3720,60,30,-0.31541666666666635,86.95858504665294,-456.36,452.32,908.6800000000001,7.9399999999999995,63.25,86.9591570853213,29037676.8038,-1.059203546986383,5.38155775893552,92,90,1.6448797202339458,1.6037701123120738,0.6432291666666666,0.24488307247343125,0.390625,1.5,102.91757520562422,26.593505568173953,40.0,153.6,0.30019671102293705,0.24488307247343125,2,1,1.0
S13,3690,3750,60,30,0.010015625000000394,93.06735788557576,-474.89,336.63,811.52,4.805,76.035,93.06735842450125,33260287.503800005,-0.8061070512746583,3.8796338050414203,81,78,1.7569433342580862,1.7729643529588304,0.7233573717948718,0.2686026188940576,0.421875,1.5,92.58341053930101,27.082088678338323,40.0,142.22222222222223,0.3262790142345507,0.2686026188940576,2,1,1.0
S13,3720,3780,60,30,0.7028359375,109.0352378682392,-585.71,351.41,937.1200000000001,4.885,104.4825,109.0375030681579,45654439.96930001,-0.6798596314130853,2.912881074192671,71,66,1.8206518841871675,1.8251168698779454,0.7547348484848485,0.26771915275432234,0.390625,1.46875,88.99405728457569,28.080324912670132,40.851063829787236,153.6,0.35809764629057,0.26771915275432234,2,1,1.0
S13,3750,3810,60,30,0.5631067708333333,112.60914461950466,-585.71,485.96,1071.67,3.175,90.955,112.61055253026635,48695564.318100005,-0.4045223132157299,4.251529048299267,74,70,1.6377912370566545,1.74075609092211,0.7140625,0.275098272822316,0.375,1.4375,94.77240014709074,29.572284665917703,41.73913043478261,160.0,0.40159417521551405,0.275098272822316,2,1,1.0
S13,3780,3840,60,30,-0.7088046875000005,99.68278807648508,-582.37,492.57,1074.94,-0.315,74.9075,99.68530805884313,38158696.8683,0.14745343569427094,6.14932118352619,78,73,1.5486342473560437,1.693304591848027,0.7123287671232876,0.2686090395754221,0.34375,1.4375,95.51631847407727,32.217794691618586,41.73913043478261,174.54545454545453,0.3872948325583352,0.2686090395754221,2,1,1.0
S13,3810,3870,60,30,-1.3740729166666672,90.83111247939598,-753.89,492.57,1246.46,-1.9249999999999998,76.64750000000001,90.84150521994337,31688367.6312,-0.2442162726358905,9.057985088561576,78,75,1.7772897493116624,1.7408311039856315,0.7335416666666666,0.2356133028337369,0.375,1.328125,88.74810139403269,23.173698242060016,45.1764705882353,160.0,0.32106094579092326,0.2356133028337369,2,1,1.0
S13,3840,3900,60,30,0.8256848958333333,99.39571346548185,-753.89,410.75,1164.6399999999999,0.6,79.0975,99.39914290807228,37939928.1057,-1.0057960260175858,8.829877020418575,81,79,1.750275444258732,1.8420215003237714,0.7238924050632911,0.23474682424465262,0.375,1.359375,90.24001496450393,24.465762712024464,44.13793103448276,160.0,0.32766680462898473,0.23474682424465262,2,1,1.0
S13,3870,3930,60,30,0.5439817708333337,137.93396410890446,-745.34,544.99,1290.33,7.585,113.0875,137.93503677805558,73060125.5845,-0.8329205676625259,3.853763223082484,71,67,1.856320008773381,1.8286222703658697,0.8078358208955224,0.29088010045377416,0.34375,1.421875,83.87657937772472,28.7573889627909,42.1978021978022,174.54545454545453,0.3871483543140873,0.29088010045377416,2,1,0.9151190476190476
S14,30,90,60,30,-0.2040494791666666,43.67570270772042,-210.57,170.49,381.06,6.305,59.3625,43.67617935675149,7325217.1899,-0.2074301064331048,1.0226151713702274,73,72,2.5024885331990134,1.0424786771791081,0.8200954861111112,0.15622814637876317,0.359375,1.234375,76.74317973566046,20.062204570292437,48.607594936708864,166.95652173913044,0.216148705719361,0.15622814637876317,1,0,1.0
S14,60,120,60,30,0.039994791666666814,34.806239669747285,-117.63,161.67,279.29999999999995,7.645,51.215,34.806262648139196,4652067.5309999995,-0.3443649218767494,0.43691424573133597,69,68,2.751959511503761,0.8032069891545155,0.8676470588235294,0.11176069978791639,0.671875,1.234375,70.2796738373672,8.878046652205727,48.607594936708864,89.30232558139535,0.17599165993214463,0.11176069978791639,1,0,1.0
S14,90,150,60,30,0.11313802083333323,43.46235095389208,-240.0,254.02,494.02,7.51,51.917500000000004,43.46249820996305,7253716.8025,-0.10988912678505836,5.8627157103824015,73,72,2.2704582216337226,1.2939437702317296,0.8157552083333334,0.16566548042716966,0.34375,1.34375,78.44963031508252,25.480451057025984,44.651162790697676,174.54545454545453,0.1826978205068625,0.16566548042716966,1,0,1.0
S14,120,180,60,30,0.004749999999999825,47.01929771591572,-240.0,254.02,494.02,7.395,54.165,47.0192979558438,8489527.2202,-0.12191345728902438,4.269755885460878,72,71,2.333843757247349,1.4462347341916066,0.8285651408450704,0.15863002128474,0.34375,1.34375,76.50869726846133,22.872154798624905,44.651162790697676,174.54545454545453,0.1838938940957918,0.15863002128474,1,0,1.0
S14,150,210,60,30,-0.08401822916666654,45.600895777987475,-156.15,256.61,412.76,4.8,52.9075,45.60097317840606,7985083.2185,0.15198484278923546,2.3476001987406345,72,71,2.362843447250655,1.2762129928454329,0.839568661971831,0.1409780814497985,0.34375,1.5,74.01136826318336,17.13499523541353,40.0,174.54545454545453,0.15112118186125617,0.1409780814497985,1,0,1.0
S14,180,240,60,30,-0.07523958333333321,42.29219810456198,-156.15,256.61,412.76,4.665,48.965,42.29226503168655,6868361.017000001,0.22026478557171816,3.2976685216453205,74,73,2.295414106121773,1.1448701454598884,0.8116438356164384,0.1473467361258195,0.34375,1.5,77.01072880902832,18.837090150538355,40.0,174.54545454545453,0.1626197308641219,0.1473467361258195,1,0,1.0
S14,210,270,60,30,0.19908854166666667,28.52219779915713,-149.98,88.55,238.52999999999997,6.9350000000000005,41.0325,28.522892622272146,3124052.7496,-0.60890445697318,0.6588784025462235,72,71,2.8194268396237123,0.7130934613255752,0.8373679577464789,0.12476809101254098,0.390625,1.265625,73.64561542989665,14.338395439460216,47.407407407407405,153.6,0.17888504826024848,0.12476809101254098,1,0,1.0
S14,240,300,60,30,0.04971874999999999,24.86686554337214,-61.81,40.97,102.78,7.145,39.730000000000004,24.86691524709589,2374515.7398,-0.6181357344525772,-0.816900447583877,72,71,2.9972001132280726,0.4861117591719825,0.8331866197183099,0.09151437409521242,0.609375,1.0,72.94082557301931,8.549958205282847,60.0,98.46153846153847,0.1506936158177057,0.09151437409521242,1,0,1.0
S14,270,330,60,30,-0.33447656249999996,27.137123196888364,-118.04,68.72,186.76,6.88,42.0375,27.1391844014141,2828295.6671,-0.6245117996297332,-0.29926364173463416,73,72,2.8846144235096096,0.7026689284240633,0.8283420138888888,0.04499206138046684,0.65625,1.015625,72.65012374181157,4.024987573613394,59.07692307692308,91.42857142857143,0.05939700296536523,0.04499206138046684,1,0,1.0
S14,300,360,60,30,0.29638281250000004,34.78549649375435,-170.72,114.44,285.15999999999997,7.890000000000001,48.295,34.786759105851495,4646855.4589,-0.5941740675067837,0.9854606492287723,71,69,2.6181423139394355,0.922340731846433,0.839447463768116,0.13305894276222968,0.515625,1.28125,73.38560750610057,12.4416306375349,46.829268292682926,116.36363636363636,0.20185725711957506,0.13305894276222968,1,0,1.0
S14,330,390,60,30,0.26933333333333337,34.733736253661064,-170.72,114.44,285.15999999999997,5.625,47.745000000000005,34.73478047409158,4632979.1024,-0.4773737693739201,1.0753757744520795,74,73,2.492930307048583,1.1678463720598298,0.8101455479452054,0.09585504943632069,0.40625,1.078125,75.40073622011909,11.894480472491658,55.65217391304348,147.69230769230768,0.0966528310411231,0.09585504943632069,1,0,1.0
S14,360,420,60,30,-0.1636302083333333,28.79578734288381,-97.71,98.72,196.43,6.135,42.63,28.796252248194843,3184220.7112,-0.4431713740650451,-0.22596855284017936,75,74,2.752740614085774,0.8165414657989347,0.8006756756756757,0.10976074625503592,0.5,1.015625,76.47712777481006,11.47447634318752,59.07692307692308,120.0,0.14748534289841486,0.10976074625503592,1,0,1.0
S14,390,450,60,30,-0.12903385416666674,29.9723634044921,-71.2,43.73,114.93,9.315000000000001,48.44499999999999,29.97264115466734,3449699.3963,-0.6620621678788303,-0.8193338830951977,72,71,3.017214703262337,0.3574345471295831,0.8263644366197183,0.08664181199396799,0.59375,0.984375,73.4836411520342,8.472203244356766,60.95238095238095,101.05263157894737,0.13464466297576425,0.08664181199396799,1,0,1.0
S14,420,480,60,30,0.057674479166666646,31.607282148680987,-71.22,42.08,113.3,9.8,51.81999999999999,31.60733476856084,3836250.6668999996,-0.6468190135928512,-0.8804038241819216,72,71,3.0170701941504467,0.2710457910993363,0.8309859154929577,0.07745353431369675,0.625,1.0,72.86919750662508,7.208028564998357,60.0,96.0,0.12274756325774572,0.07745353431369675,1,0,1.0
S14,450,510,60,30,0.11346093749999998,33.460115729963285,-209.02,208.1,417.12,7.615,44.95,33.46030809850493,4299234.1173,-0.7673439907366197,4.5491452908023176,75,74,2.59565948210072,1.0959031813528224,0.8008868243243243,0.11927506636539398,0.484375,1.0625,76.72414584508374,12.473914990225186,56.470588235294116,123.87096774193549,0.17039956694306346,0.11927506636539398,1,0,1.0
S14,480,540,60,30,-0.3530703125000001,30.76729973772977,-209.02,208.1,417.12,5.145,36.7825,30.769325501168773,3635525.3444999997,-0.7446813275622812,7.0208805473172,75,74,2.4519322129794343,1.2719544205424298,0.7962415540540541,0.15579408123520852,0.484375,1.25,78.34484567512368,15.897321405665819,48.0,123.87096774193549,0.24139736609201928,0.15579408123520852,1,0,1.0
S14,510,570,60,30,-0.20889322916666667,31.454307803957473,-194.11,206.53,400.64,4.53,37.205,31.455001443447618,3799361.7247,0.12184075350543466,7.683260762861719,75,74,2.3729616665503523,1.4232087665557074,0.7928631756756757,0.1685618322383517,0.453125,1.25,79.4875822134052,18.77915882137538,48.0,132.41379310344828,0.25449459298694155,0.1685618322383517,1,0,1.0
S14,540,600,60,30,0.029130208333333397,39.893098464230576,-194.11,206.53,400.64,5.63,44.224999999999994,39.89310909976601,6111206.99,0.15291278358052082,4.3241510940386245,75,74,2.334224972526527,1.5005894173264216,0.7975084459459459,0.14397380833952966,0.453125,1.21875,78.13062861836073,16.686825018519492,49.23076923076923,132.41379310344828,0.20837524549870082,0.14397380833952966,1,0,1.0
S14,570,630,60,30,0.28518489583333334,35.97618876549896,-142.53,194.07,336.6,6.4399999999999995,46.355000000000004,35.977319084606975,4970371.155900001,-0.052414124095319495,2.5814169146753665,70,68,2.5543641188144406,1.1425100976385065,0.84375,0.06453488853508073,0.765625,1.25,71.43824355976108,4.347810989706885,48.0,78.36734693877551,0.07649893607200857,0.06453488853508073,1,0,1.0
S14,600,660,60,30,0.2388098958333333,29.50527301770443,-124.2,129.8,254.0,6.605,40.7775,29.506239442118424,3343173.7575000003,-0.5288826136250937,1.2050208387206283,72,71,2.730284099707861,1.0104927635559686,0.8367077464788732,0.12581678382235223,0.546875,1.15625,73.37822767543638,11.377230173799669,51.891891891891895,109.71428571428571,0.2113133226100522,0.12581678382235223,1,0,1.0
S14,630,690,60,30,-0.16559895833333346,32.33558606395719,-129.38,129.8,259.18,7.025,43.75749999999999,32.336010098875576,4015171.3886,-0.6282132375428253,1.3129859939822834,71,70,2.600344456584775,0.9388570858289085,0.846875,0.10342893523022048,0.421875,1.28125,72.1430819794031,11.528599644368581,46.829268292682926,142.22222222222223,0.16750665815233232,0.10342893523022048,1,0,1.0
S14,660,720,60,30,-0.3037239583333334,29.946392789116537,-129.38,100.83,230.20999999999998,7.2,44.4875,29.94793297245933,3444014.1670000004,-0.6736979210610519,0.3850002436357087,70,69,2.7158672880623747,0.6790238364344411,0.8657155797101449,0.09836608292472455,0.421875,1.28125,70.48865375862115,11.319483455541114,46.829268292682926,142.22222222222223,0.16232447746244522,0.09836608292472455,1,0,1.0
S14,690,750,60,30,0.06782291666666662,29.677494208573126,-132.95,89.8,222.75,7.675,44.945,29.677571707400805,3382111.7278000005,-0.6987510688908165,0.4548322245515575,70,69,2.836877937865376,0.6923998910478104,0.8543931159420289,0.06431318889633403,0.5,1.015625,70.73676943613538,7.071036190245756,59.07692307692308,120.0,0.09829296111138436,0.06431318889633403,1,0,1.0
S14,720,780,60,30,0.25955208333333324,40.921016074508756,-283.33,193.77,477.1,7.965,48.2475,40.92183920419714,6430452.187599999,-0.9099592833059542,9.142674679105763,72,71,2.179201482351252,1.040752676522094,0.8309859154929577,0.08702832262516959,0.453125,1.140625,73.22236628651605,10.279929792297118,52.602739726027394,132.41379310344828,0.13896590746474474,0.08702832262516959,1,0,1.0
S14,750,810,60,30,-0.4595781250000002,42.52093181144656,-283.33,193.77,477.1,4.78,49.209999999999994,42.52341536338146,6943644.879999999,-0.6176084495434669,7.658590127788152,73,72,2.1490592070092096,1.2255567346908767,0.8196614583333334,0.17523424728781198,0.34375,1.5,76.99894433736873,20.597432969349025,40.0,174.54545454545453,0.20491156360646876,0.17523424728781198,1,0,1.0
S14,780,840,60,30,-0.04396614583333355,34.6317207079227,-135.75,148.53,284.28,5.22,49.195,34.63174861616926,4605534.766899999,-0.2591681307943027,0.5172743806004072,75,74,2.536483842106759,1.0026456838025082,0.7987753378378378,0.1532428682863549,0.34375,1.375,78.7072369182839,20.84982959399217,43.63636363636363,174.54545454545453,0.1635393035631848,0.1532428682863549,1,0,1.0
S14,810,870,60,30,0.1923203125,35.352552842117234,-135.75,104.59,240.34,7.505000000000001,49.5475,35.35307595609315,4799385.5215,-0.6821122411508118,0.482033747182121,72,71,2.6236004125768093,0.9664640474065813,0.832306338028169,0.16364452009251113,0.390625,1.21875,75.2535320717918,16.98902311063352,49.23076923076923,153.6,0.2719570894132802,0.16364452009251113,1,0,1.0
S14,840,900,60,30,-0.04356250000000005,40.213459821933505,-138.99,177.09,316.08000000000004,7.17,50.8875,40.213483417153334,6209757.114399999,-0.32788181334845656,1.1277973192503739,72,71,2.4578386162768178,1.196135389060133,0.828125,0.17487970588861973,0.390625,1.375,75.79676372612431,16.938611343771704,43.63636363636363,153.6,0.27581555204520286,0.17487970588861973,1,0,1.0
S14,870,930,60,30,0.1974374999999999,35.07126820766552,-138.99,177.09,316.08000000000004,6.005,42.845,35.0718239511494,4723326.0874,-0.247972953777683,2.580237046038876,79,78,2.3243737208053874,1.2033417637563824,0.7522035256410257,0.15935858777859388,0.40625,1.375,83.19902794187998,17.24904801492756,43.63636363636363,147.69230769230768,0.22443053386119452,0.15935858777859388,1,0,1.0
S14,900,960,60,30,-0.7633151041666667,41.241894975516615,-490.66,189.62,680.28,4.695,37.175,41.24895818223524,6533669.9563,-3.2220634114747413,33.722241504907906,78,76,1.795889773732921,1.2247478933303597,0.7559621710526315,0.14868545567240332,0.40625,1.234375,82.65619742993258,17.49754954030454,48.607594936708864,147.69230769230768,0.20137062896145835,0.14868545567240332,1,0,1.0
S14,930,990,60,30,0.40548177083333325,54.27792485523754,-490.66,189.62,680.28,1.28,45.087500000000006,54.27943940441253,11313628.9615,-1.483402447012299,12.326271860602649,69,65,1.8755002358890336,1.416245777708559,0.8055288461538461,0.17061449427960107,0.46875,1.484375,77.84760102176489,16.89529906114091,40.421052631578945,128.0,0.25768669989491966,0.17061449427960107,1,0,1.0
S14,960,1020,60,30,0.7107265624999999,43.20582502404699,-261.37,174.24,435.61,1.91,42.1175,43.21167027847001,7170234.041300001,-0.24666107660397843,4.826952041502526,75,73,2.0560962158202143,1.2458177880042003,0.7679794520547946,0.1365998133073035,0.390625,1.046875,81.11586903125384,17.530931203328002,57.3134328358209,153.6,0.21665508532749442,0.1365998133073035,1,0,1.0
S14,990,1050,60,30,-0.2994322916666667,30.46239413349473,-83.74,60.95,144.69,8.27,46.45,30.4638657435603,3563700.9256,-0.6414903611575842,-0.5148505121968574,74,73,2.923014738658425,0.7206809471583657,0.8139982876712328,0.1051872077299,0.609375,1.078125,74.96440640886513,9.861353284863752,55.65217391304348,98.46153846153847,0.17201304431116393,0.1051872077299,1,0,1.0
S14,1020,1080,60,30,0.12637500000000002,36.74591323272959,-88.58,60.95,149.53,12.21,59.835,36.746130543880625,5185067.9422,-0.6884030488444784,-0.7837287707609204,73,72,3.0384853167500214,0.3528092113579448,0.8194444444444444,0.11303070020081182,0.609375,1.078125,74.65383198730949,10.551341739407958,55.65217391304348,98.46153846153847,0.19029424665001984,0.11303070020081182,1,0,1.0
S14,1050,1110,60,30,0.31755989583333327,41.21497675690153,-199.29,184.68,383.97,12.405000000000001,59.715,41.2162001324646,6523296.5889,-0.6625594549423656,1.5346787265242465,75,74,2.772940218813278,0.7401434439835226,0.8023648648648649,0.037174157308584144,0.71875,0.890625,74.93862514378648,3.4511915822317394,67.36842105263158,83.47826086956522,0.0362077576263536,0.037174157308584144,1,0,1.0
S14,1080,1140,60,30,-0.13868489583333332,37.13613849412558,-199.29,184.68,383.97,9.635000000000002,51.4825,37.13639745256947,5295790.1405,-0.653941348861057,3.010076912229618,75,74,2.6578099932391486,0.9227942615984096,0.8059543918918919,0.04374447636136709,0.71875,0.890625,74.6650418191871,4.043873924734251,67.36842105263158,83.47826086956522,0.03796620872745903,0.04374447636136709,1,0,1.0
S14,1110,1170,60,30,-0.46716666666666645,36.57446518880655,-155.26,222.83,378.09000000000003,4.68,44.47,36.57744863357294,5137573.434400001,0.16789593760193805,3.7373840995570067,75,74,2.4056601478416413,1.3005386302448807,0.7956081081081081,0.15584315183799102,0.375,1.265625,78.67445528677992,17.952960415785117,47.407407407407405,160.0,0.23393223017223636,0.15584315183799102,1,0,1.0
S14,1140,1200,60,30,0.07203906250000006,36.57521120472648,-155.26,222.83,378.09000000000003,5.11,45.052499999999995,36.575282149244934,5136964.854900001,0.15084953552302896,3.745695326666578,74,73,2.3726636926285565,1.3297432656420336,0.8133561643835616,0.16644582101051197,0.375,1.265625,77.35347454192484,18.772271388991836,47.407407407407405,160.0,0.2549025591674962,0.16644582101051197,1,0,1.0
S14,1890,1950,60,30,-0.08977343749999976,52.719865215686276,-187.48,246.14,433.62,0.4,48.697500000000005,52.71994165048183,10672866.2309,0.11949627368262461,1.9642387758468,102,101,1.6744757767065697,1.534088014914958,0.5829207920792079,0.2220701729938783,0.375,1.3125,115.1940493828173,33.6586616877763,45.714285714285715,160.0,0.31187045963628873,0.2220701729938783,2,1,0.7634047619047619
S14,1920,1980,60,30,0.3838671875000002,37.14601277627344,-113.85,165.75,279.6,-0.65,41.47,37.147996166586275,5299098.6977,0.41766670802749023,1.197405479376072,106,105,1.8324321261551024,1.423636446383296,0.559970238095238,0.1959424223949243,0.359375,1.296875,117.45390237777751,30.725634014573274,46.265060240963855,166.95652173913044,0.265801694624742,0.1959424223949243,2,1,1.0
S14,1950,2010,60,30,-0.10593750000000005,43.28715673420363,-129.02,169.31,298.33000000000004,-2.61,47.85,43.28728636546089,7195350.3778,0.4603349928586159,1.0465023012835735,98,94,1.9309422541479788,1.468623518548733,0.5940824468085106,0.19644259129137054,0.34375,1.359375,110.36081301602907,29.79880487560646,44.13793103448276,174.54545454545453,0.2702155122325054,0.19644259129137054,2,1,1.0
S14,1980,2040,60,30,-0.2474114583333333,51.371683463179586,-196.95,253.72,450.66999999999996,-2.5149999999999997,57.082499999999996,51.37227923959412,10134186.5252,0.37983148747784506,1.5412064641305063,91,90,1.9269456028512382,1.4540607434132973,0.6559027777777777,0.23763905123703785,0.34375,1.390625,102.52235602370853,31.93894345783171,43.146067415730336,174.54545454545453,0.35680874156160364,0.23763905123703785,2,1,1.0
S14,2010,2070,60,30,-0.04738802083333334,50.21515052569483,-196.95,253.72,450.66999999999996,0.79,49.36,50.215172885719596,9682804.1777,0.2820812504415955,2.6447429477968374,96,94,1.732109215833053,1.5182032948136537,0.6301529255319149,0.24851399592035647,0.34375,1.328125,108.25142432333332,34.557638118760934,45.1764705882353,174.54545454545453,0.34847904816417385,0.24851399592035647,2,1,1.0
S14,2040,2100,60,30,0.10270833333333318,41.64826099383699,-162.58,211.2,373.78,0.38,41.595,41.648387637608494,6660818.6603999995,0.35315996720997755,3.527194097562261,102,99,1.7483746732344383,1.5045630991453478,0.5885416666666666,0.2060600403150656,0.375,1.375,111.91468406906945,29.761983611348974,43.63636363636363,160.0,0.26378508175381593,0.2060600403150656,2,1,1.0
S14,2070,2130,60,30,0.6220442708333332,36.90978353128294,-119.63,190.11,309.74,0.685,42.045,36.9150248462742,5232841.1881,0.3081353494509652,1.6216502271839088,105,102,1.9192640072673095,1.3570506299495628,0.5752144607843137,0.20165534503049037,0.34375,1.3125,114.42316133195878,30.793675648974205,45.714285714285715,174.54545454545453,0.2908080906825593,0.20165534503049037,2,1,1.0
S14,2100,2160,60,30,-0.5290208333333334,39.93028790422314,-160.39,220.18,380.57,-0.695,38.5075,39.93379214595391,6123677.7798,0.44549505061005623,3.3510395261266313,108,106,1.6579751712464879,1.4129351700837276,0.5601415094339622,0.1907370008703699,0.359375,1.25,116.57385823280508,28.925994882793038,48.0,166.95652173913044,0.2670871870311088,0.1907370008703699,2,1,1.0
S14,2130,2190,60,30,-0.46974999999999995,41.31553112480826,-175.02,220.18,395.20000000000005,-1.24,40.2,41.31820152411646,6555624.1044,0.3793804296603907,3.475452550723931,106,103,1.6779769628166434,1.4272483970076713,0.5533980582524272,0.18875395156569974,0.34375,1.40625,117.03246336252188,26.540414454887966,42.666666666666664,174.54545454545453,0.246286373221914,0.18875395156569974,2,1,1.0
S14,2160,2220,60,30,0.2885364583333334,45.605196482895046,-175.02,201.93,376.95000000000005,1.1749999999999998,44.705,45.606109234742334,7986882.0462,-0.16958485346488503,2.6305238488383695,102,99,1.7169483029253185,1.4145510859609856,0.5812815656565656,0.19991243296342726,0.34375,1.40625,112.05766800037162,26.763904677425934,42.666666666666664,174.54545454545453,0.26812207879813,0.19991243296342726,2,1,1.0
S14,2190,2250,60,30,0.019106770833333484,50.27360814995959,-174.02,278.21,452.23,1.61,36.2375,50.27361178077795,9705354.3993,0.29848316751457765,4.178478752721569,92,89,1.5072499089049118,1.4988345124470044,0.6434339887640449,0.23156155226942757,0.359375,1.296875,103.34394716759948,28.79475124179347,46.265060240963855,166.95652173913044,0.29581243007269215,0.23156155226942757,2,1,1.0
S14,2220,2280,60,30,0.11181250000000051,51.34185981250105,-191.14,278.21,469.34999999999997,1.61,32.4125,51.34198156520321,10122236.432799999,0.42136039226139843,4.1471047021102185,102,100,1.5291195804741633,1.6315669633708165,0.57140625,0.24383266827311614,0.34375,1.296875,118.75179065630982,33.395636285045455,46.265060240963855,174.54545454545453,0.29690822514769366,0.24383266827311614,2,1,1.0
S14,2250,2310,60,30,-0.031744791666666335,48.24986127924223,-210.74,263.12,473.86,0.72,29.5325,48.24987172208768,8939712.4654,0.218584950546953,6.1346866469298025,118,117,1.361122732991179,1.537262661583503,0.5082799145299145,0.2021061794180649,0.34375,1.34375,129.0417656181178,28.71799332639586,44.651162790697676,174.54545454545453,0.25625673482528993,0.2021061794180649,2,1,1.0
S14,2280,2340,60,30,-0.1514635416666666,32.99602360108027,-210.74,263.12,473.86,1.04,25.644999999999996,32.996371235144935,4180840.3763999995,0.4278838264707563,20.16875675872671,120,119,1.443499694867494,1.076508592244025,0.4997373949579832,0.14771854571676482,0.375,1.34375,126.44912773782558,22.790552361363453,44.651162790697676,160.0,0.16251986107440552,0.14771854571676482,2,1,1.0
S14,2310,2370,60,30,-0.007833333333333218,18.311960377240855,-104.83,66.83,171.66,1.795,25.6325,18.311962052678844,1287659.3442,-0.623446677987159,2.1798907269522907,123,122,2.5872867626893328,1.009824574216611,0.484375,0.05846339666834283,0.375,0.734375,125.34048979507514,12.415652147849304,81.70212765957447,160.0,0.04693952170982473,0.05846339666834283,2,1,1.0
S14,2340,2400,60,30,0.013505208333333418,16.64121861006873,-104.83,66.83,171.66,1.7650000000000001,24.130000000000003,16.641224090154846,1063412.5026,-0.6065932207572327,2.236081587188857,123,122,2.669348955329399,0.7422644192556179,0.4886014344262295,0.06179277392060562,0.40625,1.0,123.98767300191255,9.82744023823128,60.0,147.69230769230768,0.08299637021586104,0.06179277392060562,2,1,1.0
S14,2370,2430,60,30,0.02147135416666675,17.574236915828198,-89.49,104.25,193.74,1.625,24.54,17.574250032155234,1186000.3745,0.01756517505211129,3.0824946044634807,121,120,2.604864872139279,0.8792220318507684,0.4962239583333333,0.07013855316115332,0.421875,0.9375,122.49730442031871,11.557953834395162,64.0,142.22222222222223,0.09067976829564167,0.07013855316115332,2,1,1.0
S14,2400,2460,60,30,0.07299479166666675,19.121282376690626,-89.49,104.25,193.74,1.93,26.68,19.12142170364824,1404014.469,-0.07165180878866989,2.191387098281467,120,119,2.616547834730483,0.9246515630812738,0.5002626050420168,0.05846280688259766,0.421875,0.9375,121.08583803342314,10.199683764161163,64.0,142.22222222222223,0.06983269674699401,0.05846280688259766,2,1,1.0
S14,2430,2490,60,30,-0.014830729166666605,19.004844392628264,-75.13,58.95,134.07999999999998,2.2300000000000004,28.775,19.00485017932374,1386947.8284999998,-0.4385635846187986,0.1117025487948311,117,116,2.8217411849766716,0.7334519787196245,0.5123922413793104,0.03349412863720855,0.34375,0.625,117.6158435960073,8.144183606968507,96.0,174.54545454545453,0.03816217894950331,0.03349412863720855,2,1,1.0
S14,2460,2520,60,30,-0.09929687499999991,19.546488186963796,-84.45,56.32,140.77,2.415,28.8525,19.54674040121524,1467168.2316,-0.4994600419682161,0.2974870256060296,114,113,2.7418574476344926,0.8425875184782787,0.5276548672566371,0.04290472399811075,0.34375,0.625,114.5456555886855,10.497637692089386,96.0,174.54545454545453,0.04800080362283011,0.04290472399811075,2,1,1.0
S14,2490,2550,60,30,-0.0059557291666666535,20.685454650226614,-84.45,76.79,161.24,2.91,29.3525,20.68545550760949,1643090.1871000002,-0.42115666294546006,0.6513030656215983,108,107,2.647825847080497,0.8585583021045707,0.5563668224299065,0.09676228107809239,0.359375,1.390625,109.82845179238164,13.048058643634363,43.146067415730336,166.95652173913044,0.11848242881330548,0.09676228107809239,2,1,1.0
S14,2520,2580,60,30,-0.0026093750000000617,19.141214947058494,-79.0,76.79,155.79000000000002,2.875,27.64,19.14121512491653,1406922.6872,-0.42088876582920237,0.740647223484614,109,108,2.5552671325447394,0.8319329843703895,0.5504918981481481,0.05864124161309011,0.390625,0.78125,110.18598368785695,11.40109867249081,76.8,153.6,0.06311756803663947,0.05864124161309011,2,1,0.9865952380952381
S14,4320,4380,60,30,0.16715625000000003,15.51699389938343,-67.51,140.81,208.32,2.165,14.4125,15.51789421556342,924691.3569999998,1.7147254986601908,18.207792834886167,84,83,1.944005342994796,1.5066947904151267,0.7123493975903614,0.15386042018738774,0.390625,1.125,88.5554654402096,20.78659466080669,53.333333333333336,153.6,0.2588008816473843,0.15386042018738774,3,0,1.0
S14,4350,4410,60,30,0.03464843750000006,15.445989562806279,-103.66,110.42,214.07999999999998,1.26,14.1525,15.446028424437838,916146.4092999999,0.17765936824731193,11.207832162819926,83,82,1.9046157307806897,1.5944385151560738,0.7195121951219512,0.15400255705649024,0.390625,1.28125,87.39199852514263,19.626555434689553,46.829268292682926,153.6,0.23197718913907073,0.15400255705649024,3,0,1.0
S14,4380,4440,60,30,-0.09577864583333333,16.53121654117478,-103.66,110.42,214.07999999999998,1.005,16.085,16.531494000247175,1049434.7285000002,0.0014653082639132157,7.870280458333671,79,77,1.9736040519525215,1.6517738350862834,0.7441152597402597,0.18190444853105459,0.421875,1.390625,85.5742997427621,21.462150726068362,43.146067415730336,142.22222222222223,0.2633903681225584,0.18190444853105459,3,0,1.0
S14,4410,4470,60,30,-0.03785416666666643,18.169353402134302,-75.76,121.48,197.24,1.69,17.799999999999997,18.16939283491838,1267687.0502000002,0.19651363145190864,5.863552479955047,79,77,1.961335758236696,1.6726736558292437,0.7487824675324676,0.2101867235752247,0.359375,1.5,86.82637873023113,25.73020541193172,40.0,166.95652173913044,0.31961975796135683,0.2101867235752247,3,0,1.0
S14,4440,4500,60,30,-0.034307291666666476,19.078572716951037,-75.76,121.48,197.24,1.4,19.4225,19.078603562793845,1397733.5574,0.15349936223816213,5.117397805502085,80,79,2.0222948840255754,1.5584522666599236,0.742879746835443,0.17363343627042332,0.359375,1.5,85.5863658735327,22.277201120431293,40.0,166.95652173913044,0.2702625889522623,0.17363343627042332,3,0,1.0
S14,4470,4530,60,30,0.06697656250000002,14.44005052144731,-73.81,68.07,141.88,1.6749999999999998,16.055,14.440205847628176,800715.0525,-0.38176539579831187,3.711255521024654,81,80,2.1833137250455565,1.2968316655004697,0.74375,0.12567202167248684,0.484375,0.984375,83.21879713504786,15.348199561274296,60.95238095238095,123.87096774193549,0.2134515993035732,0.12567202167248684,3,0,1.0
S14,4500,4560,60,30,0.06224739583333335,11.132077695983813,-66.73,43.2,109.93,1.84,13.6325,11.132251729443974,475879.7897,-0.7716560500862194,3.0108299330032198,83,82,2.3907140414078207,1.0963538703465143,0.7166539634146342,0.12309819922930904,0.359375,0.96875,86.56472858987665,17.21603697405574,61.935483870967744,166.95652173913044,0.19452193396429585,0.12309819922930904,3,0,1.0
S14,4530,4590,60,30,-0.13513802083333332,13.17680794369854,-98.05,70.69,168.74,1.57,13.235,13.17750089621669,666802.6747,-1.3639886197538202,11.08179782995139,84,83,2.0256730519222197,1.2409302409276288,0.7061370481927711,0.13265921414970372,0.359375,1.09375,88.56070842031943,19.954270580969556,54.857142857142854,166.95652173913044,0.19567420775173283,0.13265921414970372,3,0,1.0
S14,4560,4620,60,30,-0.012856770833333246,13.180297624054324,-98.05,70.69,168.74,1.4849999999999999,13.3325,13.180303894645537,667086.3772999999,-1.2829408257328427,10.863619742497423,85,84,1.9323137697402821,1.1950437197004442,0.7020089285714286,0.14755938799600926,0.359375,1.09375,89.79813851406645,21.48287188546968,54.857142857142854,166.95652173913044,0.22677175369874092,0.14755938799600926,3,0,1.0
S14,4590,4650,60,30,-0.22776302083333325,17.575326024450185,-71.06,164.31,235.37,0.735,16.375,17.576801781307516,1186344.8097,1.6398018915958013,16.017706893774726,86,85,1.7637371716934176,1.2259271389632027,0.7020220588235294,0.1129735802933175,0.34375,1.171875,88.7172943986739,21.3633929505613,51.2,174.54545454545453,0.11786757033596969,0.1129735802933175,3,0,1.0
S14,4620,4680,60,30,0.13095833333333337,25.611934287276387,-79.86,164.31,244.17000000000002,0.94,20.705,25.61226909160595,2518995.1796,0.6260712972227352,4.583158731589489,83,82,1.7763603321045245,1.4998246557944819,0.7259908536585366,0.20057610317107985,0.34375,1.46875,89.54167690487996,27.472898868705062,40.851063829787236,174.54545454545453,0.29639235458246604,0.20057610317107985,3,0,1.0
S15,120,180,60,30,0.20012760416666714,67.54054625363142,-412.89,360.39,773.28,2.52,25.1525,67.54084274938295,17517179.286900003,-0.9770529716291587,8.279859499648202,58,52,2.0494815503632875,2.3549377483517695,0.6847956730769231,0.25390802798649215,0.34375,1.453125,99.1450550454154,33.97086801520911,41.29032258064516,174.54545454545453,0.3511691017892528,0.25390802798649215,1,0,1.0
S15,150,210,60,30,0.14055989583333348,79.91673429833376,-585.27,360.39,945.66,6.135,29.345,79.91685790867152,24524944.043500002,-1.5467759827784004,10.89942135598328,72,64,1.539590285539772,2.292166285219985,0.76611328125,0.22617438385779268,0.34375,1.453125,85.57538768797542,27.461642895361532,41.29032258064516,174.54545454545453,0.33458655783300634,0.22617438385779268,1,0,1.0
S15,180,240,60,30,-0.2567031250000002,111.87744374805568,-585.27,486.88,1072.15,7.125,37.735,111.87773825070718,48063852.733799994,-0.8540525088766723,5.480615729368559,39,31,2.481813715589116,2.4208966065032556,0.8926411290322581,0.2728281498244426,0.4375,1.484375,73.95224748333294,23.47509684558593,40.421052631578945,137.14285714285714,0.4081585776131217,0.2728281498244426,1,0,1.0
S15,210,270,60,30,0.04831770833333303,133.882197980449,-714.14,486.88,1201.02,11.17,56.584999999999994,133.88220669931118,68829869.8394,-0.8954866215310059,3.9082078583945696,46,40,2.464108166490366,2.140798473810305,0.869921875,0.29421894707574386,0.34375,1.484375,78.16409912335054,29.462136186614263,40.421052631578945,174.54545454545453,0.43741413992656014,0.29421894707574386,1,0,1.0
S15,240,300,60,30,0.24846354166666618,104.49027852251238,-839.76,444.56,1284.32,4.57,28.9825,104.49057392819579,41926195.353,-2.074365277494705,14.375957730584606,47,39,2.1190202993754252,2.703675303520621,0.7487980769230769,0.24232986963528788,0.40625,1.484375,87.32031026100655,24.51669548725976,40.421052631578945,147.69230769230768,0.26990790568144185,0.24232986963528788,1,0,1.0
S15,270,330,60,30,0.16319531249999997,62.96250813582254,-839.76,329.08,1168.84,2.23,20.2125,62.96271963204529,15222927.6037,-4.152424412646146,53.317484734613956,72,69,1.3300110782227397,2.4432723617023457,0.7792119565217391,0.18815768265908198,0.46875,1.4375,80.40727943179056,15.042111760128341,41.73913043478261,128.0,0.2916099001568453,0.18815768265908198,1,0,1.0
S15,300,360,60,30,0.08404166666666679,69.10988189310928,-455.18,518.63,973.81,3.09,23.03,69.10993299288641,18340542.099,-0.3665729382577266,14.222093901067176,76,74,1.5161477143854236,2.1948600601733443,0.7633023648648649,0.16702071657841394,0.40625,1.40625,82.16331006559672,17.625297710230228,42.666666666666664,147.69230769230768,0.23876454538637357,0.16702071657841394,1,0,1.0
S15,330,390,60,30,-0.1888932291666667,65.48936563241789,-455.18,518.63,973.81,3.58,22.354999999999997,65.48963804746933,16469347.9357,-0.22409616190156137,15.895511736687524,79,77,1.4687455629018917,2.1607623270360503,0.7459415584415584,0.14809058053224203,0.34375,1.40625,83.64872465915107,18.164023655728126,42.666666666666664,174.54545454545453,0.21351074203763268,0.14809058053224203,1,0,1.0
S15,360,420,60,30,-0.09511718750000014,31.25060067150737,-290.49,162.34,452.83000000000004,1.94,15.920000000000002,31.25074542485947,3750178.9041000004,-2.0811504967047645,21.89779993307887,85,84,1.5167331990718333,2.0281845031013144,0.703125,0.11395593929756569,0.34375,1.03125,88.33679339885342,19.71991595025924,58.18181818181818,174.54545454545453,0.1558352930315109,0.11395593929756569,1,0,1.0
S15,390,450,60,30,-0.1656848958333334,31.788689892031584,-290.49,132.3,422.79,0.88,13.1325,31.78912166978601,3880505.3051000005,-2.912388270128373,24.706572701819233,76,73,1.4441912367055105,2.1523599225659713,0.743792808219178,0.1759943718686557,0.34375,1.5,84.86610482260751,19.91634880791293,40.0,174.54545454545453,0.1678223279762294,0.1759943718686557,1,0,1.0
S15,420,480,60,30,0.010841145833333458,48.44359006333826,-354.35,247.63,601.98,1.4,16.7725,48.4435912764032,9011641.097299999,-2.353277179296126,17.127792224968335,69,66,1.6530716351322945,2.3727317755521913,0.7260890151515151,0.20584246670919004,0.34375,1.5,89.74320921078987,28.16152506639776,40.0,174.54545454545453,0.28205680219321344,0.20584246670919004,1,0,1.0
S15,450,510,60,30,0.6483515625000001,45.02186945398438,-354.35,247.63,601.98,3.73,21.085,45.02653760706244,7785174.101299998,-2.516941171370742,21.650057738585204,81,80,1.629951347647318,2.293409111389816,0.7228515625,0.17510710572138727,0.34375,1.34375,88.76383356220158,26.07346326903561,44.651162790697676,174.54545454545453,0.25138682786315847,0.17510710572138727,1,0,1.0
S15,480,540,60,30,0.010484375000000176,35.26951946299804,-238.12,205.33,443.45000000000005,2.37,19.36,35.26952102131409,4776726.1942,-0.18332211849774638,9.033770312657541,79,78,1.771576680918489,2.008378227443339,0.7520032051282052,0.18853810802813772,0.375,1.4375,84.7965786959311,21.852565735099176,41.73913043478261,160.0,0.2513281481811813,0.18853810802813772,1,0,1.0
S15,510,570,60,30,-0.4314479166666663,67.65600527775136,-334.44,265.5,599.94,2.2699999999999996,49.010000000000005,67.65738095321097,17577681.398199998,-0.463696890521935,3.0937930470200845,65,61,2.3614664206005673,1.7677672661045187,0.6580430327868853,0.23370118922001956,0.34375,1.234375,103.13773573643115,35.599947200733084,48.607594936708864,174.54545454545453,0.2932758806780742,0.23370118922001956,1,0,1.0
S15,540,600,60,30,-0.03873958333333309,80.41014594638965,-334.44,372.3,706.74,5.425000000000001,74.3775,80.41015527826693,24828645.395999998,-0.2379248423923825,2.18644438560435,82,77,1.9734844261756037,1.630881444696024,0.6631493506493507,0.22074825807044726,0.34375,1.28125,101.15204509856586,34.13496744657121,46.829268292682926,174.54545454545453,0.29838604371774213,0.22074825807044726,1,0,1.0
S15,570,630,60,30,0.07078385416666641,59.037158033143534,-284.06,372.3,656.36,2.59,38.5,59.03720046703074,13383901.5897,0.1940159005214907,6.205779656685143,83,82,1.6491206696586542,1.7031778134246696,0.7269435975609756,0.22886336417955133,0.359375,1.453125,91.18759347797355,29.88661111259537,41.29032258064516,166.95652173913044,0.34947619120276646,0.22886336417955133,1,0,1.0
S15,600,660,60,30,-0.08863541666666705,55.026492066344694,-437.6,388.93,826.53,2.4850000000000003,28.8125,55.0265634522508,11627223.1118,-0.24961248896102278,14.538840986826003,76,73,1.4346797655510861,1.7744148569402751,0.7641267123287672,0.2504165566367794,0.359375,1.5,87.60768446521374,30.532496427516737,40.0,166.95652173913044,0.30990677501692165,0.2504165566367794,1,0,1.0
S15,630,690,60,30,-0.44035416666666666,67.7859979306013,-437.6,388.93,826.53,3.725,30.689999999999998,67.7874282388673,17645320.0406,-0.6157412163907824,9.07220543044586,64,59,1.6051180859119771,2.142089966974719,0.8185911016949152,0.2820582922142817,0.34375,1.46875,82.30361966861918,29.156545390227425,40.851063829787236,174.54545454545453,0.4149028760465805,0.2820582922142817,1,0,1.0
S15,660,720,60,30,0.042656250000000166,67.37808045081131,-472.48,297.24,769.72,5.205,32.0425,67.37809395338864,17432860.972,-1.294455558308283,10.779143528560118,76,74,1.489729759401876,2.0857363954903474,0.7696368243243243,0.2335156092583105,0.375,1.46875,84.12515184901528,22.434070143892065,40.851063829787236,160.0,0.3311332664564368,0.2335156092583105,1,0,1.0
S15,690,750,60,30,0.26462760416666675,49.4513204119599,-472.48,297.24,769.72,4.025,23.025,49.45202845440426,9390731.9741,-2.1861369151758767,27.67723878901663,80,78,1.305554117911596,1.8753468529620227,0.75,0.18551972431246863,0.390625,1.484375,84.66082724564777,20.837629588179247,40.421052631578945,153.6,0.25877458475338283,0.18551972431246863,1,0,1.0
S15,720,780,60,30,0.05908854166666671,12.601524610243676,-53.25,74.35,127.6,2.79,16.990000000000002,12.6016631425512,609799.3496000001,-0.1142203687699479,3.0822968007490754,78,77,2.6631291226624234,1.229421836990109,0.7765827922077922,0.14251892334251642,0.46875,1.09375,80.01374431743015,15.484219481931675,54.857142857142854,128.0,0.21385650864801478,0.14251892334251642,1,0,1.0
S15,750,810,60,30,-0.018416666666666658,13.372235116999162,-74.15,50.69,124.84,3.59,18.677500000000002,13.372247799002105,686657.3229999999,-0.8942064643174402,1.7504202923752166,78,77,2.716928766098701,0.9931113179733503,0.7739448051948052,0.05052637496565377,0.671875,0.9375,77.8489595231577,4.99125343577331,64.0,89.30232558139535,0.030991944385215908,0.05052637496565377,1,0,1.0
S15,780,840,60,30,-0.12943750000000007,18.923282157180353,-88.09,98.17,186.26,3.545,21.044999999999998,18.923724835947773,1375132.2688,0.028048392329166085,5.320165841175557,82,80,2.1241932019610408,1.0762702628882763,0.73515625,0.08084710806709478,0.421875,0.90625,82.84784769591559,11.543347502223732,66.20689655172414,142.22222222222223,0.08585205044070536,0.08084710806709478,1,0,1.0
S15,810,870,60,30,-0.037648437500000104,30.847823870884508,-229.98,271.81,501.78999999999996,1.7,17.375,30.8478468450224,3654104.2750999997,0.6777734152241703,21.709259742828092,84,82,1.6015677851108125,2.188467541522493,0.7109375,0.1376127672976718,0.34375,1.234375,88.0220141459453,20.78795044752029,48.607594936708864,174.54545454545453,0.18618526974014318,0.1376127672976718,1,0,1.0
S15,840,900,60,30,0.19327864583333337,34.58648732639102,-310.14,271.81,581.95,1.64,13.0925,34.58702736884946,4593647.8549,-0.40329093874590805,25.53638499420985,84,83,1.4762061620327405,2.4303177206587194,0.7072665662650602,0.15884672697237412,0.34375,1.265625,89.69549741403043,24.124118290286283,47.407407407407405,174.54545454545453,0.24719149402434504,0.15884672697237412,1,0,1.0
S15,870,930,60,30,0.02328906250000012,35.23666657388805,-310.14,207.34,517.48,2.1950000000000003,12.502500000000001,35.236674270137804,4767833.1403,-2.3324573833899467,23.58879495274201,82,81,1.360659977602677,2.151157244701129,0.71875,0.15536012028609092,0.34375,1.4375,87.58283189467139,21.335978062968493,41.73913043478261,174.54545454545453,0.23662333060359347,0.15536012028609092,1,0,1.0
S15,900,960,60,30,-0.028442708333333268,28.416074585813387,-270.27,127.2,397.46999999999997,2.285,15.2,28.416088820493343,3100700.5588,-2.9604492411816747,30.121831233451218,82,81,1.4173959582862559,1.734241236765055,0.7307098765432098,0.1378054881228425,0.4375,1.4375,84.8126572395588,15.45329502528467,41.73913043478261,137.14285714285714,0.2308458250042114,0.1378054881228425,1,0,1.0
S15,930,990,60,30,-0.04501041666666669,49.97719937162487,-459.75,424.38,884.13,2.24,17.627499999999998,49.977219640239596,9591254.334600002,-1.4361336969878649,36.41403646066094,82,81,1.0184912740891692,2.0444185803312873,0.722608024691358,0.13293512549332218,0.390625,1.359375,85.8462799181542,16.985849932215494,44.13793103448276,153.6,0.17453551639816753,0.13293512549332218,1,0,1.0
S15,960,1020,60,30,-0.8592578124999999,63.48567584253579,-459.75,424.38,884.13,0.95,27.8275,63.491490462674406,15479690.346900001,-0.6073182174144326,14.306223012709786,73,70,1.431868677123318,1.8826945510799495,0.7678571428571429,0.22903569618631725,0.34375,1.484375,84.54760942467048,24.174444667163254,40.421052631578945,174.54545454545453,0.2756333286887817,0.22903569618631725,1,0,1.0
S15,990,1050,60,30,0.042559895833333646,57.35128454755154,-598.44,311.39,909.83,2.0949999999999998,37.1575,57.35130033921602,12630419.138300002,-1.3861632655081833,17.330935617327775,75,71,1.7183108296663347,1.7210103406060895,0.748899647887324,0.2430159465400642,0.34375,1.46875,88.82923637980127,29.091883453716985,40.851063829787236,174.54545454545453,0.3423724426832986,0.2430159465400642,1,0,1.0
S15,1020,1080,60,30,0.7127213541666667,56.28906292953238,-598.44,311.39,909.83,3.0149999999999997,25.485,56.29357491946609,12168831.6565,-1.2442060009571188,20.654468009253268,71,67,1.6622772400057684,2.0486726464848015,0.8192630597014925,0.2721129818220476,0.390625,1.484375,82.11264675666446,28.441964599621723,40.421052631578945,153.6,0.3461681047855699,0.2721129818220476,1,0,1.0
S15,1050,1110,60,30,0.06216927083333316,65.58958941431983,-320.26,531.77,852.03,2.02,18.0075,65.58961887796949,16519672.721499998,0.6347092941160736,12.197553654157014,52,42,1.5346478606702054,2.1643379000456027,0.7965029761904762,0.27384616772460374,0.375,1.484375,85.06810509852251,30.853312595155106,40.421052631578945,160.0,0.3772007324097977,0.27384616772460374,1,0,1.0
S15,1080,1140,60,30,-0.8261302083333331,74.66065883014826,-320.26,531.77,852.03,2.93,27.745,74.66522931105827,21407602.4374,0.021170534309308722,6.743836673514846,51,43,1.9609902433688586,1.8750203843975066,0.8045058139534884,0.305376142861535,0.34375,1.5,86.93503546455722,36.365186037196025,40.0,174.54545454545453,0.3818508633553656,0.305376142861535,1,0,1.0
S15,1110,1170,60,30,-0.00013541666666630665,67.92928705441598,-379.09,272.46,651.55,5.345000000000001,37.5325,67.92928705455095,17719250.0726,-0.8420163860348481,4.094934877475095,61,52,1.9789093551307253,1.9363430335664311,0.8347355769230769,0.322414045132506,0.34375,1.5,84.89903647376966,37.16467902832212,40.0,174.54545454545453,0.4693929414210256,0.322414045132506,1,0,1.0
S15,1140,1200,60,30,0.9833645833333334,55.0030015779669,-382.28,238.6,620.88,4.47,25.2275,55.01179135866767,11620981.2038,-1.4501039230744963,10.207669972598834,74,70,1.5525958580893326,2.0158630166410663,0.7779017857142857,0.1975698632004019,0.34375,1.28125,82.05779508125148,21.031353739961023,46.829268292682926,174.54545454545453,0.278233369214703,0.1975698632004019,1,0,1.0
S15,1170,1230,60,30,-0.05470833333333321,37.24513952865099,-382.28,226.66,608.9399999999999,1.585,16.5075,37.245179708392016,5326861.100199999,-1.8502464482811887,21.26401193564903,79,77,1.576693709793087,2.353840789137624,0.7459415584415584,0.20950129751986343,0.359375,1.3125,86.7579353946385,24.514810619047665,45.714285714285715,166.95652173913044,0.3189305474220796,0.20950129751986343,1,0,1.0
S15,1200,1260,60,30,-0.060820312499999925,16.366758392871482,-191.97,147.01,338.98,0.91,10.920000000000002,16.366871399294418,1028638.0008999999,-0.5369558733873762,48.213417576836115,81,80,1.537073681689098,1.488933497416257,0.7330078125,0.16668648919799212,0.375,1.4375,86.52131234901626,22.14487203744579,41.73913043478261,160.0,0.2104406214170759,0.16668648919799212,1,0,1.0
S15,1230,1290,60,30,0.05271614583333333,32.77920392951544,-425.32,312.16,737.48,1.26,9.4725,32.779246319047544,4125999.3187000006,-4.562421913641043,85.75468801501044,66,59,0.9865780295879346,1.985258008586297,0.8117055084745762,0.2173156616589882,0.34375,1.484375,79.31617444956271,23.71271527453986,40.421052631578945,174.54545454545453,0.3107981677513338,0.2173156616589882,1,0,0.9205
S15,1620,1680,60,30,-2.6041666666661484e-05,4.669804292980435,-16.18,16.98,33.16,1.01,7.37,4.669804293053047,83739.157,-0.4054151648435301,-0.14321445073828842,80,79,2.8545628817973787,0.7943286709469084,0.7575158227848101,0.10349117358080907,0.40625,0.96875,81.20602754381942,15.10590564982243,61.935483870967744,147.69230769230768,0.11665879666679059,0.10349117358080907,3,0,1.0
S15,1650,1710,60,30,0.03270572916666664,15.906973190726388,-170.49,113.35,283.84000000000003,1.12,8.3525,15.907006813200537,971646.2045,-1.9650846813472653,30.606177381021247,81,80,1.7069926562511009,2.4635364999354885,0.73359375,0.15305124180217392,0.375,1.203125,85.59982928651968,19.341641754001916,49.87012987012987,160.0,0.20928464893551865,0.15305124180217392,3,0,1.0
S15,1680,1740,60,30,-0.02879947916666669,15.98223635469365,-170.49,113.35,283.84000000000003,1.41,9.4925,15.982262302543143,980861.5998999999,-1.9320374839936074,29.94610263029594,78,77,1.8283760678433902,2.4533562374051283,0.7670454545454546,0.13075678961830964,0.375,1.109375,81.08655697573512,17.7611475290431,54.08450704225352,160.0,0.14605955394186773,0.13075678961830964,3,0,1.0
S15,1710,1770,60,30,-0.0026718749999999976,5.2627806829977235,-13.15,8.4,21.55,1.52,8.9,5.262781361243311,106355.9718,-0.5547381992549724,-0.9396794840942113,75,74,3.082046224296432,0.49655349112868064,0.8002533783783784,0.11291537987464423,0.5625,1.046875,76.52461102034881,11.22652093075327,57.3134328358209,106.66666666666667,0.19607087355645605,0.11291537987464423,3,0,1.0
S15,1740,1800,60,30,0.04837760416666665,11.404901822065666,-101.39,91.11,192.5,1.725,9.3,11.4050044262833,499484.64369999996,-0.8454324349020085,19.80565024420822,79,77,1.9102046245046764,1.897089752868492,0.7635957792207793,0.09799476715443818,0.359375,0.9375,80.44535842215349,15.160644601243,64.0,166.95652173913044,0.11694052923022341,0.09799476715443818,3,0,1.0
S15,1770,1830,60,30,-0.019213541666666688,11.426560027802912,-101.39,91.11,192.5,1.57,9.245,11.42657618139251,501375.91,-0.8226170861913318,19.62246347040851,79,77,1.915523836395965,1.897008130645913,0.7666396103896104,0.12322032777821312,0.359375,1.21875,80.7380744000463,16.43860874994675,49.23076923076923,166.95652173913044,0.13996096877203038,0.12322032777821312,3,0,1.0
S15,1800,1860,60,30,0.001611979166666666,5.177556361400762,-16.52,13.66,30.18,1.505,8.485,5.177556612337361,102939.23509999999,-0.5303888221609946,-0.8053875291826516,75,74,3.047100259680239,0.5715820654969993,0.8006756756756757,0.14564543401311209,0.484375,1.328125,77.44445490130353,14.376338910207652,45.1764705882353,123.87096774193549,0.2104752195985753,0.14564543401311209,3,0,1.0
S15,1830,1890,60,30,-0.004549479166666663,5.223118586226143,-12.14,8.27,20.41,1.7,8.7625,5.223120567586169,104758.9957,-0.5545768938092903,-0.9792795631957527,75,74,3.1331983749752292,0.31923117402829254,0.7896959459459459,0.10345939045552856,0.53125,1.078125,77.30874994020955,10.462784402388023,55.65217391304348,112.94117647058823,0.1597635774666163,0.10345939045552856,3,0,1.0
S15,1860,1920,60,30,-0.016851562499999997,5.239712943279079,-15.82,8.66,24.48,1.54,8.735,5.2397400415597915,105426.7227,-0.5341003242737548,-0.9039383263697225,78,77,3.064955533506182,0.5631841580620345,0.7690746753246753,0.08342886497644698,0.34375,0.96875,79.4190276198173,13.775413537222054,61.935483870967744,174.54545454545453,0.0746772110838585,0.08342886497644698,3,0,1.0
S15,1890,1950,60,30,0.011734375000000012,14.966877861780103,-164.26,167.07,331.33,1.3050000000000002,9.2925,14.96688246178876,860189.0712,0.05199705580060803,42.52467065429989,79,78,1.5661164361859548,2.131180050104084,0.7604166666666666,0.1373976770594204,0.375,1.25,81.73370730566569,16.745172919553205,48.0,160.0,0.21925671830693644,0.1373976770594204,3,0,1.0
S15,1920,1980,60,30,0.0038541666666666676,15.095971687409392,-164.26,167.07,331.33,1.435,10.2925,15.095972179414835,875091.3640000001,0.04702867904351947,40.99456375603388,77,76,1.6111806623632854,2.2886741990249218,0.7719983552631579,0.10027901144854529,0.34375,0.90625,79.83324512447425,17.121330543547995,66.20689655172414,174.54545454545453,0.09890349357665111,0.10027901144854529,3,0,1.0
S15,3090,3150,60,30,0.451208333333334,131.33879655838373,-521.94,933.71,1455.65,4.5,96.325,131.3395716087295,66240318.990200005,0.5553624691488805,6.564294556608976,75,71,1.9683952757382273,1.7708240395826642,0.7537411971830986,0.2951320778302688,0.359375,1.40625,92.32501509358029,35.28084140488749,42.666666666666664,166.95652173913044,0.4035495756962741,0.2951320778302688,2,1,0.8461666666666666
S15,3120,3180,60,30,-0.10690364583333319,162.0755133865111,-1056.42,941.76,1998.18,2.21,102.4325,162.0755486428802,100870976.5167,0.041582395324722535,8.225792540263608,77,73,2.065069952480115,2.134955615521231,0.714041095890411,0.28588135175931034,0.34375,1.5,97.3048780422371,35.91215444851861,40.0,174.54545454545453,0.39093303826612824,0.28588135175931034,2,1,1.0
S15,3150,3210,60,30,-0.3789374999999999,159.5035009807656,-1056.42,941.76,1998.18,6.0,105.245,159.50395110701803,97695400.008,-0.4324466483695283,7.1166596761195215,66,60,2.4746146294136495,2.039099481644292,0.7302083333333333,0.2303626462443992,0.34375,1.5,90.65382296726683,29.17612994187279,40.0,174.54545454545453,0.28260765769624735,0.2303626462443992,2,1,1.0
S15,3180,3240,60,30,-0.5931119791666667,151.46941926121988,-486.49,924.55,1411.04,5.33,133.97000000000003,151.47058048727166,88102413.1321,0.11491986080769175,3.1305953450087083,69,59,2.5495393608845967,1.954605393451081,0.6596927966101694,0.20909907422095472,0.34375,1.1875,100.98503614725064,33.76234842395416,50.526315789473685,174.54545454545453,0.2764268552508589,0.20909907422095472,2,1,1.0
S15,3210,3270,60,30,0.6867161458333335,137.07436918521125,-486.49,924.55,1411.04,4.695,87.2975,137.07608933212435,72153040.3837,0.19312351105721362,4.32073033163254,60,50,2.573334232821135,2.2272747998098406,0.6609375,0.24571026668873647,0.34375,1.359375,103.67112808998495,37.339483840434546,44.13793103448276,174.54545454545453,0.30585244656349825,0.24571026668873647,2,1,1.0
S15,3240,3300,60,30,0.27992447916666713,121.04501305802836,-539.33,674.85,1214.18,1.36,59.662499999999994,121.04533672939364,56263578.408700004,0.06876253609582232,5.579023600830942,58,51,2.44388424212227,2.3371537368576742,0.7518382352941176,0.27697332361428717,0.359375,1.484375,91.43630260836242,34.54750895646049,40.421052631578945,166.95652173913044,0.3592459007246986,0.27697332361428717,2,1,1.0
S15,3270,3330,60,30,-0.8549010416666663,146.4070216678013,-671.93,674.85,1346.78,-0.665,78.05,146.40951761899595,82313267.9018,-0.025908831656689647,4.1663662656871185,63,57,2.553613753411987,2.2301960193156556,0.7700109649122807,0.2885379217383506,0.359375,1.484375,89.49400723868685,33.984792054010626,40.421052631578945,166.95652173913044,0.38919940756692634,0.2885379217383506,2,1,1.0
S15,3300,3360,60,30,0.1716223958333335,160.25891857348154,-671.93,1064.0,1735.9299999999998,3.17,71.6225,160.25901046926674,98622529.67650001,0.2040772883726378,4.545749853709778,60,51,2.7639969781997733,2.2082245167633863,0.6672794117647058,0.2694681985723192,0.34375,1.484375,104.72767790264734,39.637838000579336,40.421052631578945,174.54545454545453,0.35187833035724153,0.2694681985723192,2,1,1.0
S15,3330,3390,60,30,-0.0759895833333335,121.524086872169,-615.81,1064.0,1679.81,3.12,37.089999999999996,121.52411063048866,56709540.3438,0.6961128263650244,11.032750468173697,49,39,2.751341683118282,2.5681612984794815,0.6422275641025641,0.2848284386795056,0.34375,1.453125,109.03424166838961,38.70437203477513,41.29032258064516,174.54545454545453,0.42691615255901183,0.2848284386795056,2,1,1.0
S15,3360,3420,60,30,-0.026755208333332923,120.99490089114842,-777.89,871.98,1649.87,2.075,63.4525,120.99490384929442,56216704.348799996,0.2626199875873052,9.89562743055807,60,55,2.432441349448065,2.196718806402341,0.6789772727272727,0.2711543181588638,0.34375,1.5,101.66978547391906,37.1033429058032,40.0,174.54545454545453,0.34357239730150035,0.2711543181588638,2,1,1.0
S15,3390,3450,60,30,0.2757500000000005,113.86922661640742,-777.89,871.98,1649.87,2.135,44.6275,113.86956049920123,49790502.943799995,0.2776151586417454,12.398665971793037,55,49,2.4769769930519034,2.273784757858048,0.6686862244897959,0.2803091475323939,0.34375,1.5,103.33272039632546,36.145499872765356,40.0,174.54545454545453,0.36367306379594455,0.2803091475323939,2,1,1.0
S15,3420,3480,60,30,0.15699479166666683,31.74360885362684,-288.61,211.63,500.24,2.64,19.215000000000003,31.743997076875285,3869496.3855999997,-1.7648520573958142,23.93055572696114,78,76,1.3832463401278952,1.618855052154436,0.7724095394736842,0.16309700883897943,0.359375,1.234375,81.6860042244184,20.461697999573293,48.607594936708864,166.95652173913044,0.24308134783785174,0.16309700883897943,2,1,1.0
S15,3450,3510,60,30,0.009388020833333637,27.935547450699314,-288.61,173.82,462.43,2.6,17.0775,27.93554902816854,2996716.4140999997,-2.2423086731862782,33.85521577381096,82,81,1.2460127671353884,1.3056150148794117,0.7314814814814815,0.16455752975303956,0.359375,1.421875,86.32424879644508,20.959584736613735,42.1978021978022,166.95652173913044,0.2566855102491666,0.16455752975303956,2,1,1.0
S15,3480,3540,60,30,0.06083072916666687,38.702461423291254,-535.11,427.28,962.39,1.935,18.3275,38.70250922871743,5751875.4070999995,-1.9886752231047935,67.6033532121676,89,88,1.1953628127183125,2.064897896503408,0.6704545454545454,0.13257491206440342,0.34375,1.28125,92.85580633588584,19.190517283666335,46.829268292682926,174.54545454545453,0.1898721472245644,0.13257491206440342,2,1,1.0
S15,3510,3570,60,30,0.015098958333333337,36.020356269357706,-535.11,427.28,962.39,2.255,20.39,36.0203594339368,4982270.567999999,-2.5658749067071898,89.57359069029751,87,86,1.2695918131212534,2.0468650524648324,0.6871366279069767,0.10309462489214577,0.34375,0.984375,89.93345786404724,18.461569759224524,60.95238095238095,174.54545454545453,0.12770510463564094,0.10309462489214577,2,1,1.0
S15,3540,3600,60,30,-0.12423958333333335,30.830231249553304,-236.39,195.62,432.01,2.455,23.4625,30.830481578707136,3649991.4024,-0.9849536642145919,15.909754534751603,85,83,1.6385063414824892,1.654696154058112,0.6995481927710844,0.12869458368644696,0.34375,1.015625,89.45709112790924,20.879315808437404,59.07692307692308,174.54545454545453,0.1667133048948506,0.12869458368644696,2,1,1.0
S15,3570,3630,60,30,0.021231770833333385,31.504921454473305,-236.39,195.62,432.01,1.69,21.384999999999998,31.50492860872129,3811432.4223,-0.9591864571138426,14.57396934029547,83,81,1.641327041325797,1.7150886322875563,0.7079475308641975,0.14742930386787118,0.34375,1.21875,89.07329863104,21.964412091269743,49.23076923076923,174.54545454545453,0.19096729002469245,0.14742930386787118,2,1,1.0
S15,3600,3660,60,30,0.5646015624999998,43.44792650640339,-775.12,191.63,966.75,2.38,19.244999999999997,43.45159482263232,7250077.7957,-8.728828508852546,134.19417351060824,74,71,1.2349919122131108,2.4875920910594846,0.784330985915493,0.1611174024894377,0.484375,1.375,79.00499069868816,12.812336666325997,43.63636363636363,123.87096774193549,0.2188376737569588,0.1611174024894377,2,1,1.0
S15,3630,3690,60,30,-0.07598437500000059,77.95878672560856,-775.12,443.77,1218.8899999999999,2.42,30.86,77.95882375558372,23337900.293199997,-1.3116959306214944,19.31387318661203,56,49,1.7711281280708278,2.3348422692390405,0.8580994897959183,0.26335193263133283,0.375,1.5,76.7165501392367,24.233110188587727,40.0,160.0,0.3517216075146768,0.26335193263133283,2,1,1.0
S15,3660,3720,60,30,-0.4407890625000004,67.23764386857388,-433.9,443.77,877.67,0.48,29.502499999999998,67.23908869098979,17361004.9843,0.32927674461779166,13.560517507551914,68,64,1.5762944301941635,2.032691434416163,0.818359375,0.2574200967313389,0.34375,1.5,81.3529949790383,28.647883440729405,40.0,174.54545454545453,0.3721941574278305,0.2574200967313389,2,1,1.0
S15,3690,3750,60,30,0.04742187499999996,24.153403298611043,-148.47,215.27,363.74,0.39,20.4225,24.15344985172063,2240214.2966,1.663171959525487,16.768694266741942,80,79,2.029263718824194,2.1040064066912576,0.7464398734177216,0.19479082811331896,0.34375,1.40625,86.58238277237182,25.958991030882217,42.666666666666664,174.54545454545453,0.28340078618270337,0.19479082811331896,2,1,1.0
S15,3720,3780,60,30,-0.03433333333333339,32.118359144559186,-194.79,215.27,410.06,0.785,19.7775,32.118377495083195,3961306.264,0.167808694964454,14.998786244475195,77,76,1.7212310452815203,2.082815161760208,0.7711759868421053,0.22279080288323191,0.34375,1.484375,83.80411352691029,23.35134481126982,40.421052631578945,174.54545454545453,0.3250500762703084,0.22279080288323191,2,1,1.0
S16,90,150,60,30,-0.11243750000000012,39.14029910737582,-153.86,145.64,299.5,0.935,39.7475,39.14046060544319,5882786.5206,0.13527116183801374,2.052607073844844,74,72,2.195297341976686,1.6872861203598346,0.8190104166666666,0.2659662585230372,0.34375,1.421875,83.6212710549074,34.10557833188308,42.1978021978022,174.54545454545453,0.3305681179269845,0.2659662585230372,1,0,0.8605
S16,120,180,60,30,-0.036671874999999986,31.65210099524465,-136.66,154.81,291.47,2.025,31.845,31.65212223911034,3847130.2742,0.4272368747624633,3.8660542820971537,69,68,2.1289380546638736,1.5551089166702377,0.8708639705882353,0.22881922543751138,0.34375,1.359375,76.53100504581529,30.892749292856216,44.13793103448276,174.54545454545453,0.28719235446094465,0.22881922543751138,1,0,1.0
S16,150,210,60,30,-0.06058593750000003,31.22416904494501,-136.38,154.81,291.19,2.4050000000000002,31.11,31.22422782396908,3743817.2282999996,0.15517097230779406,3.3969809364369024,68,66,2.113714235060488,1.4970059453427242,0.8686079545454546,0.2541962180594754,0.34375,1.359375,77.8654312404482,32.0979501538392,44.13793103448276,174.54545454545453,0.335113311419264,0.2541962180594754,1,0,1.0
S16,180,240,60,30,0.3288958333333334,27.041627335222742,-111.53,132.43,243.96,3.92,31.5525,27.043627371457585,2808413.8806,-0.2292220008776467,2.757269974364111,63,62,2.380568434230077,1.3037774344684463,0.9301915322580645,0.2289650790365568,0.359375,1.3125,70.72887489113903,27.14743980221753,45.714285714285715,166.95652173913044,0.3121668305937561,0.2289650790365568,1,0,1.0
S16,210,270,60,30,0.010294270833333357,22.889967378878307,-101.96,132.13,234.08999999999997,3.89,29.71,22.88996969369171,2011970.7363,0.10027801619639788,3.8456128008839086,66,65,2.5721007835349807,1.1736098719407742,0.9088942307692308,0.20912135236458496,0.359375,1.265625,70.56901991790843,21.37317986037298,47.407407407407405,166.95652173913044,0.30774581884027585,0.20912135236458496,1,0,1.0
S16,240,300,60,30,0.17100781249999988,32.1874129392017,-186.6,231.46,418.06,3.81,33.379999999999995,32.187867207856826,3978465.7742999997,0.13487815711202297,9.020991509244944,71,70,2.106395961296535,1.3884486557599764,0.8506696428571429,0.1822868227004618,0.34375,1.1875,75.37502703091867,23.934985301801447,50.526315789473685,174.54545454545453,0.19740052358582164,0.1822868227004618,1,0,1.0
S16,270,330,60,30,0.09678645833333335,31.22429157083045,-186.6,231.46,418.06,4.005,32.99,31.224441575771213,3743868.4865999995,0.04436876482198619,9.417389914656146,67,66,2.1797801047893755,1.4503073391907209,0.8925189393939394,0.19588486496694313,0.4375,1.25,71.5423544309881,20.64458275708237,48.0,137.14285714285714,0.2464669217351801,0.19588486496694313,1,0,1.0
S16,300,360,60,30,-0.3852291666666666,24.21165439711626,-82.87,146.35,229.22,2.315,29.880000000000003,24.21471887419406,2251594.023,0.7738710692130834,5.176836649175671,70,68,2.306687241181097,1.2394863066594926,0.8701746323529411,0.18610189055231074,0.375,1.21875,73.50274653988612,22.394602493456894,49.23076923076923,160.0,0.21997093971484016,0.18610189055231074,1,0,1.0
S16,330,390,60,30,-0.13594010416666674,25.576090303444627,-96.34,146.35,242.69,2.13,30.259999999999998,25.57645157018219,2511954.7197,0.7859222552077618,5.233341363080241,66,64,2.4032092567885095,1.2924978654660442,0.903564453125,0.162885348374049,0.359375,1.15625,70.0325676591014,21.048327804348563,51.891891891891895,166.95652173913044,0.1680098406273247,0.162885348374049,1,0,1.0
S16,360,420,60,30,0.19510677083333333,38.79309085940562,-196.48,182.48,378.96,3.76,36.5475,38.793581493310526,5778977.1459,0.09079293589650621,3.942226860335926,67,64,2.2368154522440746,1.6774309522587012,0.882080078125,0.2064949142069927,0.34375,1.390625,74.382015986727,28.745027267237074,43.146067415730336,174.54545454545453,0.18242979460690478,0.2064949142069927,1,0,1.0
S16,390,450,60,30,0.12911979166666668,40.294840301884804,-196.48,182.48,378.96,5.175,38.11,40.29504717549044,6234972.7752,0.04933514423922025,3.4656884374964934,64,61,2.2172348700392033,1.655100924114787,0.899077868852459,0.2367717914607308,0.34375,1.328125,73.2975147793677,27.17639865058982,45.1764705882353,174.54545454545453,0.3003090855685189,0.2367717914607308,1,0,1.0
S16,420,480,60,30,-0.0008463541666667037,28.31784820508042,-110.79,158.33,269.12,3.535,28.0325,28.31784821772819,3079298.0263,0.3712879695843165,5.500547504376177,64,63,2.0584025603874254,1.4017339685542416,0.9273313492063492,0.1908423723669352,0.375,1.4375,68.50657305828896,19.767713141973182,41.73913043478261,160.0,0.2760139276486757,0.1908423723669352,1,0,1.0
S16,450,510,60,30,0.05123697916666668,23.37933320255144,-110.79,150.05,260.84000000000003,2.995,26.4075,23.3793893466865,2098928.0494999997,0.5577823190620165,7.368324437205567,68,67,2.2523852262876134,1.1623998017125738,0.8724347014925373,0.17867519878151075,0.34375,1.390625,73.00042904339739,21.825189913960145,43.146067415730336,174.54545454545453,0.2315805632855803,0.17867519878151075,1,0,1.0
S16,480,540,60,30,-0.09761979166666664,24.119825028111038,-139.03,171.38,310.40999999999997,0.535,26.3575,24.120022574832234,2234017.8778,0.44431386000226003,7.937984973215869,69,66,2.1852491063068205,1.628254128249461,0.8139204545454546,0.244611181339196,0.34375,1.375,82.06168756542047,29.873524360306572,43.63636363636363,174.54545454545453,0.3212594468829492,0.244611181339196,1,0,1.0
S16,510,570,60,30,-0.13732552083333316,45.42885955109138,-304.8,171.38,476.18,-0.125,30.3275,45.42906710919186,7924992.5315,-0.6575994931177682,7.552494517300039,58,54,1.9731343085665667,1.808844736456497,0.9039351851851852,0.27382838145242466,0.40625,1.5,73.15790723580696,23.845350616449256,40.0,147.69230769230768,0.36966776979280314,0.27382838145242466,1,0,1.0
S16,540,600,60,30,-0.02133854166666665,47.1732357361978,-304.8,166.71,471.51,1.795,35.68000000000001,47.173240562380805,8545208.1606,-0.6917665840994005,6.251001962796101,65,63,1.9177530218728869,1.6184323970090373,0.8759920634920635,0.2390631162436459,0.40625,1.5,74.14628307877459,22.1685550333306,40.0,147.69230769230768,0.3351600390322702,0.2390631162436459,1,0,1.0
S16,570,630,60,30,0.17958072916666654,32.428654184131716,-161.04,169.07,330.11,1.8050000000000002,33.235,32.42915141400237,4038335.4679000005,-0.2630740971109272,4.307138281673279,74,71,2.0947648650385786,1.5047709619036205,0.8085387323943662,0.18025769356071822,0.34375,1.25,79.29519952401387,24.141739853465985,48.0,174.54545454545453,0.26167626920695625,0.18025769356071822,1,0,1.0
S16,600,660,60,30,0.18845052083333336,33.45843020669065,-161.04,169.07,330.11,2.605,42.725,33.45896091475035,4298887.9315,-0.2756436838063058,1.657793145148852,70,67,2.3990921464930435,1.3505087299259038,0.8376865671641791,0.23829824648644427,0.34375,1.3125,78.97537384942821,27.446814211389697,45.714285714285715,174.54545454545453,0.35889604942068215,0.23829824648644427,1,0,1.0
S16,630,690,60,30,0.04740104166666672,32.703844619262,-132.41,188.86,321.27,5.785,46.3475,32.703878970843554,4107047.807,0.04417303925216197,1.6884226852244222,65,63,2.638419505199101,1.0411937670689633,0.9382440476190477,0.17028777788179153,0.34375,1.140625,67.53919791646508,20.86141041059662,52.602739726027394,174.54545454545453,0.198507139482194,0.17028777788179153,1,0,1.0
S16,660,720,60,30,-0.1421901041666667,33.08985399667324,-132.41,188.86,321.27,5.875,46.7625,33.09015949715074,4204641.2373,-0.0028675514570576746,2.031845294577365,60,59,2.7648857766451544,1.2653127788802954,0.9960275423728814,0.2064808595848348,0.390625,1.359375,63.6665679736633,18.009894686485417,44.13793103448276,153.6,0.28502613499346047,0.2064808595848348,1,0,1.0
S16,690,750,60,30,-0.21353645833333337,32.13309562785508,-113.05,129.64,242.69,5.05,45.38250000000001,32.13380513490297,3965112.7006,-0.23905481124199482,0.46039057721086785,65,64,2.6427006855990935,1.1933601829777418,0.928466796875,0.2304820687276439,0.390625,1.46875,69.5955150433063,21.84314107620281,40.851063829787236,153.6,0.3133977679599866,0.2304820687276439,1,0,1.0
S16,720,780,60,30,0.14655989583333326,29.922357802702898,-104.02,208.27,312.29,5.12,38.4225,29.92271672619386,3438216.8689,0.37075112184770576,3.757373422523157,70,68,2.5155819388786096,1.3918215321722167,0.8492647058823529,0.22342311351197325,0.375,1.46875,76.6607928571048,24.811395959412266,40.851063829787236,160.0,0.30337061137352983,0.22342311351197325,1,0,1.0
S16,750,810,60,30,0.04860416666666662,26.34559689709363,-104.02,208.27,312.29,3.74,28.6525,26.345641731207966,2665316.4988,0.6746516871824381,7.274612495937776,72,71,2.2533071637777606,1.6763950582920952,0.8327464788732394,0.20539586474709587,0.375,1.359375,77.53444960414112,23.958254274446432,44.13793103448276,160.0,0.27504945780908463,0.20539586474709587,1,0,1.0
S16,780,840,60,30,-0.23784114583333313,26.106052544955425,-213.09,164.58,377.67,3.25,25.4025,26.107135957255537,2617276.9839,-0.8140707480449226,12.67036478927145,73,72,2.0874180989830498,1.5236465766592393,0.8153211805555556,0.21045995308307774,0.34375,1.34375,80.22098094157874,27.208459571517338,44.651162790697676,174.54545454545453,0.23484401428934742,0.21045995308307774,1,0,1.0
S16,810,870,60,30,0.15458072916666685,26.256027570494084,-213.09,164.58,377.67,3.17,26.072499999999998,26.256482608764927,2647307.0553,-0.8668461278750448,12.055511351977113,70,67,2.1969105075881594,1.565870996451109,0.8530783582089553,0.20841209898127827,0.34375,1.375,76.41635186030571,26.39324473850677,43.63636363636363,174.54545454545453,0.19657263939017094,0.20841209898127827,1,0,1.0
S16,840,900,60,30,0.09632291666666658,23.989259501430528,-129.6,124.57,254.17,1.525,21.525,23.989452881031905,2209896.3822,-0.43642585809404544,5.976835266204613,65,61,2.179052094156093,1.7042420914145662,0.90625,0.19174247505913572,0.4375,1.375,70.0410069954745,19.287351177258994,43.63636363636363,137.14285714285714,0.2878281641593354,0.19174247505913572,1,0,1.0
S16,870,930,60,30,-0.20401302083333347,28.68844725768758,-148.72,218.48,367.2,1.5750000000000002,17.6575,28.689172650492935,3160583.5291000004,0.10933250071318229,11.34823178793302,64,61,1.7351169985911714,1.8879294171294083,0.8903688524590164,0.14929424891582022,0.40625,1.34375,70.02029353505937,16.83074480012622,44.651162790697676,147.69230769230768,0.15821678824743388,0.14929424891582022,1,0,1.0
S16,900,960,60,30,0.04459635416666649,26.52954890490011,-148.72,218.48,367.2,2.785,17.1725,26.529586388262665,2702664.7831,0.30667909535694915,12.697588442296377,65,63,1.7146164136849755,1.717359668071248,0.902281746031746,0.15472891195432875,0.40625,1.15625,69.44112142790317,18.126326005288217,51.891891891891895,147.69230769230768,0.16156533698451334,0.15472891195432875,1,0,1.0
S16,930,990,60,30,-0.08531770833333353,31.205060649828546,-164.5,222.47,386.97,2.39,20.572499999999998,31.205177283118154,3739250.2627999997,-0.03265202723250088,9.16267263908959,64,62,1.7869347179207096,1.7875877535183182,0.9284274193548387,0.21551372601998625,0.4375,1.4375,68.9518319207501,19.62759732963849,41.73913043478261,137.14285714285714,0.2769262941421329,0.21551372601998625,1,0,1.0
S16,960,1020,60,30,-0.5627994791666666,41.65472945213574,-192.39,222.47,414.86,2.0949999999999998,31.6425,41.65853128693299,6664063.5993,0.18459217497623512,4.514662502708237,69,68,2.0211738350648583,1.92526447619071,0.8547794117647058,0.26517937890273857,0.359375,1.484375,78.86864386014675,30.225924944843605,40.421052631578945,166.95652173913044,0.343431840551335,0.26517937890273857,1,0,1.0
S16,990,1050,60,30,-0.06143489583333294,45.05607274839633,-192.39,258.5,450.89,2.5700000000000003,40.182500000000005,45.056114632258385,7795405.308499999,0.5555866788913187,4.5428034595864935,70,66,2.0961975336563294,1.6912392051294105,0.8425662878787878,0.261828237869199,0.34375,1.5,80.50648593633964,32.22152093565033,40.0,174.54545454545453,0.32132958831536673,0.261828237869199,1,0,1.0
S16,1020,1080,60,30,0.5774218750000004,41.610820778413775,-186.39,258.5,444.89,2.965,38.635,41.614826947555606,6650088.276000001,0.683472262895206,5.192559913994751,64,58,2.127590362166724,1.6458535789518527,0.8914331896551724,0.23651007420895648,0.34375,1.421875,73.28205835006887,24.42363252077338,42.1978021978022,174.54545454545453,0.3184668827800335,0.23651007420895648,1,0,1.0
S16,1050,1110,60,30,0.23311458333333343,28.134453890488743,-144.9,161.47,306.37,4.02,24.7425,28.135419636554204,3039751.0584,0.5073302603963715,5.5811353316800005,62,60,2.1145866974015175,1.570435604243115,0.94453125,0.1612084339595404,0.484375,1.4375,65.94152131357181,15.098418031920394,41.73913043478261,123.87096774193549,0.2562125334329599,0.1612084339595404,1,0,1.0
S16,1080,1140,60,30,-0.11387239583333332,20.143420703414773,-105.31,115.97,221.28,4.465,22.015,20.14374256580171,1558158.1999,-0.28739627197999373,6.940699113524159,66,63,2.242885883415769,1.1938478800480035,0.9191468253968254,0.14499492420590954,0.359375,1.3125,67.91595725804112,17.780458623703176,45.714285714285715,166.95652173913044,0.153516923550898,0.14499492420590954,1,0,1.0
S16,1110,1170,60,30,0.14097656250000015,35.771447186435594,-149.72,212.85,362.57,2.775,31.7225,35.771724982213605,4913726.623500001,1.1657076053399344,7.11245916398177,69,67,2.0902672365552,1.8594407651486826,0.8598414179104478,0.2553213136799554,0.34375,1.453125,77.94326272339441,29.85138515157549,41.29032258064516,174.54545454545453,0.29897953216467693,0.2553213136799554,1,0,1.0
S16,1140,1200,60,30,0.22042708333333322,40.06525735863222,-149.72,212.85,362.57,0.74,39.8625,40.065863716042614,6164249.991599999,1.0221869001181292,4.728178688598808,75,74,2.102133840784808,1.7118393433036103,0.7962415540540541,0.2627457121656532,0.34375,1.328125,85.03729063643509,31.441044103237967,45.1764705882353,174.54545454545453,0.32478527054134776,0.2627457121656532,1,0,1.0
S16,1170,1230,60,30,-0.25505729166666685,31.361451829947768,-113.48,174.33,287.81,0.415,36.1325,31.362488981331925,3777045.9459999995,0.5771905137683279,3.7196489806322433,75,72,2.1790317734825932,1.288360073279438,0.7960069444444444,0.240809938750626,0.359375,1.421875,84.11320619002949,30.565723300550626,42.1978021978022,166.95652173913044,0.2882778057878531,0.240809938750626,1,0,1.0
S16,1200,1260,60,30,-0.1795807291666666,25.55356310682368,-93.32,162.64,255.95999999999998,2.38,32.097500000000004,25.554194111587794,2507584.6529,0.2666861334491075,2.6213365485841376,73,72,2.300282379924063,1.1874684337603476,0.8246527777777778,0.21459063723635796,0.34375,1.421875,80.10393621932536,30.065665002706996,42.1978021978022,174.54545454545453,0.21737811766305365,0.21459063723635796,1,0,1.0
S16,1230,1290,60,30,-0.05353645833333324,22.26081077237445,-93.32,87.85,181.17,4.85,30.284999999999997,22.260875148920658,1902898.7996,-0.3529132821645201,1.2368233510565547,68,67,2.567833643079488,1.0681331134613077,0.8833955223880597,0.1923412683870186,0.34375,1.25,73.25257758961925,26.160232509792458,48.0,174.54545454545453,0.1670177115052155,0.1923412683870186,1,0,0.8061666666666667
S16,1980,2040,60,30,0.06817708333333326,10.878082762768516,-69.26,72.52,141.78,-0.08,8.095,10.87829640653045,454415.3576,0.18048176127948917,14.040366297822874,130,129,1.4919625692902698,1.312744031458568,0.46099806201550386,0.12740129366700778,0.34375,1.234375,135.64701921822325,21.386244444757455,48.607594936708864,174.54545454545453,0.13754632342911674,0.12740129366700778,2,1,0.8605238095238095
S16,2010,2070,60,30,0.050820312499999985,12.028332790445749,-54.79,50.63,105.42,0.13,8.3475,12.028440149157953,555584.1501,-0.31311630665040613,4.189350792767061,118,116,1.5889531791388332,1.5560447828162016,0.509698275862069,0.1693293949203632,0.34375,1.28125,125.8411790017274,25.709294930711536,46.829268292682926,174.54545454545453,0.22414257672536683,0.1693293949203632,2,1,1.0
S16,2040,2100,60,30,0.0583255208333334,23.464019497352986,-185.35,177.4,362.75,0.425,10.3675,23.464091988366857,2114164.2733,-1.4056088046589532,20.453073681005936,81,79,1.4198676604788116,2.0019444594307694,0.7209256329113924,0.30639541982663293,0.34375,1.46875,98.27957061517932,37.000800921358675,40.851063829787236,174.54545454545453,0.34467296692169314,0.30639541982663293,2,1,1.0
S16,2070,2130,60,30,-0.042877604166666645,24.027293275816618,-185.35,177.4,362.75,-0.15,13.52,24.02733153413091,2216880.6169,-1.1120541791804968,18.847375826015924,86,82,1.4512275422441132,1.935606135114458,0.6638719512195121,0.2699747412075714,0.359375,1.46875,103.3333324615707,33.27629400964856,40.851063829787236,166.95652173913044,0.32598693482160096,0.2699747412075714,2,1,1.0
S16,2100,2160,60,30,-0.018395833333333403,21.144735194299926,-110.53,100.41,210.94,-0.52,17.515,21.144743196448378,1716864.633,-0.3171982219309709,4.537196210333487,98,96,1.7598243754877758,1.6827723635284424,0.6119791666666666,0.203658487458512,0.34375,1.359375,107.46380324042495,29.557707422338883,44.13793103448276,174.54545454545453,0.27526527277289603,0.203658487458512,2,1,1.0
S16,2130,2190,60,30,0.046338541666666594,19.32237121323509,-110.53,97.74,208.26999999999998,0.39,14.475000000000001,19.322426777258077,1433687.7179999999,-0.7297037188850944,5.938887633651374,95,93,1.6965826625639804,1.7343855658613878,0.615255376344086,0.2167961171762719,0.34375,1.25,108.13230789393782,31.404381106933556,48.0,174.54545454545453,0.31536559777209716,0.2167961171762719,2,1,1.0
S16,2160,2220,60,30,-0.08808333333333336,9.71780918400879,-49.81,53.69,103.5,0.33,7.17,9.718208374511047,362663.3242,-0.17659315272159473,6.088060241062873,107,106,1.6180909470105458,1.6271088324710028,0.5555719339622641,0.14319069612374016,0.375,1.03125,113.16633087822731,20.824985195540407,58.18181818181818,160.0,0.17146867555454137,0.14319069612374016,2,1,1.0
S16,2190,2250,60,30,0.2582109374999999,28.03698630087966,-250.52,226.88,477.4,0.71,6.87,28.038175292339524,3018774.8111000005,-2.5606429750271436,35.08082913511849,52,40,1.3097053982060909,1.997018170836889,0.84453125,0.29859595760565394,0.4375,1.5,80.14649724392689,26.906348039569405,40.0,137.14285714285714,0.4572918491910155,0.29859595760565394,2,1,1.0
S16,2220,2280,60,30,0.003101562499999962,29.58267959148734,-250.52,226.88,477.4,0.98,12.3825,29.582679754077247,3360518.1751000006,-2.170288721155889,27.800513230542002,62,54,1.4790313210845796,1.7204764661674037,0.7977430555555556,0.27445522683567686,0.34375,1.484375,84.07623712554725,27.827852145578007,40.421052631578945,174.54545454545453,0.34216508552848723,0.27445522683567686,2,1,1.0
S16,2250,2310,60,30,-0.30045312499999977,21.723121422252554,-176.3,138.47,314.77,1.4249999999999998,14.907499999999999,21.725199110853964,1812419.6213999998,-1.5198456197120198,18.43920669102365,83,81,1.6469931106977749,1.6279409654366117,0.703125,0.2507824368505818,0.34375,1.421875,94.60065376581376,27.491876516975914,42.1978021978022,174.54545454545453,0.33916509104619685,0.2507824368505818,2,1,1.0
S16,2280,2340,60,30,0.01751041666666667,31.138061892760625,-184.41,210.06,394.47,1.2850000000000001,13.9375,31.138066816231273,3723184.1473999997,-0.7125300783597476,14.586287943372312,65,55,1.6443541083687065,1.9222990015065868,0.7502840909090909,0.26283614349332984,0.421875,1.453125,89.31825940760793,27.77154952625939,41.29032258064516,142.22222222222223,0.3689961121570755,0.26283614349332984,2,1,1.0
S16,2310,2370,60,30,0.0017317708333331832,28.47239284589129,-184.41,210.06,394.47,0.14,10.1275,28.47239289855687,3113000.2843,-0.36186143430541123,16.33993094682216,53,43,1.7432775421272875,1.9128607094786458,0.8528343023255814,0.27465690637886075,0.375,1.40625,79.24026409302036,29.509767582641373,42.666666666666664,160.0,0.3979886302104442,0.27465690637886075,2,1,1.0
S16,2340,2400,60,30,0.04153906250000004,14.42021524490573,-104.26,72.97,177.23000000000002,0.065,6.612500000000001,14.420275073767664,798506.2395,-0.8631713067567203,16.14237830158247,116,114,1.075328298079281,1.4146387980663988,0.5182291666666666,0.2403114828798466,0.34375,1.46875,131.36697108523964,34.96598970890811,40.851063829787236,174.54545454545453,0.2925977093627636,0.2403114828798466,2,1,1.0
S16,2370,2430,60,30,0.018729166666666634,5.299274699741085,-23.3,21.21,44.510000000000005,0.16,6.0600000000000005,5.299307796778746,107837.42640000001,-0.40848238692204075,2.305304017890742,141,138,1.8272940887186782,1.0477076442966256,0.42764945652173914,0.1223836828153615,0.34375,1.46875,145.4390916288881,19.49333843443508,40.851063829787236,174.54545454545453,0.15382469922956357,0.1223836828153615,2,1,1.0
S16,2400,2460,60,30,-0.05593489583333334,12.241712135194561,-110.82,135.41,246.23,0.195,6.09,12.241839923538523,575472.5556999999,0.3145945068067235,55.30323400637992,135,134,0.9159999257921767,1.0793451372311773,0.4430970149253731,0.1177095490158813,0.34375,1.421875,139.99367285716323,18.79331877437873,42.1978021978022,174.54545454545453,0.1355536587772338,0.1177095490158813,2,1,1.0
S16,2430,2490,60,30,-0.0073645833333333,12.08675226411803,-110.82,135.41,246.23,0.11,5.452500000000001,12.08675450777627,560984.1965999999,0.3329435410883085,58.333022639344385,130,129,0.9000445402451706,1.043759336312805,0.4619670542635659,0.12668207160956768,0.359375,1.421875,134.6915374769539,18.768794187942696,42.1978021978022,166.95652173913044,0.15784706266012583,0.12668207160956768,2,1,1.0
S16,2460,2520,60,30,-0.012122395833333318,3.831408907881572,-17.09,22.78,39.870000000000005,-0.05,5.09,3.831428085175944,56370.5901,0.32308319693767035,2.2769948632464727,131,130,2.440156314819101,1.0636891451631565,0.4561298076923077,0.032027359862634795,0.390625,0.5625,132.1675815802112,8.961469787571142,106.66666666666667,153.6,0.03536925405987435,0.032027359862634795,2,1,1.0
S16,2490,2550,60,30,0.009255208333333343,3.3437692316384577,-10.16,10.94,21.1,0.035,4.825,3.3437820403449345,42934.5728,0.027329339222780993,-0.325855525871781,127,126,2.731511260007363,0.9732003094271945,0.47061011904761907,0.04211105760256399,0.40625,0.796875,128.30615479772496,9.36267377366093,75.29411764705883,147.69230769230768,0.04982390866842946,0.04211105760256399,2,1,1.0
S16,2520,2580,60,30,0.0017604166666666606,3.0227597549838174,-12.54,9.38,21.92,0.05,4.34,3.0227602676058627,35086.385800000004,-0.1312020179583957,-0.07812467173400073,126,125,2.7059787983605728,0.9359479795126302,0.477,0.05095095681142799,0.34375,0.921875,126.83129642202566,10.452134251866218,65.08474576271186,174.54545454545453,0.07064772240096313,0.05095095681142799,2,1,1.0
S16,2550,2610,60,30,-0.0018880208333333297,5.370198572810786,-37.42,40.63,78.05000000000001,0.15,4.725,5.370198904700055,110741.89930000002,0.137135778924486,15.954513550597547,119,118,1.7638895184898162,1.2378941858803143,0.5011917372881356,0.08434352784382952,0.390625,0.984375,121.80779806723366,12.920908603407316,60.95238095238095,153.6,0.1139624788305194,0.08434352784382952,2,1,1.0
S16,2580,2640,60,30,0.03769270833333334,16.140534443577817,-147.51,134.12,281.63,0.46,6.0725,16.140578455079712,1000390.1678,-0.914425244518038,33.97295081226665,102,100,1.0804608575531665,1.954989725794505,0.57171875,0.19518239416552793,0.359375,1.4375,112.82308207720216,23.940720562916873,41.73913043478261,166.95652173913044,0.2703229456585122,0.19518239416552793,2,1,1.0
S16,2610,2670,60,30,0.03754687500000008,16.957714719661602,-147.51,134.12,281.63,0.5,6.91,16.957756286763,1104251.5134,-0.8849083213613711,27.66646487248089,99,98,1.1703859296594397,1.9663821630922524,0.5974170918367347,0.20861642275800993,0.359375,1.453125,108.51434183679737,23.961713407989315,41.29032258064516,166.95652173913044,0.2517556747740313,0.20861642275800993,2,1,0.8561666666666666
S16,4320,4380,60,30,0.030515625000000025,19.484934715825048,-136.52,128.05,264.57000000000005,1.64,9.74,19.48495861128099,1457908.2703999998,-0.36190495462356687,13.398658323332814,78,77,1.4303687147078492,2.0197464957331985,0.7607548701298701,0.12239212789804621,0.359375,1.203125,81.56787825055648,17.838070893121383,49.87012987012987,166.95652173913044,0.13218213408295268,0.12239212789804621,3,0,0.9938333333333333
S16,4350,4410,60,30,0.04190625000000001,18.976660823275196,-136.52,128.05,264.57000000000005,1.065,8.0125,18.976707094103986,1382843.1825999997,-0.4802815880913371,14.578438601449768,80,79,1.3449481569853465,2.0146005830688214,0.743868670886076,0.11699067652375816,0.359375,1.203125,82.95213523765749,15.801975578709666,49.87012987012987,166.95652173913044,0.13939544376911944,0.11699067652375816,3,0,1.0
S16,4380,4440,60,30,-0.024476562499999986,8.098306644432723,-73.29,84.05,157.34,0.65,6.43,8.098343633692942,251839.37129999997,1.0138361244306298,34.733406763937786,84,83,1.7290210746426595,1.4401150537422323,0.7104668674698795,0.08385736708054477,0.375,1.0,85.84943003277732,12.54642786386638,60.0,160.0,0.11413060738101123,0.08385736708054477,3,0,1.0
S16,4410,4470,60,30,-0.03409114583333332,4.279039308437207,-15.67,16.34,32.01,0.55,6.109999999999999,4.279175108519748,70315.5441,-0.2894449754389688,0.08397515609413686,88,87,2.6983010744655322,0.958339783738969,0.6785201149425287,0.09412735906578615,0.34375,0.828125,91.08949278075511,19.735453011370726,72.45283018867924,174.54545454545453,0.10630823045239067,0.09412735906578615,3,0,1.0
S16,4440,4500,60,30,0.022627604166666693,5.8301028790297815,-19.98,60.58,80.56,0.49,6.34,5.830146789622168,130523.9485,2.6454752296434596,24.98411115294059,88,87,2.2544627895464036,1.4670395340023672,0.6776221264367817,0.12740403191447464,0.359375,0.96875,92.12263329154074,19.89895689214644,61.935483870967744,166.95652173913044,0.20309704637707812,0.12740403191447464,3,0,1.0
S16,4470,4530,60,30,0.008838541666666732,14.319912758513272,-139.41,97.66,237.07,0.87,7.68,14.319915486176935,787430.3214,-2.266650848199342,32.15054599453684,84,82,1.361981229205287,1.9441200816903748,0.7132240853658537,0.16651445102476264,0.390625,1.390625,87.26925911764988,14.57460246858751,43.146067415730336,153.6,0.20279828901209834,0.16651445102476264,3,0,1.0
S16,4500,4560,60,30,0.10917447916666655,23.041243316351373,-222.02,152.98,375.0,1.25,6.6225000000000005,23.041501961248283,2038697.5205,-2.5523715339871047,32.32566725394691,66,62,1.156444065325227,2.0832512012108264,0.8490423387096774,0.2637795169077671,0.421875,1.421875,77.76408680180695,24.22229221434464,42.1978021978022,142.22222222222223,0.33976829586800644,0.2637795169077671,3,0,1.0
S16,4530,4590,60,30,-0.0397239583333335,19.492594624221212,-222.02,152.98,375.0,0.98,5.62,19.492635100906273,1459057.241,-3.2432387771038855,56.12152151291755,78,75,0.9645740674608876,1.8808661538983025,0.725625,0.1750974431090681,0.421875,1.46875,86.10972531521887,15.735093838150291,40.851063829787236,142.22222222222223,0.23321786426609312,0.1750974431090681,3,0,1.0
S16,4560,4620,60,30,-0.13598958333333336,5.933022430983905,-56.71,58.7,115.41,0.79,5.762499999999999,5.934580720938365,135241.91359999997,-0.9717416981020425,31.00556538572892,91,88,1.9736989260055888,1.2684752083354327,0.6695667613636364,0.07902674799999311,0.359375,0.8125,91.27811500247458,14.596422888105314,73.84615384615384,166.95652173913044,0.0783043917402121,0.07902674799999311,3,0,1.0
S16,4590,4650,60,30,0.015020833333333343,3.6530223502235297,-10.58,8.53,19.11,0.875,5.4125,3.653053232115112,51244.024,-0.5368137842769255,-0.49196092659824053,85,84,2.9504014264466996,0.8371794401088857,0.7100074404761905,0.13525956411367976,0.40625,1.03125,87.81504357657886,18.133115455280294,58.18181818181818,147.69230769230768,0.20842822261736468,0.13525956411367976,3,0,1.0
S16,4620,4680,60,30,0.03799218750000013,55.61655878933582,-471.51,519.63,991.14,0.99,7.14,55.61657176574225,11877899.7311,-0.6410459583339757,36.61857478791663,16,12,2.372146495070403,3.9052943941357707,0.8411458333333334,0.3340751024023474,0.421875,1.359375,83.70098582361263,32.68703890999019,44.13793103448276,142.22222222222223,0.5211906917970707,0.3340751024023474,3,0,1.0
S17,90,150,60,30,-0.7420390625000001,54.71047117681495,-350.9,254.55,605.45,3.4050000000000002,54.905,54.715503089703695,11496139.308899999,-0.5434446233983083,5.551805613936866,80,78,2.0752288832071746,1.5859940873612677,0.7632211538461539,0.19544589872431659,0.359375,1.140625,85.18603349434672,26.951358746260183,52.602739726027394,166.95652173913044,0.220856049227816,0.19544589872431659,1,0,0.9627619047619047
S17,120,180,60,30,-0.05634895833333336,62.19477346286405,-328.66,469.91,798.57,4.154999999999999,54.965,62.194798989160525,14853861.2018,0.7854602087680251,10.289650329572794,65,64,1.7763501039787333,1.5131218367117683,0.927978515625,0.1961431008052533,0.359375,1.34375,68.78403645769842,21.309577142641604,44.651162790697676,166.95652173913044,0.24004387671427047,0.1961431008052533,1,0,1.0
S17,150,210,60,30,0.6020468749999998,78.30885414150903,-328.66,469.91,798.57,3.3449999999999998,67.86500000000001,78.31116840780652,23549334.134,0.4155485069576082,4.098995098632161,65,61,2.0507573926220513,1.725306464432871,0.8819159836065574,0.21837505538922167,0.359375,1.5,73.64668571061395,24.40778139794821,40.0,166.95652173913044,0.261674047799293,0.21837505538922167,1,0,1.0
S17,180,240,60,30,-0.0678723958333333,55.99839640681471,-238.21,254.48,492.69,3.2800000000000002,49.9225,55.9984375388892,12041568.0261,0.02026495482771551,4.438403610791744,68,67,2.1382728903752093,1.8905724414765788,0.867070895522388,0.19264499557694156,0.359375,1.265625,73.76229099568144,21.97380797350159,47.407407407407405,166.95652173913044,0.22969603545262055,0.19264499557694156,1,0,1.0
S17,210,270,60,30,-0.001541666666666645,22.544517905051343,-53.06,57.12,110.18,4.375,37.915,22.544517957763404,1951700.3133999999,-0.37280052645839784,-0.9902423779438903,65,64,2.9398721356179323,0.6194023495510526,0.925048828125,0.1491855045052504,0.40625,1.203125,67.06869304795524,14.609061201266664,49.87012987012987,147.69230769230768,0.17622780030178653,0.1491855045052504,1,0,1.0
S17,240,300,60,30,-0.0929270833333334,23.666042084442424,-153.41,115.99,269.4,4.5649999999999995,37.462500000000006,23.666224527486776,2150746.3042,-0.5805321559940033,2.4113052189621325,65,64,2.781713715003937,0.7844182481746744,0.9287109375,0.13713316099767717,0.359375,1.140625,67.02841263676251,17.584280673888266,52.602739726027394,166.95652173913044,0.1454608337892598,0.13713316099767717,1,0,1.0
S17,270,330,60,30,-0.038039062500000026,22.2041840460197,-153.41,115.99,269.4,4.074999999999999,34.055,22.204216629275432,1893224.5866999999,-0.630943331945613,3.582952353966233,64,62,2.7416004062041806,0.7938371202595749,0.9390120967741935,0.1740991917945249,0.34375,1.265625,67.34042370444273,20.332970106526634,47.407407407407405,174.54545454545453,0.21545936855460895,0.1740991917945249,1,0,1.0
S17,300,360,60,30,-0.1162265625,21.453248910317626,-104.78,67.86,172.64,3.49,31.500000000000004,21.453563746423928,1767380.7261,-0.5107629123629984,1.0395931103501912,66,64,2.7280744679148974,0.935026971219028,0.908447265625,0.190804762582499,0.34375,1.234375,70.8552152811535,24.39372022219944,48.607594936708864,174.54545454545453,0.21678360797922905,0.190804762582499,1,0,1.0
S17,330,390,60,30,-0.08742187499999995,23.176251507225842,-104.78,67.86,172.64,3.7,33.0725,23.176416386284068,2062641.7018000002,-0.45187450811888075,0.5207652199648103,67,66,2.7177137722556206,0.9556593026501462,0.8894412878787878,0.20002941689402232,0.390625,1.234375,72.25696790299139,22.547210794119195,48.607594936708864,153.6,0.23716290601690773,0.20002941689402232,1,0,1.0
S17,360,420,60,30,0.04184895833333337,21.496252425764506,-58.79,51.39,110.18,3.7699999999999996,33.317499999999995,21.49629316155462,1774427.9796,-0.35553647087710644,-0.7223830069943928,66,65,2.852463374210308,0.810255453786776,0.9096153846153846,0.1951271679863943,0.34375,1.34375,70.28588320421092,21.918692038107867,44.651162790697676,174.54545454545453,0.23688435317121254,0.1951271679863943,1,0,1.0
S17,390,450,60,30,0.08315885416666671,20.682529555102345,-51.87,48.07,99.94,4.05,34.365,20.682696734050623,1642651.9457,-0.4009393335676565,-0.9303737175718712,66,65,2.9785642157607732,0.4718449567718748,0.9100961538461538,0.13413246138331156,0.640625,1.34375,67.34613366205713,9.837590400551143,44.651162790697676,93.65853658536585,0.16737722879397304,0.13413246138331156,1,0,1.0
S17,420,480,60,30,0.15438541666666666,21.342781353993452,-47.9,35.55,83.44999999999999,4.915,36.4225,21.343339728853355,1749266.499,-0.4774367311559345,-1.0202720615383971,66,65,2.998537076806379,0.4253281271636414,0.8997596153846154,0.10320481714796252,0.640625,1.078125,67.6346943451356,8.382000740505152,55.65217391304348,93.65853658536585,0.1188200091738682,0.10320481714796252,1,0,1.0
S17,450,510,60,30,-0.07876822916666673,34.20746367705615,-312.74,314.89,627.63,5.205,36.52,34.2075543652428,4493402.0185,-0.6166806001135007,29.56500488918845,66,65,2.1545448632880877,1.7638129320787386,0.9110576923076923,0.13518936696659395,0.359375,1.125,68.01108877848249,15.715489559706395,53.333333333333336,166.95652173913044,0.18392589635927428,0.13518936696659395,1,0,1.0
S17,480,540,60,30,-0.03775000000000007,32.99637777295285,-312.74,314.89,627.63,4.275,31.9125,32.996399367172124,4180847.5054,-0.6535561943490482,34.516446894459854,68,67,2.003508684094225,1.5282901656319068,0.8878264925373134,0.11673733103308281,0.53125,1.140625,68.93282434231737,10.592181801690355,52.602739726027394,112.94117647058823,0.11038494755956209,0.11673733103308281,1,0,1.0
S17,510,570,60,30,0.19073177083333326,19.18410007909466,-82.63,38.24,120.87,4.05,30.552500000000002,19.185048200437887,1413373.7259,-0.5705209288634998,-0.44314487384995793,66,65,2.9195026126903656,0.6003054830047839,0.9117788461538462,0.14889998219189135,0.46875,1.28125,67.96865239107636,13.924891375795891,46.829268292682926,128.0,0.19729462967459985,0.14889998219189135,1,0,1.0
S17,540,600,60,30,-0.3824817708333336,43.64155599182605,-198.13,239.13,437.26,2.815,40.675,43.643232026199755,7314169.734499999,0.16382388383817084,5.046145061582388,66,65,2.104638454845656,1.7617038353964676,0.8973557692307692,0.22763496549254664,0.359375,1.453125,72.77632366898273,25.5138018202582,41.29032258064516,166.95652173913044,0.29126457472585704,0.22763496549254664,1,0,1.0
S17,570,630,60,30,-0.014007812500000168,62.19613885728878,-198.13,242.75,440.88,-1.105,69.1525,62.19614043470831,14854501.958299998,0.17087904278762742,1.0468190665982782,71,65,2.236316984391722,1.567968060345269,0.8341346153846154,0.2734178194523591,0.359375,1.46875,80.88177697438861,29.82549207855132,40.851063829787236,166.95652173913044,0.35386076039049685,0.2734178194523591,1,0,1.0
S17,600,660,60,30,0.3093203125000001,58.75086472086588,-237.4,262.15,499.54999999999995,0.455,65.1625,58.75167899307396,13254757.572499998,0.14000753016381848,1.9452441874002675,70,68,2.264786118286462,1.4633875824206712,0.8203125,0.2323673201235429,0.359375,1.4375,80.99912357564196,29.686442384939852,41.73913043478261,166.95652173913044,0.30758139432101983,0.2323673201235429,1,0,1.0
S17,630,690,60,30,0.026838541666666712,41.471414628720645,-237.4,262.15,499.54999999999995,3.21,49.125,41.471423313103,6604335.1742,0.021490036743709327,6.570300848984811,69,68,2.194362891838993,1.364878971215525,0.8743106617647058,0.19971030086231895,0.4375,1.328125,73.2246495945484,21.251153004008398,45.1764705882353,137.14285714285714,0.29497872385645896,0.19971030086231895,1,0,1.0
S17,660,720,60,30,0.17931770833333333,34.282863403283976,-300.47,99.93,400.40000000000003,4.51,43.6425,34.283332363828784,4513332.0114,-1.6250037478727313,10.85650849629202,71,70,2.278878457560684,1.1197722799215675,0.84375,0.20439165506623377,0.359375,1.21875,76.82258224348068,25.08261178009596,49.23076923076923,166.95652173913044,0.24783225712586618,0.20439165506623377,1,0,1.0
S17,690,750,60,30,0.024171874999999954,31.6877587225079,-300.47,99.93,400.40000000000003,3.6900000000000004,36.599999999999994,31.68776794183233,3855800.2066,-1.9437374806691605,15.56049246825858,67,66,2.254375894128599,1.1734269866910139,0.8913352272727273,0.19871434804961036,0.359375,1.296875,71.90196696291767,21.93676727280953,46.265060240963855,166.95652173913044,0.22630331660355585,0.19871434804961036,1,0,1.0
S17,720,780,60,30,-0.09833854166666663,36.05258480100014,-193.18,241.9,435.08000000000004,3.42,33.185,36.05271891691503,4991226.3986,-0.002392797343236286,11.214726538315688,64,63,2.0116969532233933,1.5347737498113958,0.9439484126984127,0.12865547006497313,0.53125,1.234375,64.9594243051022,10.592932948293186,48.607594936708864,112.94117647058823,0.12797308558865275,0.12865547006497313,1,0,1.0
S17,750,810,60,30,-0.05509374999999997,34.36451600718215,-193.18,241.9,435.08000000000004,4.074999999999999,30.7625,34.36456017075101,4534744.3036,-0.04307213357131843,13.866064193797854,63,62,2.003284572595665,1.6504791145870144,0.9528729838709677,0.16888183543736518,0.421875,1.375,65.47264834088897,15.140982111302838,43.63636363636363,142.22222222222223,0.22540023032811482,0.16888183543736518,1,0,1.0
S17,780,840,60,30,-0.1987812500000002,46.011861140340564,-273.0,477.34,750.3399999999999,2.455,35.225,46.012290527459434,8129782.5776,2.3877599178573887,22.885007423341275,66,65,1.9472943311367468,1.9846977444108276,0.9038461538461539,0.21475106425950888,0.375,1.28125,72.38624518210354,26.35937273299108,46.829268292682926,160.0,0.20683768958771603,0.21475106425950888,1,0,1.0
S17,810,870,60,30,-0.013174479166666853,46.872084847695405,-273.0,477.34,750.3399999999999,2.8449999999999998,39.879999999999995,46.872086699190795,8436451.2443,2.241149061369201,21.026926017182195,64,63,2.029199529081252,2.1424580118299867,0.9437003968253969,0.21113333579980603,0.375,1.265625,68.77664477943524,24.478702803092506,47.407407407407405,160.0,0.1921774600708267,0.21113333579980603,1,0,1.0
S17,840,900,60,30,0.21953125,28.089000346351895,-324.86,129.47,454.33000000000004,4.9,32.515,28.08985821301139,3029914.1162,-2.9537904296871096,29.688213598912725,64,63,2.3300657888489194,1.8833629280346602,0.9419642857142857,0.19587821981603598,0.40625,1.5,67.55065827861011,19.633314296833188,40.0,147.69230769230768,0.23170522434313653,0.19587821981603598,1,0,1.0
S17,870,930,60,30,-0.1600624999999999,34.38394380612498,-324.86,181.81,506.67,3.635,34.364999999999995,34.38431636177556,4539959.8527999995,-2.242607120047624,21.12313739685766,72,71,2.1253783248642635,2.02761585106266,0.8415492957746479,0.2374185567167144,0.359375,1.5,78.31280449949757,26.873801819790234,40.0,166.95652173913044,0.26352240306972546,0.2374185567167144,1,0,1.0
S17,900,960,60,30,-0.014624999999999977,29.8797201338306,-296.55,181.81,478.36,3.34,32.8525,29.879723713024298,3428343.8943999996,-1.0597848855635312,17.03288407211226,67,64,2.288723508926674,1.5598925252326914,0.8720703125,0.2612792923124766,0.34375,1.484375,77.70540833532938,31.89869523890947,40.421052631578945,174.54545454545453,0.25545875711609806,0.2612792923124766,1,0,1.0
S17,930,990,60,30,0.1030494791666666,21.82400585263588,-157.3,165.65,322.95000000000005,3.66,28.1725,21.824249142892445,1828983.7465,0.06935018046584229,9.419989948840932,61,59,2.548201626622915,1.4262097205020785,0.9814618644067796,0.22264009617046787,0.40625,1.5,65.64705266012467,21.420931935480937,40.0,147.69230769230768,0.2938250775297181,0.22264009617046787,1,0,1.0
S17,960,1020,60,30,0.0240286458333333,18.489795394865006,-86.45,112.7,199.15,3.185,26.7425,18.489811008222656,1312792.7467,-0.08668147568828485,2.5063707586463986,65,64,2.6567419668828647,0.9854915881879579,0.916015625,0.18840317952901067,0.421875,1.5,68.65885160467433,16.508121345310066,40.0,142.22222222222223,0.28709345177067896,0.18840317952901067,1,0,1.0
S17,990,1050,60,30,-0.028000000000000056,16.643779079333715,-49.84,40.46,90.30000000000001,3.0599999999999996,26.4425,16.64380263166043,1063742.0776,-0.42718308955093404,-0.7295285627119465,68,67,2.8706804122124883,0.6554214219495873,0.8766324626865671,0.12913333904925484,0.578125,1.21875,69.95342714323921,10.462503325723352,49.23076923076923,103.78378378378379,0.18659028046806594,0.12913333904925484,1,0,1.0
S17,1020,1080,60,30,0.09434374999999995,17.213080794987068,-40.85,31.03,71.88,3.71,28.505000000000003,17.21333933895212,1137788.3566,-0.4672144019388314,-0.9518661627747114,67,66,3.0132932227099034,0.47330949280731316,0.8955965909090909,0.11946675791971503,0.640625,1.34375,68.17009314461848,9.014754255617875,44.651162790697676,93.65853658536585,0.17385226307126403,0.11946675791971503,1,0,1.0
S17,1050,1110,60,30,0.06912499999999994,18.999224328053717,-94.73,67.88,162.61,4.0,29.072499999999998,18.9993500766035,1386145.1648,-0.49429932123528053,0.3783246177335329,69,68,2.853282007281269,0.7081333531884054,0.8694852941176471,0.13047424548907308,0.53125,1.34375,70.62040405342611,11.111887142944818,44.651162790697676,112.94117647058823,0.18300544337288024,0.13047424548907308,1,0,1.0
S17,1080,1140,60,30,-0.150125,18.444360066579296,-94.73,67.88,162.61,3.96,27.34,18.444971016004608,1306433.1102,-0.5094677541978918,0.6989306661352854,70,69,2.8374217583323587,0.8854885426578915,0.8600543478260869,0.08522679536250953,0.65625,1.046875,70.45451013879978,7.034390562954206,57.3134328358209,91.42857142857143,0.09332778700476017,0.08522679536250953,1,0,1.0
S17,1110,1170,60,30,-0.02837760416666674,23.891920181223544,-135.1,134.85,269.95,4.2,29.965,23.891937033953003,2191966.6761,-0.3925420306804341,4.8243683026579784,65,63,2.471669193141381,1.2216749387718067,0.9397321428571429,0.1326952138187665,0.65625,1.46875,65.05648782935326,8.781708603777997,40.851063829787236,91.42857142857143,0.15819106821341083,0.1326952138187665,1,0,1.0
S17,1140,1200,60,30,0.024294270833333288,50.1014833297947,-395.52,500.89,896.41,1.9249999999999998,33.47,50.10148921995525,9639011.412700001,1.340971348438755,29.45583387857362,68,66,1.7388295792165234,1.8876947173688092,0.8709753787878788,0.21934629573463973,0.40625,1.46875,73.85314604932341,20.65729054718081,40.851063829787236,147.69230769230768,0.22570502522864117,0.21934629573463973,1,0,1.0
S17,1170,1230,60,30,0.034419270833333314,61.701063007255016,-487.98,500.89,988.87,1.875,26.09,61.701072607463296,14618965.865899999,-0.05698919595467764,20.969320273392903,73,71,1.5090923592155543,2.2424067263429883,0.8008362676056338,0.20461295327444193,0.40625,1.3125,80.22874623716565,21.999504709498442,45.714285714285715,147.69230769230768,0.25628946777938977,0.20461295327444193,1,0,1.0
S17,1200,1260,60,30,0.021856770833333195,43.67350062317664,-487.98,279.1,767.08,2.46,24.025,43.67350609237872,7324320.516099999,-2.235751976826316,37.02197814238612,73,71,1.4807480767977583,2.312211079086442,0.8021566901408451,0.17403104451068907,0.375,1.078125,79.40486308707656,22.324379747321338,55.65217391304348,160.0,0.18400765463503335,0.17403104451068907,1,0,1.0
S17,1230,1290,60,30,-0.14533854166666677,32.50525190642234,-315.36,265.72,581.08,1.83,23.15,32.50557682601043,4057392.0951999994,-0.7680121636371608,23.89217054182618,71,69,1.7974256841967022,2.1055140713247686,0.8525815217391305,0.20570370980024366,0.34375,1.21875,77.10072330214507,29.57982892662229,49.23076923076923,174.54545454545453,0.2191926980505429,0.20570370980024366,1,0,0.7205714285714285
S17,1740,1800,60,30,0.0731119791666667,8.068784200028361,-108.08,51.64,159.72,0.475,7.8525,8.069115430338384,250024.7955,-1.9541584916901604,36.790917935088125,75,74,2.029401158100429,2.1767333625311607,0.7977195945945946,0.18017600114804555,0.34375,1.09375,80.86563584640604,26.064502111090015,54.857142857142854,174.54545454545453,0.17843377767031282,0.18017600114804555,3,0,0.9960952380952381
S17,1770,1830,60,30,0.18161197916666702,45.83050913681917,-533.55,308.24,841.79,0.7,13.82,45.830868971153514,8065799.234500001,-2.9232863243146636,43.67757816662832,56,48,1.7328795052856356,2.4545951592451156,0.7646484375,0.270226801993784,0.34375,1.5,88.8318354390732,32.27217335071427,40.0,174.54545454545453,0.3719261206593635,0.270226801993784,3,0,1.0
S17,1800,1860,60,30,-0.03267968749999971,77.03163079406559,-533.55,668.51,1202.06,0.575,20.9925,77.03163772603571,22786073.129300002,-0.10566747100425111,23.7779069358367,49,42,1.7867799241655795,2.1179108131090727,0.7935267857142857,0.26913679327404316,0.34375,1.4375,86.02949913557612,33.45216779889906,41.73913043478261,174.54545454545453,0.3480109394087645,0.26913679327404316,3,0,1.0
S17,1830,1890,60,30,-0.0909401041666667,62.495876477110436,-492.94,668.51,1161.45,0.59,9.5525,62.49594264226112,14998052.5315,0.9474452977454408,45.339640383386616,26,20,1.8876814654406182,2.909145613561549,0.7265625,0.2265625,0.34375,1.15625,93.02101807624695,35.354509998180866,51.891891891891895,174.54545454545453,0.2487375608500485,0.2265625,3,0,1.0
S17,1860,1920,60,30,0.029697916666666612,6.28692500372763,-37.01,27.29,64.3,0.725,7.765,6.286995146232418,151781.02259999997,-1.0031990540552949,4.387263673363873,74,72,2.207821056744826,1.2011517009802921,0.8118489583333334,0.19991856082529355,0.34375,1.375,80.30121934042602,27.498446347486,43.63636363636363,174.54545454545453,0.25367295281412366,0.19991856082529355,3,0,1.0
S17,1890,1950,60,30,-0.09255468750000008,5.297142980893579,-17.28,15.12,32.4,0.415,7.3125,5.297951503195205,107782.2341,-0.26638335455823753,-0.28395211704372203,80,78,2.4894315761466372,1.2376681025075797,0.7590144230769231,0.18880620128305212,0.34375,1.015625,86.20729203861758,29.74124592882369,59.07692307692308,174.54545454545453,0.2043854499095771,0.18880620128305212,3,0,1.0
S17,1920,1980,60,30,-0.05126302083333335,12.930965511353747,-129.4,137.34,266.74,0.495,8.3625,12.931067123525613,642095.9883,0.4675703985457475,45.820964770840774,76,75,1.5879060134147103,1.8072605246274918,0.7854166666666667,0.15214040025216474,0.34375,1.234375,80.51508503505644,22.831144176917686,48.607594936708864,174.54545454545453,0.19277490023901495,0.15214040025216474,3,0,1.0
S17,1950,2010,60,30,-0.026846354166666676,13.820499108259185,-129.4,137.34,266.74,1.09,10.879999999999999,13.820525182789726,733466.5586999999,0.3835193513923702,34.71352877600012,77,76,1.8266955453697862,1.7416705217127342,0.7765213815789473,0.16020928873129864,0.34375,1.234375,82.31777223214313,25.81805305209653,48.607594936708864,174.54545454545453,0.1844191331360894,0.16020928873129864,3,0,1.0
S17,1980,2040,60,30,-0.007591145833333365,9.386869783246699,-63.68,51.2,114.88,0.67,10.294999999999998,9.386872852719643,338355.3867,-0.2996627637889838,6.570018638933041,76,74,2.2384711120215015,1.5645886753476983,0.7996199324324325,0.197614944142153,0.34375,1.46875,81.00926433107435,26.31109380835335,40.851063829787236,174.54545454545453,0.26623494635558065,0.197614944142153,3,0,1.0
S17,2010,2070,60,30,0.063984375,8.454058145338005,-63.68,51.2,114.88,0.65,9.0675,8.454300274120857,274464.7416,-0.5254220451703607,9.612222838950427,74,72,2.0593180571149876,1.474409100242435,0.7986111111111112,0.20223086384065528,0.375,1.25,80.90892530477028,24.063915821406678,48.0,160.0,0.294823573855118,0.20223086384065528,3,0,1.0
S17,2040,2100,60,30,0.1786875,6.292099957175963,-21.31,32.27,53.58,0.935,8.572499999999998,6.294636692752808,152150.2122,0.06011805906299192,1.7357437200422892,73,72,2.593184382561685,1.1747533445935987,0.826171875,0.1719132197877866,0.359375,1.234375,76.4289289987857,19.371939705116382,48.607594936708864,166.95652173913044,0.2629578188239205,0.1719132197877866,3,0,1.0
S17,2070,2130,60,30,0.06795312499999999,16.94025068924511,-113.34,144.87,258.21000000000004,0.815,10.64,16.940386980280785,1101990.5704,0.971437895336845,19.017852583816072,75,73,1.7740626876169256,2.2625286410548853,0.807791095890411,0.16480608423286103,0.34375,1.25,78.32089922274763,21.427636164185916,48.0,174.54545454545453,0.1933407415965686,0.16480608423286103,3,0,0.7039047619047619
S17,3510,3570,60,30,-0.04081510416666646,57.250193953339405,-298.87,329.42,628.29,-0.15500000000000003,43.190000000000005,57.25020850239506,12585931.6745,-0.05734221926962344,4.3632865511973735,98,94,2.2492357629114768,1.941357988745333,0.621841755319149,0.23294755680321927,0.34375,1.390625,107.82402562828022,32.943161638079,43.146067415730336,174.54545454545453,0.3553272512447512,0.23294755680321927,2,1,0.9627619047619047
S17,3540,3600,60,30,0.238765625,56.017434948092884,-275.15,251.97,527.12,1.24,44.364999999999995,56.01794379649703,12049958.5044,-0.2628597989276092,3.704068897940645,89,88,2.167286717235925,1.8650394914286628,0.6747159090909091,0.2559283060614666,0.34375,1.390625,100.45902830608712,33.292043547191334,43.146067415730336,174.54545454545453,0.41816361843375277,0.2559283060614666,2,1,1.0
S17,3570,3630,60,30,0.3771197916666662,69.15510597778122,-364.13,324.5,688.63,2.285,60.370000000000005,69.15613423359794,18365072.264200002,-0.45173804725608274,3.135534399880526,91,84,2.1890909000335004,1.6784699561671632,0.6549479166666666,0.2516247465936891,0.34375,1.421875,104.5612982686052,36.27585614257662,42.1978021978022,174.54545454545453,0.3647733297245198,0.2516247465936891,2,1,1.0
S17,3600,3660,60,30,0.17669791666666634,84.92282905049734,-403.01,324.5,727.51,4.5600000000000005,87.3475,84.92301287692135,27693765.5658,-0.6861667898780579,2.646891573532846,86,81,2.336404380139758,1.5839035870296936,0.6788194444444444,0.2908698606744353,0.34375,1.5,104.59663681740416,40.66203543321533,40.0,174.54545454545453,0.3815028618421492,0.2908698606744353,2,1,1.0
S17,3630,3690,60,30,-0.32167968750000014,77.26911937963763,-403.01,257.93,660.94,0.9450000000000001,71.88,77.26978897037341,22927181.9041,-0.5695696471864802,3.2289782898852817,74,70,2.381974967306418,1.6875588677107751,0.7700892857142857,0.2991004796699188,0.34375,1.5,90.32187528304017,34.80746466170542,40.0,174.54545454545453,0.396446654899697,0.2991004796699188,2,1,1.0
S17,3660,3720,60,30,-0.20979947916666677,58.54021580500237,-308.26,260.65,568.91,-0.54,52.120000000000005,58.54059174895406,13159683.388099998,0.017143415166810082,2.7121048567367954,86,84,2.1716198219479845,1.763222489652401,0.6884300595238095,0.23523343771653074,0.359375,1.453125,96.8170952786722,30.501694218997816,41.29032258064516,166.95652173913044,0.3303674093918058,0.23523343771653074,2,1,1.0
S17,3690,3750,60,30,0.14178906249999992,67.20791594235668,-308.26,295.48,603.74,-0.315,64.9275,67.2080655089337,17344988.4267,0.19052431911157844,2.583790490973646,89,86,2.2106795971289563,1.7459036465809006,0.6529796511627907,0.1988468910204104,0.34375,1.15625,100.93385390134223,31.380483569061333,51.891891891891895,174.54545454545453,0.3100964552859035,0.1988468910204104,2,1,1.0
S17,3720,3780,60,30,0.2014244791666665,59.013191307616985,-259.64,295.48,555.12,-0.405,41.932500000000005,59.01353505874909,13373173.7093,0.3487233716954962,4.23440635950102,83,77,2.100896420994539,2.0031485677939616,0.6698457792207793,0.2091218098864201,0.34375,1.296875,98.26394639552036,30.08454486674966,46.265060240963855,174.54545454545453,0.31257708753149366,0.2091218098864201,2,1,1.0
S17,3750,3810,60,30,-0.04675520833333343,38.44719818495764,-259.64,207.58,467.22,0.51,26.7575,38.44722661419048,5676246.6598,-0.13546333133767816,5.898814453073948,88,86,1.941006198709099,2.0462800397178724,0.6902252906976745,0.20562791386548498,0.375,1.421875,93.63472254050056,24.317684010694418,42.1978021978022,160.0,0.27651757902049,0.20562791386548498,2,1,1.0
S17,3780,3840,60,30,-0.24502083333333335,50.53475310779931,-321.91,178.97,500.88,0.195,42.79,50.53534710353734,9806673.8184,-0.36445222677307937,3.6313555446707992,88,85,2.12456177071704,1.8345306128984116,0.6858455882352941,0.2532988184227472,0.34375,1.484375,98.03215250300111,30.705652346381516,40.421052631578945,174.54545454545453,0.32657122197283905,0.2532988184227472,2,1,1.0
S17,3810,3870,60,30,0.030661458333333367,47.5509141252385,-321.91,182.58,504.49,-0.10500000000000001,33.54,47.5509240106944,8682587.0372,-0.3821660872870965,4.965511047038584,84,77,2.174521312421932,1.9825839664396405,0.6844561688311688,0.24447318938322307,0.34375,1.484375,97.3352652034595,29.290161466446502,40.421052631578945,174.54545454545453,0.34026058639366463,0.24447318938322307,2,1,1.0
S17,3840,3900,60,30,0.09335156249999994,27.634461903183265,-172.71,182.58,355.29,1.125,21.259999999999998,27.634619577492078,2932501.2449000003,-0.09750031315870061,8.680314746092726,87,84,1.8357305260759467,2.1078069430340443,0.6778273809523809,0.19003899672716956,0.359375,1.25,95.5384344864593,27.023362723349344,48.0,166.95652173913044,0.24184262999050207,0.19003899672716956,2,1,1.0
S17,3870,3930,60,30,-0.0019635416666665684,37.24470596256942,-260.51,355.3,615.81,1.045,19.555,37.2447060143284,5326725.6042,0.13360616563756988,20.143649665437536,84,79,1.5361435352238526,2.302923483946796,0.6606012658227848,0.2113336017967746,0.390625,1.25,98.82286939658725,26.24000000690806,48.0,153.6,0.26938677728731153,0.2113336017967746,2,1,1.0
S17,3900,3960,60,30,0.05614583333333344,45.98006441303284,-260.51,355.3,615.81,0.29,18.62,45.98009869260015,8118410.7870000005,0.6782543676672835,15.321629105149302,70,64,1.7943304261236166,2.5230695391752005,0.7392578125,0.2854487343104425,0.390625,1.453125,92.85719642258229,31.716184989010806,41.29032258064516,153.6,0.4032195810051297,0.2854487343104425,2,1,1.0
S17,3930,3990,60,30,0.11002083333333325,46.38613098614876,-263.74,303.89,567.63,0.33,23.3825,46.38626146228985,8262471.3694,0.6261668082013581,11.145461573162926,81,76,1.9319525160633844,2.195922217043971,0.6609786184210527,0.27577152045097264,0.34375,1.453125,104.59043447220527,35.03167214191157,41.29032258064516,174.54545454545453,0.3458929416500622,0.27577152045097264,2,1,1.0
S17,3960,4020,60,30,0.18143489583333317,46.48190045764712,-263.74,266.09,529.8299999999999,0.135,30.9225,46.48225455779917,8296703.956900001,0.14370752639882936,6.036890050288145,93,91,1.9452108430157418,2.0504864633841406,0.6346153846153846,0.23701884765811715,0.34375,1.390625,105.9334669829438,32.543801007655254,43.146067415730336,174.54545454545453,0.2919687795452909,0.23701884765811715,2,1,1.0
S17,3990,4050,60,30,-0.05412500000000014,53.174866375743015,-289.28,273.45,562.73,-1.05,32.625,53.17489392179123,10857866.2794,0.526595131857584,5.853403145263091,87,84,1.9361190836989637,1.9557083554251853,0.6737351190476191,0.26276918907657726,0.34375,1.40625,101.5023976465028,34.241949695534714,42.666666666666664,174.54545454545453,0.35946911418257455,0.26276918907657726,2,1,1.0
S17,4020,4080,60,30,-0.2060859375000004,61.0379473622413,-361.31,325.92,687.23,-0.99,29.425,61.03829527116051,14306586.200100001,0.1706303977028818,7.489589245674551,83,78,1.8253685093099208,1.9644709099365594,0.6708733974358975,0.2869933059318202,0.34375,1.40625,103.69853900585073,35.58552608930697,42.666666666666664,174.54545454545453,0.3876019385711208,0.2869933059318202,2,1,1.0
S17,4050,4110,60,30,0.04963020833333296,45.94575442130013,-361.31,325.92,687.23,-0.09,21.4875,45.94578122635418,8106296.880000001,-0.4331520445753046,17.87080033344307,99,97,1.401712260118437,1.84025139954394,0.5834407216494846,0.23616569576175508,0.359375,1.484375,114.0219497651394,29.095405618076487,40.421052631578945,166.95652173913044,0.29639918695459294,0.23616569576175508,2,1,1.0
S17,4080,4140,60,30,-0.040523437499999974,25.90995189095569,-176.5,145.72,322.22,-0.035,19.2625,25.909983580477718,2577896.6367,-0.7448309552729176,11.867710558906946,122,121,1.574092931657821,1.7208857032690295,0.49044421487603307,0.11934137864385087,0.375,0.953125,126.99725539242314,19.633291091633566,62.950819672131146,160.0,0.13730899375359576,0.11934137864385087,2,1,1.0
S17,4110,4170,60,30,-0.16686979166666654,22.12005617655342,-151.04,145.72,296.76,0.04,18.255,22.120685585696705,1879006.9662000001,-0.34959639405498444,10.305186193152249,121,120,1.5986389541160844,1.5609028667458724,0.4947916666666667,0.11884818674702428,0.375,0.953125,126.05355055077042,20.398877398773124,62.950819672131146,160.0,0.1355815361366601,0.11884818674702428,2,1,1.0
S17,4140,4200,60,30,0.08320833333333337,31.156162975778386,-190.26,159.0,349.26,0.44,21.612499999999997,31.156274087252473,3727539.5135999997,-0.45905591586669536,8.725251426480229,107,106,1.5686940018674544,1.7253888890830715,0.5579304245283019,0.20227241905284463,0.34375,1.46875,116.91724832187234,27.61968195880378,40.851063829787236,174.54545454545453,0.28919418654212586,0.20227241905284463,2,1,1.0
S17,4170,4230,60,30,-0.03534375000000002,31.219823761757038,-190.26,159.0,349.26,0.425,22.4925,31.21984376796004,3742765.9963999996,-0.4523252989052402,8.576223826025556,103,102,1.632367735276434,1.7339966133235993,0.5759803921568627,0.19854903187666248,0.34375,1.46875,112.95840911253934,27.440344907017423,40.851063829787236,174.54545454545453,0.29251124549974467,0.19854903187666248,2,1,1.0
