subject,start_sec,end_sec,window_sec,step_sec,ecg_mean,ecg_std,ecg_min,ecg_max,ecg_range,ecg_median,ecg_iqr,ecg_rms,ecg_energy,ecg_skew,ecg_kurtosis,ecg_derivative_mean,ecg_derivative_std,ecg_derivative_max_abs,ecg_r_peak_count,ecg_valid_rr_count,ecg_r_peak_rate_per_min,ecg_r_peak_prominence_mean,ecg_r_peak_prominence_std,ecg_rr_mean,ecg_rr_std,ecg_rr_min,ecg_rr_max,ecg_hr_mean,ecg_hr_std,ecg_hr_min,ecg_hr_max,ecg_hr_range,ecg_rmssd,ecg_sdnn,ecg_nn50_count,ecg_pnn50,ecg_cvnn,original_label,label,label_purity
S2,300,360,60,30,-1.1186669090429816e-05,0.1332017955590823,-0.3633056666611428,0.7798446705307358,1.1431503371918785,0.016117416973208953,0.1459229458828659,0.1332017960288266,745.1941755428151,1.2288213356846378,4.3180601543325565,0.0003981655589694386,6.535593447651418,46.958801029549285,96,95,96.0,4.680566751614287,1.9750880410060117,0.6259398496240601,0.17384182543399743,0.30142857142857143,1.1085714285714285,104.8778560898571,34.279497465054384,54.123711340206185,199.05213270142178,144.9284213612156,0.19399019855181557,0.17384182543399743,61,0.648936170212766,0.27772928267533525,1,0,0.8908809523809523
S2,330,390,60,30,9.461809975587151e-05,0.14709508549870987,-0.3633043906237903,0.7685520436176598,1.13185643424145,0.027342832211567202,0.1609310584470797,0.14709511592999125,908.7528714792179,1.0020060691368962,3.68508147195371,-0.0010111429172981123,7.0097321588134704,45.30886543274287,96,95,96.0,4.443791056469839,2.114487938079479,0.6220451127819548,0.19198154366980769,0.3171428571428571,1.1085714285714285,106.64437277972556,34.286415665472305,54.123711340206185,189.1891891891892,135.065477848983,0.2431958124910875,0.19198154366980769,79,0.8404255319148937,0.3086296149988447,1,0,1.0
S2,360,420,60,30,-0.00035579720279226007,0.15252547849383274,-0.2950132943332519,0.7940029871914995,1.0890162815247515,0.03194103398554966,0.16478000327666456,0.15252589347852433,977.0942236197302,0.9805488583985256,3.8569415162222427,0.000167570296163923,7.06110713373999,47.40761336533006,97,96,97.0,4.320579593744396,2.3334969941317145,0.617827380952381,0.19987059793013606,0.37142857142857144,1.02,107.94409965736133,34.41903112453261,58.8235294117647,161.53846153846152,102.71493212669682,0.25766621761350117,0.19987059793013606,83,0.8736842105263158,0.3235055682090935,1,0,1.0
S2,390,450,60,30,0.00024839330641608843,0.18107660972153436,-1.4888946286649927,1.452789956358211,2.9416845850232036,0.03215805841782845,0.16503845080266705,0.18107678008921946,1377.1296120741408,-0.08494707090390018,14.821018246832956,0.0012825357363967105,7.427760608246419,136.65870046105204,74,73,74.0,4.748897300261365,1.133066721382201,0.8118786692759296,0.13939801819332834,0.3028571428571429,0.9542857142857143,77.98581748845028,25.188698813721377,62.874251497005986,198.1132075471698,135.2389560501638,0.1519212746660096,0.13939801819332834,30,0.4166666666666667,0.17169809168363773,1,0,1.0
S2,420,480,60,30,0.00013437695918272277,0.18015612586518037,-1.4888451696597436,1.4528531339705448,2.9416983036302886,0.03362570458705983,0.1861837301225606,0.18015617598050274,1363.1624052445507,-0.12458826358973268,14.834733709401569,-0.0008631699495226585,7.372272205593181,136.65878575326155,83,82,83.0,4.313532435798066,1.6154229273653096,0.7205226480836237,0.18963924151164255,0.33,0.9614285714285714,92.1077077011952,34.64765964759387,62.40713224368499,181.8181818181818,119.41104957449681,0.23444643259304662,0.18963924151164255,61,0.7530864197530864,0.2631967808590426,1,0,1.0
S2,450,510,60,30,-2.581971987153348e-05,0.14843365886959556,-0.3886136845753814,0.7385242433530371,1.1271379279284186,0.03169005832348007,0.1803081497129533,0.14843366111523829,925.3671735870828,0.9286888301728158,3.2468205674716435,-0.0007299581084204413,6.746050140742315,44.73977098720105,88,87,88.0,4.748978139015889,1.7983437458413325,0.6791297208538588,0.20439877178838775,0.3028571428571429,1.03,100.04498044670929,40.05661187205465,58.252427184466015,198.1132075471698,139.8607803627038,0.24227534375724458,0.20439877178838775,56,0.6511627906976745,0.3009716192826909,1,0,1.0
S2,480,540,60,30,2.169026225218459e-05,0.14498618759732051,-0.3886066534839761,0.7104440913923522,1.0990507448763283,0.030353798038427363,0.17209826820055657,0.1449861892197767,882.8817927078617,1.0006688997229882,3.599431505900397,-0.004007810184873796,6.471149206890548,44.74137549107105,84,83,84.0,4.942693817043996,1.7204225860681732,0.7180378657487091,0.19253319012931436,0.3028571428571429,0.9942857142857143,93.17237492508256,36.72431914811487,60.3448275862069,198.1132075471698,137.7683799609629,0.21149524563175937,0.19253319012931436,45,0.5487804878048781,0.26813793438115835,1,0,1.0
S2,510,570,60,30,2.3967054408172188e-05,0.14390379089531916,-0.2647160240621074,0.717069294814739,0.9817853188768464,0.0313148659113192,0.1761967059540477,0.14390379289116542,869.7486675554642,1.002522745956677,3.6079218136721716,-0.0003997705295854969,6.487444561313677,42.16834975794484,91,90,91.0,4.613917004017962,2.0513209471246543,0.6613174603174604,0.20788288476151656,0.3314285714285714,0.9957142857142857,102.26978064065891,37.398030780203776,60.25824964131994,181.0344827586207,120.77623311730076,0.23874951302607994,0.20788288476151656,64,0.7191011235955056,0.3143465842588278,1,0,1.0
S2,540,600,60,30,0.0007834847504172978,0.14363838694288092,-0.27353203195486864,0.9641752543224712,1.23770728627734,0.031426269618725314,0.16744534152085447,0.14364052371077918,866.5692021800905,1.0074338041962045,3.784247113560732,-0.006752786079992961,6.463050778405317,42.180003809720425,88,87,88.0,4.676027653890926,1.9304799540013227,0.6811822660098523,0.20441883738758163,0.33285714285714285,1.0171428571428571,98.5935152975875,35.8827320665606,58.98876404494382,180.25751072961373,121.2687466846699,0.23270101567413923,0.20441883738758163,60,0.6976744186046512,0.3000941856355154,1,0,1.0
S2,570,630,60,30,-8.176237715977288e-05,0.14101664687044776,-0.27267389909442175,0.7194112398612437,0.9920851389556654,0.029627009413254433,0.1624960011358008,0.14101667057362716,835.1994579461771,1.002592136109027,3.705308023397686,-0.0007517665700704109,6.337823939915366,41.75259849078781,81,80,81.0,4.988058168998054,1.7191810762679018,0.7398392857142857,0.19873490107581065,0.33285714285714285,1.0657142857142856,89.52291509518226,32.490559230313124,56.30026809651475,180.25751072961373,123.95724263309899,0.2157323082659613,0.19873490107581065,58,0.7341772151898734,0.26861901620152534,1,0,1.0
S2,600,660,60,30,-0.00011593657878148739,0.14206789929132052,-0.2676646835977239,0.7354435568466535,1.0031082404443774,0.02887798733061702,0.15794413160911266,0.14206794659717964,847.6986609142416,1.0777134524970535,4.071152579598902,-0.000677959612314519,6.388093647792227,42.71685758715639,78,77,78.0,5.180172920891626,1.6240191918279305,0.7689795918367347,0.1884734182162684,0.3342857142857143,1.0657142857142856,85.32405902251294,30.824391398089155,56.30026809651475,179.48717948717947,123.18691139066473,0.18875674421196045,0.1884734182162684,47,0.618421052631579,0.2450954748566123,1,0,1.0
S2,630,690,60,30,-0.00011140297883650445,0.14463440008872336,-0.2713785979867385,0.7354435216815025,1.006822119668241,0.03127451755304504,0.1694252495847097,0.1446344429921469,878.6031281852407,1.0598879250024136,3.8412020648959553,-0.00027159259718827775,6.446256411265803,42.71685756628074,79,78,79.0,5.153178338183584,1.5329798601784648,0.7563553113553113,0.18038154332979753,0.31857142857142856,0.9857142857142858,86.86026930765765,32.62339821282256,60.869565217391305,188.34080717488789,127.47124195749657,0.1919630204471397,0.18038154332979753,40,0.5194805194805194,0.2384878384823824,1,0,1.0
S2,660,720,60,30,8.056338534602916e-05,0.1440772510561251,-0.31331572567434035,0.719765682349099,1.0330814080234394,0.03148401539705953,0.16036946535739793,0.14407727358035602,871.8469520186477,1.0307921672099314,3.725443960932867,-0.0029099466974061854,6.456447864796204,42.1673081987115,80,79,80.0,5.076899131086186,1.5743415388478368,0.7543761301989149,0.1781856000747364,0.31857142857142856,1.0057142857142858,86.90273632302275,32.26004629487396,59.65909090909091,188.34080717488789,128.68171626579698,0.1897698901257138,0.1781856000747364,43,0.5512820512820513,0.2362025956836044,1,0,1.0
S2,690,750,60,30,-6.172741676277704e-05,0.1420643023374327,-0.26181525008884665,0.7595451012351138,1.0213603513239604,0.028333794807427107,0.13605903459638138,0.14206431574781705,847.6553319736095,1.1687148014483932,4.390655570590425,0.00024204412268218712,6.447911107398953,42.52197145518125,77,76,77.0,5.257913000212046,1.5472945505086355,0.7763909774436091,0.18423914922631812,0.32857142857142857,1.032857142857143,84.59070099623939,31.997876688148033,58.09128630705394,182.6086956521739,124.51740934511997,0.21023990184199245,0.18423914922631812,47,0.6266666666666667,0.23730202253631907,1,0,1.0
S2,720,780,60,30,-0.0004142926181471974,0.14284086424056652,-0.4119591675926998,0.7595451012135204,1.17150426880622,0.02813603220687687,0.15149078133523886,0.14284146504207176,856.9547336853472,1.1749572710105367,4.3382315471201975,-0.005565839357558834,6.402506890488111,48.211218031525135,77,76,77.0,5.281750356855235,1.4101787899418006,0.7880075187969924,0.16372232245284646,0.32857142857142857,1.032857142857143,81.81378796251407,28.61050627461558,58.09128630705394,182.6086956521739,124.51740934511997,0.20257243602409164,0.16372232245284646,46,0.6133333333333333,0.20776746229882717,1,0,1.0
S2,750,810,60,30,4.826121735502522e-05,0.14056348593903795,-0.25190710169760666,0.7130850647978269,0.9649921664954335,0.028029911616068437,0.1674092341954559,0.14056349422406667,829.8400281561273,1.1911319728067247,4.150182734348007,-0.0016380477181107533,6.317811264750192,40.43259229061839,78,77,78.0,5.2666223191470225,1.3657358394595216,0.7751576994434137,0.13732616765777167,0.33285714285714285,0.9642857142857143,81.17455869895957,22.267125320591965,62.22222222222222,180.25751072961373,118.0352885073915,0.1666518879949695,0.13732616765777167,45,0.5921052631578947,0.17715900616916525,1,0,1.0
S2,780,840,60,30,-0.001048181887891117,0.1401917173019408,-0.43185598441895945,0.7698833568035417,1.2017393412225013,0.025658252427368897,0.15492945466237212,0.14019563575709976,825.5022839841704,1.134636497318837,4.261223628707872,-0.0009020059996697965,6.288780713017829,43.44159521014156,78,77,78.0,5.18101160039142,1.3967709935092834,0.7701855287569573,0.15908120612783824,0.32857142857142857,1.0142857142857142,82.98735094776653,25.88983110506013,59.15492957746479,182.6086956521739,123.45376607470911,0.1777104809446927,0.15908120612783824,54,0.7105263157894737,0.20654920170285165,1,0,1.0
S2,810,870,60,30,0.00041188069107307615,0.14480464334723803,-0.4101239778009518,1.2004596892304917,1.6105836670314435,0.027998781271072783,0.14961499079366164,0.1448052291204447,880.6792839862281,1.242762920562849,5.274459266032821,0.009841894192781055,6.370879958397877,43.44159521009652,79,78,79.0,4.962264161638964,1.6517566576415386,0.7536263736263736,0.19111609895926412,0.32857142857142857,1.0142857142857142,87.77463192057557,33.45269380553049,59.15492957746479,182.6086956521739,123.45376607470911,0.22047006620574228,0.19111609895926412,59,0.7662337662337663,0.25359529024924227,1,0,1.0
S2,840,900,60,30,-0.0002712447734639043,0.14202283879814662,-0.2574750107437571,0.7081704522067206,0.9656454629504777,0.029677935213391092,0.1638504186969552,0.1420230978186699,847.163533188482,1.1113790463005309,3.965846124538918,-0.0008205534444360173,6.375091026001174,42.19829132416965,81,80,81.0,5.029194629311934,1.6541538990861613,0.7468214285714285,0.1915171669984235,0.3142857142857143,1.0142857142857142,88.88339020147387,34.573053363483275,59.15492957746479,190.9090909090909,131.7541613316261,0.2409485689206159,0.1915171669984235,60,0.759493670886076,0.2564430527452469,1,0,1.0
S2,870,930,60,30,-0.00042615493216874984,0.14106434985188204,-0.2691732981657467,0.7177982991490165,0.9869715973147632,0.028981724651897738,0.16790355766287374,0.14106499355673036,835.7719611007359,1.1490204004608908,4.148160387763404,0.001197100046698584,6.349357862107093,42.14998506691669,77,76,77.0,5.26685437277376,1.3596869569513919,0.7846616541353383,0.15752147969075933,0.3142857142857143,1.05,81.409307208923,26.150731360693438,57.14285714285714,190.9090909090909,133.76623376623377,0.20886750023175274,0.15752147969075933,54,0.72,0.20075083172547903,1,0,1.0
S2,900,960,60,30,-7.0902348394764875e-06,0.1419913845967246,-0.26792814528669734,0.7177983191861942,0.9857264644728916,0.027968083502887542,0.15803654394323388,0.14199138477374743,846.7852406985886,1.177586769145649,4.285737489219757,-0.0007647857178288905,6.445545488322906,42.149985177188384,74,73,74.0,5.482515730436447,1.0794901241682229,0.8034442270058709,0.1417914922129982,0.32142857142857145,1.05,78.32590694539535,22.14343951096734,57.14285714285714,186.66666666666666,129.52380952380952,0.18040078836979742,0.1417914922129982,52,0.7222222222222222,0.17647957063728095,1,0,1.0
S2,930,990,60,30,0.0005208387411193689,0.14436875071812924,-0.2843215516005002,0.83731194764647,1.12163349924697,0.028789028655541688,0.1418259569200978,0.14436969022931231,875.389513190119,1.1509380045256015,4.2074701420016725,-0.002291623866236114,6.529461378580158,41.607042913545534,76,75,76.0,5.303082426115151,1.3602034377788788,0.7865714285714286,0.17644038903934023,0.3028571428571429,1.0414285714285714,82.86843546961707,30.803395343459986,57.61316872427984,198.1132075471698,140.50003882288996,0.20946297525651025,0.17644038903934023,56,0.7567567567567568,0.22431578700969518,1,0,1.0
S2,960,1020,60,30,-0.00022447080753200922,0.14274773812878128,-0.26977474936889334,0.7491801142916681,1.0189548636605614,0.02718284812577534,0.1308392351711511,0.14274791461883618,855.832619377115,1.2224343401927313,4.615241567100573,-0.00030754199856835625,6.492441170117572,41.653848018322655,72,71,72.0,5.5956659793928445,1.0281407991714915,0.8408249496981892,0.10921567355429541,0.30142857142857143,0.96,74.07872629515872,21.996292053730013,62.5,199.05213270142178,136.55213270142178,0.1281452119092905,0.10921567355429541,29,0.4142857142857143,0.12989109516017328,1,0,1.0
S2,990,1050,60,30,0.00021539606635667923,0.13958580473074375,-0.2592382846750565,0.7491801139512164,1.008418398626273,0.025542372528702353,0.1348099360995472,0.13958597092041422,818.3382176673786,1.3044513843654724,4.904079861464928,0.0014688416597730034,6.300657935301996,41.65384465274725,75,74,75.0,5.365297629223104,1.451561614085959,0.7902316602316601,0.18495330085850614,0.32285714285714284,1.032857142857143,83.33048901950437,33.01079049064694,58.09128630705394,185.8407079646018,127.74942165754786,0.201995427279626,0.18495330085850614,54,0.7397260273972602,0.23404946949896466,1,0,1.0
S2,1020,1080,60,30,0.0001991354343838907,0.13963230558385695,-0.2592382847293546,0.7559749769106573,1.015213261640012,0.02562951837763009,0.14731590210635678,0.13963244758144447,818.8832575385632,1.2459989471435027,4.643248649839111,0.0023130860197053005,6.333100341891001,41.87567906266987,80,79,80.0,5.094558503283388,1.7211363833797213,0.745117540687161,0.2053390448941549,0.32285714285714284,1.0371428571428571,90.20694350720152,36.539480783842436,57.85123966942149,185.8407079646018,127.9894682951803,0.2399439037005877,0.2053390448941549,62,0.7948717948717948,0.2755794001370408,1,0,1.0
S2,1050,1110,60,30,1.1703675003496936e-05,0.14037588326060094,-0.2630438321231165,0.7745633049400144,1.0376071370631308,0.025976369360414732,0.12716160124010095,0.14037588374849103,827.6263270031345,1.2361893949663647,4.770906979651326,-2.6357268642708707e-05,6.398494789539679,43.002304894077625,74,73,74.0,5.3828545633983875,1.4828026989509495,0.8092367906066535,0.17368799403722285,0.33714285714285713,1.0757142857142856,79.54913533994001,26.344302188052627,55.77689243027889,177.96610169491527,122.18920926463637,0.19939307001970275,0.17368799403722285,53,0.7361111111111112,0.21463185566120352,1,0,1.0
S2,1080,1140,60,30,9.843155256417166e-06,0.14244598160721397,-0.28111312170025227,0.7745632977553085,1.0556764194555608,0.028419820676229297,0.14846961463081323,0.14244598194729977,852.2160264630788,1.1531760890648528,4.3522129415326,-0.0008907252815583772,6.467306310614369,43.00230490848882,75,74,75.0,5.340666232548887,1.4602495110730012,0.8009652509652508,0.15916288667826697,0.37714285714285717,1.0757142857142856,79.54408514267668,24.32107045557265,55.77689243027889,159.0909090909091,103.3140166606302,0.18204573213399539,0.15916288667826697,45,0.6164383561643836,0.19871384743153123,1,0,1.0
S2,1110,1170,60,30,-0.0001531615056705981,0.14523396908647107,-0.2847054664699661,0.7505510966549679,1.035256563124934,0.030881595913434284,0.16758696452529992,0.1452340498473304,885.9030278723878,1.0813877552486362,4.054637755603341,-0.0007937653624159398,6.6321746927120095,44.230697457834545,78,77,78.0,5.188365555131627,1.6078328239675816,0.7742115027829313,0.1770608308657498,0.31285714285714283,1.0385714285714285,83.94016959382871,29.29512377719242,57.77166437414031,191.78082191780823,134.00915754366792,0.21046078800286863,0.1770608308657498,56,0.7368421052631579,0.2286982694383876,1,0,1.0
S2,1140,1200,60,30,-7.391841410185767e-05,0.14501652882350216,-0.2642941390359629,0.7619854541785577,1.0262795932145206,0.029674129367163245,0.1396993332888392,0.14501654766249808,883.2515620298822,1.1330052477875228,4.440494611559583,7.115525472945075e-05,6.690133582516232,44.230667554063004,85,84,85.0,4.803675017457594,2.0799050944926107,0.696938775510204,0.2210612646831222,0.31285714285714283,1.07,97.84043344934211,38.587107665225815,56.074766355140184,191.78082191780823,135.70605556266804,0.2870824813860309,0.2210612646831222,75,0.9036144578313253,0.3171889302920348,1,0,1.0
S2,1170,1230,60,30,-4.124526039035488e-05,0.14550379822612483,-0.26335316448090784,0.8853641372468103,1.1487173017277181,0.02704010570082901,0.14292472282609026,0.1455038040719223,889.1969939748147,1.2583506425918904,4.873531191287292,-0.00024531606657554524,6.863925819119713,52.702507777674676,89,88,89.0,4.726078020953941,2.1309319925120085,0.665551948051948,0.2150545117737326,0.31285714285714283,1.07,102.02745050511899,38.42341604932608,56.074766355140184,191.78082191780823,135.70605556266804,0.2894987457822984,0.2150545117737326,76,0.8735632183908046,0.3231220529114086,1,0,1.0
S2,1200,1260,60,30,-3.405663797424011e-05,0.14903031024356206,-0.6516295578688203,0.8853641426064196,1.5369937004752399,0.0263578616375144,0.1458178743900778,0.1490303141348999,932.8214503081717,1.1724649338217827,4.759540823691336,-0.004846054796138835,6.867908469201907,52.70250776881347,81,80,81.0,5.0367883560264115,1.7346519992930338,0.7457678571428572,0.19443251331025596,0.3142857142857143,1.0342857142857143,88.53319249948409,32.59994582475828,58.011049723756905,190.9090909090909,132.898041185334,0.2168025195246342,0.19443251331025596,61,0.7721518987341772,0.2607145259050914,1,0,1.0
S2,1230,1290,60,30,0.00039345309638364563,0.1466277036709311,-0.26335333796339633,0.8118257957926618,1.0751791337560581,0.029171202551604145,0.1487992040888849,0.1466282315556913,902.993208144276,1.1819024720050584,4.526914878687719,-0.0015015740174481,6.680973987746802,47.19231339572963,81,80,81.0,4.991367627884698,1.8636569122438675,0.7386607142857142,0.19937572771922724,0.33285714285714285,1.0342857142857143,89.82698793386984,33.21327747685206,58.011049723756905,180.25751072961373,122.24646100585682,0.24033231750323625,0.19937572771922724,72,0.9113924050632911,0.2699151638408492,1,0,1.0
S2,1260,1320,60,30,-0.00228626999227805,0.15120662209999872,-0.7640907333980677,0.8118277080130061,1.5759184414110736,0.030315161108420856,0.1719840915928213,0.15122390550891554,960.4841230895153,0.7290952129648695,4.429575346984986,0.0005882370794198186,6.655121205263411,47.192315073050246,77,76,77.0,5.0838187106875345,1.376726849643556,0.785281954887218,0.1720909851864117,0.30857142857142855,1.0414285714285714,82.38574143544392,28.897545351689647,57.61316872427984,194.44444444444446,136.83127572016463,0.21790268064274135,0.1720909851864117,65,0.8666666666666667,0.21914547267436874,1,0,1.0
S2,1290,1350,60,30,-8.885487711676827e-05,0.15237864769692555,-0.45372168509065286,1.0098239374898605,1.4635456225805135,0.03215416675590825,0.19107477134806602,0.15237867360340468,975.2089271035836,0.9551808755149425,3.6707880366311434,0.006755613968139334,6.8814577277174225,43.85846672081081,82,81,82.0,4.966135532981375,1.6497467112912698,0.729700176366843,0.1931221924244389,0.30857142857142855,1.0414285714285714,90.95386420939322,34.07292070981772,57.61316872427984,194.44444444444446,136.83127572016463,0.2161151667655985,0.1931221924244389,58,0.725,0.26465964882451987,1,0,1.0
S2,1320,1380,60,30,3.659693191430276e-05,0.1483173716941878,-0.3534662995548824,0.7489746139784802,1.1024409135333626,0.035188999530509094,0.19356629846696866,0.14831737620928737,923.9178515955059,0.8420239129150158,3.1148476006130563,-8.980157024403324e-05,6.898202382233401,43.86093500746615,89,88,89.0,4.762613125673348,1.8932495235103433,0.6725811688311688,0.19282297171472407,0.33285714285714285,0.9457142857142857,99.12615228808714,35.397954417626615,63.4441087613293,180.25751072961373,116.81340196828442,0.2227446455143757,0.19282297171472407,61,0.7011494252873564,0.2866910057113515,1,0,1.0
S2,1350,1410,60,30,0.00010846327675322103,0.14674189057183398,-0.277844118501641,0.7476450579715422,1.0254891764731833,0.035932971889431495,0.18760157623159407,0.14674193065677751,904.3941569408971,0.8484189848590422,3.1439893572378956,0.002177974758421465,6.772909696080598,43.38975177628597,88,87,88.0,4.758349434987004,1.8982464314301586,0.6725123152709359,0.188700379544694,0.32857142857142857,0.9928571428571429,98.60898692805327,34.33535520001482,60.431654676258994,182.6086956521739,122.1770409759149,0.22904891985917955,0.188700379544694,63,0.7325581395348837,0.28059022156147734,1,0,1.0
S2,1380,1440,60,30,4.4387967600426046e-05,0.1424013044582726,-0.30585186333964937,0.7172019066695166,1.023053770009166,0.028903519042348665,0.16768536311061363,0.142401311376368,851.6816062317912,0.9554832156769449,3.262780637335898,-0.0015784973945351982,6.5968796106101,43.295226729695784,91,90,91.0,4.691386357873714,1.8368813942390523,0.6599523809523811,0.18058690535442354,0.30428571428571427,0.9985714285714286,100.05243592649533,34.67320640627398,60.08583690987125,197.1830985915493,137.09726168167805,0.2161516406571343,0.18058690535442354,64,0.7191011235955056,0.273636266140623,1,0,1.0
S2,2280,2340,60,30,-0.000173058866119719,0.12460731661523544,-0.3240366301845773,0.7785004778363337,1.102537108020911,0.0029619289328990904,0.10120705859257484,0.12460743679018789,652.1345587436682,1.6892259182591256,5.711081505192901,0.0004268875624642824,6.167571070667764,41.62566727763476,99,98,99.0,4.677029679812662,2.0514020124226353,0.6024781341107872,0.17926460807784897,0.3,0.9557142857142857,111.72017144155066,41.95146965951867,62.780269058295964,200.0,137.21973094170403,0.21068666352488988,0.17926460807784897,71,0.7319587628865979,0.2975454177145037,2,1,1.0
S2,2310,2370,60,30,2.9812737623960327e-05,0.13340613312273328,-0.8185493515692984,0.7782940088382091,1.5968433604075076,0.004957112544396804,0.10104069777486463,0.1334061364539119,747.4822842295098,1.32011407010523,6.155238889571562,-0.006149725451671858,6.370900123032166,49.309268501797035,96,95,96.0,4.623247155460472,1.9966802489664621,0.6262105263157893,0.18464571335276408,0.30428571428571427,0.9971428571428571,107.45082007806408,40.73655015481736,60.17191977077364,197.1830985915493,137.01117882077568,0.19028670919900184,0.18464571335276408,61,0.648936170212766,0.29486204014981665,2,1,1.0
S2,2340,2400,60,30,-5.320280019526257e-06,0.1309458478579443,-0.38556184144358946,0.7563801830312946,1.1419420244748841,0.004441739893098927,0.10446529882836356,0.13094584796602476,720.1662341807335,1.6191124005131043,5.575701784947045,0.0001289936059917538,6.56892735027093,49.30926850199462,92,91,92.0,4.967347097683651,1.9102903194740835,0.6537048665620094,0.1760130041198259,0.30142857142857143,0.97,101.27667729219402,36.78781235198609,61.855670103092784,199.05213270142178,137.196462598329,0.19240352295698357,0.1760130041198259,61,0.6777777777777778,0.26925454149595135,2,1,1.0
S2,2370,2430,60,30,-0.0017190989246629925,0.13048114317311515,-0.5026838162826397,0.7563394459994924,1.259023262282132,0.0011367614191656545,0.0971045204228638,0.13049246731085956,715.1879290447816,1.7661274239971254,6.585642971566557,-0.00018409922003098875,6.397010411791241,61.059980236401756,92,91,92.0,4.966128175828353,1.917594486725155,0.6516169544740973,0.18557151966807264,0.30142857142857143,0.9442857142857143,102.61675516134072,38.46753918180801,63.54009077155825,199.05213270142178,135.51204192986353,0.21289442519986085,0.18557151966807264,57,0.6333333333333333,0.2847862051377139,2,1,1.0
S2,2400,2460,60,30,6.618521601584263e-05,0.13972071774468187,-0.9140689646787442,0.8245463927422448,1.738615357420989,0.0009775165689079749,0.10478522464515067,0.13972073342053384,819.919100598019,1.3885912559958953,6.65166387750506,-0.0069822236645410525,6.46883140844696,54.98809063271121,100,99,100.0,4.530589477613408,1.9896631564581921,0.6019336219336219,0.21255960039507002,0.3,0.9442857142857143,114.6841639674865,43.72984432059726,63.54009077155825,200.0,136.45990922844175,0.18199207730443287,0.21255960039507002,59,0.6020408163265306,0.35312797399861806,2,1,1.0
S2,2430,2490,60,30,-2.007820859252595e-05,0.13790775406335457,-0.47993622440554334,0.8245459391402509,1.3044821635457942,0.002114320403062142,0.11865213194802102,0.13790775552496365,798.779059425192,1.5890325622539334,5.35615514279089,-0.0011084102403651206,6.6964588602540625,48.96504626512481,101,100,101.0,4.687240623168554,2.0081213469299484,0.5926857142857144,0.19968713079235134,0.3,1.01,115.19634055195255,42.94088295693335,59.40594059405941,200.0,140.59405940594058,0.18591669511413003,0.19968713079235134,62,0.6262626262626263,0.3369190887838554,2,1,1.0
S2,2460,2520,60,30,-0.0021935573616604673,0.13483932564389806,-0.7181441327158399,0.7343960543916653,1.4525401871075052,-0.002537148737379681,0.1148927146569256,0.13485716678767976,763.8311282280031,1.289951411096849,6.0615043486902636,-0.0008728263141820215,6.3629595625720095,51.25562226437631,100,99,100.0,4.589474301020943,1.8947330134022893,0.6027417027417028,0.17344029770908392,0.30142857142857143,0.9957142857142857,110.43923514204822,39.27044469723513,60.25824964131994,199.05213270142178,138.79388306010185,0.17786729981418825,0.17344029770908392,63,0.6428571428571429,0.28775227750154453,2,1,1.0
S2,2490,2550,60,30,0.00018372519437068836,0.12762815435483804,-0.36693370381473833,0.7469388068523536,1.113872510667092,-0.0022213651158779716,0.10169107292773173,0.12762828659419279,684.1371406367152,1.9224353496405542,6.66457460952663,0.0034492720246401373,6.284336591348118,51.35452138886967,103,102,103.0,4.621029969335606,2.142471206707769,0.5867226890756302,0.19905233548571263,0.30142857142857143,0.9828571428571429,116.01039916759949,42.43301516846899,61.04651162790697,199.05213270142178,138.00562107351482,0.20176759816538473,0.19905233548571263,74,0.7326732673267327,0.3392613566714381,2,1,1.0
S2,2520,2580,60,30,-2.6001977858720033e-05,0.12961451149679046,-0.36693370367706757,0.818531795537452,1.1854654992145197,0.0015056990870327622,0.08556860367091429,0.1296145141049199,705.5967351994881,2.219542237981249,8.447316486769754,3.973533745721501e-06,6.414356718891822,44.57455238512363,89,88,89.0,5.191706120781959,2.124946734283425,0.6732467532467532,0.20818454235807862,0.30714285714285716,0.9728571428571429,101.17644155250278,40.40341050179015,61.67400881057269,195.3488372093023,133.67482839872963,0.23869282969573793,0.20818454235807862,55,0.632183908045977,0.3092247253389671,2,1,1.0
S2,2550,2610,60,30,-0.0016388150445623864,0.13165239915576968,-0.5465602020896555,0.8185318259596516,1.365092028049307,-0.0001309923912759317,0.09069220914325744,0.13166259878272335,728.0716765652562,2.106515920777287,8.70822404207736,-0.0013524381920045944,6.3565480307487165,44.57455231289824,84,83,84.0,5.4224866818818835,1.8536741856754713,0.7220481927710843,0.17293432122525235,0.3057142857142857,1.0742857142857143,91.08415122510321,34.53521063450902,55.851063829787236,196.26168224299064,140.4106184132034,0.1829936745296667,0.17293432122525235,37,0.45121951219512196,0.2395052338010336,2,1,1.0
S2,2580,2640,60,30,0.0001402683546365153,0.1258273689852849,-0.25697536412325755,0.8049346606949993,1.061910024818257,-0.0005909522358531533,0.08090916063799405,0.12582744716861402,664.9669513607548,2.4891330863739727,9.540040811777985,0.000210836928747684,6.260599496451039,43.39689596519324,84,83,84.0,5.6226978875884726,1.8614343118506484,0.7124440619621343,0.16091124364528397,0.3057142857142857,0.9428571428571428,91.49099120756603,33.1894714610355,63.63636363636364,196.26168224299064,132.625318606627,0.163311381315869,0.16091124364528397,32,0.3902439024390244,0.2258580739688111,2,1,1.0
S2,2610,2670,60,30,-4.437979471262608e-06,0.12450649168883447,-0.2246019895983397,0.830191820997552,1.0547938105958916,-0.0004593892972741837,0.07976291273709478,0.12450649176792938,651.0783926790136,2.533460541160869,9.807570226314544,-0.0032261684518614126,6.141114581781583,43.39693047824083,82,81,82.0,5.678229739941403,1.7945213367233983,0.7343562610229277,0.15259969439313173,0.3057142857142857,0.8871428571428571,87.91994301875938,30.824158084436473,67.6328502415459,196.26168224299064,128.62883200144475,0.13304796204407504,0.15259969439313173,19,0.2375,0.20780063096427706,2,1,1.0
S2,2640,2700,60,30,6.086069349352653e-05,0.1262426107525929,-0.28470853689198505,0.8521289339669893,1.1368374708589744,0.001273677972434645,0.08088470109978879,0.12624262542285272,669.3624198934974,2.490502798652808,10.021534278600532,-0.00015709217969640235,6.245593212180795,44.28274774786901,82,81,82.0,5.580824246179483,1.9843302897545458,0.7281128747795415,0.1715450555397789,0.30428571428571427,0.9542857142857143,89.889837951095,32.76237629893455,62.874251497005986,197.1830985915493,134.30884709454332,0.18304196853426255,0.1715450555397789,31,0.3875,0.2356022829450989,2,1,1.0
S2,2670,2730,60,30,0.00016199533146914554,0.12726593779459058,-0.2847085369776144,0.852128933961269,1.1368374709388833,0.003296053382250659,0.08393065209000622,0.12726604089553512,680.2590969394087,2.3571406029324566,9.41164929736328,-0.0009799473534452211,6.287038422111113,45.50961541126976,86,85,86.0,5.3647202328136325,2.1363415696333496,0.6983697478991596,0.190293657307807,0.3028571428571429,0.9542857142857143,96.23467538110697,39.01009068862256,62.874251497005986,198.1132075471698,135.2389560501638,0.2359888114822412,0.190293657307807,45,0.5357142857142857,0.2724826753739686,2,1,1.0
S2,2700,2760,60,30,0.0011983620923813449,0.12820004228809578,-0.23474589925890058,0.8767820543378484,1.111527953596749,0.0035071862462514574,0.08284038464909788,0.1282056430675889,690.3408504037081,2.384939195490309,9.459468130015768,-0.004108443060585998,6.289599789728596,46.26165282922293,84,83,84.0,5.404148327541195,2.094595425580868,0.7132702237521514,0.18684319008164577,0.3028571428571429,1.0214285714285714,93.8410978392041,38.30325896784386,58.74125874125875,198.1132075471698,139.37194880591105,0.20450349007160828,0.18684319008164577,40,0.4878048780487805,0.26195288105363335,2,1,1.0
S2,2730,2790,60,30,0.000791725732799155,0.1318195726447253,-0.2624004911234268,0.8767820543387709,1.1391825454621975,0.0034456744532269552,0.09481326685297958,0.13182195022785087,729.8351155987076,2.295424710203652,8.980261559862615,-0.00276237386700501,6.511981298985119,49.31582198937772,81,80,81.0,5.661795210192102,1.7625490318251897,0.744625,0.15754384614015446,0.3142857142857143,1.0214285714285714,86.73955354690041,30.39149566548576,58.74125874125875,190.9090909090909,132.16783216783216,0.15820396306419524,0.15754384614015446,40,0.5063291139240507,0.21157474720853378,2,1,1.0
S2,2760,2820,60,30,-1.0572631865647143e-05,0.13361991939917653,-0.31129900235084434,0.8725453956214239,1.1838443979722681,0.0034340964264761476,0.10381159077053392,0.13361991981745452,749.8798848249651,2.1878848513269586,8.378017169991335,0.000607626883835797,6.590159583295586,49.378568976713574,88,87,88.0,5.283778888238632,2.0280368464860454,0.6825944170771757,0.1766520199031121,0.3171428571428571,0.9085714285714286,96.68735849010444,34.943635099711074,66.0377358490566,189.1891891891892,123.15145334013259,0.20353998125116998,0.1766520199031121,51,0.5930232558139535,0.2587949966826925,2,1,1.0
S2,2790,2850,60,30,8.232333906047565e-05,0.1306308964288542,-0.31129900280373235,0.8447644769535083,1.1560634797572407,0.00439817029129498,0.09406861404190828,0.13063092236885637,716.7063909154036,2.2538488822065776,8.783976944641218,0.0005539263547203648,6.439771212990464,44.70025358866402,85,84,85.0,5.38353026701992,2.0406641259625853,0.7045918367346938,0.17677381893994598,0.31857142857142856,0.9857142857142858,93.39647375679417,33.73903625914359,60.869565217391305,188.34080717488789,127.47124195749657,0.20733856266321657,0.17677381893994598,44,0.5301204819277109,0.2508882585968821,2,1,1.0
S2,2820,2880,60,30,3.503096856264687e-05,0.1312595456835326,-0.2622982443345079,0.874820309171914,1.1371185535064219,0.004951885268341989,0.09498019124694788,0.13125955035812112,723.6209215290778,2.2519177388660148,8.820140599023087,0.0020263771743846814,6.441338486146129,48.41264097132893,80,79,80.0,5.685893246372373,1.702668047172797,0.7438517179023508,0.14726725450192318,0.31142857142857144,0.9857142857142858,86.20489707416907,28.900408668727763,60.869565217391305,192.6605504587156,131.79098524132428,0.18232652522357976,0.14726725450192318,30,0.38461538461538464,0.19797931625030635,2,1,1.0
S2,4770,4830,60,30,-0.0011800315457111351,0.11188057025636959,-0.4535152315037402,0.7976993753038621,1.2512146068076024,0.00305121312478108,0.05216864264211417,0.11188679312295677,525.7834879642517,2.520834017492546,12.438018322698698,-0.001189275209620823,5.988666476785655,44.90366170768076,117,116,117.0,4.233376378550052,3.07149236353075,0.5130049261083742,0.1799792172017989,0.3271428571428571,1.1628571428571428,130.03848493236725,39.2315300118098,51.597051597051596,183.4061135371179,131.8090619400663,0.28396308044515334,0.1799792172017989,111,0.9652173913043478,0.35083331181068933,3,0,1.0
S2,4800,4860,60,30,0.00014283895333641798,0.11289786779010567,-0.23510205706814646,0.7575325805020314,0.9926346375701779,0.0028622978833544896,0.06226787193706335,0.11289795815035264,535.3298560897886,2.5696884787441703,11.343461705003289,-0.0019030887234703245,6.089383225269581,41.916675371589335,130,129,130.0,3.998910196161103,2.982629739985849,0.46172757475083054,0.13785617307752296,0.30428571428571427,1.1628571428571428,140.00348202253485,35.482834503725115,51.597051597051596,197.1830985915493,145.5860469944977,0.230944951862595,0.13785617307752296,124,0.96875,0.2985660389720421,3,0,1.0
S2,4830,4890,60,30,5.6077566556013284e-05,0.11101168392634067,-0.23517296781673416,0.7279012295935309,0.963074197410265,0.0009903307051603262,0.06000293779373122,0.11101169809013477,517.5910787399198,2.571082566237038,11.314102493107008,0.0005725158576507813,5.9804829547905305,41.835945610302886,133,132,133.0,3.9809327314528025,2.9422218781509684,0.4506926406926407,0.12685597831654222,0.30428571428571427,0.9757142857142858,142.71119832036425,35.308542731301685,61.49341142020498,197.1830985915493,135.68968717134433,0.22122958660426698,0.12685597831654222,128,0.9770992366412213,0.28146893661628325,3,0,1.0
S2,4860,4920,60,30,1.9472789572574924e-05,0.10867869249928708,-0.20635647571620516,0.8142758290205758,1.020632304736781,-4.865369606088261e-05,0.05434225652457274,0.10867869424383111,496.06446046685346,2.7028035687596796,12.050627401934522,0.00026541468230531696,5.926754403026925,45.605491932576115,128,127,128.0,4.126120931025253,2.9255681712490937,0.4689201349831271,0.1498909257436671,0.3057142857142857,0.9757142857142858,139.36021902794786,37.43997053695031,61.49341142020498,196.26168224299064,134.76827082278567,0.24346735396299068,0.1498909257436671,126,1.0,0.31965128933749143,3,0,1.0
S2,4890,4950,60,30,5.0111242503661325e-05,0.1096195321619044,-0.20637020468771466,0.8142562741810684,1.020626478868783,0.0008317939798652176,0.052156980321211396,0.10961954361577785,504.6906623863197,2.7000775280778453,12.257461910734236,4.330350572452746e-05,5.985219669453811,45.60539206882457,125,124,125.0,4.1917074670089045,2.9633181332535394,0.479020737327189,0.15239284830701394,0.30142857142857143,0.9742857142857143,137.15631067718417,38.69421133491273,61.583577712609966,199.05213270142178,137.46855498881183,0.26442068939273294,0.15239284830701394,123,1.0,0.318134135814926,3,0,1.0
S2,4920,4980,60,30,0.0002696074352282091,0.10935243684554122,-0.20336993723954874,0.8175154953186095,1.0208854325581582,0.0018170550139784795,0.04744593097574754,0.10935276920237187,502.23718155354277,2.6603801357001573,12.332514051678086,0.0008327660935412792,5.867981883647451,44.94474857867294,124,123,124.0,4.140365306722168,3.0124619482102255,0.48303135888501747,0.15011632957931817,0.30142857142857143,0.9914285714285714,136.07802852564782,39.182187151082175,60.518731988472624,199.05213270142178,138.53340071294917,0.27226513508073086,0.15011632957931817,122,1.0,0.31077967676018403,3,0,1.0
S2,4950,5010,60,30,7.697257487200825e-05,0.1090662073310068,-0.20108323946030862,0.8175151704758354,1.018598409936144,0.002032751941243436,0.0482630841448701,0.10906623449238287,499.6086272665927,2.680942429264034,12.215217403664807,-0.0005734220289177112,5.816773502588771,43.261069243857676,125,124,125.0,4.119608155420163,2.980014057920614,0.47567972350230414,0.14532165224283838,0.31857142857142856,0.9914285714285714,137.31044223462152,37.739179497978846,60.518731988472624,188.34080717488789,127.82207518641526,0.2610187314445546,0.14532165224283838,122,0.991869918699187,0.30550314647190224,3,0,1.0
S2,4980,5040,60,30,-9.979349633614773e-05,0.10912418799116927,-0.3504173175629581,0.7607310564822078,1.111148374045166,0.0005316045858909475,0.05348767851507679,0.10912423362147367,500.14013126590646,2.3691366125165394,10.424142425025197,0.00022559596062727018,5.727965320188363,41.60462338832143,130,129,130.0,3.966996740365365,2.883985434287269,0.4590254706533776,0.1391841194064799,0.30142857142857143,0.9,142.06289442019778,38.44969080593163,66.66666666666667,199.05213270142178,132.3854660347551,0.24117613466857263,0.1391841194064799,122,0.953125,0.30321654963582956,3,0,1.0
S2,5010,5070,60,30,0.00019902571708449253,0.10871877302850799,-0.35041732259628816,0.7195613665292303,1.0699786891255185,0.0031968898322035765,0.05333451079070561,0.10871895520129089,496.43207124253246,2.108918606239092,9.265725570427165,0.0004208259226037556,5.57492234003508,38.6834751691547,126,125,126.0,3.9356399830009985,2.8551340796999787,0.4703657142857143,0.15822576523333193,0.30142857142857143,1.0057142857142858,141.15117624914134,41.70150870551169,59.65909090909091,199.05213270142178,139.39304179233088,0.2624822323840493,0.15822576523333193,119,0.9596774193548387,0.3363888149747684,3,0,1.0
S2,5040,5100,60,30,0.00020735653362746983,0.10734566507732532,-0.3251450782067253,0.752644026672345,1.0777891048790702,0.0044790042364996445,0.050275237492308014,0.10734586534946437,483.9716619202642,2.292371260464658,10.11603842254189,0.0002965262549232148,5.5038500144419675,39.18594021367404,122,121,122.0,4.0005678317539335,2.917924487065157,0.48356552538370723,0.16543936850277446,0.3028571428571429,1.0057142857142858,138.12020199284495,42.42031068694341,59.65909090909091,198.1132075471698,138.4541166380789,0.2881219684569072,0.16543936850277446,118,0.9833333333333333,0.34212399316824543,3,0,1.0
S2,5070,5130,60,30,-2.9457380573321527e-05,0.10867176273911512,-0.2395103399858764,0.7491412419225975,0.9886515819084738,0.00459144301702447,0.05224175073679112,0.10867176673158396,496.0012211516795,2.379603940159463,10.477970560366316,0.004734908807664126,5.531750654378007,39.13804744909397,121,120,121.0,4.015620506431231,2.9324563162819373,0.49265476190476193,0.17064755577989035,0.3028571428571429,1.0157142857142858,136.3173063817023,43.40848840434454,59.0717299578059,198.1132075471698,139.0414775893639,0.30412597467490377,0.17064755577989035,114,0.957983193277311,0.34638365235750884,3,0,0.9257857142857143
S3,360,420,60,30,0.00035412581829434066,0.26794372524881305,-0.3592800406419397,1.6733571958423639,2.0326372364843035,-0.03304974594385394,0.1423795626923446,0.267943959262579,3015.346542822878,3.3964973982445494,14.963269474547161,-9.974287165183927e-05,16.879331765375728,126.17227318630422,109,108,109.0,4.197794997059442,2.7318967760208457,0.5511507936507938,0.18203762478673044,0.3657142857142857,0.8842857142857142,121.04923513810317,37.34495029257767,67.8513731825525,164.0625,96.2111268174475,0.351877420223643,0.18203762478673044,107,1.0,0.33028642412165066,1,0,1.0
S3,390,450,60,30,0.0001780774995094971,0.2764487133981195,-0.4451152949855926,1.8325192232131684,2.277634518198761,-0.03708184927303636,0.1494435755502855,0.27644877075341,3209.8047597450004,3.314466201106183,14.20462919551413,0.0039708396168353375,17.46712728289219,122.84339607688706,112,111,112.0,4.167882053645353,2.6799710002684463,0.5307078507078508,0.16359873981656148,0.37285714285714283,0.8685714285714285,123.46885754798457,34.24440093252451,69.07894736842105,160.91954022988506,91.840592861464,0.3114112052825174,0.16359873981656148,110,1.0,0.30826515869014515,1,0,1.0
S3,420,480,60,30,0.0002690975487341521,0.2776453187743901,-0.38712309504799935,1.6302492482071869,2.017372343255186,-0.03850275502459717,0.14918213579003617,0.2776454491808274,3237.653808934583,3.325333013729166,14.260997705976827,0.0008028820988751266,17.673250798303197,122.28794498198164,114,113,114.0,4.135028689101365,2.718963536583728,0.5231352718078383,0.16296687792825415,0.3742857142857143,1.1185714285714285,124.59366342103442,32.76111440959044,53.63984674329502,160.3053435114504,106.66549676815538,0.30114534764489265,0.16296687792825415,112,1.0,0.3115195757400894,1,0,1.0
S3,450,510,60,30,9.140528512383261e-05,0.27497172368293227,-0.39470721577847395,1.6357534777895606,2.0304606935680347,-0.03360481998167305,0.14940235963146653,0.27497173887526877,3175.597201563738,3.296265272940891,14.321973972217613,0.001008964801876001,17.289662944922522,122.01891874304275,109,108,109.0,4.1832823169290405,2.75519196477077,0.5509656084656085,0.1885515690904989,0.37714285714285717,1.1185714285714285,120.84665883602007,35.746693157417134,53.63984674329502,159.0909090909091,105.45106234761408,0.34852072887431385,0.1885515690904989,107,1.0,0.34222021518838297,1,0,1.0
S3,480,540,60,30,0.00014997490758651957,0.2740281114275666,-0.3948080899432212,1.6351077594228427,2.029915849366064,-0.02949024004448967,0.1494058402928684,0.27402815246801154,3153.839990491335,3.2898163579241153,14.359559203079105,0.00024570717983531966,17.078129025650128,120.62993394405774,106,105,106.0,4.227773914026455,2.758244720792797,0.5624353741496598,0.18596256808102418,0.38,0.9557142857142857,118.51613809069889,36.18132914707219,62.780269058295964,157.89473684210526,95.11446778380929,0.35855287592650104,0.18596256808102418,104,1.0,0.3306381081776356,1,0,1.0
S3,510,570,60,30,0.00012547947602595908,0.2782761548441711,-0.8536377749757142,1.6372769969856236,2.4909147719613376,-0.032912915014744734,0.1542083221844624,0.27827618313459024,3252.3806321981524,3.1449152215936613,13.40264731780088,-0.003996617606751548,17.234867242981,131.33188467835365,107,106,107.0,4.2072898486657655,2.703936271941268,0.5610242587601079,0.19104738919405845,0.33285714285714285,1.0371428571428571,119.14336159749526,36.41107260030072,57.85123966942149,180.25751072961373,122.40627106019224,0.35743604292424275,0.19104738919405845,104,0.9904761904761905,0.34053320549147537,1,0,1.0
S3,540,600,60,30,0.00013055205690219553,0.28474094093776553,-0.46153760186596987,1.6466809394289839,2.1082185412949537,-0.03438815168946061,0.1595663294815977,0.2847409708664414,3405.2516605784726,3.026864011733103,12.363688899702852,-0.000391340072558903,17.51153523016603,131.33188491892815,108,107,108.0,4.155819678889814,2.6937714304365787,0.5597863818424565,0.19135660163339735,0.33285714285714285,1.0371428571428571,119.39284736707212,36.34487348477209,57.85123966942149,180.25751072961373,122.40627106019224,0.3590626032082964,0.19135660163339735,105,0.9905660377358491,0.34183861530102705,1,0,1.0
S3,570,630,60,30,-0.0002943115658351422,0.2864420754974985,-0.41684379102063407,1.6288096020023932,2.045653393023027,-0.037270177596064186,0.1596926941611173,0.2864422266960869,3446.0642678537215,3.0257326377848464,12.317829495346887,-0.005221188114517925,17.692683027177125,134.4824614624099,110,109,110.0,4.13446757499583,2.671658281214866,0.5449934469200524,0.17083970769047663,0.3,0.9471428571428572,120.71815112863224,34.45523055235665,63.348416289592755,200.0,136.65158371040724,0.3239586782996464,0.17083970769047663,108,1.0,0.31347112273725725,1,0,1.0
S3,600,660,60,30,0.0004994631449721365,0.29053776740355647,-1.4725062963104,1.7009982472596865,3.1735045435700866,-0.041017765253551136,0.16356845524547708,0.2905381967165011,3545.3226375536037,2.8915394819713853,12.021501638194058,0.00010973823857981934,17.95332413857622,123.19223881534892,113,112,113.0,4.067174280993778,2.6404118601288036,0.5311734693877551,0.15345085611898188,0.3842857142857143,0.8571428571428571,122.03329056427621,31.813518566110094,70.0,156.13382899628252,86.13382899628252,0.2909525915908132,0.15345085611898188,111,1.0,0.2888902871897075,1,0,1.0
S3,630,690,60,30,0.00021871926296858466,0.29487308895938225,-0.4589234777699647,1.644373072283018,2.103296550052983,-0.048988165686256135,0.16393176006135163,0.2948731700758205,3651.907830083678,3.0154595564888633,11.855207840402654,-0.00035962345810934456,18.498967040941853,132.920826045512,119,118,119.0,4.056369658943185,2.587433752460832,0.5048426150121065,0.13788264375393686,0.3271428571428571,0.82,126.99756576571461,30.324751228164637,73.17073170731707,183.4061135371179,110.23538182980083,0.2513503041683993,0.13788264375393686,114,0.9743589743589743,0.27312005693225866,1,0,1.0
S3,660,720,60,30,-0.003849071632584083,0.30911880041764117,-2.6305034305009327,1.7475377677648867,4.378041198265819,-0.03871331688584827,0.16508951127487956,0.3091427633377082,4013.9084212111184,1.9965083843048141,11.823971227561168,-0.020199337672851488,17.69713345411501,152.40444118629014,113,112,113.0,3.8349493925683715,2.4228739003910453,0.5354336734693877,0.1813640652726441,0.3242857142857143,0.9342857142857143,123.75284693187616,35.26532120932019,64.22018348623854,185.02202643171805,120.8018429454795,0.32707020937504555,0.1813640652726441,108,0.972972972972973,0.3387236818661036,1,0,1.0
S3,690,750,60,30,0.0001291277933810989,0.2712843730070865,-0.3912488135813123,1.6399179487792568,2.031166762360569,-0.024492715148691294,0.14861012457475287,0.2712844037386504,3090.9995638970736,3.2415825048333624,14.2436627550696,-0.0026100076831747122,16.501508679324864,122.94252330276026,101,100,101.0,4.293294550524607,2.774930265822288,0.5934285714285715,0.212962390087632,0.3842857142857143,1.0171428571428571,114.63548082111076,38.144046975665795,58.98876404494382,156.13382899628252,97.1450649513387,0.4106469296673074,0.212962390087632,99,1.0,0.3588677733782917,1,0,1.0
S3,720,780,60,30,-0.0043811681952331955,0.28577510510801485,-1.4005431885810535,1.6987004969122836,3.099243685493337,-0.03180618484575689,0.1578262992317102,0.28580868659691194,3430.8374240385774,2.741409095912998,12.850776961803824,-0.0016572150485248366,16.92175114058673,122.19757289492874,105,104,105.0,4.100832408958631,2.6535704725093248,0.5708516483516484,0.19461969508632287,0.3842857142857143,1.1228571428571428,116.87140253125709,35.257561388654466,53.4351145038168,156.13382899628252,102.69871449246571,0.36205911677791675,0.19461969508632287,103,1.0,0.34092867323461923,1,0,1.0
S3,750,810,60,30,0.00015811407772135677,0.2860362821849319,-0.4579199910428233,1.6365471239851483,2.094467115027972,-0.03453733864208888,0.15829525027329236,0.286036325885786,3436.3047485020616,3.052587629853369,12.48530020833071,0.0004206897925441807,17.273789141710132,123.07568740009006,108,107,108.0,4.1144980540762734,2.6855478860847084,0.5528037383177571,0.1721952067090326,0.38857142857142857,0.9328571428571428,118.89051147386984,33.601796029041694,64.31852986217459,154.41176470588235,90.09323484370776,0.3278392169579277,0.1721952067090326,106,1.0,0.31149428770695664,1,0,1.0
S3,780,840,60,30,0.0001732878222901708,0.28965152575862296,-0.457919991043738,1.6365471240092977,2.094467115053036,-0.03195021584629239,0.16556754447942,0.28965157759447396,3523.717528924638,2.9215164707541095,11.691247625336192,0.0005657133899211144,17.20708414970868,123.4580015300851,106,105,106.0,4.11288834864523,2.6748300824316904,0.564952380952381,0.18086736993433805,0.38857142857142857,0.9328571428571428,117.16739179814982,34.5555498795029,64.31852986217459,154.41176470588235,90.09323484370776,0.34693180284340586,0.18086736993433805,104,1.0,0.32014622122564895,1,0,1.0
S3,810,870,60,30,7.79626277929231e-05,0.29023394604524777,-0.43066255295498507,1.6291103222031438,2.059772875158129,-0.03241106536310172,0.16765912534458982,0.29023395651640616,3537.9014796370193,2.9270947277633845,11.695096641051405,0.00129333745218039,17.22033670490689,123.45800122768246,106,105,106.0,4.111791616439767,2.66364903058813,0.5641360544217687,0.17415830335692925,0.3914285714285714,0.8585714285714285,116.72910636490585,33.87841860761997,69.88352745424294,153.28467153284672,83.40114407860378,0.33835088101158933,0.17415830335692925,104,1.0,0.3087168458598857,1,0,1.0
S3,840,900,60,30,0.0002517584256600195,0.28941678477037636,-0.4311383179052122,1.6471731451106015,2.0783114630158135,-0.035129543289845966,0.1650543111328134,0.2894168942704058,3518.009824943344,2.9993014447280273,12.07569123679787,0.0014806186290559052,17.390961208057792,123.20781452543528,108,107,108.0,4.1006751060706605,2.6598599446693605,0.5484512683578104,0.16446355052265504,0.39,0.8585714285714285,119.11869253773686,32.74827251119054,69.88352745424294,153.84615384615384,83.9626263919109,0.3149970814785555,0.16446355052265504,106,1.0,0.29986903123607833,1,0,1.0
S3,870,930,60,30,0.00026274111985817724,0.2879160102794099,-0.4214512918335825,1.6604269628300803,2.0818782546636627,-0.03807601965713908,0.16218138188618905,0.28791613016312456,3481.6193163405906,3.0697428174648027,12.4760756785973,-0.0005962970627881211,17.652479124910872,125.15622117086933,111,110,111.0,4.100192017219331,2.669387035402535,0.5434545454545454,0.175103296502218,0.3514285714285714,1.022857142857143,121.03888754009782,33.54936781382869,58.65921787709497,170.7317073170732,112.07248943997823,0.32174453670781944,0.175103296502218,103,0.944954128440367,0.3222041253804614,1,0,1.0
S3,900,960,60,30,0.00011402077498651873,0.28657928597094817,-0.42963671318978425,1.6658469131530376,2.095483626342822,-0.04331922781267411,0.16009518727488234,0.2865793086535656,3449.3634062309357,3.2075779635655857,13.261060410656249,0.00015143913883027552,18.02683356801594,125.99214577273061,118,117,118.0,4.061989930199398,2.687811664249189,0.5097435897435898,0.15634157073341062,0.32,0.9385714285714286,127.41624675400087,32.40028717930812,63.926940639269404,187.5,123.5730593607306,0.2735434846626903,0.15634157073341062,105,0.9051724137931034,0.306706300734558,1,0,1.0
S3,930,990,60,30,0.00029079361272246485,0.2818914618418306,-0.43042289734766803,1.9589724779139628,2.389395375261631,-0.038924007791022786,0.1545286863475668,0.28189161183023775,3337.4409944504764,3.3435650516778033,14.400179924647187,0.015506235030703567,17.724305184610337,130.72223388527354,116,115,116.0,4.1224758237683385,2.7084862553041296,0.5192049689440994,0.1691323640467242,0.32,1.1314285714285715,126.17050654013269,33.614390173677535,53.03030303030303,187.5,134.46969696969697,0.298853070746708,0.1691323640467242,109,0.956140350877193,0.32575259129489176,1,0,1.0
S3,960,1020,60,30,0.00023210656496214937,0.2761147961008235,-0.4219485661175717,1.6660054543219232,2.087954020439495,-0.033266115744005384,0.149330505777861,0.2761148936570732,3202.0562489687877,3.3267551103671793,14.457449676318785,0.00025233140717267297,17.254826968927734,122.42854799590371,109,108,109.0,4.20661403954415,2.7438857754058557,0.5498412698412698,0.18070590286654667,0.38142857142857145,1.1314285714285715,120.29553468747038,34.70726822710433,53.03030303030303,157.30337078651684,104.2730677562138,0.3389785905288495,0.18070590286654667,105,0.9813084112149533,0.32865103581386956,1,0,1.0
S3,990,1050,60,30,-0.0015808775829945488,0.28002027455290085,-0.5741875986474042,1.655642852670954,2.229830451318358,-0.03605191027749341,0.15211907945214323,0.28002473700481245,3293.3818400538044,3.2122494596135485,13.745164816757644,-0.0006758726219612921,17.346636550782144,123.66449843897837,110,109,110.0,4.097854458511831,2.720246653034156,0.5485321100917432,0.1714465323395276,0.38285714285714284,1.03,119.77981065687638,33.8392299867069,58.252427184466015,156.71641791044777,98.46399072598176,0.31869143230551916,0.1714465323395276,108,1.0,0.31255514341877416,1,0,1.0
S3,1020,1080,60,30,0.0003416592173571309,0.279435356424097,-0.4328206737324839,1.655276915842234,2.088097589574718,-0.033161877285884295,0.15122049961535633,0.2794355652934732,3279.5378763370827,3.1746831754349736,13.509679256951568,0.0015445636310228623,17.22306028942704,123.66449843840786,108,107,108.0,4.1777140918588165,2.7492498875242317,0.551241655540721,0.17731086009238223,0.38285714285714284,0.9442857142857143,119.80905954925737,34.52530727600023,63.54009077155825,156.71641791044777,93.17632713888952,0.33598134127740104,0.17731086009238223,106,1.0,0.321657222944183,1,0,1.0
S3,1050,1110,60,30,-0.0002151279324313322,0.27692703197524604,-0.4214339866232732,1.631462589957687,2.05289657658096,-0.031556736871737906,0.1509054742431209,0.27692711553520044,3220.9223473831426,3.2254362874546185,13.979574926831411,-0.00512842905146355,17.037626807259,122.15684564108176,106,105,106.0,4.249687461790052,2.7538081117571687,0.5687346938775509,0.191981465161174,0.3871428571428571,0.9442857142857143,117.56426555200957,36.07822613342711,63.54009077155825,154.98154981549817,91.44145904393991,0.3622065477079504,0.191981465161174,102,0.9807692307692307,0.33755891319425607,1,0,1.0
S3,1080,1140,60,30,0.0002750773876330196,0.28076832298537746,-0.4328727570679072,1.8752674976455819,2.3081402547134893,-0.029065085088281616,0.15702827722222107,0.2807684577362464,3310.898928102796,3.1983113601682938,13.722288537856898,0.0019175954530386455,17.264170783103467,128.84493986414248,107,106,107.0,4.21201810109902,2.729369880225699,0.563611859838275,0.19564129982160308,0.38142857142857145,1.1042857142857143,118.72461060122548,35.8333603943227,54.33376455368693,157.30337078651684,102.9696062328299,0.36431527157667226,0.19564129982160308,101,0.9619047619047619,0.34712062283029527,1,0,1.0
S3,1110,1170,60,30,0.00026284099178957746,0.2797661131250941,-0.4198616026514106,1.675333334585199,2.0951949372366094,-0.029264915090895512,0.15879031604638588,0.2797662365949649,3287.3041798174154,3.128662576448011,13.256825300382722,0.0010616301964402606,16.964428558491576,127.00332644712738,105,104,105.0,4.215698766189748,2.7028610554040595,0.5694642857142858,0.19291667655598516,0.38142857142857145,1.1042857142857143,117.24667654194522,35.57345401917214,54.33376455368693,157.30337078651684,102.9696062328299,0.36420109974311105,0.19291667655598516,101,0.9805825242718447,0.3387687013839814,1,0,1.0
S3,1140,1200,60,30,0.00041131221605639976,0.28039418842875663,-0.41867036534753926,1.6400449609851313,2.0587153263326705,-0.027783328994705894,0.1575210264599797,0.2803944901069922,3302.0849434591264,3.1264899810248323,13.212525644528661,0.001281369099988302,16.89681355388471,125.1207429993287,105,104,105.0,4.207124634380173,2.687913476044109,0.5710302197802198,0.18503271558607506,0.3914285714285714,0.9742857142857143,116.23394939782796,34.860221390689674,61.583577712609966,153.28467153284672,91.70109382023675,0.35752872358875526,0.18503271558607506,103,1.0,0.32403314076318257,1,0,1.0
S3,1170,1230,60,30,-2.7180949447663858e-05,0.28528736848465375,-0.4328300880896691,1.6400433241796202,2.0728734122692893,-0.03351741587577163,0.16111336569301463,0.28528736977949554,3418.3331009395106,3.1051920881489012,12.854703134644538,-0.0002489044020038411,17.477194257303996,124.31221343990406,110,109,110.0,4.124901632323486,2.6734151668357318,0.548348623853211,0.17857999185883636,0.3871428571428571,0.9742857142857143,120.15124144819282,33.48868455632195,61.583577712609966,154.98154981549817,93.3979721028882,0.329906621159393,0.17857999185883636,105,0.9722222222222222,0.32566871528548036,1,0,1.0
S3,1200,1260,60,30,0.00021644279105623239,0.27862879899315707,-0.4188017441463233,1.6365177549338985,2.055319499080222,-0.03010445707897884,0.15697434266817878,0.27862888306105477,3260.630287985739,3.197227074092925,13.701073670331347,0.0004259991475460826,17.167448719670446,124.16499043757842,106,105,106.0,4.216560769465082,2.724817608900015,0.5644761904761905,0.19302230938665835,0.3871428571428571,0.9114285714285715,118.33977477977373,35.57708328905549,65.8307210031348,154.98154981549817,89.15082881236337,0.3614345708141265,0.19302230938665835,101,0.9711538461538461,0.34194942611100265,1,0,1.0
S3,1230,1290,60,30,0.00018172387812187432,0.2764993037218114,-0.3961452610136089,1.6308067754930151,2.026952036506624,-0.029567491086571474,0.15401479146989652,0.2764993634390763,3210.9797152530045,3.2315612468837713,13.991698352510191,0.0006221203987500381,16.975283935961134,123.11761141326613,104,103,104.0,4.236620235303277,2.7520539189065563,0.5773786407766991,0.18813730311176136,0.3914285714285714,0.88,115.50260759823014,35.80917198458824,68.18181818181819,153.28467153284672,85.10285335102853,0.3684584164350934,0.18813730311176136,102,1.0,0.3258473553137955,1,0,1.0
S3,1260,1320,60,30,0.00029828377287790175,0.2854111102973906,-0.3973430789971478,1.6373549997068335,2.0346980787039812,-0.036553156422501225,0.1596329781009699,0.2854112661658583,3421.3028158847337,3.1250673495164913,12.938091226311414,-0.00034999673638714797,17.535218086313527,122.82876858232267,109,108,109.0,4.1474209213475035,2.67766098775034,0.5498148148148149,0.16563582486111586,0.38857142857142857,0.9257142857142857,119.02479667611932,33.15865762265999,64.81481481481481,154.41176470588235,89.59694989106754,0.3177226204591072,0.16563582486111586,105,0.9813084112149533,0.3012574786965394,1,0,1.0
S3,1290,1350,60,30,0.00017450959838061672,0.2842486301649381,-0.44419518163359767,1.6373549996717816,2.081550181305379,-0.034988728538993666,0.15809683643389516,0.2842486837335288,3393.487196578235,3.1019327773456986,12.89070864811172,0.0009768862613367577,17.439295646248983,126.37331454016676,108,107,108.0,4.1639911811238095,2.6875974377100884,0.552483311081442,0.1850177279574553,0.33,1.0942857142857143,120.0066690464318,34.72259260709234,54.83028720626632,181.8181818181818,126.9878946119155,0.34247387045518,0.1850177279574553,103,0.9716981132075472,0.3348838313238781,1,0,1.0
S3,1320,1380,60,30,-0.00011405017962538646,0.2792177599519914,-0.4441950400577827,1.6362654752045283,2.080460515262311,-0.030519599247498534,0.1582074964244994,0.279217783244641,3274.427960162157,3.133484301345224,13.338124144470157,-0.005363376291680861,17.08261398205021,126.37331457253325,104,103,104.0,4.24298813747083,2.7195949007189504,0.5795977808599169,0.19757770465036034,0.33,1.0942857142857143,115.81396340385436,36.53747961262362,54.83028720626632,181.8181818181818,126.9878946119155,0.37881407054123006,0.19757770465036034,101,0.9901960784313726,0.34088761409200935,1,0,1.0
S3,1350,1410,60,30,0.0001644677241597156,0.2789260301357822,-0.3927303340533004,1.627119239271678,2.0198495733249784,-0.030469005617023093,0.15539600364157988,0.27892607862467717,3267.5898081514624,3.1599198657782726,13.494306420115208,0.0009132144320682617,17.062036478729556,121.76951142186866,104,103,104.0,4.220772338380315,2.7492276844777015,0.571747572815534,0.17927897905123916,0.39571428571428574,0.8471428571428572,115.79222498565896,34.81338830001878,70.82630691399662,151.6245487364621,80.79824182246547,0.35229948335242867,0.17927897905123916,102,1.0,0.3135631659412062,1,0,1.0
S3,1380,1440,60,30,-0.0010630318779066294,0.28528865893372146,-0.5093196682798682,1.6430956330852635,2.1524153013651315,-0.03742101803427406,0.15960279316122963,0.2852906394415609,3418.411456024938,3.0700082706585303,12.707693083926259,-0.005130559619332869,17.477181768579744,127.41897051316131,108,107,108.0,4.162138920497041,2.6805382533092867,0.5582242990654205,0.17392900978075715,0.32571428571428573,1.0214285714285714,117.94675719927031,34.06424827409829,58.74125874125875,184.21052631578945,125.4692675745307,0.3310425068128021,0.17392900978075715,105,0.9905660377358491,0.3115754904828565,1,0,1.0
S3,1410,1470,60,30,0.00015605508675921038,0.2813850040787671,-0.4359512432824527,1.6455399977061322,2.081491240988585,-0.036785320696933924,0.15591144557648137,0.28138504735255193,3325.4568846911116,3.1510077063367326,13.240113896349097,-0.0007351312530118297,17.434502305097094,127.4189705131202,107,106,107.0,4.209187457597054,2.7138419499384234,0.5588814016172506,0.17535815209518274,0.32571428571428573,1.0214285714285714,118.00339195919322,34.36673353716199,58.74125874125875,184.21052631578945,125.4692675745307,0.3338695298672237,0.17535815209518274,104,0.9904761904761905,0.31376630460012445,1,0,1.0
S3,1440,1500,60,30,0.00025145284662084243,0.2781673106240105,-0.3895427401067619,1.6364464204668332,2.025989160573595,-0.03578419875114648,0.15247216787636458,0.27816742427597235,3249.8388689898106,3.2106654496841114,13.754766851892086,-0.0007115057398972081,17.24094547232136,121.38262750063882,107,106,107.0,4.19602411500591,2.7414075703342466,0.5621698113207548,0.17079377426636713,0.39285714285714285,0.8514285714285714,116.84261627855042,33.57239028412481,70.46979865771812,152.72727272727272,82.2574740695546,0.33124511108114535,0.17079377426636713,105,1.0,0.30381171458692585,1,0,0.8809047619047619
S3,2250,2310,60,30,0.0006320762800038443,0.3538228170302286,-0.6356966725191464,1.7056629481927463,2.3413596207118927,-0.04111016834533248,0.20971966173600523,0.35382338160674226,5258.021385608476,2.847654814812182,9.751805510309145,0.0015876679409124244,29.15893686817938,149.57747708733342,115,114,115.0,5.581153057632988,1.4540087085353826,0.519812030075188,0.07573828369814099,0.3028571428571429,0.7271428571428571,117.94558593948878,17.95376029526432,82.51473477406681,198.1132075471698,115.59847277310298,0.05305613957102648,0.07573828369814099,28,0.24778761061946902,0.14570321446232376,2,1,1.0
S3,2280,2340,60,30,0.00042874368989050365,0.36118479349749205,-3.048375858852495,2.542953443344836,5.591329302197331,-0.04735354552304363,0.19070625085590748,0.36118504796707407,5479.09483274906,2.2115821211851943,11.243925164503533,-0.024096455102439553,27.192785250164658,148.36314962350394,111,110,111.0,4.711842710483283,1.9871859546313633,0.5446623376623377,0.10752342408173557,0.3028571428571429,0.7371428571428571,116.1235491118026,30.921187177230884,81.39534883720931,198.1132075471698,116.71785870996048,0.10254813785082124,0.10752342408173557,33,0.30275229357798167,0.19741299635884588,2,1,1.0
S3,2310,2370,60,30,0.00014662236687802512,0.3297452692440889,-0.6028804559389357,1.7185028126736666,2.3213832686126024,-0.051690258275595494,0.1755309953838137,0.3297453018421569,4566.742491652957,3.080377824650151,11.57473108098305,0.0031473182526149056,25.629553573025277,143.4132494131811,124,123,124.0,4.28112919263595,2.533936118693492,0.4820557491289198,0.15000139884768496,0.30142857142857143,0.8985714285714286,137.19735964015067,41.785650708655936,66.77265500794913,199.05213270142178,132.27947769347264,0.14342789964107397,0.15000139884768496,49,0.4016393442622951,0.3111702310754289,2,1,1.0
S3,2340,2400,60,30,-0.0057006102530176225,0.320801423160381,-1.990764089204644,1.80014884848018,3.790912937684824,-0.04790516491381748,0.15607602584216748,0.3208520688089492,4323.734102477271,2.6226319253724912,12.495483410123763,0.0024591612641374954,23.042787504054242,142.31722717989544,130,129,130.0,3.7017874549165297,2.6010235996066653,0.4613178294573644,0.17072943560045326,0.3,0.9585714285714285,144.90015706127912,41.53817307337828,62.59314456035768,200.0,137.40685543964233,0.20710798659695598,0.17072943560045326,82,0.640625,0.3700906938742811,2,1,1.0
S3,2370,2430,60,30,-7.939100124994996e-05,0.3156236611806317,-0.7263947462141671,1.7015516894611193,2.4279464356752865,-0.04425878739415258,0.1563770976085354,0.3156236711655152,4183.9686755998855,3.1809911919155374,12.313067384188756,0.0010339976460582772,23.253464200649564,140.0821406226425,122,121,122.0,4.201130016104739,2.6193063483082066,0.4945690672963401,0.16003822066629297,0.3,0.9585714285714285,133.9265228812188,40.29190239097427,62.59314456035768,200.0,137.40685543964233,0.19434859801660628,0.16003822066629297,64,0.5333333333333333,0.32359124589245675,2,1,1.0
S3,2400,2460,60,30,4.6467454140990534e-05,0.3232361010231505,-0.6335105742803726,1.7985053675530984,2.432015941833471,-0.03396930493525546,0.16509756626973815,0.3232361043631615,4388.226324882651,3.1415909718121138,11.98948615903134,0.0031143259326357276,24.164550147509292,142.4742712932649,108,107,108.0,4.9114660380405475,2.3574652268425513,0.5536849132176235,0.16164966338016412,0.3,1.1185714285714285,118.95801418357274,38.25388507291911,53.63984674329502,200.0,146.360153256705,0.1893262175045452,0.16164966338016412,44,0.41509433962264153,0.2919524435671745,2,1,1.0
S3,2430,2490,60,30,0.0006393433655040682,0.31267972289124296,-0.6000566126968627,1.7927082748603484,2.3927648875572114,-0.03191875245977842,0.1483825964149932,0.3126803765305452,4106.298750425907,3.2650568662580906,13.052981130614135,0.0010335230534000237,23.067034497079437,142.47427129302346,115,114,115.0,4.256977640742667,2.6678272733104498,0.5190601503759398,0.1724316755723446,0.30142857142857143,1.1185714285714285,128.20296527501822,39.74423934249542,53.63984674329502,199.05213270142178,145.41228595812677,0.2102279952941998,0.1724316755723446,67,0.5929203539823009,0.332199795047756,2,1,1.0
S3,2460,2520,60,30,0.0029596774578815772,0.31404333877386187,-0.6011134827095086,2.0846179804284537,2.6857314631379623,-0.03636598550681129,0.14365194640790085,0.3140572850912541,4142.543089393349,3.286381195294448,13.128061724279107,-0.009188094142316054,22.282750072653922,138.5458182314167,128,127,128.0,3.755227229435901,2.707859728737715,0.47109111361079864,0.16053126253405156,0.30142857142857143,0.8957142857142857,139.96246690500533,38.11434729129141,66.98564593301435,199.05213270142178,132.06648676840743,0.190383395763843,0.16053126253405156,70,0.5555555555555556,0.34076478603813715,2,1,1.0
S3,2490,2550,60,30,0.00011771983221760353,0.30141517525262845,-1.4976305107543244,1.8999784407176992,3.397608951472024,-0.03228948045405651,0.13217699213428147,0.30141519824078483,3815.7471126823284,3.1745248009995044,14.408992045026256,0.0034380897520875893,21.232601973259907,252.8033131116845,127,126,127.0,3.7702982166769736,2.858693628390756,0.4690929705215419,0.16375914855608775,0.30142857142857143,1.052857142857143,139.95382074383073,36.04895513886649,56.98778833107191,199.05213270142178,142.0643443703499,0.21781253875940276,0.16375914855608775,90,0.72,0.34909742598363563,2,1,1.0
S3,2520,2580,60,30,0.0004577028896557031,0.2913770948657375,-1.4976305081643828,1.8999784434478502,3.397608951612233,-0.035083554363271846,0.12072801384375179,0.29137745435145146,3565.834477981951,3.257298570694651,15.430841661702356,0.002381196707625715,20.401095610161963,252.80331311745664,123,122,123.0,3.8979727466456184,2.9153480614708602,0.48255269320843086,0.18130121749631817,0.30142857142857143,1.1985714285714286,136.5357770304112,34.518901061305016,50.0595947556615,199.05213270142178,148.9925379457603,0.20502993540919284,0.18130121749631817,95,0.7851239669421488,0.3757127875318023,2,1,1.0
S3,2550,2610,60,30,-0.00011663642304058859,0.30182551040562594,-0.5120480602906046,1.6765770566194371,2.1886251169100417,-0.03859785888485069,0.13605619863949148,0.3018255329419163,3826.1433980982156,3.365042123543937,13.565600808729158,0.00024719467775254967,21.837895951583917,139.10036037241645,122,121,122.0,4.42659738042874,2.729447264403844,0.4909208972845337,0.16593000447689346,0.3,1.1985714285714286,133.4018488174039,35.20196288719569,50.0595947556615,200.0,149.9404052443385,0.13463050972814394,0.16593000447689346,58,0.48333333333333334,0.3379974358286928,2,1,1.0
S3,2580,2640,60,30,1.927716799869912e-05,0.31686708493232557,-0.5362304284677464,1.67652641024869,2.2127568387164365,-0.0379892593434294,0.15714917306713938,0.3168670855187059,4216.999495174992,3.240877891976249,12.314310102302526,0.00028450538019623116,23.755783479012752,139.10032767785822,110,109,110.0,5.247480995722244,2.2363717394654077,0.5439318479685452,0.13042728678362653,0.3,0.79,118.07710482949294,32.92086347918409,75.94936708860759,200.0,124.05063291139241,0.10564991605252111,0.13042728678362653,23,0.21296296296296297,0.2397860821548529,2,1,1.0
S3,2610,2670,60,30,0.0004720029696252725,0.32504054815490036,-0.5430335737701971,1.6900409730749975,2.2330745468451947,-0.03802621214101259,0.1629715987527805,0.3250408908608906,4437.366390728938,3.2077888522903995,11.965182267920566,0.00028458638991906993,24.816105972975702,143.2426975411432,104,103,104.0,5.727991837568921,1.7119034109824873,0.5725797503467406,0.10927323693920697,0.30428571428571427,0.82,110.0074683867295,28.042094707085976,73.17073170731707,197.1830985915493,124.01236688423224,0.10834442951145419,0.10927323693920697,16,0.1568627450980392,0.19084369797051629,2,1,1.0
S3,2640,2700,60,30,-2.401812697674698e-05,0.32787811850549853,-0.5542284969214595,1.69004095762797,2.2442694545494293,-0.0394028033185258,0.15985312671492954,0.32787811938520106,4515.170569206199,3.1944348257246933,11.849633579025992,0.0015504564813488364,25.16800124155563,143.24269760290784,103,102,103.0,5.860964257112391,1.516439763232842,0.5830392156862745,0.10852989614888763,0.3057142857142857,0.7457142857142857,108.43443929465802,30.309996853814063,80.45977011494253,196.26168224299064,115.80191212804812,0.10343494396897708,0.10852989614888763,15,0.1485148514851485,0.18614510521584898,2,1,1.0
S3,2670,2730,60,30,0.00012073628267464845,0.3227621023444369,-0.5542284972762164,1.685042460921345,2.2392709581975616,-0.04331689266964396,0.15197582114311917,0.32276212492647083,4375.3663500561315,3.2897747190962794,12.498164128435313,0.0014938894629277024,24.26794888718148,137.1532815813462,115,114,115.0,5.112700587749475,2.344395422181891,0.5228446115288221,0.14116383612390657,0.3057142857142857,0.8114285714285714,124.94160964936636,38.29641582994459,73.94366197183099,196.26168224299064,122.31802027115965,0.14420370427214482,0.14116383612390657,38,0.336283185840708,0.2699919498283379,2,1,1.0
S3,2700,2760,60,30,-0.0003008835611315732,0.3109164758391306,-0.5303891841774893,1.6850423949276536,2.215431579105143,-0.04332915344399807,0.1418075557394597,0.31091662142629506,4060.104110123967,3.442363786806194,13.72111712165712,0.000746049171167616,22.60637363270689,134.798069264882,138,137,138.0,4.018571422149324,2.775743438526579,0.4337643378519291,0.11675128174005646,0.3,0.78,146.98863314203078,32.704852035181524,76.92307692307692,200.0,123.07692307692308,0.1383525625806369,0.11675128174005646,69,0.5073529411764706,0.26915832296916714,2,1,1.0
S3,2730,2790,60,30,2.9655318073234174e-05,0.3036407174148429,-0.47309002381420096,1.6575256815402823,2.1306157053544834,-0.0440060338458628,0.13571474468876432,0.30364071886299826,3872.302818368811,3.546353843069285,14.538126968964459,-0.00026340633254920724,21.8572504821778,131.52892156794957,152,151,152.0,3.7316099115957693,2.828170441946737,0.39553453169347214,0.0845250685782518,0.30142857142857143,0.7814285714285715,156.74801607875622,24.330568810864087,76.78244972577696,199.05213270142178,122.26968297564483,0.12961964241842466,0.0845250685782518,74,0.49333333333333335,0.2136983292365388,2,1,1.0
S3,2760,2820,60,30,0.00010271581341152986,0.3033307605545175,-0.4831729605435182,1.6566487279117632,2.1398216884552816,-0.04631720762471559,0.13921173487666846,0.3033307779456617,3864.401555663054,3.54919469185135,14.502875201654092,0.000349785286505861,21.668665995036168,131.7930199209494,149,148,149.0,3.7931767188069676,2.828822322856066,0.39976833976833975,0.08443446955174569,0.30428571428571427,0.7814285714285715,155.07187105301037,24.40266052789851,76.78244972577696,197.1830985915493,120.40064886577235,0.1242843738408329,0.08443446955174569,79,0.5374149659863946,0.2112084954017977,2,1,1.0
S3,2790,2850,60,30,0.00028925004076581847,0.30320796426177166,-0.49639582208221733,1.6638795625287905,2.160275384611008,-0.04569932819529138,0.1401333623186361,0.3032081022290696,3861.2764368088633,3.5289577923441717,14.45516096972679,-0.0013831230685865314,21.547968445170646,137.2595760650769,144,143,144.0,3.809264512343422,2.810158706208602,0.41737262737262737,0.09922773738287036,0.30857142857142855,0.7771428571428571,149.99290897064503,26.929585552049716,77.20588235294117,194.44444444444446,117.23856209150328,0.14568913263790176,0.09922773738287036,82,0.5774647887323944,0.2377437591140363,2,1,1.0
S3,2820,2880,60,30,-9.864658583149327e-06,0.29737605409118956,-0.49639582211677336,1.6643442842500142,2.1607401063667875,-0.04515232862938072,0.1295479604401505,0.29737605425480645,3714.1657410546186,3.6155050063046796,15.25517971835426,-0.0002343445312104529,21.2394873811783,137.25957629678385,139,138,139.0,3.898473806052377,2.860120244414282,0.4288302277432712,0.11132662899412563,0.31142857142857144,0.8071428571428572,147.25731234702693,28.87987112473339,74.3362831858407,192.6605504587156,118.32426727287489,0.17150311205271415,0.11132662899412563,82,0.5985401459854015,0.25960536779318133,2,1,1.0
S3,5010,5070,60,30,-5.197611718662617e-05,0.2778638913974584,-0.46309838318238994,1.7011452752148861,2.164243658397276,-0.04071297792786124,0.14204106076103729,0.27786389625868146,3242.7504834503225,3.439039758600034,15.027879987337446,0.0006864902295993862,17.865776496414895,128.56340482302014,116,115,116.0,4.1795433622416756,2.6961434046475885,0.5144099378881988,0.16675604922903714,0.3,1.012857142857143,127.5359969193567,34.48051215841647,59.23836389280677,200.0,140.76163610719323,0.2982568704305744,0.16675604922903714,108,0.9473684210526315,0.3241695716719993,3,0,1.0
S3,5040,5100,60,30,-0.0007688244863937125,0.2707535326418763,-0.5093493780436031,1.7003730292187123,2.2097224072623156,-0.03535236145262693,0.1369820024552867,0.27075462420639546,3078.93879422415,3.5322753638288433,16.006723385828767,-0.0046462924417647695,17.324322054033765,127.78413677420407,110,109,110.0,4.269762188155965,2.7341626714962066,0.5482830930537353,0.18357807381646685,0.3757142857142857,1.0885714285714285,120.88628597301268,35.064064794379554,55.118110236220474,159.6958174904943,104.57770725427383,0.3389793938847287,0.18357807381646685,107,0.9907407407407407,0.3348235175263283,3,0,1.0
S3,5070,5130,60,30,0.00020389699958358673,0.26610496353123986,-0.5117968022286564,1.700373028587955,2.2121698308166113,-0.03169150549706783,0.13830456066846075,0.266105041646995,2974.099513977855,3.574987772893527,16.484186790290956,0.0011522504279043576,17.2114869324425,131.9764618851333,107,106,107.0,4.3310918913756575,2.7670026979313964,0.5631401617250674,0.20591638206800952,0.32,1.0885714285714285,119.73737488132211,36.9967880640229,55.118110236220474,187.5,132.38188976377953,0.377177719477133,0.20591638206800952,104,0.9904761904761905,0.365657426096597,3,0,1.0
S3,5100,5160,60,30,0.00011969351166225195,0.26550434532345135,-0.5146522361542616,1.7230123222128806,2.2376645583671424,-0.029905784739714628,0.1402209295057736,0.2655043723033036,2960.688011911193,3.6094086853980194,16.753384293029576,0.0016481727552645619,17.200580582102408,131.97646299833744,107,106,107.0,4.33183609906419,2.7975406018669515,0.5578840970350404,0.19085102471875418,0.32,1.0871428571428572,119.68661481793796,36.17563284061887,55.19053876478318,187.5,132.30946123521682,0.3571769235453403,0.19085102471875418,103,0.9809523809523809,0.3420979836727035,3,0,1.0
S3,5130,5190,60,30,0.0003541179616023314,0.2667119291647803,-0.3914570828333763,1.6808887433773667,2.072345826210743,-0.03205935657466477,0.13823254410866737,0.26671216424889493,2987.68589944984,3.583860167944679,16.481147861874604,0.00012899981806456645,17.26624246194714,126.70867002743002,108,107,108.0,4.318068452598353,2.796186059187138,0.553150867823765,0.17810986953907704,0.37857142857142856,0.9714285714285714,119.55099268895287,34.82634466038287,61.76470588235294,158.49056603773585,96.7258601553829,0.33820447661369035,0.17810986953907704,104,0.9811320754716981,0.32199148532443994,3,0,1.0
S3,5160,5220,60,30,0.00021922605604835716,0.26807845190561713,-0.4211127131691942,1.6284931405098453,2.0496058536790396,-0.032549010710948234,0.1431285288578141,0.2680785415436601,3018.376386319388,3.4872290698902235,15.850738708239405,0.00031204212584552655,17.147299927597654,123.2008824846708,106,105,106.0,4.315833025192103,2.788945910148534,0.5643265306122449,0.1891348475545665,0.3271428571428571,0.9785714285714285,118.04258631333349,35.69773779088942,61.31386861313869,183.4061135371179,122.09224492397922,0.3581538437936634,0.1891348475545665,104,1.0,0.3351514367920497,3,0,1.0
S3,5190,5250,60,30,8.203097946554666e-05,0.26829267288490305,-0.4211135237713129,1.645056240977965,2.066169764749278,-0.030490882229337286,0.14241836954951642,0.26829268542546436,3023.200532217901,3.490431435559327,15.894328231715463,0.00045558709416354954,17.16948980223543,123.02775429152354,106,105,106.0,4.321155117460002,2.7845765397355384,0.5633469387755102,0.20831750721506925,0.3271428571428571,1.332857142857143,119.63977029599887,36.729900814352554,45.016077170418,183.4061135371179,138.39003636669992,0.3797115064104207,0.20831750721506925,102,0.9807692307692307,0.36978546056869993,3,0,1.0
S3,5220,5280,60,30,0.00038148305590820434,0.27151983185823403,-0.500890887268948,1.6587816616257292,2.1596725488946773,-0.02908968491488039,0.14721210112678423,0.27152009984832726,3096.372914109116,3.3947365491169115,15.177924380484967,0.004374131486567774,17.20959637096586,122.21948554527428,105,104,105.0,4.311220696780188,2.7395349915706944,0.5669917582417582,0.20332421062419243,0.35285714285714287,1.332857142857143,118.49814039783998,36.37499274954481,45.016077170418,170.04048582995952,125.02440865954152,0.37728412749428547,0.20332421062419243,101,0.9805825242718447,0.3586017039378155,3,0,1.0
S3,5250,5310,60,30,0.00016139738733635692,0.27158814520294905,-0.44760878678903027,1.6339114843055873,2.0815202710946177,-0.03500496268513708,0.1459546420745919,0.27158819315996563,3097.9261598835815,3.4828361020888607,15.669249645029183,0.0005374485329508521,17.56963353846944,125.10485805381907,110,109,110.0,4.312310613353644,2.757547805147228,0.5398034076015727,0.17724687977454276,0.30428571428571427,0.9842857142857143,122.38036102325923,34.855941511697445,60.957910014513786,197.1830985915493,136.2251885770355,0.3272684943934026,0.17724687977454276,106,0.9814814814814815,0.32835450328495913,3,0,1.0
S3,5280,5340,60,30,0.0002196530923037982,0.26495670396666243,-0.44760878675568216,1.6346726467265,2.082281433482182,-0.0317911208679593,0.14028713737418178,0.26495679501450525,2948.4883354230597,3.613443199314581,16.816790175814674,0.003498889821726151,17.33025982784563,125.10485805211135,108,107,108.0,4.387885020412015,2.8163981939858758,0.5486381842456608,0.19005980800531844,0.30428571428571427,1.0042857142857142,121.61030133365561,36.085893781649524,59.74395448079659,197.1830985915493,137.43914411075272,0.3496526688490582,0.19005980800531844,104,0.9811320754716981,0.34642103568973676,3,0,1.0
S3,5310,5370,60,30,-9.992013501378678e-05,0.26168616360761693,-0.7709168855148013,1.6346726467270796,2.4055895322418808,-0.027407257621168746,0.13750644779183377,0.2616861826839656,2876.145644723644,3.591581518760962,16.937032232556202,-0.00267179494267489,16.916567434910768,121.0301158281064,105,104,105.0,4.349630072795693,2.8348568757858947,0.5765659340659341,0.20419698749720677,0.37857142857142856,1.0042857142857142,117.11266431319994,37.36810381805576,59.74395448079659,158.49056603773585,98.74661155693926,0.3866623935913509,0.20419698749720677,103,1.0,0.3541606873254074,3,0,1.0
S4,270,330,60,30,9.232956639628296e-05,0.23978199149058804,-0.5255664299472391,1.616674275086588,2.142240705033827,-0.03276917126336917,0.07948471399931027,0.239782009266628,2414.807302653533,4.570447479633799,24.09632973376465,0.0003315001829628353,20.140389859738264,142.30021600091754,97,96,97.0,6.147807535393638,3.4407926286846298,0.6157589285714286,0.23694479080867983,0.3,1.032857142857143,114.8549059381,47.06543601615914,58.09128630705394,200.0,141.90871369294607,0.3159981372907343,0.23694479080867983,77,0.8105263157894737,0.3848012262824932,1,0,0.7451190476190476
S4,300,360,60,30,0.00020361098052927714,0.2328539252808049,-0.5091445646030319,1.594462112017038,2.10360667662007,-0.032036640120831975,0.07552425969636295,0.2328540143010424,2277.281662996623,4.737603899891034,25.65662279589556,0.0007846318885129942,19.40842427723224,142.30021600096046,88,87,88.0,6.608245654725642,3.3551864783782586,0.6696387520525452,0.24287937871650303,0.30714285714285716,1.2057142857142857,104.73224953680277,43.20036971287933,49.763033175355446,195.3488372093023,145.58580403394686,0.3100427500875041,0.24287937871650303,65,0.7558139534883721,0.36270209567776746,1,0,1.0
S4,330,390,60,30,5.8394974082484774e-05,0.22851284717131823,-0.5091445645942146,1.5836647191000306,2.0928092836942453,-0.026172729900661044,0.08209480387863403,0.22851285463254634,2193.1612387572404,4.755059758016679,26.248674102726028,-0.00018328450141406956,18.85711936166391,140.22597030827131,97,96,97.0,5.901557885133449,3.8129851589675274,0.6188690476190476,0.2431435563076326,0.31,1.3528571428571428,113.8294658859088,45.220814991737576,44.350580781415,193.5483870967742,149.1978063153592,0.337806566021534,0.2431435563076326,80,0.8421052631578947,0.3928836920234902,1,0,1.0
S4,360,420,60,30,0.00042621661555111153,0.2262576461959331,-0.4736889331946366,1.6317370476785193,2.105425980873156,-0.02219142256365566,0.08574796163777047,0.22625804764190696,2150.0935731545524,4.811056277797252,26.941488890837856,-0.004670603263506845,18.495533891952093,135.93837998758465,100,99,100.0,5.616665220257779,3.9403852460712976,0.605079365079365,0.24888282415969926,0.30857142857142855,1.3528571428571428,117.65562389950331,47.45786393101491,44.350580781415,194.44444444444446,150.09386366302945,0.3839998611689323,0.24888282415969926,93,0.9489795918367347,0.4113226107571106,1,0,1.0
S4,390,450,60,30,0.00010946964967271861,0.22287038685319777,-0.4702015809703165,1.5925063786229239,2.0627079595932405,-0.024383232645249713,0.08223068375388984,0.2228704137378899,2086.1912954273253,4.910337648506766,27.97362860691365,-0.0009125716461281429,18.136771276200747,135.92083403234346,93,92,93.0,5.901796768449186,3.9244822705242144,0.6341770186335404,0.2652139343127863,0.3057142857142857,1.1214285714285714,114.07913946358339,48.97183993322795,53.503184713375795,196.26168224299064,142.75849752961486,0.4047768427692617,0.2652139343127863,87,0.9560439560439561,0.4182017426053093,1,0,1.0
S4,420,480,60,30,0.0001816697404452279,0.2222736450323985,-0.47156089876137036,1.5920662845348394,2.0636271832962096,-0.026526501587446027,0.0784335480539385,0.22227371927396924,2075.035463755098,4.916362675115755,28.139232696008964,0.0008633400022558247,18.045337398916473,138.5967581153905,85,84,85.0,6.32702442946212,3.8232093008561745,0.6932142857142858,0.28949437129362293,0.3057142857142857,1.1214285714285714,107.04020600195868,51.44888664941325,53.503184713375795,196.26168224299064,142.75849752961486,0.41529578925674066,0.28949437129362293,76,0.9156626506024096,0.4176116638960042,1,0,1.0
S4,450,510,60,30,0.00025775634931921986,0.23651148640416036,-1.815166398398182,1.7938426144932573,3.6090090128914394,-0.026229280862304166,0.08051002029949082,0.2365116268588945,2349.3854848565197,3.864815870945145,23.817670933980306,-0.010669889805221986,18.142528348141127,138.59675811495006,78,77,78.0,6.534408083190207,3.266770895572365,0.7765677179962894,0.2887858329993382,0.3157142857142857,1.1685714285714286,95.0736197437966,50.031518868866925,51.344743276283616,190.0452488687783,138.70050559249466,0.38212764357321,0.2887858329993382,64,0.8421052631578947,0.37187463025693024,1,0,1.0
S4,480,540,60,30,1.5090869847517904e-05,0.22223065258183566,-0.4905191929224556,1.5787179988193694,2.069237191741825,-0.025026586345523384,0.08003942342065887,0.22223065309421852,2074.2314533366816,4.8958197605886244,27.983133655525844,0.000274467975566881,18.038931710509207,134.08984968508634,98,97,98.0,5.568023791384273,4.0432558406177534,0.6160088365243005,0.27572683345689936,0.3157142857142857,1.1685714285714286,119.4781601251488,52.005067286154485,51.344743276283616,190.0452488687783,138.70050559249466,0.41688248662310246,0.27572683345689936,93,0.96875,0.4476020750166989,1,0,1.0
S4,510,570,60,30,-0.005533658145507257,0.23883837895813298,-1.8940046887672164,1.7425784890482174,3.636583177815434,-0.02558677710918368,0.08161350349604372,0.23890247515632831,2397.124490704443,3.391825024836967,24.70357581064636,0.0016398425338883121,18.194294418522258,178.47874464085217,86,85,86.0,5.9108062913184,3.521243029457471,0.700436974789916,0.29695040822903535,0.31857142857142856,1.1942857142857144,106.24385388038307,50.96848535442562,50.23923444976076,188.34080717488789,138.10157272512714,0.41081099127693244,0.29695040822903535,73,0.8690476190476191,0.42395021810220757,1,0,1.0
S4,540,600,60,30,9.033146696216457e-05,0.2226840062095853,-0.45240358637807426,1.595347884025551,2.0477514704036253,-0.02697357064130118,0.07919533521915521,0.2226840245310035,2082.703340815632,4.9041292917362025,28.02642065177741,1.510676659626048e-05,18.095863859937335,136.1796808297451,95,94,95.0,5.729538384503574,4.002215402866921,0.6227203647416413,0.26878282351325816,0.31,1.1942857142857144,117.40288776583883,51.111048218426916,50.23923444976076,193.5483870967742,143.30915264701343,0.40345186026956226,0.26878282351325816,84,0.9032258064516129,0.4316268404434994,1,0,1.0
S4,570,630,60,30,-0.0001341789200422944,0.2214426374653482,-0.5302886846577103,1.577068730917351,2.1073574155750614,-0.025701582416358025,0.08064578362949543,0.22144267811691637,2059.5481070468736,4.9204974020962355,28.291454772945162,0.0016269104940237868,17.89239615712858,135.24754858768011,101,100,101.0,5.379446175904207,4.084591992932772,0.5929285714285715,0.2557670635878016,0.30857142857142855,1.1542857142857144,122.02510367456046,50.5491270940671,51.980198019801975,194.44444444444446,142.46424642464248,0.4026988933194185,0.2557670635878016,95,0.9595959595959596,0.4313623527562007,1,0,1.0
S4,600,660,60,30,-4.080550449127801e-05,0.2468581153086244,-0.8265344005889961,3.335113912827548,4.161648313416544,-0.026527175988889814,0.08263782446317959,0.24685811868118757,2559.435091870242,4.494614586487702,29.703093853494238,0.027414648189649914,18.194960134324706,132.7721148369569,79,78,79.0,6.195655774974885,3.224350774675235,0.76007326007326,0.29872018109810566,0.31857142857142856,1.1628571428571428,97.77236553028881,50.02762439233861,51.597051597051596,188.34080717488789,136.74375557783628,0.40175789843933196,0.29872018109810566,63,0.8181818181818182,0.39301498525196554,1,0,1.0
S4,630,690,60,30,0.0001291911049059764,0.2304558395261138,-0.4994587886912784,1.585900303901417,2.0853590925926953,-0.03101682847716363,0.07985170033491917,0.23045587573769405,2230.616247805154,4.746642550782805,25.997732586597625,-4.788643963119774e-05,18.853241033455156,143.9197505568109,95,94,95.0,5.968504459279818,3.7477579829192416,0.6294376899696048,0.26029686933589175,0.3,1.1071428571428572,115.03357900894837,49.9696144602913,54.19354838709677,200.0,145.80645161290323,0.369664604909488,0.26029686933589175,85,0.9139784946236559,0.41353874018643744,1,0,1.0
S4,660,720,60,30,0.0011102825398023597,0.23189342431018165,-0.49945878929137977,1.5858994301170624,2.085358219408442,-0.031251965374015436,0.0824739102055021,0.23189608225586766,2258.5833045560457,4.705025972890489,25.506030698394685,-6.397388141158481e-05,18.99210234177081,143.91975055521277,91,90,91.0,6.220143990906797,3.5891401162151357,0.6533492063492063,0.2584915391020603,0.3,1.1085714285714285,110.29657584072284,48.81310151561723,54.123711340206185,200.0,145.87628865979383,0.3292033493435121,0.2584915391020603,81,0.9101123595505618,0.395640702690163,1,0,1.0
S4,690,750,60,30,0.0001603810379301412,0.22493809320557717,-0.4413891791521519,1.6098007709253677,2.0511899500775197,-0.027439292550215082,0.08257183509324177,0.2249381503814732,2125.0812028756063,4.897298267419576,27.557532195198466,0.0002637356295803621,18.258975483920548,134.03298657230448,93,92,93.0,5.93658628076357,3.806772614604865,0.6456521739130434,0.279309732970105,0.30142857142857143,1.1442857142857144,114.25862213079529,51.92465307493241,52.43445692883895,199.05213270142178,146.61767577258283,0.385846799726764,0.279309732970105,84,0.9230769230769231,0.43260093321969123,1,0,1.0
S4,720,780,60,30,-0.000147794207405747,0.21909652718317393,-0.44677197208928365,1.6098300449424907,2.0566020170317745,-0.023899122123406884,0.08183461917542592,0.21909657703135169,2016.1390228079108,5.0152294268003015,29.15201903426044,-0.0021381833287184675,17.57341751545236,132.60513479509396,101,100,101.0,5.336176281678771,4.06912281327138,0.5981285714285715,0.27506338379006545,0.30142857142857143,1.33,122.9546542836445,52.3042981476097,45.11278195488722,199.05213270142178,153.93935074653456,0.4439409305116502,0.27506338379006545,98,0.98989898989899,0.45987333982909984,1,0,1.0
S4,750,810,60,30,7.191433049975752e-05,0.2194654716867951,-0.44677197619127784,1.5798345130237565,2.0266064892150344,-0.02089475852833074,0.08286956697426204,0.2194654834692198,2022.934134243892,4.995306803238538,28.987187852359416,0.00023009964138939184,17.583236947974296,131.95482279948828,105,104,105.0,5.146535341996486,4.104148303781467,0.5698626373626373,0.25359205296335363,0.3171428571428571,1.33,126.18195291999011,49.782647203170676,45.11278195488722,189.1891891891892,144.07640723430197,0.4216919649870676,0.25359205296335363,102,0.9902912621359223,0.44500557912867345,1,0,1.0
S4,780,840,60,30,0.00019807555038832024,0.22113061261306077,-0.479838182901034,1.6118954580221476,2.0917336409231817,-0.02369586144566133,0.08051330223626826,0.2211307013251467,2053.749056879152,4.957406789390869,28.514450687955964,0.0007122810033408601,17.77161753455906,131.22301303321328,100,99,100.0,5.417417567523818,4.039384963407539,0.587041847041847,0.25647526395227255,0.3142857142857143,1.2914285714285714,122.97605703766317,50.17250028718203,46.46017699115045,190.9090909090909,144.44891391794044,0.39089653889908255,0.25647526395227255,94,0.9591836734693877,0.4368943461946927,1,0,1.0
S4,810,870,60,30,8.861348602931143e-05,0.2256342752355235,-0.47983817326606704,1.6118954661814904,2.0917336394475576,-0.02904085264255397,0.07758486789765458,0.22563429263613696,2138.255028563215,4.865055029868786,27.356766736063584,0.000535933108590976,18.306285439828653,134.86169302799823,85,84,85.0,6.4435942558001,3.622468025274136,0.7051700680272109,0.2932462907091406,0.31,1.2914285714285714,104.79300819757984,50.137851088381524,46.46017699115045,193.5483870967742,147.08821010562377,0.35462478916003054,0.2932462907091406,67,0.8072289156626506,0.41585186893925974,1,0,1.0
S4,840,900,60,30,0.00015156641446925702,0.23364053680779673,-0.5654897172425568,1.5823615255176091,2.147851242760166,-0.030833492492669652,0.07704504969458947,0.2336405859695901,2292.6927833129635,4.706233519775603,25.346589239586745,-0.00023560483009114251,19.229959425202672,142.18870762628302,87,86,87.0,6.633935969342718,3.2643929951768778,0.689767441860465,0.26284467149248836,0.30714285714285716,1.2242857142857142,103.82489855537987,46.659279236356056,49.00816802800467,195.3488372093023,146.34066918129764,0.28114621334336143,0.26284467149248836,64,0.7529411764705882,0.38106274019477415,1,0,1.0
S4,870,930,60,30,0.00014035082430120623,0.22695564497102957,-0.5654588243317614,1.5874438204990384,2.1529026448308,-0.026969473830413447,0.08203757582539911,0.2269556883679497,2163.3731482679354,4.821414757875134,26.816513055467,0.0006775062788041911,18.53852091522821,142.18874587766828,101,100,101.0,5.620157869070969,3.8448404850966,0.5900285714285715,0.23884056504330264,0.30714285714285716,1.1957142857142857,121.02165438058013,49.71046827854766,50.17921146953405,195.3488372093023,145.16962573976826,0.36298733049881954,0.23884056504330264,92,0.9292929292929293,0.40479491436325565,1,0,1.0
S4,900,960,60,30,7.849466138750855e-05,0.21637184131406728,-0.45759987452301987,1.5716257736511994,2.0292256481742195,-0.019135742412293877,0.08277856117045738,0.21637185555208371,1966.3047547521746,5.014137805912808,29.466407520999702,0.0002523385535670503,17.338420989299596,128.96267479348248,111,110,111.0,4.872601291042149,4.151673583224786,0.5365974025974025,0.2166910869294432,0.3142857142857143,1.0114285714285713,131.6715011567015,50.045036732043364,59.32203389830509,190.9090909090909,131.58705701078583,0.4216974951105503,0.2166910869294432,109,1.0,0.4038243306444438,1,0,1.0
S4,930,990,60,30,0.00011565064633376942,0.21821655711592508,-0.42930695276809994,1.5714300899907705,2.00073704275887,-0.019249404769425008,0.0839576390051026,0.21821658776225006,1999.9761253331908,4.985451418473266,28.943501794700666,0.00019424427747244922,17.407417811416366,129.24486930291695,110,109,110.0,4.926714076304116,4.103862942197825,0.5402359108781126,0.22212346160362048,0.31285714285714283,1.1557142857142857,130.77969541054955,49.486928864964774,51.915945611866505,191.78082191780823,139.86487630594172,0.41240351948956155,0.22212346160362048,108,1.0,0.41116011936817676,1,0,1.0
S4,960,1020,60,30,-0.0006015513489115413,0.22059823961226366,-0.43061663800498573,1.5771049783813311,2.0077216163863167,-0.02435470604781696,0.08517466776294878,0.2205990597986652,2043.8856977303126,4.959703981628719,28.458323433381118,-0.0003216500014584658,17.532495008828253,130.3496557179562,107,106,107.0,5.056814223984132,4.056032662998173,0.5600269541778975,0.23781437909389544,0.31285714285714283,1.23,127.44542026122458,50.06291860716644,48.78048780487805,191.78082191780823,143.00033411293018,0.410866798066184,0.23781437909389544,105,1.0,0.42464809473858217,1,0,1.0
S4,990,1050,60,30,0.00010886838096264868,0.21872695715506013,-0.42867871160988286,1.582070960464464,2.010749672074347,-0.02386749721544496,0.08038699131755915,0.21872698424893963,2009.3427328227071,5.0292488553197945,29.22625318763403,0.0005717433640204111,17.44142501626806,130.35095970735813,105,104,105.0,5.111502492084729,4.108235534191447,0.5657692307692307,0.2501531652532533,0.32,1.2971428571428572,127.5106774037183,51.040181410101944,46.25550660792951,187.5,141.2444933920705,0.43551817964678946,0.2501531652532533,103,1.0,0.4421469950091494,1,0,1.0
S4,1020,1080,60,30,9.733528671435956e-05,0.21991805933837938,-0.4312201928892858,1.582070960507602,2.013291153396888,-0.02325959417546193,0.08069118734855972,0.2199180808785785,2031.2864164873138,5.0040266186738585,28.827306912128957,0.00048055908223112445,17.565058697684623,129.5147680828874,112,111,112.0,4.881851556283046,4.071732011338561,0.5293951093951094,0.20959793495885484,0.3142857142857143,1.1128571428571428,132.12027348313887,48.74676165427344,53.91527599486522,190.9090909090909,136.99381491422568,0.39576034707776053,0.20959793495885484,110,1.0,0.39591966612298884,1,0,1.0
S4,1050,1110,60,30,0.00013559870204463283,0.2217755579525684,-0.43122239429335835,1.6184571414689388,2.049679535762297,-0.026155357261087715,0.08253970353426637,0.22177559940665478,2065.7454926716027,4.960710581163381,28.254779470174718,-0.0005909868310920451,17.689007582321604,129.51476808274205,109,108,109.0,5.010861834453163,4.027739450288603,0.5526455026455027,0.22955886372100812,0.3142857142857143,1.1285714285714286,128.50335182413045,49.77998063673549,53.164556962025316,190.9090909090909,137.74453394706558,0.40549553139029015,0.22955886372100812,107,1.0,0.4153817639374871,1,0,1.0
S4,1080,1140,60,30,0.00010203550116686382,0.21672961447023018,-0.4260062749751793,1.5773690028004783,2.0033752777756577,-0.025320044329259318,0.07882944337501688,0.2167296384891972,1972.8129203856406,5.066062256348621,29.661011500579363,0.00024373688103014734,17.233581693321927,127.56289080612844,103,102,103.0,5.143620954798099,4.126111787071093,0.580140056022409,0.25766112647156286,0.31285714285714283,1.197142857142857,125.3821294695245,51.579592607697364,50.11933174224344,191.78082191780823,141.66149017556478,0.4459573920843308,0.25766112647156286,101,1.0,0.44413607334434807,1,0,1.0
S4,1110,1170,60,30,0.00023670268059445366,0.2151660997238018,-0.42568598331623586,1.57383699453192,1.9995229778481558,-0.022048210091761226,0.07754586625715756,0.21516622992122164,1944.4532729375046,5.086974073839342,30.049138774696274,0.000642906232429311,17.089595145050026,128.06157840260593,104,103,104.0,5.065318292938078,4.1655610789277775,0.5677392510402219,0.24535135312033798,0.32285714285714284,1.197142857142857,126.87289306691505,50.946752354721475,50.11933174224344,185.8407079646018,135.72137622235834,0.44027413792614556,0.24535135312033798,102,1.0,0.43215499486921305,1,0,1.0
S4,1140,1200,60,30,6.987114658198498e-05,0.22433422518296617,-0.44164007838850894,1.5918376977457265,2.0334777761342355,-0.025389759949660196,0.08185397702457858,0.22433423606400094,2113.685677757594,4.893169760944429,27.55547257787314,0.00034633324082919924,17.908824097575287,129.38321632149453,105,104,105.0,5.212207986458258,3.9771806431053753,0.5696565934065935,0.23620092084398697,0.31285714285714283,1.1371428571428572,124.94554860037933,49.26289897797316,52.76381909547738,191.78082191780823,139.01700282233085,0.3937501890954726,0.23620092084398697,99,0.9611650485436893,0.41463738606356854,1,0,1.0
S4,1170,1230,60,30,7.347640408460134e-05,0.23405185416393007,-0.5141585198943387,1.6471898219228358,2.1613483418171744,-0.03047376945246273,0.0856538853415738,0.23405186569723288,2300.7715851269327,4.676109757653195,25.058652180748116,0.0010961986009134742,18.94739703287913,144.12928686549628,110,109,110.0,5.267781503448403,3.7692097536337155,0.5423984272608126,0.21624823302454166,0.30857142857142855,1.0857142857142856,128.97127188808807,47.97364725256946,55.26315789473685,194.44444444444446,139.1812865497076,0.3265579265078087,0.21624823302454166,100,0.9259259259259259,0.39868890128724244,1,0,1.0
S4,1200,1260,60,30,0.00017441029769038526,0.2358814825432133,-0.5144147087671049,1.647204047917643,2.161618756684748,-0.02825569843569989,0.08360167456502367,0.2358815470225176,2336.8843774809197,4.651390310047483,24.747830929316386,-0.0012020342709239996,19.604916999982944,144.1295109797795,106,105,106.0,5.659141111192047,3.6695575824774935,0.5634557823129251,0.21395891460980557,0.30714285714285716,1.0071428571428571,124.31411863114265,48.67857726989499,59.57446808510638,195.3488372093023,135.7743691241959,0.3082877015182058,0.21395891460980557,89,0.8557692307692307,0.37972618495727795,1,0,1.0
S4,1230,1290,60,30,8.561858683797923e-05,0.22844488103575245,-0.4983693236475475,1.5998844021549368,2.0982537258024845,-0.02467390356822576,0.08237818222411068,0.22844489708019633,2191.856982083223,4.864690260706103,27.000069289398652,0.0002256511927102948,18.818381109795126,138.4161046120377,105,104,105.0,5.499287686956836,3.867578191472164,0.5646703296703297,0.2212173958246343,0.30714285714285716,1.062857142857143,125.38673204408003,50.539697710244624,56.4516129032258,195.3488372093023,138.8972243060765,0.34422188507135404,0.2212173958246343,93,0.9029126213592233,0.39176380305617825,1,0,1.0
S4,1260,1320,60,30,4.05367159569933e-05,0.22268960194857912,-0.43410048098209114,1.592453793267327,2.0265542742494183,-0.02381606142811047,0.08394241328945669,0.2226896056380763,2082.8077392881614,5.004481185858348,28.58018783849868,-0.0006774110338839048,17.81186242602266,131.66585564893407,112,111,112.0,4.909756585670668,4.012438410872579,0.5362162162162162,0.21922456470087945,0.31,1.0942857142857143,132.11751223176424,51.03777129751022,54.83028720626632,193.5483870967742,138.7180998905079,0.39290235867303586,0.21922456470087945,109,0.990909090909091,0.4088361337667611,1,0,1.0
S4,1290,1350,60,30,0.00015584554072356837,0.22046366703441905,-0.41846122734600505,1.586034668371422,2.004495895717427,-0.02224853841878585,0.08340367128687622,0.22046372211793883,2041.3786163440216,5.0433451468805695,29.023652189453266,-2.8269897647901034e-05,17.54560512830322,131.5500123101237,113,112,113.0,4.824119468251865,4.038619562625081,0.5305229591836735,0.2109101472578219,0.3157142857142857,0.95,132.8178851918423,50.42317119716774,63.15789473684211,190.0452488687783,126.88735413193618,0.4055761134738525,0.2109101472578219,110,0.990990990990991,0.39755140396252336,1,0,1.0
S4,1320,1380,60,30,0.00012481121821791158,0.21904117012737062,-0.4162394270379423,1.5785377041658686,1.994777131203811,-0.023534046675057478,0.08239782989793726,0.2190412056865281,2015.1200911215321,5.071260927269355,29.44626155795072,0.0003252479127764391,17.412442861662196,129.50557784475342,111,110,111.0,4.858926982454125,4.0740523918459015,0.5346883116883118,0.21665984658276746,0.3157142857142857,1.1842857142857144,131.96389907996374,50.076931242600025,50.663449939686366,190.0452488687783,139.38179892909193,0.4095751082910018,0.21665984658276746,109,1.0,0.40520774785341845,1,0,1.0
S4,1350,1410,60,30,9.139516907952726e-05,0.22063040036172984,-0.41541378289692527,1.5785377041655766,1.993951487062502,-0.022929150503078352,0.08036817817614483,0.22063041929175162,2044.4668405078733,5.045005530111121,29.07680168102233,0.00012460659803322297,17.62548025075191,128.85501246301212,110,109,110.0,4.938335751848537,4.051906171201766,0.5415465268676277,0.22426297590244443,0.32,1.1842857142857144,130.49855651315804,49.60501341404298,50.663449939686366,187.5,136.83655006031364,0.3970654829274717,0.22426297590244443,108,1.0,0.4141158049699059,1,0,1.0
S4,1380,1440,60,30,0.00011236632275932652,0.2221687229099957,-0.4197544430156868,1.576307280018905,1.9960617230345918,-0.023759474706601738,0.08036906639091732,0.2221687513257635,2073.0760707572554,4.9997675389036536,28.54490493799557,0.0002051615148254575,17.78161702260028,129.529444694781,111,110,111.0,4.939624250499773,4.014829558495529,0.5358311688311689,0.21950983781742867,0.32,1.14,131.0851551385856,48.70163426774946,52.631578947368425,187.5,134.86842105263156,0.39051171667603257,0.21950983781742867,109,1.0,0.40966231639016953,1,0,1.0
S4,1830,1890,60,30,7.226733348382887e-05,0.20877733904668877,-0.410107818270385,1.5613782325911996,1.9714860508615846,-0.01652830707080338,0.06284629039518307,0.20877735155419405,1830.6952659233084,5.338434923456188,32.234997588378775,0.0009949174800362778,17.61169386706043,131.02282131738303,84,83,84.0,6.432553276550389,3.9438540067308963,0.7085714285714285,0.3003949535266093,0.31,1.22,106.23806472567279,53.19362507839592,49.18032786885246,193.5483870967742,144.36805922792175,0.393688540598411,0.3003949535266093,77,0.9390243902439024,0.42394449086416636,3,0,0.9617619047619047
S4,1860,1920,60,30,1.920819963258738e-05,0.21891048729502274,-0.5051758807282993,1.6675440068105525,2.172719887538852,-0.02053369227324168,0.06946359945821699,0.21891048813773006,2012.7156763013684,4.91840377828028,28.0239211459295,-0.0011684887465640088,18.015145322421773,145.81881033388444,79,78,79.0,6.74545395452152,3.4357420445229074,0.7617582417582417,0.296781084634103,0.31,1.22,97.0781500506637,49.36790315926136,49.18032786885246,193.5483870967742,144.36805922792175,0.3135459331790049,0.296781084634103,68,0.8831168831168831,0.38960009667777523,3,0,1.0
S4,1890,1950,60,30,-1.3610214209137651e-05,0.23374360907315025,-0.6436532242348807,1.667544008215047,2.3111972324499277,-0.024947916752674982,0.07466264412097506,0.23374360946939193,2294.7151486467437,4.489632519429809,23.935918254706056,-0.0003687319558724993,19.107826117445093,145.81881079418673,89,88,89.0,6.3473647650948255,3.233788045940745,0.6763636363636363,0.26370653534808847,0.3,1.1042857142857143,106.95214769292616,49.061620564798886,54.33376455368693,200.0,145.66623544631307,0.2672365772574092,0.26370653534808847,69,0.7931034482758621,0.3898886947350771,3,0,1.0
S4,1920,1980,60,30,0.00015493005156811153,0.22477871512213018,-0.6436532243339417,1.6045945641295811,2.248247788463523,-0.021427999982710444,0.069309835503506,0.22477876851534853,2122.070780561619,4.81696426757985,27.18993556630664,0.0008356921921530556,18.69418458190442,138.4956717729723,97,96,97.0,5.878667320224929,3.7815568529210775,0.6089583333333334,0.2609864430079787,0.3,1.1828571428571428,119.94704063404986,52.24646272650738,50.72463768115942,200.0,149.27536231884056,0.35361116963563927,0.2609864430079787,82,0.8631578947368421,0.42857849005757703,3,0,1.0
S4,1950,2010,60,30,0.00011458693025658958,0.21882827257835485,-0.42685236077287125,1.5858167809930126,2.0126691417658837,-0.02047828442351767,0.06896328533170912,0.21882830257942262,2011.2046924112365,5.155746761544688,29.927001481446325,2.988245954006099e-06,18.325262857119736,135.30115418217332,86,85,86.0,6.457394220823236,3.7781973703447327,0.6958655462184875,0.2810661423935152,0.3057142857142857,1.1828571428571428,106.48574450546622,52.27731954929844,50.72463768115942,196.26168224299064,145.53704456183124,0.3746719005233621,0.2810661423935152,70,0.8333333333333334,0.4039086917306094,3,0,1.0
S4,1980,2040,60,30,-1.6356874113255974e-05,0.22191204745251575,-0.4724916923766615,1.5905721589398911,2.0630638513165525,-0.021397855674609778,0.06838933540476473,0.22191204805533865,2068.288197028827,5.101168147647377,29.14103888042891,-0.0001356741676259935,18.64331172520998,135.92864578637722,81,80,81.0,6.922489002914205,3.4263155170643125,0.7452321428571429,0.27069392533216313,0.3057142857142857,1.1628571428571428,97.604211949254,48.928338917266665,51.597051597051596,196.26168224299064,144.66463064593904,0.34099475341245045,0.27069392533216313,61,0.7721518987341772,0.36323436653490365,3,0,1.0
S4,2010,2070,60,30,0.0002070581152974244,0.21797318927337608,-0.4724871839294134,1.5905721592149413,2.0630593431443547,-0.020505465472585617,0.06691923208914319,0.2179732876181624,1995.5188728329463,5.189563745015999,30.210981983829775,-0.00020697036523778298,18.301003718174808,135.92862778556213,82,81,82.0,6.734038949976732,3.6616155430672315,0.7307760141093474,0.2861788154384957,0.3057142857142857,1.1628571428571428,101.1996483286798,50.837750968473436,51.597051597051596,196.26168224299064,144.66463064593904,0.3627321213192108,0.2861788154384957,62,0.775,0.39160948076174024,3,0,1.0
S4,2040,2100,60,30,9.099923943432286e-05,0.21690338438717063,-0.42303257907752567,1.5790021928529925,2.0020347719305183,-0.019262386440854627,0.06535756303162994,0.21690340347599496,1975.9776304577513,5.221130735312418,30.604595890361807,-0.0006655385579936874,18.138918108871135,134.07738008877618,80,79,80.0,6.824344019113053,3.6454243080884314,0.7435985533453888,0.28925802879236906,0.31142857142857144,1.1028571428571428,99.76602644297894,51.118375090172215,54.40414507772021,192.6605504587156,138.25640538099537,0.3690138115201404,0.28925802879236906,59,0.7564102564102564,0.3889975679632793,3,0,1.0
S4,2070,2130,60,30,0.00015806588619745994,0.22110719672684148,-0.4381969542930169,1.5839678131775807,2.022164767470598,-0.021506830540848565,0.06777825375151672,0.22110725322618108,2053.313532027516,5.127683534336393,29.41369332110223,0.0014972471390384701,18.45111471541937,135.9811490908495,84,83,84.0,6.613355339897354,3.6253278001950675,0.7099139414802065,0.2695825757602992,0.31142857142857144,1.0842857142857143,102.74743856311855,49.998631704070036,55.33596837944664,192.6605504587156,137.32458207926896,0.3410880607798673,0.2695825757602992,61,0.7439024390243902,0.3797397966269065,3,0,1.0
S4,2100,2160,60,30,0.00010729834587995472,0.22057993855078203,-0.4357805800078863,1.5982340508874868,2.0340146308953733,-0.021073165685921318,0.06483623426118997,0.2205799646477481,2043.5318737680755,5.149124075274666,29.640975803848313,0.00014468245117945755,18.49059048373973,135.98114908806144,73,72,73.0,7.536293056518914,3.005461067638089,0.8188492063492063,0.2410772355430984,0.3157142857142857,1.09,85.20525530816604,42.021882012671334,55.04587155963302,190.0452488687783,134.99937730914527,0.26385319984112077,0.2410772355430984,42,0.5915492957746479,0.29440980546091977,3,0,1.0
S4,2130,2190,60,30,1.4639193170221294e-05,0.22092641932529214,-0.4357792338846131,1.5907951857074176,2.0265744195920306,-0.02066491636161897,0.06465088260086281,0.22092641981030878,2049.9562847484335,5.135683112307389,29.563123200305313,0.0015909772343884407,18.52299881829728,133.72717403350828,77,76,77.0,7.188212460697075,3.295075076008813,0.7778571428571428,0.26621824430020086,0.32142857142857145,1.09,92.50743819367912,46.54404677324205,55.04587155963302,186.66666666666666,131.62079510703364,0.32580428998733224,0.26621824430020086,52,0.6933333333333334,0.34224567678630047,3,0,1.0
S4,2160,2220,60,30,7.482864210206628e-05,0.21972504957940164,-0.47614182542181255,1.5927301909517724,2.068872016373585,-0.020412101478968377,0.06996037990370504,0.21972506232106567,2027.7223265038401,5.119961478311748,29.619703929298538,0.0006372594163546561,18.342418721374084,144.01080166887593,95,94,95.0,5.907425638835217,3.9433946164678044,0.6269908814589666,0.26793654086346397,0.31285714285714283,1.1842857142857144,117.21887480560713,52.17502463288097,50.663449939686366,191.78082191780823,141.11737197812187,0.38714359401588405,0.26793654086346397,82,0.8817204301075269,0.42733722098157667,3,0,0.7382380952380952
S4,3600,3660,60,30,9.222707527186923e-05,0.24935580237777294,-0.5905794320791085,1.6621025221113335,2.252681954190442,-0.027594100532086427,0.11218665779184685,0.24935581943338794,2611.4896367824476,3.9803853083492093,19.52073645728811,0.0005102689517323278,21.110679919079008,149.76347715507833,119,118,119.0,5.418286560745383,3.3881604792163533,0.50227602905569,0.17996331511410998,0.3,0.9114285714285715,135.0221806611405,44.70357713336546,65.8307210031348,200.0,134.16927899686522,0.23547069961042244,0.17996331511410998,89,0.7606837606837606,0.3582956476192028,2,1,0.7784285714285715
S4,3630,3690,60,30,0.0002972991637936839,0.2513539853025762,-0.7833557265241867,1.6621025221436865,2.4454582486678733,-0.02522038300141298,0.1041337979600268,0.25135416112386216,2653.514401199779,4.150705824259385,20.680782522857267,0.0006354562070308079,21.56671899814293,158.8765755557734,115,114,115.0,5.557643404282937,3.428750578062026,0.520952380952381,0.19310739047451753,0.3,0.9114285714285715,132.3849782444688,47.83661622372842,65.8307210031348,200.0,134.16927899686522,0.2598269453669873,0.19310739047451753,91,0.8053097345132744,0.37068146251964057,2,1,1.0
S4,3660,3720,60,30,4.101875872059072e-05,0.2423152578847616,-0.7833557273286089,1.6276290745838413,2.4109848019124502,-0.024121606115330617,0.0965615797687464,0.24231526135655815,2466.1008072244776,4.319436505795026,22.359712822939127,0.0005195533539811712,20.85104453126426,158.87657555593867,108,107,108.0,5.80107769898968,3.5225963786268477,0.551762349799733,0.21213019831051078,0.3,0.9414285714285714,127.04897847020483,49.34742002195763,63.73292867981791,200.0,136.26707132018208,0.282763264118322,0.21213019831051078,90,0.8490566037735849,0.38445935716256335,2,1,1.0
S4,3690,3750,60,30,3.332265740079883e-05,0.23560074634070052,-0.5744336515199564,1.636042950618359,2.210476602138315,-0.023630209022578008,0.09411625921810947,0.23560074869722844,2331.323937041173,4.468580204426029,23.7457718668505,3.973708518923015e-05,20.196154728532534,143.71856513835624,104,103,104.0,5.936851198108372,3.5954062116386956,0.5725242718446603,0.22189782534613173,0.3,0.9528571428571428,123.17376012093543,49.22819753152737,62.968515742128936,200.0,137.03148425787106,0.3074128837124901,0.22189782534613173,89,0.8725490196078431,0.3875780229040455,2,1,1.0
S4,3720,3780,60,30,5.365009231127996e-05,0.24215237053646863,-0.5557538029783671,1.636042950732694,2.1917967537110608,-0.024212019466536155,0.09062058951566718,0.2421523764796943,2462.786484260071,4.4144146360779875,22.799971803518805,-0.0005347199546778762,21.087611725284702,143.99461529957753,111,110,111.0,5.823926941289062,3.5175660563578224,0.5424285714285714,0.2082109097318254,0.3,0.9528571428571428,128.46964304486517,48.05521344014295,62.968515742128936,200.0,137.03148425787106,0.26661409252072493,0.2082109097318254,90,0.8256880733944955,0.38384945170470847,2,1,1.0
S4,3750,3810,60,30,0.0001220729390653657,0.24737660235740708,-0.5850250101528175,1.6289347337772777,2.2139597439300953,-0.02567254332221903,0.09243063547225908,0.24737663247707362,2570.19832841928,4.317114519964181,21.72223839470151,0.0019094401979837642,21.626723927940002,143.99461530283452,115,114,115.0,5.76334217642277,3.4489367323660733,0.5207142857142857,0.1906367352864424,0.3,0.8442857142857143,131.9562929673448,46.89082688130158,71.06598984771574,200.0,128.93401015228426,0.24365496971301026,0.1906367352864424,89,0.7876106194690266,0.3661062131701226,2,1,1.0
S4,3780,3840,60,30,9.827100535949455e-05,0.246753996419958,-0.5399628135405009,1.6305813637726456,2.1705441773131464,-0.02480025385716622,0.09515269119787277,0.24675401598841534,2557.276865069268,4.351112873870843,22.109615004781457,0.0007536647310781551,21.43274124341997,142.24498332645197,113,112,113.0,5.777974512389169,3.4964209203256806,0.5316326530612245,0.19762915630942088,0.3,0.8757142857142857,130.247249303411,48.261623097484794,68.51549755301795,200.0,131.48450244698205,0.25093782544929494,0.19762915630942088,91,0.8198198198198198,0.37174006369142504,2,1,1.0
S4,3810,3870,60,30,0.0032532558798068377,0.25120425671024066,-0.5853630023089462,2.437695460021239,3.0230584623301855,-0.023765816401855468,0.09395136820102015,0.251225321699792,2650.7948150528873,4.336867795679117,22.2701132753525,-0.011972276884535938,21.343495992349293,145.0369043234051,107,106,107.0,5.83414121958592,3.386965265820477,0.5614150943396227,0.20277441227888904,0.3,0.91,123.50985926617439,47.46822218856032,65.93406593406593,200.0,134.06593406593407,0.252521165005055,0.20277441227888904,84,0.8,0.361184468182864,2,1,1.0
S4,3840,3900,60,30,-0.00011651716888554587,0.2403862941148736,-0.5283639497738493,1.6343836766806135,2.162747626454463,-0.02099718793313173,0.08310177933997055,0.24038632235327612,2426.9945269303935,4.557888888323221,24.089701951255726,-0.0016671294312348894,20.901133829375098,145.0295983121672,110,109,110.0,5.773848817331253,3.67602909431587,0.5458322411533421,0.20441395203683993,0.3,0.9742857142857143,127.38651532970309,48.29737110240159,61.583577712609966,200.0,138.41642228739005,0.28933855419179616,0.20441395203683993,90,0.8333333333333334,0.3744995927776523,2,1,1.0
S4,3870,3930,60,30,2.6800009779439615e-05,0.23484034616345267,-0.533311181068914,1.6080909833162078,2.1414021643851218,-0.01974196453078246,0.07792084675247792,0.23484034769266293,2316.299533985254,4.624423068993375,25.013292715360677,7.716452064643113e-06,20.337848047800996,141.47748749896277,113,112,113.0,5.5533511087391165,3.8241483895296633,0.5264795918367347,0.19928817646890115,0.3,0.9742857142857143,132.10758065214074,49.751272284112254,61.583577712609966,200.0,138.41642228739005,0.3011708475095053,0.19928817646890115,99,0.8918918918918919,0.3785297275695768,2,1,1.0
S4,3900,3960,60,30,0.0003700531631078079,0.24987921274862124,-0.6002800096613335,1.6103669628466228,2.2106469725079565,-0.022810937257896936,0.08596738915167042,0.24987948675954624,2622.469831934998,4.241624803229952,21.31558320768356,-0.00021185861623703765,21.814019974320747,144.22925608062766,99,98,99.0,6.59647681978327,3.048495877535119,0.6025655976676385,0.1718259436215734,0.3,0.9,111.38860187427774,42.78986553212027,66.66666666666667,200.0,133.33333333333331,0.19133859138646214,0.1718259436215734,48,0.4948453608247423,0.2851572414466793,2,1,1.0
S4,3930,3990,60,30,-0.00014261144877964225,0.26446086776452,-0.5719400100365994,1.6110692369525215,2.183009246989121,-0.025288820306471355,0.09852863755046276,0.2644609062163787,2937.4619785051063,3.96944287809816,18.803862033928016,0.0014047406138171055,23.11923187763412,144.31844699758747,87,86,87.0,7.711413850658418,1.0042509643045854,0.6946511627906978,0.08121180743668936,0.31,0.8485714285714285,88.00283335453459,14.940282001621416,70.70707070707071,193.5483870967742,122.8413163897035,0.062127738912477345,0.08121180743668936,14,0.16470588235294117,0.1169102015325625,2,1,1.0
S4,3960,4020,60,30,0.00026762678948252355,0.26319421942854,-0.5756370061016414,1.6390466801204806,2.2146836862221218,-0.02384793884719425,0.1027065379745321,0.26319435549551007,2909.3932881172714,4.0577369823433305,19.453166575983342,0.0011127183374292386,22.702907380871114,145.74516754236816,84,83,84.0,7.781764422771966,0.9591263456592581,0.7102237521514629,0.07803477562863496,0.31,0.8485714285714285,85.99398873732186,14.792413635232078,70.70707070707071,193.5483870967742,122.8413163897035,0.07177667788566588,0.07803477562863496,18,0.21951219512195122,0.1098735087248859,2,1,1.0
S4,3990,4050,60,30,-0.00024638664039658355,0.264815947845445,-0.6119337279032201,1.639046680122772,2.2509804080259923,-0.024182370944018206,0.102463756462273,0.26481606246536105,2945.356971465636,3.9986342067145486,19.09696925974435,5.3318677054615247e-05,22.824176851717358,146.97213968948054,88,87,88.0,7.464528673932407,1.7218143970402902,0.6807060755336616,0.11980883858312584,0.3,0.9328571428571428,92.37224053791631,25.637767265580145,64.31852986217459,200.0,135.68147013782541,0.1261838106014485,0.11980883858312584,26,0.3023255813953488,0.17600671257296743,2,1,1.0
S4,4020,4080,60,30,0.00022411248393366587,0.2684962307940596,-0.6119391903914531,1.6371732511857693,2.249112441577222,-0.024475713034501537,0.10448042297925013,0.2684963243268376,3027.79159943494,3.894615961729632,18.33740486993309,0.0006848855937158936,23.288592076986127,147.8516345601918,89,88,89.0,7.489562264811866,1.568048921831544,0.6749675324675324,0.11704917406774372,0.3,0.9328571428571428,92.92490249409526,25.00531171487125,64.31852986217459,200.0,135.68147013782541,0.1255218522712572,0.11704917406774372,32,0.367816091954023,0.173414525051061,2,1,1.0
S4,4050,4110,60,30,0.0026016243175194685,0.27466101057052456,-0.6311613248487504,2.211843713481009,2.8430050383297596,-0.02493773285055411,0.10738592887744403,0.2746733317537604,3168.7084454218752,3.8114949452506615,17.676445204767308,-0.00995217328792952,23.494958735658418,149.10607813942775,88,87,88.0,7.528900965044548,1.0255253079614277,0.6841871921182268,0.09045452850269838,0.38857142857142857,0.8871428571428571,89.49728026428909,14.163132092604709,67.6328502415459,154.41176470588235,86.77891446433645,0.08334616259417214,0.09045452850269838,25,0.29069767441860467,0.1322072812012943,2,1,1.0
S4,4080,4140,60,30,5.692386430107493e-05,0.2700499404357326,-0.615523795272828,1.6449467311635808,2.260470526436409,-0.024709671992247842,0.10174477163613979,0.2700499464352271,3062.9328899261,3.905068301292728,18.34864365739817,0.00027104173375026375,23.39659920093467,149.10611906038662,88,87,88.0,7.6045413162641005,1.2476828334421315,0.6848932676518885,0.10410000609175961,0.35285714285714287,0.8485714285714285,90.25498250066333,18.15189524231683,70.70707070707071,170.04048582995952,99.33341512288881,0.098367790036951,0.10410000609175961,25,0.29069767441860467,0.15199449462930134,2,1,1.0
S4,4110,4170,60,30,2.1569199376534037e-05,0.2645420743294133,-0.6045616866500396,1.6513649658644676,2.255926652514507,-0.022591002335090253,0.09485506194517614,0.2645420752087259,2939.2654013410465,4.052206539078829,19.569696781396388,-6.049745543170034e-05,22.894082113449784,149.63687188171897,84,83,84.0,7.757946194908922,1.2674738172339661,0.7132874354561102,0.10527697961179312,0.30428571428571427,0.8642857142857143,87.2265642165776,22.301790814411962,69.42148760330578,197.1830985915493,127.76161098824353,0.09287282097609474,0.10527697961179312,28,0.34146341463414637,0.14759404747466773,2,1,1.0
S4,4140,4200,60,30,-1.3510932487285394e-05,0.26517319121425814,-0.6250075491723279,1.6523563401711876,2.2773638893435155,-0.022950682892544164,0.09535793734307908,0.26517319155845825,2953.3065038945497,4.009271277522599,19.285379694336914,0.0007480869530443539,22.833063398084295,149.63687187911876,85,84,85.0,7.650926807905901,1.4715406584275164,0.7036054421768708,0.11777011344364276,0.30428571428571427,0.9214285714285714,89.21177141974002,24.970197008102442,65.11627906976744,197.1830985915493,132.06681952178187,0.11717800992226954,0.11777011344364276,31,0.37349397590361444,0.1673809018294062,2,1,1.0
S4,4170,4230,60,30,0.00017143094114050548,0.2677541869090279,-0.6255946283548643,1.6355119836312901,2.2611066119861545,-0.02426248192267344,0.0947868733351712,0.2677542417887758,3011.078027827054,3.9520702692093397,18.670471229735863,-0.0003960930563724264,23.189491765766014,150.57116307895262,86,85,86.0,7.686180970398452,1.0014101386772343,0.7010084033613444,0.08223668693766278,0.3157142857142857,0.9214285714285714,87.11238128162039,14.076918109360646,65.11627906976744,190.0452488687783,124.92896979901084,0.08613262424978989,0.08223668693766278,23,0.27380952380952384,0.11731198448312004,2,1,1.0
S4,4200,4260,60,30,2.5406656034918206e-05,0.2632337332996989,-0.6145933205707472,1.6370682041228954,2.2516615246936427,-0.024228742747391473,0.09282594136397432,0.26323373452579213,2910.2639576805987,4.080411781407745,19.608136082018376,0.00024838818199976177,22.793745777014173,150.57116302121125,84,83,84.0,7.750702244743685,1.0089183027941597,0.7158347676419966,0.08554004229289192,0.30428571428571427,0.8557142857142858,85.55063188535048,15.62437512565515,70.11686143572621,197.1830985915493,127.0662371558231,0.0823148479687442,0.08554004229289192,21,0.25609756097560976,0.11949690928629526,2,1,0.8049047619047619
S5,270,330,60,30,0.00011084973228133931,0.23864789386675855,-0.8540638357853186,1.6268407573620127,2.4809045931473315,-0.02533983543946387,0.06707076778531515,0.2386479196110932,2392.0188404575174,3.7722901988751323,22.436713053906114,0.0006182181990255937,21.219638257908514,160.36680904480272,126,125,126.0,5.346386893982187,4.386779367558636,0.47575999999999996,0.15883637438751688,0.30857142857142855,0.9785714285714285,139.82671663576923,42.43849610366976,61.31386861313869,194.44444444444446,133.13057583130578,0.2820712736584582,0.15883637438751688,122,0.9838709677419355,0.3338581940211806,1,0,0.8438095238095238
S5,300,360,60,30,-2.122730495244003e-05,0.2395579526988184,-0.8413097002078771,1.6269080670169571,2.468217767224834,-0.02548561765856878,0.07029761098214687,0.23955795363929747,2410.2965523776074,3.7075116321367636,22.219902193668847,0.0013165612404160633,21.382007558128464,157.50544935306664,127,126,127.0,5.338275772715914,4.408652848027345,0.46911564625850344,0.15020791735711694,0.30857142857142855,0.8928571428571429,140.98524813027504,41.81050106658089,67.2,194.44444444444446,127.24444444444445,0.2746994498631223,0.15020791735711694,122,0.976,0.32019379135000275,1,0,1.0
S5,330,390,60,30,5.836975317202467e-05,0.2373105359499355,-0.8413097000079585,1.6269080668852487,2.4682177668932073,-0.025167990400930276,0.06303128178405545,0.23731054312835265,2365.284342954696,3.8369676188887962,22.935266204587872,-0.0004695801336418711,21.215187572998566,157.50544936331457,124,123,124.0,5.417742346557023,4.4358795467812095,0.48052264808362377,0.1650030059701432,0.31142857142857144,0.9,139.47946199052336,43.762528326819826,66.66666666666667,192.6605504587156,125.99388379204892,0.2924713858522263,0.1650030059701432,120,0.9836065573770492,0.3433823704838742,1,0,1.0
S5,360,420,60,30,8.676062113781721e-05,0.2316732426536409,-0.8107116133639065,1.595527644309976,2.4062392576738825,-0.024861223068937087,0.0551671444787014,0.23167325889937787,2254.2449533404433,4.015163726704225,24.27447000273362,0.0005120095297625747,20.613428065676434,156.09154115855597,122,121,122.0,5.410161759623027,4.492618925927556,0.4859740259740259,0.16233423373002728,0.31142857142857144,0.9,138.08044034348111,44.43384727573478,66.66666666666667,192.6605504587156,125.99388379204892,0.3047416938982915,0.16233423373002728,119,0.9916666666666667,0.3340389095994683,1,0,1.0
S5,390,450,60,30,-0.0002453338217773417,0.2321748254712851,-0.760050127361594,1.5740839465287269,2.334134073890321,-0.0265918550834185,0.05680616402670276,0.23217495509056485,2264.018810394844,4.012721522307426,24.227920065078813,-0.0003407547379909417,20.630703442083853,151.72029457770572,126,125,126.0,5.272163420339834,4.480797247335396,0.4749028571428572,0.1486341994870052,0.3057142857142857,0.9742857142857143,139.3436255355584,42.106201736148826,61.583577712609966,196.26168224299064,134.67810453038066,0.28693297118650735,0.1486341994870052,124,1.0,0.31297811173684736,1,0,1.0
S5,420,480,60,30,7.321646139229808e-05,0.2315643675264467,-0.757456573480069,1.599175055680363,2.356631629160432,-0.026919320962042956,0.05560424000720698,0.2315643791013063,2252.126590080087,4.067418945350406,24.501843356792726,0.00026801506920273965,20.558465639636072,151.72029457807915,125,124,125.0,5.303966240157802,4.469410420214021,0.47565668202764977,0.15170214822893188,0.3057142857142857,0.9742857142857143,139.2267225543559,41.78644422683415,61.583577712609966,196.26168224299064,134.67810453038066,0.2903526517060693,0.15170214822893188,123,1.0,0.3189320237912972,1,0,1.0
S5,450,510,60,30,0.00253457696007594,0.2326097690986861,-0.7655712798355822,2.2281343731051537,2.993705652940736,-0.02635130554222729,0.054429992764965705,0.23262357739599532,2272.776607941446,4.116011469102628,24.934998356396044,-0.011698878185684951,20.322173110356132,148.9898809315278,122,121,122.0,5.234679632937279,4.433991190932105,0.48911452184179455,0.16013837583905982,0.3242857142857143,0.9171428571428571,136.60031694488652,43.03809240459021,65.42056074766356,185.02202643171805,119.60146568405449,0.310777415590027,0.16013837583905982,120,1.0,0.3274046643228823,1,0,1.0
S5,480,540,60,30,0.0001784970694809628,0.2297687262010041,-0.7502625075968774,1.595158740263206,2.3454212478600835,-0.027676694604250447,0.05484435552710191,0.2297687955341974,2217.335374851904,4.120136557486561,25.02150661705367,0.0002526518587782452,20.39666246315893,150.02364325134212,123,122,123.0,5.346444387682326,4.49092340275582,0.48796252927400463,0.156999819724533,0.32142857142857145,0.7157142857142857,136.67279839548044,42.83407566631895,83.83233532934132,186.66666666666666,102.83433133732534,0.30941805779799364,0.156999819724533,120,0.9917355371900827,0.3217456470645786,1,0,1.0
S5,510,570,60,30,0.00015658024706615692,0.2314984710095455,-0.7502435627917197,1.5956381980149885,2.345881760806708,-0.02807787967933331,0.05802082907203956,0.23149852396318027,2250.845797079508,4.13558376073151,24.81741572266256,-0.001149525611951191,20.37326519702295,150.0220855159377,123,122,123.0,5.303744496561996,4.441332052122255,0.4879156908665105,0.15542785115088562,0.32142857142857145,0.7242857142857143,136.31048507499332,42.137384713511516,82.84023668639053,186.66666666666666,103.82642998027613,0.3051215164835442,0.15542785115088562,120,0.9917355371900827,0.31855472996749623,1,0,1.0
S5,540,600,60,30,0.0001407330074162634,0.2313845651500086,-0.7374830742269778,1.5875093135954428,2.3249923878224203,-0.02585287791368139,0.056908399207071615,0.23138460794840687,2248.6311454083943,4.155016388282432,24.880329583642585,-0.00011290930904946377,20.372462280846772,149.59176875367342,123,122,123.0,5.28019224477808,4.457087367910894,0.4823067915690867,0.1469005584137516,0.32285714285714284,0.7242857142857143,136.80840629723235,40.94305632198043,82.84023668639053,185.8407079646018,103.00047127821126,0.29068225154127736,0.1469005584137516,121,1.0,0.30457907908748416,1,0,1.0
S5,570,630,60,30,-0.00020671916469989384,0.22823017567679016,-0.737483092299119,1.5797544846318623,2.317237576930981,-0.024134507475349606,0.05334506019475496,0.22823026929456913,2187.7403445354053,4.192405263458463,25.505990062627433,-0.0001429411952602365,20.195255968863652,149.5917687195027,122,121,122.0,5.281642673680599,4.540504024127159,0.4887367178276269,0.15186280104686417,0.31857142857142856,0.7385714285714285,135.6401667106413,41.64904941470183,81.23791102514507,188.34080717488789,107.10289614974282,0.3006377574831375,0.15186280104686417,120,1.0,0.31072517268985883,1,0,1.0
S5,600,660,60,30,5.213412511786098e-05,0.22523800048163317,-0.7196890517046559,1.5787831287779968,2.2984721804826527,-0.02345603989344533,0.04992600750462986,0.2252380065151776,2130.75070231511,4.273435122704787,26.33303559713578,0.00038544313934937906,19.93516193970735,148.1251271255372,119,118,119.0,5.367034721279969,4.588280760750571,0.5010532687651331,0.16525311842741794,0.31285714285714283,0.7628571428571429,134.09148147904537,43.68743392172517,78.65168539325842,191.78082191780823,113.1291365245498,0.3282166954888611,0.16525311842741794,117,1.0,0.32981147660146237,1,0,1.0
S5,630,690,60,30,-0.00021470380752382052,0.2534589224604663,-0.8995145702832594,3.5950620884528868,4.494576658736146,-0.023701141955121695,0.05341460747248715,0.25345901339772003,2698.1418018469167,4.037006468974856,30.731488813995384,0.029370592525478686,19.90653618759879,148.01760145609856,117,116,117.0,4.8565750212491725,4.0700427772946295,0.5107266009852217,0.17238653681461058,0.31285714285714283,1.0014285714285713,131.9591149615182,43.428287065524366,59.91440798858774,191.78082191780823,131.86641392922047,0.33491354219461117,0.17238653681461058,115,1.0,0.3375319329012172,1,0,1.0
S5,660,720,60,30,4.551328092366658e-05,0.22603973745287234,-0.7412474698134888,1.5879952630418002,2.329242732855289,-0.024592748105976267,0.05225220025509687,0.22603974203493998,2145.9465291273327,4.222409806779072,26.031790914277856,2.72710257767057e-06,19.984184248686212,148.71031409057542,119,118,119.0,5.397882385040998,4.554494320782148,0.5019612590799031,0.162150648510968,0.32142857142857145,0.7642857142857142,133.13590420050977,42.350595013906954,78.50467289719627,186.66666666666666,108.16199376947039,0.32129705625848765,0.162150648510968,117,1.0,0.32303418954719887,1,0,1.0
S5,690,750,60,30,0.00182790333633752,0.22966477198880153,-0.745513325993009,1.5759584598771257,2.3214717858701346,-0.025885795043839595,0.05563813007334468,0.22967204602057079,2215.468446377558,4.066720910900945,24.51506697195846,0.0005150022951916822,20.193526771906814,148.71031409844335,121,120,121.0,5.320874117475591,4.494342240003863,0.4880714285714286,0.1517524221192124,0.3242857142857143,0.7114285714285714,135.84326063501194,41.67704713421282,84.33734939759036,185.02202643171805,100.68467703412769,0.30126825615674185,0.1517524221192124,119,1.0,0.3109225683695263,1,0,1.0
S5,720,780,60,30,-6.215547944349617e-05,0.22948991632914578,-0.7782332589773466,1.5770395758292823,2.355272834806629,-0.025579833676218695,0.052562000828989465,0.22948992474629892,2211.956273522602,4.16012425660791,25.162674139313538,-0.0007115527140207161,20.333593078833434,150.3263060842115,123,122,123.0,5.307505964004169,4.501703070489991,0.4866861826697892,0.1530928238894464,0.32571428571428573,0.9714285714285714,136.15007398616942,41.40468215615846,61.76470588235294,184.21052631578945,122.44582043343651,0.2940981853412485,0.1530928238894464,121,1.0,0.31456168130690093,1,0,1.0
S5,750,810,60,30,0.0001087818397463445,0.22698865041322688,-0.7782332590567826,1.5770394849580045,2.355272744014787,-0.023907720467256983,0.049052807130255074,0.22698867647948165,2164.002088496085,4.233370610875886,25.848657668229446,1.064444875062454e-05,20.093622879381066,150.32630608472587,120,119,120.0,5.375717897864947,4.545813025110658,0.49261704681872753,0.159308585756451,0.3271428571428571,0.9714285714285714,135.27744604740522,42.15612834019166,61.76470588235294,183.4061135371179,121.64140765476496,0.30698655857596785,0.159308585756451,118,1.0,0.32339235271140165,1,0,1.0
S5,780,840,60,30,4.656106720782537e-05,0.22528358898619896,-0.7293522897953586,1.575583944202811,2.30493623399817,-0.023604517710905118,0.048038463048489535,0.22528359379776328,2131.613300646295,4.264431451817846,26.295706227438252,0.0003255337959214961,19.914580287297376,148.23800196526267,119,118,119.0,5.378687238897993,4.58305873785964,0.4975060532687651,0.16135046927202365,0.3314285714285714,0.74,134.4001041670437,42.73979454145131,81.08108108108108,181.0344827586207,99.95340167753962,0.3193359639556088,0.16135046927202365,117,1.0,0.32431860519465505,1,0,1.0
S5,810,870,60,30,0.00013115174485495002,0.22725656561510282,-0.7293522887287525,1.6003057967668959,2.329658085495648,-0.02404755909317035,0.048873092093236585,0.22725660345950724,2169.113680269972,4.240148849953293,25.8773327538051,-0.0006312405465358813,20.107749915216786,149.82147146812198,122,121,122.0,5.29938278439816,4.544489921574878,0.48884297520661163,0.15989606107540869,0.31,0.74,136.5141182888628,42.414018861229664,81.08108108108108,193.5483870967742,112.46730601569313,0.30991964615820977,0.15989606107540869,117,0.975,0.3270908434509628,1,0,1.0
S5,840,900,60,30,0.00015498902702104186,0.2266048103657481,-0.728817671445106,1.6003057967684353,2.3291234682135413,-0.02349392739736915,0.04554144998300463,0.22660486336902644,2156.690092304796,4.281078860150707,26.14984047739251,-0.00035050146427204954,20.058980777789536,149.8214714634116,122,121,122.0,5.294279956369699,4.552371791763406,0.49246753246753244,0.1628972174642077,0.31,0.7371428571428571,135.92456870311688,42.86396544735138,81.39534883720931,193.5483870967742,112.1530382595649,0.3164899972627049,0.1628972174642077,117,0.975,0.3307775776567509,1,0,1.0
S5,870,930,60,30,8.681094712015932e-05,0.22440716329332933,-0.7208453185146813,1.5826773986751055,2.3035227171897867,-0.022733865135743454,0.04570241144976965,0.22440718008454968,2115.0604638869795,4.304105975569771,26.599456601155833,0.0004564998957922138,19.87405215247838,147.8106855133869,119,118,119.0,5.381139176582787,4.595621622393602,0.49903147699757866,0.16182213069894935,0.32857142857142857,0.7371428571428571,134.089345812668,42.882198949310464,81.39534883720931,182.6086956521739,101.2133468149646,0.3213941102134393,0.16182213069894935,117,1.0,0.3242723919391853,1,0,1.0
S5,900,960,60,30,3.359315766215856e-05,0.2283800440438457,-0.7350702035727479,1.583445615691416,2.3185158192641637,-0.024701390296037573,0.04895721909953415,0.2283800465145087,2190.6127171307044,4.200771650339408,25.3915848785296,-0.000309079861077599,20.425372583142963,150.21689999562304,123,122,123.0,5.354616991545474,4.513771786617208,0.4896370023419204,0.15759988484373047,0.31857142857142856,0.8557142857142858,135.8111085295901,41.825337923002174,70.11686143572621,188.34080717488789,118.22394573916168,0.2966671846559343,0.15759988484373047,120,0.9917355371900827,0.3218708637009346,1,0,1.0
S5,930,990,60,30,0.0002234676866190066,0.23298088681577728,-0.7510370329954249,1.588810398779745,2.33984743177517,-0.02618586224823949,0.05189712946694439,0.23298099398721991,2279.766029489466,4.101730599767823,24.305030357235953,-0.0010803710303386,21.07039583763125,153.4706259023086,122,121,122.0,5.532130235432737,4.43026865717724,0.49181818181818177,0.16760926458875255,0.31857142857142856,0.9342857142857143,135.9407955284351,42.18133521141346,64.22018348623854,188.34080717488789,124.12062368864935,0.28253396641266115,0.16760926458875255,116,0.9666666666666667,0.34079517753720484,1,0,1.0
S5,960,1020,60,30,6.941309672907997e-05,0.2288929347944038,-0.7510690279722765,1.588807019042432,2.3398760470147084,-0.02519569307110512,0.04800104584535877,0.2288929453193637,2200.463177512875,4.220337025432457,25.501445292466787,0.00015463662670020344,20.748894162081957,153.47026893947796,120,119,120.0,5.545444796936084,4.514038225436678,0.4975870348139256,0.17360224042409753,0.31,0.9757142857142858,135.2653498351937,43.482157457294086,61.49341142020498,193.5483870967742,132.05497567656923,0.2976426754139985,0.17360224042409753,115,0.9745762711864406,0.3488881909654593,1,0,1.0
S5,990,1050,60,30,-0.000276927111931324,0.22740491577439628,-0.7548264784483173,1.5840402442735644,2.338866722721882,-0.024476158745805852,0.04750172915113384,0.22740508439123694,2171.949041093395,4.249019578343088,25.82903673911619,-0.0005078359312161218,20.54875679996228,149.60515423014638,121,120,121.0,5.458218988244145,4.545743731574035,0.4922738095238095,0.1696963570609966,0.31,0.9757142857142858,136.31652578543168,43.20040059874899,61.49341142020498,193.5483870967742,132.05497567656923,0.30511075722190806,0.1696963570609966,118,0.9915966386554622,0.34471945039113233,1,0,1.0
S5,1020,1080,60,30,9.964900693126243e-05,0.22916972750794823,-0.7548264782630862,1.6115993979799927,2.366425876243079,-0.024564076020182166,0.049701225999536844,0.2291697491729478,2205.788505311656,4.186911343307286,25.113630263764673,-8.704825136562318e-05,20.637467780163323,150.35451888288117,116,115,116.0,5.687518779267872,4.462487798391905,0.5143726708074534,0.19183337998703487,0.31857142857142856,0.9671428571428572,132.54520762120129,44.45539258427682,62.03840472673559,188.34080717488789,126.30240244815229,0.3015203746695273,0.19183337998703487,109,0.956140350877193,0.37294629142310015,1,0,1.0
S5,1050,1110,60,30,0.0025017596695130163,0.2365827995347372,-0.7938189040926723,2.223285993057354,3.017104897150026,-0.02518941749303146,0.05705850833827346,0.23659602667233798,2351.0625531597816,4.066375122520417,23.949992042500167,-0.009904842618226828,21.042584717925504,155.16712340065897,118,117,118.0,5.5518287765330605,4.3185067740862815,0.5097802197802198,0.1942782279122731,0.31,0.9671428571428572,133.95995168293152,44.56068819579099,62.03840472673559,193.5483870967742,131.5099823700386,0.2889565115854189,0.1942782279122731,110,0.9482758620689655,0.3811019344689987,1,0,1.0
S5,1080,1140,60,30,8.29778048516427e-05,0.23489184728467538,-0.7938189041335476,1.6016146685615311,2.3954335726950786,-0.025735195407268138,0.05758199353603927,0.23489186194102887,2317.3158458571816,4.039217674870875,23.92725550150823,9.967196922771064e-05,21.22758243321652,155.16712340050313,129,128,129.0,5.2907483701418,4.415588577868756,0.462421875,0.14106742293067062,0.31,0.8871428571428571,141.83659677801847,40.3161623197954,67.6328502415459,193.5483870967742,125.91553685522831,0.2643020698432253,0.14106742293067062,127,1.0,0.3050621749472181,1,0,1.0
S5,1110,1170,60,30,-0.0005581380963456599,0.2557523972185038,-0.847473453154168,3.471857186667113,4.319330639821281,-0.025185205620415554,0.05585565200682658,0.25575300624068126,2747.2032084481298,3.8712932154400783,27.63709296016696,0.02804761682081453,20.92713020556136,151.5969484087152,122,121,122.0,4.96913079520659,4.061980611194943,0.4867650531286895,0.16177844132668645,0.31285714285714283,0.97,137.2170824164807,43.07365505853335,61.855670103092784,191.78082191780823,129.92515181471543,0.2988593678784513,0.16177844132668645,120,1.0,0.33235426472556556,1,0,1.0
S5,1140,1200,60,30,-2.2036055339030193e-05,0.23238570509723752,-0.7930052106716252,1.606445581961044,2.399450792632669,-0.025230712846543307,0.0510340984305,0.23238570614202583,2268.130889603375,4.037917015181103,24.499502624622945,0.00015004429345807075,21.32395904453122,157.98161919169135,125,124,125.0,5.446370832508135,4.52201681241653,0.480794930875576,0.15810777301386766,0.3171428571428571,0.8771428571428571,138.5089732079774,42.65202495865406,68.40390879478828,189.1891891891892,120.78528039440091,0.2787351732934462,0.15810777301386766,120,0.975609756097561,0.32884658897284436,1,0,1.0
S5,1170,1230,60,30,0.0018570045995817761,0.2376917773886161,-0.7977654588845983,1.6064515844434106,2.404217043328009,-0.02558636486982884,0.05775232084641215,0.23769903134897774,2373.0348391781763,3.8395297513351916,22.699311085916257,0.001075364363526274,21.81115706317831,157.98163793457343,119,118,119.0,5.730376693215018,4.415880236522583,0.4989104116222762,0.19093035143602669,0.30857142857142855,0.9557142857142857,136.5810893165565,44.66784655394864,62.780269058295964,194.44444444444446,131.6641753861485,0.26834132064258615,0.19093035143602669,108,0.9230769230769231,0.38269466218431936,1,0,1.0
S5,1200,1260,60,30,0.00010459506561725344,0.23457595841723122,-0.7788136248121521,1.5867763997106983,2.3655900245228505,-0.02694175882184656,0.05918785996372956,0.23457598173617508,2311.0874307145946,4.020586918197261,23.913538497612844,-0.001256557477254853,21.354555477486898,155.4616492613732,124,123,124.0,5.525368835145002,4.390763115868608,0.48639953542392567,0.17585434392380137,0.30857142857142855,0.9557142857142857,138.5232727662095,43.78687798073022,62.780269058295964,194.44444444444446,131.6641753861485,0.27863552376185063,0.17585434392380137,117,0.9590163934426229,0.3615429931908426,1,0,1.0
S5,1230,1290,60,30,0.00013112319218547435,0.23052481021316187,-0.856750008126016,1.6088723738165296,2.465622381942546,-0.02689831684738602,0.06079116589314,0.23052484750478816,2231.951623318445,4.012000045839216,24.316651509088842,-0.0008247810831263783,20.476918296220134,152.0340783588076,125,124,125.0,5.3394634448243705,4.372101105262466,0.4821082949308756,0.1548990904837994,0.31142857142857144,0.9485714285714286,138.1670469267599,43.17008487220141,63.253012048192765,192.6605504587156,129.40753841052282,0.29392053614248365,0.1548990904837994,121,0.983739837398374,0.32129521958548496,1,0,1.0
S5,1260,1320,60,30,0.0001659284620017034,0.22773425661301572,-0.73610368807391,1.6082787352299643,2.344382423303874,-0.026201824794711576,0.0572705595595027,0.22773431706121366,2178.2426050281706,4.135550136197394,25.240104026432483,0.00022382320418446434,20.43559343544586,152.03407494104968,124,123,124.0,5.386031736841267,4.4584279164829175,0.48363530778164926,0.1516481273837296,0.32,0.7085714285714285,137.41269177323323,42.7237138921975,84.67741935483872,187.5,102.82258064516128,0.29876258685694457,0.1516481273837296,120,0.9836065573770492,0.3135588426728253,1,0,1.0
S5,1290,1350,60,30,-0.003279714833570089,0.23328785477850875,-1.523869350295994,1.6574849040471564,3.1813542543431503,-0.027899584285463394,0.06030126670826675,0.2333109078387638,2286.227148095021,3.710514383209349,23.61750572659972,0.002140637416840283,20.50129734458068,165.90811037405993,124,123,124.0,5.299785140172841,4.323931063961012,0.4849825783972126,0.15655357421001687,0.32,1.012857142857143,137.19663712951,42.38208513759909,59.23836389280677,187.5,128.26163610719323,0.3009280004008032,0.15655357421001687,122,1.0,0.3228024699926348,1,0,1.0
S5,1320,1380,60,30,9.137509055426486e-05,0.22834195159814952,-0.8959318624252542,1.575712234046828,2.4716440964720823,-0.02856462498939511,0.057369686751448074,0.22834196988083205,2189.88231878047,4.1117671585935724,25.007137954849075,-0.007765912899399413,20.58576123533006,151.3117489797149,126,125,126.0,5.356436875947216,4.430996981720207,0.4790285714285714,0.14907744597342412,0.3157142857142857,0.7042857142857143,138.22619538492683,41.907965210308404,85.19269776876267,190.0452488687783,104.85255110001562,0.29429267697906164,0.14907744597342412,124,1.0,0.3112078378307196,1,0,1.0
S5,1350,1410,60,30,0.00013504450672888793,0.22600281664076155,-0.77536748919747,1.5951041119585834,2.370471601156053,-0.027234578278040968,0.056708858379455634,0.22600285698764186,2145.246237396213,4.194766151884881,25.714991843366846,0.0020725383419856478,20.388530701800498,150.27930704948542,123,122,123.0,5.454226680551364,4.46722925604949,0.48400468384074946,0.16115359051903994,0.3157142857142857,0.8528571428571429,138.06468690981308,42.96094866933513,70.35175879396985,190.0452488687783,119.69349007480844,0.31137876945470716,0.16115359051903994,121,1.0,0.3329587417217305,1,0,1.0
S5,1380,1440,60,30,0.0005353694419635299,0.22654017401700458,-0.7445173562493137,1.5951041136085022,2.339621469857816,-0.027394583178572976,0.05664872259376577,0.2265408066201189,2155.470956691953,4.173606118112823,25.600758863317857,0.00032492402130456806,20.467173410119106,150.68562588317357,123,122,123.0,5.440016151394978,4.487164373571232,0.481967213114754,0.15868640765421746,0.32,0.8528571428571429,138.2132481753657,42.34067012543876,70.35175879396985,187.5,117.14824120603015,0.307138573869807,0.15868640765421746,121,1.0,0.3292473083982064,1,0,1.0
S5,1410,1470,60,30,-0.00020610389941215767,0.2299786208139291,-0.7649335686583064,1.592891667068437,2.3578252357267435,-0.029688848580473298,0.05973534940232682,0.22997871316775026,2221.3887574323626,4.123476445701536,24.844839388925227,0.00042615912221095724,20.84594762982413,151.2927199738562,127,126,127.0,5.361343337238724,4.421477149652091,0.4674263038548754,0.13936642464667454,0.3157142857142857,0.7228571428571429,140.3453844017224,40.463054324354715,83.00395256916995,190.0452488687783,107.04129629960833,0.27293554595343195,0.13936642464667454,125,1.0,0.298157000359878,1,0,1.0
S5,1860,1920,60,30,6.155694164797385e-05,0.23401256770822867,-0.7506793550547753,1.5958749275055388,2.346554282560314,-0.024792783486537545,0.047524038865584615,0.23401257580449683,2299.999196655526,4.132472156075851,24.339145319326214,0.0001323881143880509,21.394681512418202,155.88105373684746,103,102,103.0,6.490321262764782,4.2009782659633625,0.5832773109243697,0.22590315718019827,0.3142857142857143,0.96,120.86297950833594,48.40798178205397,62.5,190.9090909090909,128.4090909090909,0.26220435053346175,0.22590315718019827,77,0.7623762376237624,0.3872997508203947,3,0,0.9604761904761905
S5,1890,1950,60,30,0.00016119796025453007,0.23369333555995778,-0.7924159724331814,1.6432283255624152,2.4356442979955966,-0.022515387870681754,0.04763532920849906,0.23369339115585067,2293.7292449366996,4.085821890994243,24.40060573313168,-0.0005352809753702205,21.680982353082605,161.4823294665872,86,85,86.0,7.658476682888818,3.7745614791322692,0.6970588235294118,0.2347453324128348,0.3157142857142857,1.012857142857143,100.87039863163443,45.48477922272785,59.23836389280677,190.0452488687783,130.8068849759715,0.3081113507652056,0.2347453324128348,49,0.5833333333333334,0.33676545578212586,3,0,1.0
S5,1920,1980,60,30,0.00010120485431596551,0.23385109577138352,-0.7924309089148438,1.6432283250924085,2.435659234007252,-0.023073784951761954,0.0503772924331577,0.23385111767083627,2296.826499907771,4.057227834089871,24.290599454992112,-0.0004592845501958086,21.74259712987953,161.48236070680662,99,98,99.0,6.78330697246914,4.208828959245882,0.605189504373178,0.23411591547923213,0.3142857142857143,1.012857142857143,117.10290438842766,48.41637899809323,59.23836389280677,190.9090909090909,131.67072701628413,0.3010670762285492,0.23411591547923213,73,0.7525773195876289,0.3868472830204095,3,0,1.0
S5,1950,2010,60,30,7.656804865697827e-06,0.23288700817670765,-0.7744008060097703,1.6041155415905695,2.37851634760034,-0.023737517754453145,0.05067793801077133,0.23288700830257697,2277.9270627172314,4.082682813226505,24.434860908479617,0.00011344460444889792,21.675205131546868,159.20818455546058,111,110,111.0,6.136403969843749,4.387913865614021,0.5364935064935064,0.21210226437152055,0.30428571428571427,0.97,130.2938828094844,48.767412420651056,61.855670103092784,197.1830985915493,135.32742848845652,0.2931974814915156,0.21210226437152055,95,0.8715596330275229,0.3953491734835896,3,0,1.0
S5,1980,2040,60,30,0.0009122668557167843,0.23318491668813396,-0.7744012608758841,1.7701016717185294,2.5445029325944137,-0.02297439529559904,0.05351651537373912,0.23318670116811555,2283.793579270057,4.118146230856409,24.62149913384282,-0.003989845316252191,21.483562616923898,159.20832469132506,119,118,119.0,5.677469452922496,4.4530390117549645,0.5073486682808718,0.18927689918929605,0.30428571428571427,0.97,135.32603818680627,47.43660997671711,61.855670103092784,197.1830985915493,135.32742848845652,0.31760389000083034,0.18927689918929605,113,0.9658119658119658,0.37307065342391127,3,0,1.0
S5,2010,2070,60,30,0.00013252348747573855,0.23271749135443845,-0.7602484023979141,1.6060856817742106,2.3663340841721245,-0.023348679515309893,0.05049561173672848,0.23271752908790064,2274.6128304806707,4.119994985866598,24.656088450859688,3.8786949587273625e-05,21.47267566448991,154.90706409824404,120,119,120.0,5.647512621253193,4.4740164147707295,0.5023169267707084,0.1844616534163364,0.31142857142857144,0.9671428571428572,135.71488807584473,46.07596401258116,62.03840472673559,192.6605504587156,130.62214573198,0.3052346546452461,0.1844616534163364,115,0.9745762711864406,0.367221655464016,3,0,1.0
S5,2040,2100,60,30,0.00019922766239335578,0.23196319565881843,-0.7586770494724333,1.591151617343835,2.3498286668162685,-0.023482985205775204,0.05022574003293085,0.23196328121474902,2259.892480940335,4.10027688171354,24.706556767999405,0.0003272378019618011,21.537546363700894,155.2101352940637,125,124,125.0,5.467453799453899,4.524216896562311,0.47759216589861747,0.16275103331715787,0.30857142857142855,0.9671428571428572,139.86122780962287,43.45418842160355,62.03840472673559,194.44444444444446,132.40603971770886,0.2736596368015121,0.16275103331715787,121,0.983739837398374,0.3407740849578894,3,0,1.0
S5,2070,2130,60,30,8.471374967807737e-05,0.23519265947569176,-0.7708104909935297,1.6063972980136991,2.3772077890072287,-0.025631653980772717,0.05387499380114615,0.23519267473216102,2323.25495840206,4.044796409766516,23.98109175256055,-0.00014557443004067276,21.875041721201182,156.0775104189806,129,128,129.0,5.407321381955957,4.443494154971652,0.4658928571428571,0.15555898218610043,0.30857142857142855,0.9,142.31245365627223,42.05250172604254,66.66666666666667,194.44444444444446,127.77777777777779,0.25722527113266314,0.15555898218610043,123,0.968503937007874,0.33389432742129643,3,0,1.0
S5,2100,2160,60,30,2.4251209563531142e-05,0.2352994525318791,-0.7895549922659032,1.606397297928409,2.395952290194312,-0.025159418725729372,0.05659060891393502,0.2352994537816082,2325.364983896773,4.015547879765588,23.82529770159404,0.00041086928400999284,21.89131828977959,157.53814937025214,123,122,123.0,5.647518631260971,4.4175087312979375,0.48416861826697893,0.1819874287626276,0.31142857142857144,0.9957142857142857,139.7725975142668,44.1751339738225,60.25824964131994,192.6605504587156,132.40230081739566,0.27873397612862627,0.1819874287626276,116,0.9586776859504132,0.37587613466983644,3,0,1.0
S5,2130,2190,60,30,-0.0003651037945234881,0.2479660822147519,-0.9186263908387743,3.0434689052892776,3.962095296128052,-0.022556747044579564,0.058831194687439775,0.24796635100294126,2582.4670716479823,3.8471193017369534,25.087574002156455,0.021256890748076865,21.462021490590498,157.53823887772293,104,103,104.0,5.979258319462322,4.11997575244818,0.5752011095700416,0.2335561570095569,0.3142857142857143,0.9957142857142857,123.83632483206355,49.81273871343445,60.25824964131994,190.9090909090909,130.65084126777097,0.3292517010936606,0.2335561570095569,87,0.8529411764705882,0.40604260514055396,3,0,1.0
S5,2160,2220,60,30,0.00011071406494199148,0.23076079448894363,-0.7679663340711794,1.619762505123462,2.3877288391946414,-0.023239429830840163,0.05534906960622896,0.2307608210480554,2236.523374292451,4.069688729933688,24.865440036515615,-0.00014018272897191986,21.278597332407,155.96764263325574,115,114,115.0,5.806238719952221,4.527310229542164,0.5192982456140351,0.19911577231501681,0.3171428571428571,0.94,133.16401581919928,47.491557487192196,63.829787234042556,189.1891891891892,125.35940195514664,0.3176846433161041,0.19911577231501681,104,0.9203539823008849,0.38343239939040397,3,0,1.0
S5,2190,2250,60,30,0.0014064861492314275,0.2319977825054614,-0.800220102018354,1.6032626016978087,2.4034827037161626,-0.02493125438179548,0.0524535759084426,0.23200204587619339,2260.647870211052,4.075435365867261,24.569581458737495,0.000391900231806538,21.423425619536467,159.8795923985185,119,118,119.0,5.655778916586271,4.513602710954041,0.49819612590799034,0.18367933610358253,0.31285714285714283,0.94,136.7605097835764,45.9748108999624,63.829787234042556,191.78082191780823,127.95103468376567,0.2880818572256591,0.18367933610358253,109,0.9316239316239316,0.36868880858681236,3,0,0.7728571428571429
S5,3600,3660,60,30,0.0001015270973749076,0.2995255897683557,-1.043726206379239,1.6615929550682178,2.7053191614474565,-0.013043491199949755,0.11374658328808701,0.2995256069751513,3768.0547478209783,2.278540309009488,12.333383925214099,0.0021088675512635066,29.390692444182275,179.88716670777282,100,99,100.0,8.270846644754748,0.8219683554196817,0.6030735930735931,0.02789115372010512,0.49857142857142855,0.67,99.70398298838764,4.63756293752846,89.55223880597015,120.34383954154728,30.791600735577134,0.015491395685182322,0.02789115372010512,1,0.01020408163265306,0.046248341894654245,2,1,0.9604761904761905
S5,3630,3690,60,30,9.257395977781805e-05,0.3023991961975659,-1.0431044674587067,1.6962015507523316,2.739306018211038,-0.012458748600154421,0.1205298851017933,0.3023992103674743,3840.7018620966232,2.219239351821181,12.153318819383687,-8.591722228276539e-05,29.511070798548626,183.62635126140881,99,98,99.0,8.283220815745688,0.811329806723904,0.6090524781341108,0.04309696933944842,0.4742857142857143,0.7571428571428571,98.97878553852547,6.636473156475336,79.24528301886792,126.50602409638553,47.26074107751761,0.0198219509941901,0.04309696933944842,2,0.020618556701030927,0.07076068300629859,2,1,1.0
S5,3660,3720,60,30,0.00018556199679859649,0.2944516601281796,-1.0462243976851502,1.7450231888911722,2.7912475865763224,-0.015923617163930245,0.12098267680838438,0.29445171859830543,3641.476212590817,2.275975939052261,12.868218259179654,0.0005942084105084191,28.41095886640328,183.80292499442288,97,96,97.0,8.192591172153206,1.6348358911238312,0.6229166666666667,0.09634341845733602,0.30142857142857143,0.8285714285714286,99.80698257601803,23.59264715942601,72.41379310344827,199.05213270142178,126.63833959797351,0.06986253188924925,0.09634341845733602,9,0.09473684210526316,0.15466501959706117,2,1,1.0
S5,3690,3750,60,30,0.002763264529736422,0.29690690266857567,-1.0601310251059535,2.343490703757728,3.4036217288636816,-0.01725171381853931,0.13006821053921303,0.2969197610182057,3702.776468290552,2.3430405524523166,13.121362046977112,-0.0130548037527112,28.1239367060613,179.01946466055531,98,97,98.0,7.906644757925344,2.0387161241305876,0.6119734904270987,0.12035459274538374,0.3,0.8285714285714286,104.17239079155162,31.963394137928052,72.41379310344827,200.0,127.58620689655173,0.11084516074174797,0.12035459274538374,15,0.15625,0.19666635014106215,2,1,1.0
S5,3720,3780,60,30,0.00023496930487027027,0.2994449744725877,-1.06362831529772,1.7020034563778155,2.7656317716755354,-0.016643997837838258,0.12847904025553472,0.2994450666607532,3766.0286137934436,2.3053511585735773,12.748572390172543,-0.0004876952293346314,28.738588702568652,186.18836700886683,97,96,97.0,8.154830603277718,1.5882709033057292,0.6169940476190475,0.0905950376616893,0.3,0.7371428571428571,100.74643784299428,24.467856519642808,81.39534883720931,200.0,118.60465116279069,0.0753689101028844,0.0905950376616893,5,0.05263157894736842,0.14683292004402881,2,1,1.0
S5,3750,3810,60,30,-0.0007957179587986855,0.29813490186225744,-1.14946043492742,1.6993653725572138,2.8488258074846335,-0.017740104056479234,0.12652123542175592,0.2981359637405186,3733.172220770488,2.337138356651273,12.776693963129716,0.0004053067333291003,28.624456477994784,186.18820631271566,94,93,94.0,8.442334691085893,0.3965365946899545,0.6412749615975422,0.04566167400965144,0.5671428571428572,0.7557142857142857,94.02208502045188,6.456518349788164,79.39508506616258,105.79345088161209,26.39836581544951,0.018467818961056273,0.04566167400965144,1,0.010869565217391304,0.07120451716358801,2,1,1.0
S5,3780,3840,60,30,0.0012460700038892099,0.294592766248917,-1.0222956794682996,1.87348274519666,2.8957784246649596,-0.018704039843855446,0.12743641997881028,0.29459540155379826,3645.0309258990337,2.414158171155099,13.150157321532578,-0.004781019121553917,28.22609423276406,184.66427516931685,94,93,94.0,8.348603254615057,1.0185363221168033,0.6431950844854071,0.07837929247648255,0.3,0.7957142857142857,95.21083004747602,17.018360133450543,75.40394973070018,200.0,124.59605026929982,0.0511749699659942,0.07837929247648255,3,0.03260869565217391,0.12185928401363713,2,1,1.0
S5,3810,3870,60,30,-0.00022872718637998945,0.29148754230876933,-1.0301032314042675,1.7071406803962612,2.7372439118005287,-0.02050082276816502,0.12659195232263346,0.2914876320486555,3568.53166476796,2.423397415821459,13.445541607817791,-0.00046615274391188,27.954944480480048,184.66427517233643,93,92,93.0,8.377007134858832,1.3135273259435032,0.646055900621118,0.08777021138934304,0.3,0.7957142857142857,95.50838618665496,20.590850203826005,75.40394973070018,200.0,124.59605026929982,0.07558206517365004,0.08777021138934304,5,0.054945054945054944,0.1358554442501969,2,1,1.0
S5,3840,3900,60,30,0.00014026228215797992,0.3150869581726474,-1.415032923310991,1.6851955071389353,3.1002284304499264,-0.021438949121193533,0.13310913994933218,0.31508698939181773,4169.752057127977,1.9957831797685603,10.86126875539492,-0.0005296149511237197,26.873502961474635,180.8614664425783,94,93,94.0,7.455922911910294,1.6217194606232628,0.637173579109063,0.11894938715157784,0.30428571428571427,0.81,99.43494558297425,29.039673805993765,74.07407407407408,197.1830985915493,123.10902451747523,0.13045608004181244,0.11894938715157784,15,0.16304347826086957,0.18668286170606838,2,1,1.0
S5,3870,3930,60,30,0.00011044801207792115,0.3053449628449663,-1.4150329233167516,1.649282038800647,3.0643149621173986,-0.023020453630156062,0.13002683340234336,0.3053449828203457,3915.8934584094027,2.0861980783275302,11.526713836603133,-0.0004316750940757809,25.558519504851542,175.05282748951367,102,101,102.0,6.724799202807262,2.6805821616612344,0.582927864214993,0.16947464689473146,0.3,0.81,115.2501876114863,43.189681815107406,74.07407407407408,200.0,125.92592592592592,0.20129007396677817,0.16947464689473146,46,0.46,0.2907300496313666,2,1,1.0
S5,3900,3960,60,30,-6.205898847791459e-05,0.2751450884385526,-0.9775579775057203,1.6743191193378164,2.6518770968435366,-0.021081257225839048,0.11614349878141307,0.2751450954372565,3179.6025888134336,2.6719153523039805,14.945061516220594,-0.0009587011931323107,26.056733030239606,179.0592920192476,104,103,104.0,7.364588687612559,3.07754660962286,0.5780305131761442,0.15843349907166138,0.3,0.7457142857142857,115.04089799393967,41.78359031504844,80.45977011494253,200.0,119.54022988505747,0.17464020064083738,0.15843349907166138,44,0.43137254901960786,0.2740919302012378,2,1,1.0
S5,3930,3990,60,30,0.00042530024635520206,0.2862651985210249,-1.1194146985763078,1.7196408818162972,2.839055580392605,-0.01819870259070084,0.11378364814257697,0.28626551445219756,3441.8136801124156,2.5320999667678135,13.790190510916535,-0.006667818122530959,27.393388988927605,179.01653390295493,94,93,94.0,8.324767491506655,1.323340030276859,0.6440399385560676,0.07486821826110203,0.3,0.7414285714285714,95.2828284142262,18.934515549248314,80.92485549132948,200.0,119.07514450867052,0.07364526235446656,0.07486821826110203,6,0.06521739130434782,0.11624778803152484,2,1,1.0
S5,3960,4020,60,30,-7.82036117945682e-06,0.2833534137087471,-0.9810196381928318,1.6709472971108885,2.6519669353037205,-0.019075101764307496,0.11618841810118333,0.2833534138166654,3372.1445991054543,2.5696354132656203,14.210775531895088,-0.00016718734181894496,27.139914940391513,177.674062516026,91,90,91.0,8.465178533351953,1.3291969074534826,0.6581587301587302,0.07415043984971889,0.30142857142857143,0.8285714285714286,92.99322418467383,17.382875203041017,72.41379310344827,199.05213270142178,126.63833959797351,0.0770897802068252,0.07415043984971889,6,0.06741573033707865,0.11266346012281232,2,1,1.0
S5,3990,4050,60,30,0.00036364551931614505,0.27669456159040723,-0.9726407896832847,1.6709472957616698,2.6435880854449545,-0.02254305195314892,0.12831314257324558,0.27669480055066337,3215.5205313743973,2.6419427875444867,14.78674485808618,0.0007300195281113375,26.04878945398994,175.24487846401973,104,103,104.0,7.267555910331807,3.160737663990901,0.5730651872399445,0.17122264651815544,0.3,0.8285714285714286,117.58520995503304,44.15616302033517,72.41379310344827,200.0,127.58620689655173,0.17490991221470664,0.17122264651815544,50,0.49019607843137253,0.2987838911360426,2,1,1.0
S5,4020,4080,60,30,0.00016708515203368542,0.2894566484313779,-1.5473600173728979,1.6592001317431881,3.2065601491160862,-0.02323323385197237,0.13022134714184963,0.2894566966552586,3518.9775280201234,2.3697417527399764,13.433303845658074,-0.00018530732191617317,25.97496331199698,176.0529496098958,115,114,115.0,6.394152680255588,3.39948794098253,0.5204636591478696,0.18091400750097303,0.3,0.7985714285714286,131.2531486611399,46.87713766103139,75.13416815742397,200.0,124.86583184257603,0.20763931961637108,0.18091400750097303,73,0.6460176991150443,0.34760161314081933,2,1,1.0
S5,4050,4110,60,30,0.00027114490788579136,0.291169179517736,-1.5471839017115696,1.666553051272104,3.2137369529836737,-0.021599778564623074,0.12577198288143687,0.2911693057665809,3560.7417140648927,2.3746570460495064,13.487854446202384,0.0008760199151496062,26.424752506918857,176.05294960965645,111,110,111.0,6.656776180032139,3.2805761478527953,0.539051948051948,0.18116252886678116,0.3,0.7814285714285715,126.94354429989399,47.23153392858113,76.78244972577696,200.0,123.21755027422304,0.20370717002970914,0.18116252886678116,59,0.5412844036697247,0.3360761973339955,2,1,1.0
S5,4080,4140,60,30,0.000129855045236655,0.2796790964469971,-0.9748731723003227,1.679269323773084,2.6541424960734066,-0.019894721376986575,0.11986310061319332,0.2796791265928537,3285.257381773143,2.6673337386645506,14.924795816033022,0.0020391886152162906,26.589739212563796,177.83473034224548,107,106,107.0,7.137515038613336,3.2960732426906207,0.5585579514824798,0.17840623035579736,0.3,0.8,121.96261506206137,46.356041437377506,75.0,200.0,125.0,0.1894527949544028,0.17840623035579736,52,0.49523809523809526,0.3194050498829814,2,1,1.0
S5,4110,4170,60,30,0.00011385144112951931,0.282890616726654,-1.007294446949586,1.6792955034493333,2.6865899503989192,-0.018226595185470436,0.1095442932100535,0.28289063963683436,3361.138787753766,2.6527501340037047,14.660021301026866,0.0007020753758194075,27.037038228902766,177.834684960573,99,98,99.0,7.737792798391452,2.675434647831428,0.6031632653061225,0.15193096291642258,0.3,0.8,109.14796703469949,39.18507033898571,75.0,200.0,125.0,0.1488945167197039,0.15193096291642258,30,0.30927835051546393,0.2518902785621623,2,1,1.0
S5,4140,4200,60,30,-0.0005694816488846754,0.2839171342189618,-1.0723003837718341,1.6786828772122548,2.750983260984089,-0.01956665665342992,0.11133519609890792,0.283917705352196,3385.589063323169,2.6296761736945817,14.475301471285938,0.00345338715149426,27.216354449109456,179.0140810361452,98,97,98.0,7.8667223398756585,2.4669838903682706,0.6117083946980854,0.13906447656364732,0.3,0.81,106.15737636927848,36.28859453409278,74.07407407407408,200.0,125.92592592592592,0.15401617493905354,0.13906447656364732,27,0.28125,0.2273378586414266,2,1,1.0
S5,4170,4230,60,30,0.00015619944573534993,0.2835370570593519,-0.9759760281087904,1.6786877482734706,2.654663776382261,-0.021141163190829534,0.11802317444144213,0.28353710008417776,3376.5180592140914,2.630647975830151,14.49804478967349,0.0009479638231304294,27.22966458966403,179.0140932436709,98,97,98.0,7.884538030777854,2.45679220531846,0.6096907216494846,0.13805221751705754,0.3,0.81,106.6241027453261,36.88923050446917,74.07407407407408,200.0,125.92592592592592,0.15880225049382882,0.13805221751705754,27,0.28125,0.22642991374965474,2,1,1.0
S5,4200,4260,60,30,-0.0003156008089454315,0.28365705786948214,-0.9865742407569594,1.672069707429738,2.6586439481866972,-0.021498677000523145,0.11358258491903486,0.2836572334403643,3379.3798954877366,2.6629423749367858,14.586074270550021,0.0017815362563050735,27.231667281323062,177.6316111419136,94,93,94.0,8.18823705879956,1.9831156608215406,0.636774193548387,0.11996998805920908,0.30142857142857143,0.7871428571428571,99.97672607885599,31.106016851836024,76.22504537205081,199.05213270142178,122.82708732937097,0.1289128489578982,0.11996998805920908,17,0.18478260869565216,0.1884027168103081,2,1,0.7895238095238095
S6,630,690,60,30,-0.0025696710949454503,0.30040703373671973,-1.6867420292236388,1.7788459867584012,3.46558801598204,-0.022064822889699777,0.09436878813142122,0.30041802397331435,3790.5415433772964,3.1707455837094987,14.075912504289331,-0.010071607690206577,19.58059178693983,130.50697848077257,78,77,78.0,4.593573672240148,2.4142323071590206,0.7784972170686457,0.17360582373792083,0.3357142857142857,1.0342857142857143,83.16600144010137,28.610364203290256,58.011049723756905,178.72340425531917,120.71235453156226,0.16978417145445832,0.17360582373792083,53,0.6973684210526315,0.2230012130186109,1,0,0.7884047619047619
S6,660,720,60,30,0.0003702674290546085,0.2841889773445762,-0.4182946671107551,1.6007632964018768,2.019057963512632,-0.019599412257565865,0.08002599250440384,0.2841892185536338,3392.0675015692527,3.681243163998717,16.249557694410427,0.0011679109827129701,18.88165167715016,127.0124218144382,84,83,84.0,4.218989339865978,2.7739912589687763,0.7034595524956971,0.22280187324727457,0.31857142857142856,1.0257142857142858,98.3440802110341,42.70728701664574,58.4958217270195,188.34080717488789,129.8449854478684,0.25346047039874603,0.22280187324727457,68,0.8292682926829268,0.3167230759136466,1,0,1.0
S6,690,750,60,30,-0.00198162714200754,0.29291834575285486,-0.8794780145482939,1.6126049931589024,2.4920830077071963,-0.024598984106333734,0.08279309906613555,0.29292504864678093,3603.813533238197,3.5607808001452415,15.488217166736899,-0.005346945053665428,19.346389638986295,130.06944971361344,97,96,97.0,3.9326949647043308,2.799770853539814,0.6173660714285715,0.2183594256743336,0.32,0.9985714285714286,112.49786558510316,44.732845487027305,60.08583690987125,187.5,127.41416309012875,0.25372977159269505,0.2183594256743336,88,0.9263157894736842,0.3536952154967874,1,0,1.0
S6,720,780,60,30,8.855486715873857e-05,0.29457399672429996,-0.4248548256170357,1.6150641574657774,2.039918983082813,-0.026359410938066388,0.07843611282515732,0.29457401003498657,3644.5015902998794,3.659257519560205,15.660737330197396,-0.00014000272116427895,19.622866022567987,130.06944971367966,106,105,106.0,3.7074423862821355,2.8303892962466324,0.5644217687074831,0.1999179154983417,0.32,0.9985714285714286,121.13989971796701,43.28767332007931,60.08583690987125,187.5,127.41416309012875,0.25309597896507335,0.1999179154983417,99,0.9519230769230769,0.3541995128149479,1,0,1.0
S6,750,810,60,30,9.637102135311588e-05,0.2868655495190919,-0.41993190423900006,1.630119542278788,2.050051446517788,-0.02343121536767369,0.07783805326108076,0.28686556570676847,3456.2578171071004,3.7492810880893486,16.656259362101363,-0.0006752727177163429,19.065756185183343,127.58511207692514,104,103,104.0,3.5881160322774766,2.891352377435912,0.5725797503467406,0.2006271184755929,0.32571428571428573,0.9457142857142857,119.91740672510069,44.34215268679179,63.4441087613293,184.21052631578945,120.76641755446015,0.277510440916963,0.2006271184755929,94,0.9215686274509803,0.35039157139961363,1,0,1.0
S6,780,840,60,30,0.00011781333575801791,0.2854226569686499,-0.4111214053546363,1.612428258487404,2.02354966384204,-0.024019960708854222,0.0799132765591265,0.2854226812834356,3421.5764936230776,3.7660458154331233,16.87360444054045,-0.0017828019513944486,18.938740590950918,127.44054346006082,102,101,102.0,3.660613317528795,2.900374737079887,0.5881046676096182,0.20616612221682998,0.3342857142857143,0.9314285714285714,117.31943191322999,44.78289238779682,64.41717791411044,179.48717948717947,115.07000157306904,0.2950480763315341,0.20616612221682998,94,0.94,0.3505602549539401,1,0,1.0
S6,810,870,60,30,-5.673277837334577e-05,0.28968230788775085,-0.41674045049657654,1.6096666047472183,2.0264070552437947,-0.027041289776709075,0.08339921269309668,0.2896823134431611,3524.465394314837,3.717079018561581,16.344255350651338,0.001387404073132689,19.302029661151863,127.33174764078703,104,103,104.0,3.73032639952303,2.870352633330592,0.5765880721220528,0.20065942735391215,0.3342857142857143,0.9314285714285714,118.84012901532222,43.611427201218895,64.41717791411044,179.48717948717947,115.07000157306904,0.26554590158829444,0.20065942735391215,98,0.9607843137254902,0.3480117558023926,1,0,1.0
S6,840,900,60,30,6.445003125351498e-05,0.2972530035858615,-0.5875967605491368,2.692455008629097,3.2800517691782334,-0.02635722748809491,0.08926552048033308,0.29725301057284975,3711.092796374154,3.6374842612879044,16.749783366979123,0.022426818030653613,19.18961905495259,133.59022534166817,104,103,104.0,3.733393496018946,2.827155220655456,0.5688349514563107,0.20243267379836133,0.33285714285714285,0.9514285714285714,120.57886902463261,43.68483540082501,63.06306306306306,180.25751072961373,117.19444766655067,0.275682245130353,0.20243267379836133,100,0.9803921568627451,0.3558724253495685,1,0,1.0
S6,870,930,60,30,-0.00016349883900200794,0.28592804068888716,-0.44224082337827475,1.6069802376380342,2.049221061016309,-0.024919114279772545,0.08442197482618564,0.28592808743468395,3433.704589730363,3.747192193855506,16.754015588902842,-0.0006603455185128353,18.999199809628323,126.57995900930598,100,99,100.0,3.713008989468386,2.878447210237827,0.6033477633477633,0.21297077664663164,0.33285714285714285,0.9914285714285714,114.60915028490946,44.261137958396574,60.518731988472624,180.25751072961373,119.7387787411411,0.28667364445594923,0.21297077664663164,90,0.9183673469387755,0.352981795216961,1,0,1.0
S6,900,960,60,30,-0.0002979423984512177,0.28589845526557595,-0.4149224213173617,1.6090065328278436,2.0239289541452052,-0.02718649520781332,0.08322334511770434,0.2858986105123901,3432.9966507024437,3.770562186008255,16.883779670660477,0.002016661061207691,19.013919700359924,128.3465459982834,102,101,102.0,3.613502795889293,2.8681507860992017,0.5854879773691655,0.20618000213010493,0.33285714285714285,0.9314285714285714,117.42045321608039,43.579230175248135,64.41717791411044,180.25751072961373,115.84033281550329,0.2682227599954781,0.20618000213010493,87,0.87,0.352150701806987,1,0,1.0
S6,930,990,60,30,-0.00012102422319928647,0.2836957120775787,-0.4149224213319105,1.6090065327517347,2.023928954083645,-0.027256582200215727,0.08350534143190717,0.28369573789196595,3380.2974113188156,3.7892583004266642,17.143022123550796,-0.0020363356013871304,18.876588297738397,128.3465459982923,103,102,103.0,3.6071719664325066,2.9051485612750043,0.5857422969187676,0.2129821207735381,0.33285714285714285,0.9642857142857143,118.03621914336767,44.16658617416694,62.22222222222222,180.25751072961373,118.0352885073915,0.2878142067016653,0.2129821207735381,94,0.9306930693069307,0.363610621759615,1,0,1.0
S6,960,1020,60,30,-0.0003354494521378764,0.28371483438834355,-0.4473307296751159,1.6114184391942632,2.058749168869379,-0.02708412535642861,0.08310943220151115,0.2837150326971416,3380.7572306902857,3.782213784291564,17.0922787771777,0.002408778169461706,18.855531981112165,127.48408545666638,102,101,102.0,3.6365096891128856,2.900798737382403,0.5859830268741161,0.21085338950053162,0.34,0.9642857142857143,117.70019534077147,43.77674148553756,62.22222222222222,176.47058823529412,114.24836601307189,0.2885165789457005,0.21085338950053162,98,0.98,0.35982849302873793,1,0,1.0
S6,990,1050,60,30,-0.00013298659303817939,0.286805869061508,-0.41749209263239,1.6186008808209054,2.0360929734532953,-0.03155187001681788,0.0860916477750461,0.28680589989322186,3454.8202169695537,3.766245349846226,16.7900001476506,-0.0006378995765754205,19.052116650209353,127.48408545658111,100,99,100.0,3.8301632538142822,2.8584777624340125,0.6031313131313132,0.2132016519970044,0.33714285714285713,0.9671428571428572,114.4349653680641,43.6024727642286,62.03840472673559,177.96610169491527,115.92769696817967,0.2668491627027374,0.2132016519970044,89,0.9081632653061225,0.3534912669184966,1,0,1.0
S6,1020,1080,60,30,0.0001611681423059068,0.2868445638632252,-0.39437650215677045,1.6185996956869269,2.012976197843697,-0.03253490457601879,0.08928875364081082,0.28684460914065296,3455.752851308267,3.767508350642239,16.7843603188846,0.0009081101618728005,19.071603713197167,126.74475647925541,95,94,95.0,4.155208776774782,2.833512149537781,0.6327355623100304,0.221190543657093,0.33714285714285713,0.9671428571428572,109.88372537113005,44.25059263042326,62.03840472673559,177.96610169491527,115.92769696817967,0.268836805517544,0.221190543657093,78,0.8387096774193549,0.3495781758331345,1,0,1.0
S6,1050,1110,60,30,-0.0005069486114426032,0.2860327921507418,-0.39587682225604526,1.615070299757644,2.010947122013689,-0.03184419624726895,0.0890287674132958,0.28603324139415004,3436.230637662653,3.7784000186022486,16.88143008120962,-0.0007130903631559726,19.032101184880048,126.63571749055453,96,95,96.0,4.071050221790379,2.852376719955805,0.6284812030075188,0.21883077743448404,0.32857142857142857,0.9514285714285714,110.439575829735,44.16238977721222,63.06306306306306,182.6086956521739,119.54563258911085,0.28375781506737513,0.21883077743448404,86,0.9148936170212766,0.34818985259590346,1,0,1.0
S6,1080,1140,60,30,3.5111224171000207e-05,0.2861438958852499,-0.41573449447537636,1.6193456115875462,2.0350801060629227,-0.03184568069808385,0.08726791796425369,0.2861438980394075,3438.8898761778464,3.7745309535722593,16.86631169822865,0.0005954186795707847,19.042524453228193,126.6335829936287,93,92,93.0,4.0761291113958755,2.8338824759728682,0.6357298136645962,0.21352696877905697,0.32857142857142857,0.9514285714285714,108.57819710933099,43.405410802024036,63.06306306306306,182.6086956521739,119.54563258911085,0.2815226675324816,0.21352696877905697,84,0.9230769230769231,0.33587691530180674,1,0,1.0
S6,1110,1170,60,30,0.0001815320307242114,0.28663825561451034,-0.4157344781512071,1.6330985967226972,2.0488330748739045,-0.030747828887738138,0.08684683355803928,0.2866383130978961,3450.7839464955164,3.7651291725893583,16.80585758144712,-0.0009822085842878846,19.046357195492302,126.37855868873507,90,89,90.0,4.069760523570128,2.8050319613689565,0.66784911717496,0.21767034052128237,0.30428571428571427,0.9542857142857143,103.54411749264801,43.24202819426284,62.874251497005986,197.1830985915493,134.30884709454332,0.27959191206342177,0.21767034052128237,75,0.8522727272727273,0.32592742121460067,1,0,1.0
S6,1140,1200,60,30,0.00017477570252329445,0.2862555866159884,-0.40739851166971325,1.6323157324003024,2.039714244070016,-0.030952988954166823,0.08788340310315641,0.28625563997135467,3441.576239447212,3.7817956064307503,16.892516234182594,0.00018927045362994725,19.013841515563104,126.06230377589883,95,94,95.0,3.9997051218545763,2.8343309741786946,0.6298632218844985,0.21671220584633646,0.30428571428571427,0.9328571428571428,110.00084501881548,44.11086547150211,64.31852986217459,197.1830985915493,132.86456872937472,0.28734935372511444,0.21671220584633646,84,0.9032258064516129,0.3440623270524536,1,0,1.0
S6,1170,1230,60,30,0.00010663608943368972,0.2863584597558321,-0.40625459368886213,1.6173341173376263,2.0235887110264885,-0.030776547923947108,0.08838436895054465,0.2863584796107636,3444.0495114895,3.7745634518277096,16.8451274378619,0.00017155274678728346,19.028346562072088,127.69259209348965,101,100,101.0,3.856476651464599,2.857728871373357,0.5916571428571429,0.20791056947148978,0.30714285714285716,0.9285714285714286,116.25020099098312,43.56187152443503,64.61538461538461,195.3488372093023,130.7334525939177,0.2752399676384431,0.20791056947148978,93,0.9393939393939394,0.3514038019848436,1,0,1.0
S6,1200,1260,60,30,3.521805765472805e-05,0.2895813516387824,-0.40625208451819717,1.6173220478962111,2.0235741324144083,-0.03236338981298424,0.09095934401620533,0.2895813537803423,3522.0091392047416,3.7262754576859174,16.390004450938164,0.00015509111249709798,19.167692536131156,127.69228138375101,95,94,95.0,4.1241515733037435,2.8005920574217744,0.631854103343465,0.21309851777980385,0.30714285714285716,0.9285714285714286,109.24148367871886,43.552630107242855,64.61538461538461,195.3488372093023,130.7334525939177,0.26302063639165957,0.21309851777980385,77,0.8279569892473119,0.337259054981506,1,0,1.0
S6,1230,1290,60,30,0.00015412138878721123,0.29595589128141403,-0.3997483121393452,1.6305380511767118,2.030286363316057,-0.03421594394827317,0.09326315557069463,0.295955931411382,3678.7763601783035,3.672351119496299,15.720069490590266,0.000345107469301018,19.642812199130024,126.5778645274736,100,99,100.0,3.85340562631088,2.747636695200197,0.6002886002886002,0.20656689392434754,0.33,0.9042857142857142,114.43183331043645,43.263708495315214,66.35071090047394,181.8181818181818,115.46747091770787,0.2421522096287202,0.20656689392434754,81,0.826530612244898,0.3441126381960886,1,0,1.0
S6,1260,1320,60,30,0.0001374045037153363,0.29109918951257696,-0.3997483054148407,1.630538051193742,2.0302863566085825,-0.03108211256513476,0.09200835076681854,0.29109922194138005,3559.027794624827,3.7409745262547207,16.372869583749385,0.00014971116080337972,19.37861299952196,126.57786451870909,98,97,98.0,3.654047222676187,2.7602285736844143,0.6082916053019146,0.21823022827784372,0.33,0.9642857142857143,113.97148607842522,44.09401904954304,62.22222222222222,181.8181818181818,119.59595959595958,0.25500091703183114,0.21823022827784372,81,0.84375,0.35875923056595377,1,0,1.0
S6,1290,1350,60,30,-0.0004882217559336441,0.28762705498804425,-0.46725821726966993,1.6193197770912189,2.086577994360889,-0.02882817360356749,0.09436281599479236,0.2876274693445993,3474.641567106293,3.7604634695105714,16.710598776012187,0.00026062796955458303,19.077897894523353,128.71200056475394,90,89,90.0,3.994053580309858,2.7939320529228877,0.6710112359550563,0.22195037179901136,0.3028571428571429,0.9642857142857143,103.55098757289785,43.975087268354734,62.22222222222222,198.1132075471698,135.89098532494756,0.28118042326363357,0.22195037179901136,71,0.8068181818181818,0.33076997806617564,1,0,1.0
S6,1320,1380,60,30,-0.00013087108130038156,0.30697562839764425,-0.4701588762581191,1.6371539732533285,2.1073128495114477,-0.03193178006577298,0.10341587792808905,0.30697565629438517,3957.830249409477,3.508631516679687,14.322624463877961,0.0016868359532399662,20.7331070760085,131.16517633572036,91,90,91.0,4.718538949099869,2.5134943977044943,0.6595238095238095,0.17388569759374806,0.3028571428571429,0.9542857142857143,100.30534769917114,36.744468640297136,62.874251497005986,198.1132075471698,135.2389560501638,0.21907573039427988,0.17388569759374806,55,0.6179775280898876,0.2636534042937696,1,0,1.0
S6,1350,1410,60,30,0.00017665365817954166,0.3077892529018404,-0.47015887540340984,1.6371539943933566,2.1073128697967665,-0.02733544948786648,0.0970783635967804,0.30778930359645057,3978.8387271522965,3.4942134886142893,14.19085797616378,0.00015774644667830722,20.826214276816636,131.16517634412412,80,79,80.0,5.354790011713663,2.1087750708013924,0.7486980108499094,0.13190282972889233,0.3314285714285714,0.9942857142857143,83.47494765293825,20.39330393917715,60.3448275862069,181.0344827586207,120.68965517241381,0.10766296228720584,0.13190282972889233,43,0.5512820512820513,0.17617627911039654,1,0,1.0
S6,1380,1440,60,30,5.0939417234770735e-05,0.29268402033578256,-0.44620607737138496,1.6193497703618158,2.065555847733201,-0.01769481074128639,0.08070223194456139,0.29268402476859073,3597.8854108991227,3.6860669117206943,15.961689467928924,-9.824286560751351e-05,19.594222721083344,129.79553411569282,70,69,70.0,6.738338800686843,0.12282347761038401,0.8597722567287786,0.06268215015809231,0.7114285714285714,0.9685714285714285,70.17882859770972,5.408797143462008,61.94690265486726,84.33734939759036,22.3904467427231,0.03413570122964191,0.06268215015809231,8,0.11764705882352941,0.0729055277924208,1,0,1.0
S6,1410,1470,60,30,0.0001964224432712867,0.2892280488143196,-0.42679673838219684,1.6568921143641584,2.0836888527463553,-0.018968878239069748,0.08089004785118405,0.2892281155121588,3513.4219177140167,3.756046065434109,16.54707565042129,0.0012159535991324872,19.455367748456297,127.80422609411,74,73,74.0,5.1122219900806725,2.4978637690374246,0.8119765166340509,0.17200321660218362,0.32857142857142857,1.0585714285714285,79.92483728745239,29.931214905056827,56.680161943319845,182.6086956521739,125.92853370885406,0.16756611041778172,0.17200321660218362,48,0.6666666666666666,0.21183274771935753,1,0,1.0
S6,1440,1500,60,30,0.00011316047427606816,0.2899139216906084,-0.41222389375364604,1.6228566070809263,2.0350805008345723,-0.022319958432272843,0.08421269560136516,0.2899139437752541,3530.1039814034893,3.7626125435107025,16.51584412095176,-0.0006570997024090284,19.403094819690185,126.41346592547796,81,80,81.0,4.687098375658301,2.6705558226601256,0.7412142857142857,0.21372141174139453,0.32857142857142857,1.0585714285714285,92.0121001898082,39.86134700416785,56.680161943319845,182.6086956521739,125.92853370885406,0.23126325218439175,0.21372141174139453,64,0.810126582278481,0.2883395744800543,1,0,1.0
S6,1470,1530,60,30,7.551910039687424e-05,0.29966855256912167,-0.4275963992929584,1.6238827064818528,2.051479105774811,-0.027646413062434864,0.0914731929586337,0.299668562084859,3771.652378284293,3.6321667933523964,15.236853935818885,0.0002904272501419095,19.984772688270475,127.40660366245372,81,80,81.0,4.65918836041967,2.4842764732143903,0.7422678571428571,0.18488767877485807,0.32,1.0457142857142858,88.63450644081183,33.01480863692544,57.377049180327866,187.5,130.12295081967213,0.18128641324426326,0.18488767877485807,58,0.7341772151898734,0.24908485123756952,1,0,1.0
S6,1500,1560,60,30,-1.3634495168858971e-06,0.3090463509690434,-0.5702022193015368,2.6899068293017327,3.2601090486032698,-0.028310267869293852,0.09368611245703679,0.3090463509720511,4011.4051760638877,3.533477856698691,15.361186035151881,0.021557172152744185,20.046401872690918,133.29540450963665,83,82,83.0,4.5082317955082285,2.4874398356119922,0.7235714285714285,0.18721189911895886,0.32,1.012857142857143,91.40858019639887,34.5145334756762,59.23836389280677,187.5,128.26163610719323,0.22584295218726244,0.18721189911895886,61,0.7530864197530864,0.25873312810122645,1,0,1.0
S6,1530,1590,60,30,0.00012322019698982327,0.2984397448501935,-0.42554660298728547,1.6194300720600847,2.04497667504737,-0.026699755773128123,0.08758738097377591,0.2984397702878514,3740.7844525575524,3.630868317141067,15.344580099897076,9.336490488730701e-05,19.864657525709436,127.96749761357081,80,79,80.0,5.029496105644745,2.422458485986014,0.7516636528028933,0.1772926261786601,0.3357142857142857,1.0171428571428571,87.1200983993944,32.60813861910747,58.98876404494382,178.72340425531917,119.73464021037535,0.1957621395468443,0.1772926261786601,54,0.6923076923076923,0.23586696724997963,1,0,1.0
S6,1560,1620,60,30,-0.0003144314340751415,0.3032430301113175,-0.43245324950489283,1.6338258276319804,2.066279077136873,-0.028818016843217636,0.095156207029263,0.3032431931275954,3862.1702354852455,3.547933412951756,14.667739747549145,0.0011679970294306008,20.205015702206264,128.0727489413674,76,75,76.0,5.485405125469529,1.9964120667718803,0.7973904761904762,0.13545536671495187,0.32142857142857145,1.1942857142857144,78.30948301072128,19.972047362424778,50.23923444976076,186.66666666666666,136.4274322169059,0.11733574852517709,0.13545536671495187,38,0.5135135135135135,0.1698733189817971,1,0,1.0
S6,1590,1650,60,30,0.0001692232065083329,0.30866623139769683,-0.4324534656082267,1.633825838692001,2.066279304300228,-0.02849631573423717,0.09728744686722104,0.3086662777851674,4001.5445837535053,3.483808349177104,14.054210811535096,0.0007344824621849827,20.68371258861193,128.07274901850548,78,77,78.0,5.580747391559272,1.7998148506069847,0.7698886827458257,0.12427873356672992,0.32142857142857145,1.1942857142857144,80.67303884580446,18.95962853242602,50.23923444976076,186.66666666666666,136.4274322169059,0.11532609163318423,0.12427873356672992,31,0.40789473684210525,0.16142428944855633,1,0,1.0
S6,1620,1680,60,30,0.0003794971053031939,0.3033464991432527,-0.41762055680321974,1.619337947295091,2.036958504098311,-0.024513192554682508,0.09034156305283017,0.3033467365252515,3864.808187541855,3.584339445045071,14.807550840712118,0.0007302320858024062,20.271615751151973,127.96612103720376,76,75,76.0,6.405890538671834,0.6669616127375265,0.7899809523809526,0.06669801711841473,0.6257142857142857,0.8971428571428571,76.5147197676115,6.697011697881239,66.87898089171975,95.89041095890411,29.011430067184364,0.03554671110963049,0.06669801711841473,3,0.04054054054054054,0.08442990545201265,1,0,1.0
S6,1650,1710,60,30,7.744829801125595e-05,0.2958093946996169,-0.41053449460498787,1.810829763479786,2.221364258084774,-0.023173899069679697,0.08886853688797036,0.29580940483830565,3675.1345676132896,3.7027299089348364,15.844204712663263,0.0022663950164146488,19.53533382163603,126.90787264680252,71,70,71.0,6.589239166597349,0.13653668831025892,0.849061224489796,0.040838789737070696,0.73,0.96,70.82973721746455,3.4093732610376692,62.5,82.19178082191782,19.691780821917817,0.027532884804128056,0.040838789737070696,4,0.057971014492753624,0.04809875726171675,1,0,1.0
S6,1680,1740,60,30,0.00010841918594769536,0.2962529043685963,-0.4044466264186894,1.6131847153340477,2.017631341752737,-0.025748105244718364,0.08751033891988011,0.29625292420759086,3686.16339426504,3.6884064691657987,15.718544316572629,-0.0015915136850967104,19.555288980016048,126.61425701668695,80,79,80.0,4.637782634100799,2.550422417622053,0.755117540687161,0.18217756398689228,0.32571428571428573,1.0485714285714285,87.55945240331548,35.01835881150078,57.22070844686649,184.21052631578945,126.98981786892296,0.2083908973325174,0.18217756398689228,66,0.8461538461538461,0.24125722708164046,1,0,1.0
S6,1710,1770,60,30,0.00042708849612477635,0.29825289530254756,-0.39933515046209195,1.6297866109405594,2.0291217614026515,-0.02923020465223017,0.09163024873687749,0.29825320109084485,3736.108822359309,3.637622483261316,15.393513220145238,0.002003122034304795,19.690269507684846,128.75945017844543,87,86,87.0,4.430086667750292,2.645866892914993,0.6835215946843854,0.1917380720194061,0.3242857142857143,0.9685714285714285,98.71714655996826,40.20570744974473,61.94690265486726,185.02202643171805,123.07512377685079,0.23130393988222944,0.1917380720194061,72,0.8470588235294118,0.28051501739011,1,0,1.0
S6,1740,1800,60,30,-0.00028768686209214875,0.3013551372757296,-0.42791096183479094,1.6297866108380537,2.0576975726728444,-0.030751761121266097,0.09330800006979485,0.30135527459496114,3814.230064100587,3.5933715866940923,15.02654960162483,0.0002599459912630008,19.924843180366107,130.25841594223937,84,83,84.0,4.838616900760299,2.47304302061355,0.7129948364888122,0.1882611820208966,0.3242857142857143,0.9942857142857143,93.56640405157508,37.21940229886938,60.3448275862069,185.02202643171805,124.67719884551116,0.20889425400879147,0.1882611820208966,57,0.6951219512195121,0.2640428406859166,1,0,1.0
S6,1770,1830,60,30,0.00010934889573405606,0.29330274307342674,-0.42714140412554097,1.6053360957656129,2.032477499891154,-0.026615307144220897,0.08503934762902687,0.29330276345711026,3613.113464166259,3.6840022747290426,16.00170152563628,0.00023817856896543758,19.30146945538013,130.23958763763343,73,72,73.0,5.41896399582307,2.2441759429208297,0.8175396825396826,0.16492684116834258,0.33285714285714285,1.032857142857143,78.84250813937321,28.448133172629632,58.09128630705394,180.25751072961373,122.1662244225598,0.16768926490973485,0.16492684116834258,36,0.5070422535211268,0.20173557894584182,1,0,0.8782619047619048
S6,2430,2490,60,30,0.0001324695966846955,0.33897087817924554,-0.5045204940885771,1.727710505274929,2.232230999363506,-0.013242959183604026,0.2224687827082682,0.3389709040637603,4825.853499675725,2.8793465701362058,10.14108203571884,0.0011242655551754884,22.253849006010615,132.81389452386244,88,87,88.0,5.799920338244885,0.5883201461726294,0.6874712643678161,0.05431755230458656,0.5714285714285714,0.8171428571428572,87.8336912244351,7.086308790817964,73.42657342657343,105.0,31.573426573426573,0.03667640922759602,0.05431755230458656,15,0.1744186046511628,0.0790106512372351,2,1,0.8217380952380953
S6,2460,2520,60,30,3.40484813250898e-06,0.33026906850273585,-0.5045204941018552,1.7277105052608484,2.2322309993627036,-0.008606790580951524,0.20798898902992277,0.3302690685202867,4581.261620092829,2.9510605152377956,10.81189601985349,0.0027362181720847877,21.5120035316832,132.81389455985627,83,82,83.0,5.937833792707395,0.6141668973718867,0.7295993031358885,0.06051556920322438,0.5471428571428572,0.8371428571428572,82.84160118548816,7.342319333335715,71.67235494880546,109.66057441253264,37.98821946372718,0.040940997556571414,0.06051556920322438,18,0.2222222222222222,0.08294356771329496,2,1,1.0
S6,2490,2550,60,30,0.0016023515669272852,0.33281150907383095,-0.4925006818111232,2.1462674607359586,2.638768142547082,-0.003891768727217337,0.21034498932529253,0.3328153663858457,4652.174860306877,2.9614801828165733,10.896842696568385,-0.0072820133141323195,21.506487864132332,130.91866684040613,82,81,82.0,5.965348550274136,0.24166069308194849,0.732504409171076,0.058614442356975695,0.6085714285714285,0.8442857142857143,82.44776818235229,6.7427646838375646,71.06598984771574,98.59154929577466,27.525559448058914,0.03582625305782431,0.058614442356975695,13,0.1625,0.08001923486481885,2,1,1.0
S6,2520,2580,60,30,0.0028313027091019525,0.3324768591540181,-0.5405033060097622,2.23483904529778,2.7753423513075424,-0.006577972222839354,0.2091583112231688,0.33248891432339717,4643.052882213957,2.932397142340756,10.838742262004018,-0.010558226742018253,21.23834375772405,130.91864228433005,81,80,81.0,5.950940958149355,0.2622812203712605,0.7438928571428571,0.07540637355999417,0.6085714285714285,0.9628571428571429,81.45969152132619,7.980255776332725,62.31454005934718,98.59154929577466,36.277009236427475,0.0493083130829428,0.07540637355999417,16,0.20253164556962025,0.10136725045272633,2,1,1.0
S6,2550,2610,60,30,-0.00016120387668583692,0.32032001116078956,-0.5405032982168887,1.7091830760259294,2.249686374242818,-0.009230509257206799,0.18432757564561936,0.32032005172442485,4309.407292543005,3.0308781139779755,11.502894742515387,-0.0019449581907590397,20.66417897882993,129.94543715909606,78,77,78.0,6.128996529698097,0.24897966366193033,0.771243042671614,0.08235963189758295,0.6114285714285714,0.9628571428571429,78.70393417427958,8.549983651504084,62.31454005934718,98.13084112149532,35.81630106214814,0.05956993200550685,0.08235963189758295,27,0.35526315789473684,0.10678816837333947,2,1,1.0
S6,2580,2640,60,30,0.00012214034936429652,0.3168181892079732,-0.48496788019649606,1.7084300737805584,2.1933979539770547,-0.004312558809727899,0.18607188104981862,0.31681821275186195,4215.698757113931,3.0960607108018046,11.915635827544184,-0.0003899764499594051,20.502189377012506,129.95168882206582,77,76,77.0,6.179738343272366,0.24789457931280184,0.7780451127819549,0.0764922586541268,0.6271428571428571,0.93,77.88079462126302,7.817357404987455,64.51612903225806,95.67198177676538,31.155852744507314,0.05584015086816646,0.0764922586541268,27,0.36,0.0983133977676736,2,1,1.0
S6,2610,2670,60,30,3.667686325015522e-05,0.3119869872917939,-0.4634484044535454,1.716708011730933,2.180156416184478,-0.004351490084309854,0.1716032175457678,0.31198698944764075,4088.1070265532967,3.1782457710683887,12.43795905544646,-0.0016635339105461977,20.27661410553028,129.52522737044873,76,75,76.0,6.249750714606253,0.2374326279971857,0.7933142857142856,0.08557136020348648,0.6214285714285714,0.9314285714285714,76.55662684577733,8.616348716161411,64.41717791411044,96.55172413793103,32.13454622382059,0.06397048409290004,0.08557136020348648,24,0.32432432432432434,0.10786564889152297,2,1,1.0
S6,2640,2700,60,30,-0.00018902395871398203,0.31049283325482074,-0.45361451750412496,1.7167080138192665,2.1703225313233916,-0.0014904096945811494,0.16937593645664853,0.31049289079246706,4049.045079771841,3.1894931339210584,12.487652932785576,-4.793757068695949e-05,20.208550852996154,129.52522736467768,76,75,76.0,6.2623021650493484,0.20350681642508203,0.7929142857142857,0.08160380143206115,0.6214285714285714,0.9314285714285714,76.53483016648265,8.44745783797095,64.41717791411044,96.55172413793103,32.13454622382059,0.0555928783131396,0.08160380143206115,20,0.2702702702702703,0.1029162961272031,2,1,1.0
S6,2670,2730,60,30,0.0004502734865846484,0.3163927332555149,-0.493327668109907,1.7362468566629703,2.229574524772877,-0.000988682927755908,0.1841142225532333,0.31639305365811704,4204.391704930542,3.101056735612721,11.817605900991841,0.001113311619613789,20.519890219686495,134.0116650783389,78,77,78.0,6.141331341207149,0.2340153586340154,0.7675510204081633,0.06388469318189598,0.6314285714285715,0.8714285714285714,78.7327400107229,6.776761264872326,68.85245901639344,95.02262443438914,26.170165417995705,0.04143116403606661,0.06388469318189598,19,0.25,0.08323185232419311,2,1,1.0
S6,2700,2760,60,30,0.00017636609802836484,0.31339274375501885,-0.49332766824080665,1.7362468565299396,2.2295745247707464,-0.007327510281413124,0.1724515475059129,0.31339279338124454,4125.031803618576,3.1453710401119412,12.127289213457267,0.00029021860254140037,20.33157787004655,134.01166507831823,77,76,77.0,6.181783416486589,0.25705979159061615,0.7767293233082707,0.06985938607860796,0.6428571428571429,0.92,77.87870926724725,7.0542077235322065,65.21739130434783,93.33333333333333,28.1159420289855,0.048360606895692784,0.06985938607860796,24,0.32,0.0899404515604749,2,1,1.0
S6,2730,2790,60,30,0.0002940055332324142,0.30181284838308425,-0.4285176397642424,1.6874048644678046,2.115922504232047,-0.009728635590390533,0.12809442212131258,0.3018129915831394,3825.825439311295,3.3314340926581036,13.491302090390484,0.0008995276552447353,19.674246315736678,125.48107430228218,73,72,73.0,6.392912916211832,0.1971835799267844,0.8201388888888889,0.062135175461283075,0.6628571428571428,0.92,73.60585878897642,5.9354108243649675,65.21739130434783,90.51724137931035,25.29985007496252,0.04084406932989319,0.062135175461283075,14,0.19718309859154928,0.07576177194263135,2,1,1.0
S6,2760,2820,60,30,7.255163952564456e-05,0.3139525754906013,-0.4850874527915294,1.6592406484394946,2.1443281012310242,-0.007232237374249991,0.16117966646864437,0.3139525838736196,4139.7814466787295,3.1799166034969204,12.243750052007453,0.0013260934500402477,20.53606095290182,125.40844301210805,79,78,79.0,6.12767559505723,0.6057489954931341,0.7648901098901099,0.08516998093871736,0.5714285714285714,0.91,79.4626704239112,9.23184804072761,65.93406593406593,105.0,39.06593406593407,0.03793957839511878,0.08516998093871736,13,0.16883116883116883,0.11134930343255915,2,1,1.0
S6,2790,2850,60,30,6.056923915183249e-05,0.32673940505039833,-0.4403556546487096,1.6592934191456892,2.099649073794399,-0.001055463863796697,0.20047989838229063,0.3267394106644024,4483.8629842154805,3.009978490387978,10.962629920632102,-0.0012791037229470685,21.3237292157646,125.73098241276925,83,82,83.0,5.974131133596966,0.156570426445335,0.7259756097560975,0.06802779862821609,0.6014285714285714,0.8771428571428571,83.36010523791369,7.648391438350221,68.40390879478828,99.7624703087886,31.358561514000314,0.04066219322879501,0.06802779862821609,17,0.20987654320987653,0.09370535003382698,2,1,1.0
S6,2820,2880,60,30,0.002920426955735061,0.32267767536431124,-0.45524641460328924,2.3109266358025837,2.766173050405873,-0.004229950885898021,0.17135844106056816,0.32269089090353886,4373.435265029024,3.1023783649105234,11.856437466928098,-0.012300367424907246,20.76006349781971,127.078498131062,79,78,79.0,6.0448009570149885,0.1904554626318414,0.7669230769230769,0.0781745142574391,0.6314285714285715,0.95,79.04372724567853,7.984792138263212,63.15789473684211,95.02262443438914,31.864729697547034,0.051203382475071085,0.0781745142574391,21,0.2727272727272727,0.10193266653427364,2,1,1.0
S6,2850,2910,60,30,0.000358615323944848,0.31685380757741544,-0.4722549937907931,1.6855290249956867,2.15778401878648,-0.007881261950682126,0.1484664740524703,0.31685401051786666,4216.651487212767,3.2005784787286995,12.412141830055814,0.0008369168521191406,20.633259311629434,127.07850098166995,77,76,77.0,6.20822541156421,0.18717656121235385,0.7781766917293235,0.07136974972147996,0.6228571428571429,0.95,77.75792210706534,7.1872886190274645,63.15789473684211,96.3302752293578,33.172380492515686,0.056630560726195045,0.07136974972147996,31,0.41333333333333333,0.0917140676147427,2,1,1.0
S6,2880,2940,60,30,0.0003253118371124456,0.3214432175153664,-0.4720049728802524,1.7537508654478748,2.2257558383281273,-0.008353848086904397,0.16038509562677752,0.32144338212883233,4339.685612405747,3.1712226222145845,12.109027040644781,0.000322246629507836,21.002316271141922,131.31610220522168,79,78,79.0,6.144646121390961,0.1863737401166597,0.7545054945054945,0.0601450700971401,0.6228571428571429,0.88,80.04435134518802,6.577178177193007,68.18181818181819,96.3302752293578,28.14845704753961,0.04660797364182532,0.0601450700971401,27,0.35064935064935066,0.07971455547392585,2,1,1.0
S6,2910,2970,60,30,0.000562113991446798,0.322287111026243,-0.48673986306186995,1.7687917988975428,2.2555316619594126,-0.010209719166270632,0.1646677182146869,0.3222876012287493,4362.510512042815,3.1388902968739427,11.872614945549568,-0.0012820995220251615,21.041025630284445,131.31641787833794,80,79,80.0,6.100432601941658,0.2179007397888305,0.7521338155515371,0.06644256922177658,0.6142857142857143,0.8971428571428571,80.40881706233715,7.234460681873279,66.87898089171975,97.67441860465115,30.795437712931403,0.044499954432916655,0.06644256922177658,23,0.2948717948717949,0.08833876080023668,2,1,1.0
S6,2940,3000,60,30,-0.00033435948369792097,0.3250422620904676,-0.4674103971763364,1.6993591396622079,2.1667695368385442,-0.0049904956897175445,0.19227013458422015,0.3250424340623122,4437.408525528408,3.0385417760191276,11.24639497707428,-0.0011684527802403358,21.123460307105685,126.68157618467967,81,80,81.0,6.032139699351462,0.19805743850494767,0.7403571428571428,0.0783244494890012,0.6057142857142858,0.8971428571428571,81.94534379427503,8.5807794147823,66.87898089171975,99.0566037735849,32.17762288186515,0.049021160135688586,0.0783244494890012,22,0.27848101265822783,0.10579279236333979,2,1,1.0
S6,2970,3030,60,30,0.00041441443329659917,0.3262043075540586,-0.5026543963203582,1.967132963859024,2.4697873601793825,0.0026981354844138536,0.20695509998129774,0.3262045707928468,4469.195724258107,3.013818157366463,11.183731520346235,0.0053976217919614565,20.960906511492247,126.48930268004956,80,79,80.0,6.001940029948306,0.15991614747497265,0.7513381555153708,0.07738704296332617,0.6057142857142858,0.91,80.70927953028239,8.315549532095872,65.93406593406593,99.0566037735849,33.12253783951897,0.05009462526958408,0.07738704296332617,22,0.28205128205128205,0.1029989524626811,2,1,1.0
S6,3000,3060,60,30,0.00011209285890803483,0.31271682895109937,-0.4526603965271923,1.6376952752992735,2.0903556718264658,-0.002983267721913348,0.16125776359524938,0.3127168490408538,4107.256762309686,3.186217550045182,12.462761839073833,-0.0019112123513722109,20.177366165770692,124.16543655969149,75,74,75.0,6.259792844330456,0.13218410435796799,0.8057722007722008,0.08476613269800178,0.6671428571428571,1.08,75.25298438878261,7.57860738705776,55.55555555555555,89.93576017130621,34.380204615750664,0.06446008098673416,0.08476613269800178,26,0.3561643835616438,0.10519863134613891,2,1,1.0
S6,3030,3090,60,30,0.00032279384938811717,0.3072925759358181,-0.4578849940543336,1.6376952748665234,2.095580268920857,-0.0027148249730447726,0.14730750316753333,0.3072927454743111,3966.01091968787,3.245751831496969,12.964852095014354,0.0026517457468214845,19.83305514398999,124.03702427254856,73,72,73.0,6.348256321070194,0.12887451129765778,0.8154761904761905,0.09612385717587152,0.6457142857142857,1.08,74.57868323573477,8.581976293823221,55.55555555555555,92.9203539823009,37.364798426745345,0.06909425100326103,0.09612385717587152,31,0.43661971830985913,0.11787451098938989,2,1,1.0
S6,5550,5610,60,30,7.281334565977264e-05,0.28056836724089323,-0.44600580661009753,1.6296881570965591,2.0756939637066565,-0.013661141761552873,0.0710547370887363,0.28056837668918433,3306.18178791617,3.7673653703707206,17.311407447764093,0.00020262315481393956,18.605640058666086,126.50496028803363,69,68,69.0,5.1183622187533295,2.599027390289882,0.8662815126050419,0.2155009156365908,0.33714285714285713,1.12,77.44621473661297,34.17440044989721,53.57142857142857,177.96610169491527,124.3946731234867,0.16577750430041563,0.2155009156365908,44,0.6567164179104478,0.2487654561489444,3,0,0.9884047619047619
S6,5580,5640,60,30,8.721264191997234e-05,0.28655300489176205,-0.4864450200913626,1.6288318455117856,2.115276865603148,-0.015860168574106753,0.07827004590433316,0.28655301816338125,3448.7305531788106,3.6663152437382434,16.408061664273088,-0.0011235067772278095,18.794763974891982,127.08266090448046,67,66,67.0,5.678665457067635,2.2254263654599717,0.900887445887446,0.15924892614826738,0.35,1.12,70.15494305026019,21.056248515179938,53.57142857142857,171.42857142857144,117.85714285714288,0.15132922306006308,0.15924892614826738,34,0.5230769230769231,0.17676894808029486,3,0,1.0
S6,5610,5670,60,30,7.527255969320123e-05,0.29636500437432983,-0.5340858762984511,1.6258075562871306,2.159893432585582,-0.0258408596117391,0.08952119683857157,0.2963650139334176,3688.953302317701,3.582589334104849,15.308199969495199,0.010442572330722205,19.516470984962055,127.15320842525229,76,75,76.0,5.276358710601625,2.315819058225106,0.7942285714285715,0.18517069749526885,0.30142857142857143,1.0357142857142858,82.73214662840121,31.97761959042465,57.93103448275861,199.05213270142178,141.12109821866318,0.17343373631893713,0.18517069749526885,39,0.527027027027027,0.23314534902994494,3,0,1.0
S6,5640,5700,60,30,0.00032432378554054624,0.2937958031992851,-0.4845715987787908,1.9188537454674202,2.403425344246211,-0.027118766550042896,0.08934296460841397,0.2937959822111782,3625.2753248640997,3.633944774612956,15.807051128025552,0.0034923396143980343,19.354817088936787,129.13847961593092,82,81,82.0,4.54195553497731,2.6476774315231117,0.7314814814814815,0.22168227423550688,0.33285714285714285,0.9914285714285714,93.84130650249912,40.166553122950795,60.518731988472624,180.25751072961373,119.7387787411411,0.20475570311760224,0.22168227423550688,46,0.575,0.303059311613098,3,0,1.0
S6,5670,5730,60,30,-0.0029484757583372588,0.29576862991068137,-1.0231910868339578,1.6673718173953522,2.69056290422931,-0.02744465784579595,0.09048612273367145,0.29578332601507323,3674.4865898386424,3.460645253855247,15.242353090973559,0.0018577307168284169,19.46125630073038,126.98496891507152,92,91,92.0,4.061558234478559,2.7391947752770784,0.6539246467817897,0.2360821156860171,0.32571428571428573,0.9914285714285714,107.18854444328625,44.0945386281155,60.518731988472624,184.21052631578945,123.69179432731683,0.23506365230490364,0.2360821156860171,74,0.8222222222222222,0.36102342501978846,3,0,1.0
S6,5700,5760,60,30,0.0004467753186978581,0.2923005199349561,-0.5245602300553173,1.7534780022434409,2.278038232298758,-0.025791985787547413,0.09163641177877027,0.29230086137818867,3588.471329622105,3.6498747632137114,15.901271157320394,0.0019018613018721199,19.428297076554763,127.20238004633528,87,86,87.0,4.159825952289453,2.7471656345747455,0.688637873754153,0.23479281347085107,0.32571428571428573,1.062857142857143,101.40368467883685,43.318913341376586,56.4516129032258,184.21052631578945,127.75891341256366,0.25181840481506,0.23479281347085107,79,0.9294117647058824,0.34095251280744,3,0,1.0
S6,5730,5790,60,30,5.7804146777172946e-05,0.2859076618905568,-0.40641694947762674,1.6186137681885338,2.0250307176661604,-0.0242113211451181,0.0848540465230588,0.28590766773391074,3433.214167699861,3.752020821222293,16.789492589345162,0.0023108731067220546,18.86074513821094,126.16212341307755,76,75,76.0,4.720568685688603,2.660506331370843,0.7853142857142857,0.2155289093098634,0.3385714285714286,1.062857142857143,86.51256122321992,38.09764950668606,56.4516129032258,177.21518987341773,120.76357697019193,0.23532282927254206,0.2155289093098634,49,0.6621621621621622,0.2744492405531987,3,0,1.0
S6,5760,5820,60,30,0.0005478235741133518,0.2892270699841476,-0.41627167753969646,1.786305031534059,2.2025767090737554,-0.024288755585742856,0.08809944916858244,0.2892275887986542,3513.4091211359028,3.7092445810239836,16.403250345790447,0.001980235225336241,19.00159503174442,127.49873139357123,70,69,70.0,5.639121798852098,2.1902003153646237,0.8552380952380952,0.1557673028187488,0.34,1.042857142857143,74.63446632425794,25.852665645077515,57.534246575342465,176.47058823529412,118.93634165995165,0.15835153956950848,0.1557673028187488,27,0.39705882352941174,0.18213326053417175,3,0,1.0
S6,5790,5850,60,30,-0.0002695508173751267,0.2919650885111637,-0.46081539316840403,1.8591967393082138,2.320012132476618,-0.02550978509928773,0.08900681998795779,0.2919652129397864,3580.234793812942,3.682003985567923,16.135091840315553,0.0018564807799628254,19.169082543486002,126.99459014839914,72,71,72.0,5.335158411412831,2.3391654470323484,0.8423138832997988,0.16557031944484588,0.33714285714285713,1.0357142857142858,76.53840676453724,28.29237155054249,57.93103448275861,177.96610169491527,120.03506721215666,0.17630388885242945,0.16557031944484588,30,0.42857142857142855,0.1965660577696018,3,0,1.0
S6,5820,5880,60,30,0.0005335264578919152,0.28411672868787274,-0.4050977931545746,1.614007848488465,2.0191056416430397,-0.02486887113968317,0.08474605650134343,0.2841172296267503,3390.3492071727414,3.7601708991735774,16.96439209344926,0.0024076294036212897,18.68019065766569,125.00853855188824,69,68,69.0,5.200657838686314,2.4822799729888794,0.8569117647058824,0.16505366915984726,0.33714285714285713,1.0357142857142858,75.3007134221974,28.486019775123943,57.93103448275861,177.96610169491527,120.03506721215666,0.18937735642148557,0.16505366915984726,26,0.3880597014925373,0.1926145444116975,3,0,1.0
S6,5850,5910,60,30,0.00048547973635562023,0.2852606972506875,-0.43521475091273126,1.6119205322275376,2.047135283140269,-0.02460061710936045,0.08794619816251312,0.28526111036473717,3417.703845633956,3.719283208613794,16.694666098827582,0.0011480217541550832,18.6612865590452,125.67544654967107,68,67,68.0,5.382869688972035,2.3954727077124938,0.8786353944562901,0.16299557069674406,0.3414285714285714,1.0357142857142858,72.96475489497618,26.407693397394272,57.93103448275861,175.73221757322176,117.80118309046316,0.14886272642019618,0.16299557069674406,19,0.2878787878787879,0.18550990743732515,3,0,1.0
S6,5880,5940,60,30,8.883253419166365e-05,0.29218923257577495,-0.49388262880819733,1.911953933618888,2.405836562427085,-0.02886129669957907,0.09570921351561655,0.29218924607938507,3585.731332026457,3.660631544226553,16.075334925767383,0.01485379427733825,18.982601889618927,135.57450121062465,70,69,70.0,5.607066856849489,2.1625880168971183,0.8665010351966874,0.16490764199801478,0.3442857142857143,1.0357142857142858,73.94496481770659,26.056618231926592,57.93103448275861,174.2738589211618,116.3428244384032,0.15647125391368388,0.16490764199801478,29,0.4264705882352941,0.19031442006365556,3,0,0.7115952380952381
S7,90,150,60,30,0.00011220105099408626,0.26156924417307226,-0.8390340825078709,1.6284318807264329,2.4674659632343037,-0.03862354643031958,0.13471526327612204,0.2615692682375897,2873.5762476266227,3.0786214083991505,16.662527685350728,0.0024496963076574606,22.32443228059863,148.27313612292483,139,138,139.0,5.06385164315616,3.8265340173562343,0.4294824016563147,0.13254967226492398,0.3157142857142857,0.7828571428571428,150.74333027905743,36.46948321977907,76.64233576642336,190.0452488687783,113.40291310235493,0.22793223974220586,0.13254967226492398,112,0.8175182481751825,0.3086265508289543,1,0,0.8228095238095238
S7,120,180,60,30,9.336202496282104e-05,0.2600535740657428,-0.8517320651985442,1.6062613193904496,2.4579933845889936,-0.040909048476420164,0.13875548620250702,0.2600535908247269,2840.3705442350483,3.0937868746011277,16.76666161448748,-0.004413364353989767,22.1617732690928,149.8494713448507,140,139,140.0,4.986600878909403,3.851506075544505,0.42872559095580676,0.1342093428985449,0.3171428571428571,1.01,150.68112239717146,35.49669083982967,59.40594059405941,189.1891891891892,129.78324859512978,0.2172023047098053,0.1342093428985449,122,0.8840579710144928,0.31304252820396544,1,0,1.0
S7,150,210,60,30,-0.0001665101345604497,0.2607009881228266,-0.8517320640644064,1.6825559011133562,2.5342879651777626,-0.044260478681071344,0.13601095617233397,0.2607010412979647,2854.53138322141,3.1272097565271757,17.009536273591962,-0.0010873562793955692,22.538554954766536,149.84947134318625,142,141,142.0,4.947630830672249,3.9214014083661186,0.42060790273556226,0.10707484961446835,0.3171428571428571,0.7271428571428571,150.93069991619123,33.0705215223736,82.51473477406681,189.1891891891892,106.67445441512238,0.19536651658293258,0.10707484961446835,130,0.9285714285714286,0.25457165430813766,1,0,1.0
S7,180,240,60,30,-0.002038615543631338,0.2794089808106816,-1.275340531040795,2.869748039994474,4.145088571035269,-0.04732405625531127,0.13795870193228918,0.2794164177549318,3279.0884494619404,2.958518592486077,16.57791177760727,0.017297655702963072,23.38515604414064,148.62669775030318,147,146,147.0,4.636424748269417,3.7544949001642967,0.406839530332681,0.0998077840804249,0.31142857142857144,0.8442857142857143,155.15383285483165,32.07815666548251,71.06598984771574,192.6605504587156,121.59456061099985,0.1770248295819804,0.0998077840804249,140,0.9655172413793104,0.2453246959527508,1,0,1.0
S7,210,270,60,30,-0.0006967549503924933,0.26708434754456156,-0.8780985264769322,1.6148452140919818,2.492943740568914,-0.04569429551917258,0.13302628870041772,0.2670852563710043,2996.050435172133,3.1240154413972916,16.603736189331567,0.00012169508793947054,23.445987843550984,148.6266977504967,149,148,149.0,4.815581039458577,3.908930809761113,0.39914092664092665,0.08913535445497006,0.31142857142857144,0.62,157.17165641702132,31.085155048548543,96.7741935483871,192.6605504587156,95.88635691032849,0.16308280616291992,0.08913535445497006,142,0.9659863945578231,0.2233180025038064,1,0,1.0
S7,240,300,60,30,0.0016610357193064362,0.264841547055785,-0.8123033854975746,1.6131367792505253,2.4254401647481,-0.04344574386631715,0.13802526234369142,0.2648467558543287,2946.03977163562,3.1218282469990495,16.660660603760338,0.0012508347156759952,22.922647063612324,146.47373686848073,143,142,143.0,4.919912911429136,3.8854324245932075,0.4134708249496982,0.10102868402252925,0.31285714285714283,0.6314285714285715,153.26972141416965,33.778102882318905,95.02262443438914,191.78082191780823,96.75819748341908,0.18941133450820594,0.10102868402252925,141,1.0,0.2443429570510087,1,0,1.0
S7,270,330,60,30,0.0003248328660816598,0.26245091282098554,-0.813287758349181,1.6175890138543068,2.430876772203488,-0.04163573823002362,0.13014989227606885,0.26245111384210096,2892.984660592296,3.1908386024673887,17.29431645146779,-0.001149672856282127,22.71965995067685,146.53259784845605,142,141,142.0,4.962791547867985,3.907384470642598,0.4236575481256332,0.11113636494717999,0.31142857142857144,0.7057142857142857,150.7348451867836,35.20901279500622,85.02024291497976,192.6605504587156,107.64030754373583,0.20421791368100295,0.11113636494717999,140,1.0,0.26232594093714373,1,0,1.0
S7,300,360,60,30,0.00011005777528549134,0.2627574123644462,-0.8031014578247665,1.6037861617576143,2.4068876195823807,-0.040230943591015464,0.1266890103935146,0.2627574354136787,2899.741734337288,3.219350664971056,17.302694257359725,0.0006339772162898936,22.938071173799596,146.56418493373698,145,144,145.0,4.921068814511891,3.9077155431459993,0.40867063492063493,0.1023804890324202,0.31142857142857144,0.7057142857142857,154.96206496457555,33.05161839251743,85.02024291497976,192.6605504587156,107.64030754373583,0.18394349036998664,0.1023804890324202,136,0.951048951048951,0.2505207868735242,1,0,1.0
S7,330,390,60,30,-0.0005942244502770841,0.2597158574690999,-0.8644105490709181,1.6054533397651738,2.469863888836092,-0.03738369159792177,0.12094850617987721,0.2597165372547677,2833.0125483915,3.259760755511931,17.67191044187724,0.0005979644804150278,22.800044926029546,146.52457881879639,145,144,145.0,4.920852605973399,3.950011017051443,0.4112202380952381,0.10607723632622588,0.31285714285714283,0.7328571428571429,154.34551976445405,33.35999176469812,81.87134502923976,191.78082191780823,109.90947688856846,0.18883745198945304,0.10607723632622588,136,0.951048951048951,0.2579572367779684,1,0,1.0
S7,360,420,60,30,0.00010884423174678308,0.25578862258667634,-0.8001082180975126,1.5961997166097042,2.3963079347072167,-0.03617820855241526,0.11673759954973348,0.2557886457445989,2747.968914257949,3.312373027240881,18.282638722111944,0.0023180223091114624,22.463238315982487,145.323199820585,142,141,142.0,4.981746130464527,3.9961132572868907,0.4211246200607902,0.10819574640455483,0.3142857142857143,0.7142857142857143,150.98900237437485,33.67804277874937,84.0,190.9090909090909,106.9090909090909,0.19934963498318733,0.10819574640455483,140,1.0,0.25692097125296676,1,0,1.0
S7,390,450,60,30,0.0001504701470597612,0.25833115501750903,-0.800108221582226,1.6039305579447236,2.4040387795269496,-0.037713835181284,0.12135731810704939,0.25833119883967837,2802.8703483457084,3.301098035224479,17.977252401727572,0.00012203873728429477,22.64966302966763,145.32319982060866,143,142,143.0,4.963177790130144,3.9607898729738666,0.4169919517102616,0.10023323013786993,0.32,0.6557142857142857,151.59748871165553,32.50705522895115,91.50326797385621,187.5,95.99673202614379,0.18672207270687924,0.10023323013786993,141,1.0,0.2403720976550525,1,0,1.0
S7,420,480,60,30,-0.00033847142769735016,0.25346657203787654,-0.8473398651723827,1.6039306467249328,2.4512705118973157,-0.03563371828737438,0.11261622436091297,0.25346679802991834,2698.3075435486558,3.381563672993579,18.877271589042,0.00035483631231221345,22.158339675440548,145.14323361062617,137,136,137.0,5.0735066184267295,4.0248377988959385,0.4376050420168067,0.11620653188960489,0.32142857142857145,0.6685714285714286,146.57090568628422,35.99502163906499,89.74358974358974,186.66666666666666,96.92307692307692,0.2216781321093264,0.11620653188960489,135,1.0,0.2655511722489291,1,0,1.0
S7,450,510,60,30,0.00011574473781689179,0.2557886671229629,-0.8152293388378238,1.6031728971014643,2.418402235939288,-0.03714831681150033,0.1156917950000989,0.2557886933102913,2747.9699362662222,3.3388314577329035,18.514852526488376,0.0002018443102801539,22.38531804203111,145.57729395452156,139,138,139.0,5.030608841747685,4.020675669135122,0.4286645962732919,0.11269089184601372,0.32142857142857145,0.7428571428571429,148.81627059495895,34.15346820233486,80.76923076923076,186.66666666666666,105.8974358974359,0.2053368467097755,0.11269089184601372,133,0.9708029197080292,0.26288826468460785,1,0,1.0
S7,480,540,60,30,0.0001813568721257839,0.2576690912319466,-0.8249738680699635,1.6031715830063828,2.4281454510763463,-0.03786638305299325,0.11916901211876683,0.25766915505471794,2788.522525597716,3.2517167658922372,18.01836837711315,0.00010970273085128647,22.591601160945306,146.3688012413206,141,140,141.0,5.008032911860299,4.007174103525396,0.4244285714285715,0.11415161775785174,0.32142857142857145,0.85,149.99909147129745,32.95734158077738,70.58823529411765,186.66666666666666,116.078431372549,0.20238407993875407,0.11415161775785174,135,0.9712230215827338,0.26895366014976846,1,0,1.0
S7,510,570,60,30,8.814718933310385e-05,0.2489016794248988,-0.8249983560124515,1.604259837751089,2.4292581937635407,-0.033148483322214775,0.10517689489526297,0.2489016950333245,2601.986259199407,3.402095979638758,19.673402836751464,0.0004911889220778896,21.73043425619352,146.6584592411386,132,131,132.0,5.178129604228898,4.128941635427785,0.45013086150490733,0.13040907158059173,0.32285714285714284,0.85,143.65502703601092,36.41710845985856,70.58823529411765,185.8407079646018,115.25247267048414,0.24251617952466634,0.13040907158059173,130,1.0,0.2897136871366684,1,0,1.0
S7,540,600,60,30,0.00010486096029351167,0.24724479827371523,-0.7829686019093178,1.6042586522187967,2.3872272541281143,-0.032967520075897025,0.09748160859304185,0.2472448205104227,2567.4600533077078,3.531804111361907,20.50020664914033,0.0011062506822428078,21.4555303168818,146.6584585309996,129,128,129.0,5.167834405053914,4.177937119998632,0.4634375,0.1290696494536052,0.32857142857142857,0.7385714285714285,139.76528788532548,37.29332460460214,81.23791102514507,182.6086956521739,101.37078462702884,0.2509830583543629,0.1290696494536052,127,1.0,0.2785049752201865,1,0,1.0
S7,570,630,60,30,3.840739616463147e-05,0.26385328456062546,-0.8662720820381098,1.6059028222261171,2.472174904264227,-0.03967527790993407,0.12285229739004055,0.2638532873559821,2923.9794044394557,3.1782579058538167,17.286764291394782,0.0008964877333230069,23.15444693664873,149.03872930374558,144,143,144.0,4.936069525885646,3.9689869085143683,0.4173626373626374,0.10928681549167464,0.3028571428571429,0.7057142857142857,152.40274451237795,33.345728506628504,85.02024291497976,198.1132075471698,113.09296463219003,0.18964922765126385,0.10928681549167464,106,0.7464788732394366,0.2618509797193889,1,0,1.0
S7,600,660,60,30,0.000197601680085726,0.2599174692611056,-0.8661741370409792,1.6253030854060986,2.491477222447078,-0.03486100455582161,0.12095627435511863,0.25991754437421444,2837.399454687913,3.118644267772406,17.508708083989116,0.0016657945088503518,22.828477488125856,149.03845660171902,140,139,140.0,5.076022442769121,4.003635878977743,0.42894141829393634,0.13101372686444823,0.3028571428571429,0.7557142857142857,150.8635251477104,36.469236522600134,79.39508506616258,198.1132075471698,118.71812248100721,0.22390233087458836,0.13101372686444823,102,0.7391304347826086,0.30543501111536353,1,0,1.0
S7,630,690,60,30,-0.0003634143300172313,0.24524370451118788,-0.9040684541408343,1.596812583201676,2.50088103734251,-0.03008914314165248,0.09603303439805587,0.24524397377376286,2526.073480238536,3.3468345902419463,20.1138816292346,-0.0013157485427524953,21.295701636563994,148.06940885245126,126,125,126.0,5.337419366772997,4.200302661127579,0.4764457142857143,0.14542948256801302,0.32285714285714284,0.7557142857142857,137.9362981822597,39.74404722436206,79.39508506616258,185.8407079646018,106.44562289843921,0.2810701769510542,0.14542948256801302,124,1.0,0.305238305660993,1,0,1.0
S7,660,720,60,30,-0.0005066280502530455,0.2553064129339249,-0.8496742616262491,1.6007857871695137,2.4504600487957626,-0.03535117738828819,0.11063427625018697,0.2553069156078015,2737.628088601101,3.2512507837042173,18.38112392357693,-0.004032084524188764,22.252187439451184,148.06941790072668,138,137,138.0,5.038308136260323,4.0746183083474925,0.4374139728884255,0.12060297548327033,0.3157142857142857,0.7242857142857143,146.7623494814449,35.30951751469633,82.84023668639053,190.0452488687783,107.20501218238776,0.2186784353868513,0.12060297548327033,133,0.9779411764705882,0.27571815936029426,1,0,1.0
S7,690,750,60,30,0.00017239961852316292,0.260013477464965,-0.8359551681023684,1.6007857838771584,2.4367409519795267,-0.03805356102153058,0.12013515596894372,0.26001353461897386,2839.4956037721977,3.239239733991604,17.594725070321203,0.0008337879806721486,22.650427107353433,146.11106179738536,143,142,143.0,4.927370813069975,3.9682889343074907,0.4133802816901408,0.10231672232033497,0.3171428571428571,0.7242857142857143,152.9325741288735,31.983061960900052,82.84023668639053,189.1891891891892,106.34895250279867,0.18261084761697582,0.10231672232033497,128,0.9078014184397163,0.24751234360285462,1,0,1.0
S7,720,780,60,30,0.0008052351877822292,0.25971093381887933,-0.7719582681051979,1.608071171765637,2.380029439870835,-0.035907840063747455,0.1200647924253237,0.2597121821339576,2832.9175370488424,3.331579672022713,17.91352690645795,0.0008536515910131801,22.4861302276985,144.39892988869826,141,140,141.0,4.907115461600463,3.9608435758428735,0.4193673469387755,0.10776083975138355,0.3142857142857143,0.7242857142857143,151.59705740773825,33.71979226521133,82.84023668639053,190.9090909090909,108.06885422270038,0.1978903193084359,0.10776083975138355,129,0.9280575539568345,0.256960491888549,1,0,1.0
S7,750,810,60,30,0.00013369739241074618,0.26211212614739404,-0.7735620460384145,1.6080711717623168,2.381633217800731,-0.03258440972620361,0.11529349939673236,0.26211216024538075,2885.5169510370065,3.353622940580585,17.906682047353485,-0.00031469654908736113,22.779317128772185,144.3989298886987,143,142,143.0,4.845982652382276,3.974466471947543,0.41825955734406434,0.10264917442144635,0.3142857142857143,0.6585714285714286,151.6612546748535,33.86135599904845,91.1062906724512,190.9090909090909,99.80280023663971,0.1939223836151595,0.10264917442144635,141,1.0,0.2454197940467052,1,0,1.0
S7,780,840,60,30,0.00012799401157194128,0.26487212595357307,-0.776256255358519,1.6063855751254483,2.3826418304839674,-0.03277756131903046,0.11934873922282063,0.2648721568788091,2946.604898564564,3.2953439555063433,17.360744096261875,-5.3985363259201174e-05,23.01898119410426,143.56908836187284,147,146,147.0,4.788028460542481,3.9305721063430705,0.40619373776908024,0.09250018358975959,0.3142857142857143,0.6242857142857143,154.86116979401686,31.734394596331654,96.10983981693363,190.9090909090909,94.79925109215728,0.17283238840784046,0.09250018358975959,143,0.9862068965517241,0.22772429751820947,1,0,1.0
S7,810,870,60,30,0.0001807536554298261,0.25685318490498227,-0.7778249046825648,1.6029643510425902,2.380789255725155,-0.02988709736437384,0.10976756266489404,0.25685324850528357,2770.8908332441124,3.380388830912206,18.532387553011908,-2.18511669342997e-05,22.300818635154446,144.25964166428844,139,138,139.0,4.988888822050319,3.996692808759421,0.42838509316770185,0.12143829288657697,0.3142857142857143,0.7457142857142857,150.15892957464058,36.21871549397516,80.45977011494253,190.9090909090909,110.44932079414838,0.2194199997782706,0.12143829288657697,135,0.9854014598540146,0.2834792685912555,1,0,1.0
S7,840,900,60,30,0.00016459652580785535,0.25152819533558474,-0.8090414189467025,1.6051148919860334,2.4141563109327357,-0.029039608856864657,0.10002829106918457,0.2515282491904088,2657.1913259132803,3.44743873069324,19.493953298794438,0.0007895876557741889,21.844788633234497,145.40427808402947,133,132,133.0,5.135352412213759,4.0702358215615,0.44645021645021643,0.12995723630027436,0.31285714285714283,0.7457142857142857,145.34746055129816,38.082135561385364,80.45977011494253,191.78082191780823,111.3210518028657,0.2439020755642689,0.12995723630027436,131,1.0,0.2910900958534217,1,0,1.0
S7,870,930,60,30,5.240787644707977e-05,0.2576208810151563,-0.809041418946613,1.7311257430524059,2.540167161999019,-0.033302082738611,0.11067648572317228,0.2576208863458295,2787.4778854276537,3.4240023519719514,18.661477306930585,-0.0018159892146569422,22.24175980654654,145.40427808404843,139,138,139.0,4.976608038523561,3.9739204805305035,0.4307142857142857,0.11253961805279943,0.31285714285714283,0.66,148.40035935626088,35.20213953996737,90.9090909090909,191.78082191780823,100.87173100871732,0.21144967202996326,0.11253961805279943,137,1.0,0.2612860120628842,1,0,1.0
S7,900,960,60,30,0.0003502516898900445,0.2601614909954941,-0.8359741781219868,1.7832242543632013,2.619198432485188,-0.03426672908480185,0.11289379774966406,0.2601617267648046,2842.733211076283,3.404698954428031,18.340391388790167,-0.002990774338102909,22.38905119723393,143.95356432571865,141,140,141.0,4.918729604093675,3.9415745302544374,0.42709183673469386,0.11037194084977896,0.31857142857142856,0.6614285714285715,149.36486208651982,34.761807867316584,90.71274298056154,188.34080717488789,97.62806419432634,0.20758612246039998,0.11037194084977896,139,1.0,0.25842671612180956,1,0,1.0
S7,930,990,60,30,0.0009148294955102657,0.25921492596602846,-0.8116110168575261,1.6117115838722713,2.423322600729797,-0.03331889358542234,0.11491671557351274,0.25921654028356195,2822.115019776338,3.303464538726338,18.010558895698722,0.000750332115002603,22.32146993543175,145.93988450684046,140,139,140.0,4.944870108906896,3.9694623366035713,0.4282219938335046,0.11564871217869051,0.3157142857142857,0.7542857142857143,149.424332684795,35.08826655935016,79.54545454545455,190.0452488687783,110.49979432332374,0.21042150765630815,0.11564871217869051,137,0.9927536231884058,0.27006719375477817,1,0,1.0
S7,960,1020,60,30,0.001076552019548564,0.25588325263562184,-0.8567433343669736,1.6092852701775038,2.4660286045444773,-0.03316456851828624,0.11843134229072275,0.25588551726042696,2750.050713632723,3.2591361467862137,18.209221369848485,0.0005220687075092532,22.084701446280615,153.58563254468123,136,135,136.0,5.058560665361333,4.009936184881862,0.43731216931216926,0.11978515055435232,0.3157142857142857,0.7542857142857143,146.91130587628626,36.018713091132454,79.54545454545455,190.0452488687783,110.49979432332374,0.22514631246469125,0.11978515055435232,133,0.9925373134328358,0.27391222783202573,1,0,1.0
S7,990,1050,60,30,3.475411570325747e-05,0.2569902449218297,-0.8567433531010504,1.6198707209695733,2.476614074070624,-0.03664716979609718,0.11985676644089256,0.25699024727181885,2773.8474620988845,3.179563712541754,18.11235725192276,-0.0004420645000674063,22.51237776004545,153.5856323578449,138,137,138.0,5.038149535866088,4.0936514821014,0.43261730969760165,0.10889783673387188,0.32142857142857145,0.6542857142857142,147.17728110643318,34.09022760961093,91.70305676855895,186.66666666666666,94.9636098981077,0.207326056339899,0.10889783673387188,136,1.0,0.25171863051432497,1,0,1.0
S7,1020,1080,60,30,0.00029332944303207294,0.26250377298447525,-0.8462977377721621,1.6124229446495661,2.4587206824217285,-0.034715250744089377,0.11381437492221252,0.26250393687190116,2894.1493086763767,3.1935331934978617,17.60106391363657,-0.0018861479313019903,23.04332307773878,149.38501788796248,135,134,135.0,5.127354109931348,4.062417069339781,0.4435074626865672,0.13636111323805788,0.31285714285714283,0.9014285714285715,146.35159808764865,37.07914380023063,66.56101426307448,191.78082191780823,125.21980765473374,0.22626942297245528,0.13636111323805788,128,0.9624060150375939,0.3074606961786935,1,0,1.0
S7,1050,1110,60,30,0.00013123135324791108,0.2684002911222365,-0.7958976930617147,1.617046275998434,2.412943969060149,-0.02689497850466116,0.11044456723040724,0.26840032320429386,3025.6268068391146,3.214365370925441,16.967146053515734,0.0008561804736352198,23.47779804714617,145.9585109278008,121,120,121.0,5.629917513062674,3.8958615368872835,0.49547619047619046,0.18773274292578773,0.31285714285714283,0.9442857142857143,137.09152742855466,43.69776187562565,63.54009077155825,191.78082191780823,128.24073114624997,0.2410270000409843,0.18773274292578773,104,0.8739495798319328,0.37889357053739,1,0,1.0
S7,1080,1140,60,30,0.00010068590877477921,0.2745400475441606,-0.7952971358757713,1.6170462760102176,2.4123434118859888,-0.02556897388077296,0.11660850931323472,0.2745400660071353,3165.6344094144924,3.1365802585082947,16.014163357458255,0.0005292381037841882,24.034562363577635,145.9585109277607,115,114,115.0,6.004901758634172,3.64238612112555,0.521203007518797,0.1941276796215606,0.3028571428571429,0.9442857142857143,131.6286168625772,45.667464512460214,63.54009077155825,198.1132075471698,134.57311677561154,0.2246494670802013,0.1941276796215606,90,0.7964601769911505,0.37246078173207675,1,0,1.0
S7,1110,1170,60,30,0.00018651224240896267,0.2624453140873425,-0.7906568613174048,1.6032371239570495,2.3938939852744543,-0.0266602948523521,0.1089171708051813,0.26244538036174386,2892.8582622752574,3.3349198708164636,17.81471598302361,0.0003547056860609763,22.8178283722309,145.70773872515102,132,131,132.0,5.217936769398407,3.9493655865565374,0.45294438386041436,0.15034267921690495,0.3028571428571429,0.82,145.75503341513516,40.99352300298167,73.17073170731707,198.1132075471698,124.94247583985272,0.24456118392839532,0.15034267921690495,124,0.9538461538461539,0.331923045243534,1,0,1.0
S7,1140,1200,60,30,-0.00010989648721399997,0.24691698715672344,-0.7674726546541024,1.598519691235715,2.3659923458898175,-0.02595736631483766,0.08526251093027692,0.24691701161279153,2560.6564461992402,3.6448301358718544,20.83531967945159,-0.00042795803197748363,21.316096577923474,143.33917376606377,130,129,130.0,5.104423618501187,4.1583911064492485,0.4598781838316723,0.1381481967046149,0.3142857142857143,0.8042857142857143,142.43700824940169,40.34284111450814,74.60035523978686,190.9090909090909,116.30873566930404,0.2679662872871305,0.1381481967046149,128,1.0,0.30040171845851427,1,0,1.0
S7,1170,1230,60,30,-0.00012674931163534543,0.25459654763841294,-0.8178146953557967,1.6004641680291356,2.4182788633849324,-0.028861989991504522,0.09934942614884609,0.25459657918909023,2722.415561661041,3.4632817755983174,19.21747499633764,-0.006886218608400186,21.97772753422128,142.4331555520778,138,137,138.0,4.947422769691554,4.067467904137312,0.43693430656934307,0.11586327001203309,0.3157142857142857,0.67,146.91343731149354,36.46705968261019,89.55223880597015,190.0452488687783,100.49301006280814,0.2227900001204306,0.11586327001203309,133,0.9779411764705882,0.26517320400348365,1,0,1.0
S7,1200,1260,60,30,0.00012621278979922833,0.25681341535382074,-0.8311338180791046,1.6004641444981207,2.431597962577225,-0.028782949140563494,0.10526142809126805,0.2568134463679079,2770.032141885218,3.333902076084885,18.660195180524326,0.0003201457264481489,22.201343984997045,146.95960708340172,135,134,135.0,5.076690487937277,4.067413867396189,0.44205756929637524,0.13849507834350666,0.3157142857142857,0.9528571428571428,147.4807582057687,38.35964478435256,62.968515742128936,190.0452488687783,127.07673312664934,0.24654771478082882,0.13849507834350666,118,0.8872180451127819,0.31329647530738997,1,0,1.0
S7,1230,1290,60,30,0.0007906047104146542,0.25410319121259106,-0.831039552559691,1.6197431598452918,2.450782712404983,-0.02635252902043618,0.09999399720506949,0.25410442113475856,2711.9003872896915,3.3689274091348254,19.26572942007944,0.0011944093328317255,21.8794132763323,147.46655648963608,130,129,130.0,5.126163507681127,4.1543083225348125,0.4580841638981174,0.1492433583349305,0.3171428571428571,0.9528571428571428,143.90421321011772,40.37787423138401,62.968515742128936,189.1891891891892,126.22067344706025,0.2719578955257146,0.1492433583349305,117,0.9140625,0.3257989908774138,1,0,0.9438571428571428
S7,1560,1620,60,30,-5.359277792883919e-05,0.24416899811936588,-0.8359795889239738,1.6099257178808513,2.445905306804825,-0.017797489048459562,0.0901226317473692,0.2441690040009189,2503.9771056216314,3.309858508756398,19.766907215487695,-0.00043920543128763925,20.183311791377285,140.80319789717296,115,114,115.0,5.486461585730496,4.108620640276172,0.5216917293233082,0.17488583210487887,0.33714285714285713,0.82,129.03005361959396,42.09466245368597,73.17073170731707,177.96610169491527,104.79536998759819,0.3454944657478327,0.17488583210487887,113,1.0,0.3352283010729825,3,0,1.0
S7,1590,1650,60,30,-0.0003903571647912583,0.24704575959830502,-0.847567619144127,1.6099261854325855,2.4574938045767123,-0.02125717711875352,0.09874123384724265,0.24704606799991702,2563.3339079972243,3.257311261253719,19.249161310208287,-0.0018644780723127512,20.414108038240194,145.50540266959248,118,117,118.0,5.387042533882418,4.0980983692180555,0.5053235653235653,0.16079631594584368,0.3385714285714286,0.9214285714285714,131.06500775301848,39.299633158228424,65.11627906976744,177.21518987341773,112.09891080365028,0.31117430981811645,0.16079631594584368,116,1.0,0.3182046652482627,3,0,1.0
S7,1620,1680,60,30,0.00025332401819003154,0.24728857605545124,-0.8475458246152822,1.6078066630207146,2.455352487635997,-0.022327543190373084,0.09992358989323999,0.24728870580879933,2568.371568864818,3.309897467992306,19.39854191863335,0.0009360862853733954,20.507102115520503,145.50549822315648,119,118,119.0,5.3800146683260825,4.084109663947195,0.4998062953995158,0.1576435908570325,0.3385714285714286,0.9214285714285714,132.254201703664,39.22776618818179,65.11627906976744,177.21518987341773,112.09891080365028,0.3047518885716695,0.1576435908570325,117,1.0,0.31540937420770476,3,0,1.0
S7,1650,1710,60,30,7.594171669667869e-05,0.2435714034067382,-0.7972401389787512,1.5971597785343759,2.394399917513127,-0.020739476436187086,0.09019154918571867,0.24357141524545184,2491.7354416362377,3.4310537920811988,20.275874042422927,-0.0002229025221723933,20.245597861276902,140.2483957517976,117,116,117.0,5.4202355854715485,4.127658852901733,0.5079926108374384,0.15812311570484167,0.3385714285714286,0.7614285714285715,130.40894441780372,39.702606336574725,78.79924953095684,177.21518987341773,98.41594034246089,0.31191861268694776,0.15812311570484167,115,1.0,0.3112705034117953,3,0,1.0
S7,1680,1740,60,30,0.0001100111988090801,0.2433439681515355,-0.8072840933316814,1.5947472956360975,2.402031388967779,-0.019777111225635184,0.08868915444487012,0.24334399301852386,2487.0845554043744,3.4391883172065234,20.286153480474923,-6.290834773377485e-05,20.261150148477505,143.38039726623995,117,116,117.0,5.420314508602785,4.1176707357339835,0.5106896551724137,0.16259750312063023,0.34285714285714286,0.9028571428571428,130.04541032640958,39.76456812292307,66.45569620253166,175.0,108.54430379746834,0.3182470565415147,0.16259750312063023,115,1.0,0.31838808848739214,3,0,1.0
S7,1710,1770,60,30,0.00019867871857773576,0.24385434784253301,-0.8333013450895539,1.59435626118536,2.427657606274914,-0.020570448985374412,0.09115875623542471,0.24385442877860614,2497.5292622674924,3.4362831269173855,20.141335705382442,-0.001369518546381678,20.31406936403733,145.00256643657593,118,117,118.0,5.38325417041586,4.09616214558636,0.50996336996337,0.16638065061149843,0.34,0.9028571428571428,130.61101016315348,40.1234837156945,66.45569620253166,176.47058823529412,110.01489203276246,0.323335367734724,0.16638065061149843,116,1.0,0.3262600029948216,3,0,1.0
S7,1740,1800,60,30,6.40819205576673e-05,0.2409189546770414,-0.8340639025387867,1.6007867982774253,2.434850700816212,-0.020008019897292256,0.09096567343330146,0.24091896319960138,2437.7617668251773,3.462643207976822,20.592484606313032,-0.0009045361233599931,20.014702424741152,145.00497678945436,114,113,114.0,5.465717741630176,4.14106104440204,0.5241087231352719,0.17657233814888146,0.34285714285714286,0.8242857142857143,128.25658393763746,41.25801853778211,72.79029462738302,175.0,102.20970537261698,0.3441304216202748,0.17657233814888146,112,1.0,0.3369002085914688,3,0,1.0
S7,1770,1830,60,30,0.00017054923744386257,0.2444293253367502,-0.8014146814443888,1.6117930898413884,2.4132077712857773,-0.022060036355015633,0.09367867096645814,0.24442938483664617,2509.3204152080934,3.432314680991472,20.02242230747091,-0.0005297726579895705,20.317208862401536,141.9679820547055,117,116,117.0,5.390768686295834,4.1022751102896615,0.5126600985221674,0.1682450602570701,0.3385714285714286,0.8242857142857143,130.08565336492958,40.19034238587808,72.79029462738302,177.21518987341773,104.42489524603471,0.3258032732313623,0.1682450602570701,115,1.0,0.32818052495613753,3,0,1.0
S7,1800,1860,60,30,7.006149934473709e-05,0.2435658732949407,-0.8083325702937116,1.6002249867311036,2.408557557024815,-0.02280449766951667,0.09363015674499864,0.24356588337150342,2491.622260786714,3.453375979075832,20.179868759513816,2.129776588315885e-05,20.230539996214908,140.50365653184937,117,116,117.0,5.394308606783609,4.110711039105636,0.5091625615763546,0.16514319687411974,0.3385714285714286,0.8257142857142857,130.62894804778708,39.91108303529831,72.66435986159169,177.21518987341773,104.55083001182604,0.3201741983710949,0.16514319687411974,115,1.0,0.32434277249851307,3,0,1.0
S7,1830,1890,60,30,0.00029423620573904865,0.23959633410198805,-0.8030011593945037,1.5970365812816556,2.4000377406761593,-0.019247352237730265,0.0888332431040732,0.23959651477026175,2411.0725753823626,3.493735723982238,20.933942101422048,5.6418785185926444e-05,19.936363643454015,141.81037284610457,114,113,114.0,5.4469965188595815,4.185908089198525,0.5266877370417195,0.17902372711567935,0.3385714285714286,0.8757142857142857,127.75840690029408,41.14289085964375,68.51549755301795,177.21518987341773,108.69969232039978,0.3471408625121162,0.17902372711567935,112,1.0,0.33990487061880975,3,0,1.0
S7,1860,1920,60,30,8.061216024035734e-05,0.2376606881188767,-0.8002063463005118,1.5979155750535399,2.3981219213540514,-0.01925553052005472,0.08550580648719243,0.23766070179030094,2372.2695853692508,3.527215541366517,21.408621124451898,0.00016776926955016196,19.880293793845176,144.10840733351054,111,110,111.0,5.545542164190404,4.242165473804585,0.5345324675324674,0.18295785163930947,0.3457142857142857,0.8757142857142857,126.34335922522104,41.476465150375994,68.51549755301795,173.55371900826447,105.03822145524651,0.35803011675141205,0.18295785163930947,109,1.0,0.3422764055547227,3,0,1.0
S7,3090,3150,60,30,-6.416262062650424e-05,0.3179972888695678,-0.9595968434266534,1.6560077199609249,2.615604563387578,-0.029833948867594696,0.16787657743591242,0.31799729534264476,4247.135753499964,2.1139587249510665,10.214286042870532,0.0005261793141936604,26.222941187109242,147.1693782556917,106,105,106.0,6.913063849217036,2.1578943642617006,0.5648571428571428,0.14046079934132333,0.30142857142857143,0.9557142857142857,114.14128498378088,33.78508802743646,62.780269058295964,199.05213270142178,136.2718636431258,0.16574151917185398,0.14046079934132333,46,0.4423076923076923,0.24866605852029927,2,1,0.8894761904761905
S7,3120,3180,60,30,-0.0005126618076800531,0.30373780488465146,-0.9741007696192578,1.6494147606170437,2.6235155302363014,-0.030320284974562087,0.15804432935897195,0.3037382375307324,3874.7905114075766,2.2172686801051427,11.60634773676096,-0.0021899505614185076,24.785436599176702,147.16618921454494,128,127,128.0,5.647789722020841,3.36770679708647,0.47172103487064115,0.17172923938402085,0.3,0.93,143.04966801837276,44.90440424872334,64.51612903225806,200.0,135.48387096774195,0.20723506431607122,0.17172923938402085,83,0.6587301587301587,0.364048296958209,2,1,1.0
S7,3150,3210,60,30,8.214584502875088e-05,0.2993114571902204,-1.0044608012643232,1.637710922641899,2.6421717239062223,-0.024936808576122765,0.15000668567209674,0.2993114684626585,3762.6689164374666,2.2162958831985953,12.06464090566014,-0.0003686364927778665,24.42175960850132,152.20355126315596,140,139,140.0,5.1738549750112774,3.592504947197204,0.42706063720452214,0.1402198255066153,0.3,0.85,153.30714880022,39.99918633066445,70.58823529411765,200.0,129.41176470588235,0.2068192660608783,0.1402198255066153,96,0.6956521739130435,0.32833703996808095,2,1,1.0
S7,3180,3240,60,30,-0.00038611301336591574,0.32707613142035225,-1.2469902827146482,3.931041688033648,5.178031970748296,-0.024201457209854116,0.14848713165181016,0.3270763593232666,4493.115682782829,2.385531378143978,16.32898308467589,0.027958985326678756,24.48669845173501,152.2037571027246,135,134,135.0,4.848847949472871,3.350486366217412,0.4431769722814499,0.1528067830271678,0.3,0.8957142857142857,149.0510347605891,40.79002028434357,66.98564593301435,200.0,133.01435406698565,0.2127804632680484,0.1528067830271678,90,0.6766917293233082,0.3447985626160293,2,1,1.0
S7,3210,3270,60,30,-6.047940720660434e-05,0.29481808843365426,-1.0411975418878405,1.6500574033735544,2.691254945261395,-0.026296328077562464,0.13400691296463163,0.2948180946370706,3650.543774868174,2.373197903848389,12.99009435488417,-7.898643812967834e-05,24.15912669138619,147.8809008826292,145,144,145.0,4.93444551032384,3.765253051305385,0.41167658730158735,0.13086125940762727,0.30142857142857143,0.9957142857142857,156.57680578343488,35.58425323997813,60.25824964131994,199.05213270142178,138.79388306010185,0.17768061522727766,0.13086125940762727,98,0.6853146853146853,0.3178739414485102,2,1,1.0
S7,3240,3300,60,30,0.0022896427364689606,0.29215638104760944,-1.041197566137587,1.6501617815207514,2.6913593476583384,-0.022426356446768714,0.13268937682698204,0.2921653529265519,3585.1449249292587,2.3929232500071187,13.05204342686838,0.001512598813069331,23.743030617001,152.04323342550634,140,139,140.0,4.972078634813768,3.7708345084394597,0.4234943473792395,0.14144410855117664,0.30142857142857143,1.012857142857143,153.3156690128863,36.601335531450886,59.23836389280677,199.05213270142178,139.813768808615,0.19239492959085114,0.14144410855117664,89,0.644927536231884,0.3339929078782091,2,1,1.0
S7,3270,3330,60,30,0.00011114153953851372,0.29270614411376944,-1.034174388205967,1.6593315711268557,2.693505959332823,-0.02170680069285181,0.13353742258018125,0.2927061652141829,3598.4297644844874,2.4005595145402303,13.191996068462412,0.0007323571877246615,23.880650317062983,152.03713208451853,135,134,135.0,5.160279326724719,3.75869008056755,0.442409381663113,0.1534816187941054,0.3057142857142857,1.012857142857143,148.87266034292162,39.43596059608152,59.23836389280677,196.26168224299064,137.02331835018387,0.22557644433486437,0.1534816187941054,87,0.6541353383458647,0.346922161137575,2,1,1.0
S7,3300,3360,60,30,-0.00032425389030615637,0.28836882663603564,-1.035746108666562,1.6593315707292586,2.695077679395821,-0.02755895141797515,0.13233082388468867,0.28836900893825146,3492.5807832732326,2.5296406578380717,13.824719235444071,-0.0005974989932126012,23.404406764898887,149.89888523253416,136,135,136.0,5.048310185327373,3.8078651749953356,0.4348994708994709,0.14360287273035105,0.3057142857142857,0.8542857142857143,149.95493938040246,37.297012432786346,70.23411371237458,196.26168224299064,126.02756853061607,0.21856679482803684,0.14360287273035105,95,0.7089552238805971,0.33019785568685034,2,1,1.0
S7,3330,3390,60,30,0.0002862357496186279,0.2817431139831717,-1.0626624755688807,1.649362990639637,2.7120254662085177,-0.02819025989945974,0.13120313283930224,0.28174325938314626,3333.929096729231,2.5908924963296034,14.557851593960812,-0.008325352660237135,22.93984083434328,152.7491023034912,137,136,137.0,4.971769773401051,3.8825014632006765,0.4376155462184875,0.12801912831017515,0.31857142857142856,0.91,146.53649119620172,33.343377236896885,65.93406593406593,188.34080717488789,122.40674124082196,0.19794179038533624,0.12801912831017515,102,0.7555555555555555,0.2925378895160623,2,1,1.0
S7,3360,3420,60,30,0.00018607568385101044,0.2727544108398225,-1.0037914212322163,1.6808435562931368,2.684634977525353,-0.0266035287779796,0.11639454866074224,0.2727544743111262,3124.5901367830293,2.7166454484453735,15.775660276256026,-0.0014952317320410143,22.252074918243874,152.72560370568343,131,130,131.0,5.110976991845628,3.989450063526811,0.45683516483516484,0.12160258825317324,0.3271428571428571,0.91,139.6286680675177,31.94399548951944,65.93406593406593,183.4061135371179,117.47204760305198,0.2079468872716326,0.12160258825317324,111,0.8604651162790697,0.26618482466657284,2,1,1.0
S7,3390,3450,60,30,0.0006556372979475484,0.30001214046415153,-0.9635452561928434,1.6808509603778368,2.64439621657068,-0.028936376755424785,0.1364075593055563,0.300012856868082,3780.3240000182263,2.383779893882633,12.200770988919608,0.0014729557398418672,24.397056324254876,147.65625200226708,126,125,126.0,5.627333363542403,3.446115205135162,0.4709828571428571,0.10799976054395223,0.3342857142857143,0.7657142857142857,134.25951856558237,30.35420713463959,78.35820895522389,179.48717948717947,101.12897053195559,0.17566215366928473,0.10799976054395223,70,0.5645161290322581,0.22930720068903498,2,1,1.0
S7,3420,3480,60,30,9.031510116696667e-05,0.34262202743870074,-0.9818388765838199,1.6349951579311164,2.616834034514936,-0.025430892197213145,0.17323783986281785,0.34262203934222224,4930.374197406978,1.9399695142787623,8.424123996939363,-0.005283227260726089,28.202344747083746,147.65626022781782,119,118,119.0,6.589501635935232,1.8315537425187016,0.5046368038740919,0.07379609937972556,0.34,0.7414285714285714,121.82451542293818,20.575218311986177,80.92485549132948,176.47058823529412,95.54573274396463,0.06633551979230638,0.07379609937972556,11,0.09401709401709402,0.14623606287372148,2,1,1.0
S7,3450,3510,60,30,0.00035240035311783424,0.34233007120677306,-0.989265484372297,1.6545580053777078,2.643823489750005,-0.02217887084283546,0.18743386776530202,0.34233025259016064,4921.980077214614,1.9118724709292125,8.471772097087305,-0.00032668912228684,28.33359732377133,149.12390248841032,109,108,109.0,7.113737812032695,0.8015984399918342,0.5519708994708995,0.06852862354241483,0.36428571428571427,0.9257142857142857,110.11799650434156,11.88304598458344,64.81481481481481,164.7058823529412,99.89106753812638,0.07460276901795207,0.06852862354241483,10,0.09345794392523364,0.12415260226237296,2,1,1.0
S7,3480,3540,60,30,0.0005937428936557288,0.32802346593215903,-0.989709708304082,1.6474380844205203,2.637147792724602,-0.032268876094606005,0.1839722700191925,0.32802400328751863,4519.189362776342,2.0090290429614344,9.526664510378232,1.9005010509952777e-05,26.791063159431527,149.1236230149187,98,97,98.0,7.462146744939119,0.7102300764383698,0.6156848306332843,0.10587457087666838,0.30714285714285716,0.9528571428571428,100.01054418705525,15.982356159641053,62.968515742128936,195.3488372093023,132.38032146717336,0.10261214207237013,0.10587457087666838,30,0.3125,0.17196228591139295,2,1,1.0
S7,3510,3570,60,30,0.00038020636919561365,0.3101953826964448,-1.1734433174866576,1.6664349113292063,2.8398782288158637,-0.033369656827600534,0.15466744304830987,0.3101956157057624,4041.2954401292345,2.1482828644027956,11.089338228207803,-0.000775797218955515,25.020187907318896,166.5814098755511,104,103,104.0,6.66616735971778,2.773842505438181,0.5729680998613037,0.17561234138018955,0.30142857142857143,0.9657142857142857,116.59423310116564,41.02965242204616,62.1301775147929,199.05213270142178,136.92195518662888,0.21711217164873836,0.17561234138018955,67,0.6568627450980392,0.306495844049083,2,1,1.0
S7,3540,3600,60,30,0.00026559100938197065,0.3041991178640233,-1.1734465621949204,1.6664351887005313,2.8398817508954517,-0.031140286834435343,0.1476642976189299,0.3041992338054687,3886.5613016090374,2.1898426950654066,11.652287148118882,0.0005394125521026356,24.52626146221901,166.5814141791083,123,122,123.0,5.714307604886267,3.420793298479024,0.4877166276346604,0.18062775370273826,0.30142857142857143,0.9542857142857143,139.9036526466067,46.91376930755919,62.874251497005986,199.05213270142178,136.1778812044158,0.2243883761765087,0.18062775370273826,86,0.7107438016528925,0.37035389705442484,2,1,1.0
S7,3570,3630,60,30,-0.0007270965600722107,0.31362506458250167,-1.1038817060274841,1.645437484257648,2.7493191902851324,-0.026398534277147664,0.14989133968056045,0.31362590741803525,4131.170811759013,2.159251110431761,10.873379599107901,0.0009518418492711222,25.392377300795452,146.3888413291482,115,114,115.0,6.235217585683963,2.963670200008689,0.5227443609022556,0.1778726321864798,0.30142857142857143,0.9742857142857143,129.50478879923418,45.059838510116975,61.583577712609966,199.05213270142178,137.46855498881183,0.19492175764124053,0.1778726321864798,64,0.5663716814159292,0.3402669554951717,2,1,1.0
S7,3600,3660,60,30,0.0003708185519115526,0.30930712950780054,-0.9483422617262135,1.669782765200522,2.6181250269267355,-0.025422867410741103,0.13998961189220588,0.3093073517890477,4018.183590571656,2.263079311442779,11.465322744847583,0.0008884757724263371,25.075643967123916,147.1368279195385,117,116,117.0,6.064856849944657,3.1750034019573015,0.5090147783251231,0.17938998732030098,0.30142857142857143,1.0142857142857142,133.26169678259146,45.55962685609292,59.15492957746479,199.05213270142178,139.89720312395698,0.22120898749614204,0.17938998732030098,64,0.5565217391304348,0.35242589205478664,2,1,1.0
S7,3630,3690,60,30,-0.0001916239417558712,0.30206020086596463,-0.9606768906405193,1.6697913910971725,2.630468281737692,-0.028465126312140036,0.1403350845092434,0.3020602616481055,3832.096870010723,2.3314532441354503,12.193805038795288,-6.793452694849043e-05,24.37360146174682,147.13680221134135,139,138,139.0,5.117210226352265,3.6230942866124196,0.43036231884057974,0.15397129429683207,0.30142857142857143,1.0142857142857142,153.9204167230049,41.73926610580382,59.15492957746479,199.05213270142178,139.89720312395698,0.21245134212156366,0.15397129429683207,86,0.6277372262773723,0.35777131862203776,2,1,1.0
S7,3660,3720,60,30,0.0003161971303262856,0.29695149152264244,-0.9608272181578894,1.668650901886607,2.6294781200444963,-0.02754027349110718,0.13738281830439059,0.2969516598676411,3703.572108522183,2.3710961674865603,12.733135957000522,-0.00048278995200755603,23.96271672671542,146.87485861147871,150,149,150.0,4.730746596053907,3.754479086022058,0.3980153403643336,0.12228553411351722,0.3,0.8671428571428571,160.85058672403568,34.057524037952916,69.19275123558485,200.0,130.80724876441514,0.16377055371357638,0.12228553411351722,97,0.6554054054054054,0.307238243635484,2,1,1.0
S7,3690,3750,60,30,3.923546623798505e-05,0.2919037111169325,-0.9587241381186961,1.6553202986135163,2.6140444367322124,-0.029791861352563086,0.13458523733436134,0.2919037137537982,3578.7266803368934,2.4613176157756937,13.269236376258178,-0.0008520892523532444,23.50148233678669,146.8748586118294,148,147,148.0,4.706696716972372,3.8112201338494476,0.40491739552964046,0.10852757659390852,0.3,0.8671428571428571,156.32838266169358,31.65571789348759,69.19275123558485,200.0,130.80724876441514,0.15427434364130257,0.10852757659390852,104,0.7123287671232876,0.2680239915401811,2,1,0.7771904761904762
S8,150,210,60,30,9.466189998987441e-05,0.24124509439698433,-0.6435645344546937,1.6237206464205216,2.2672851808752155,-0.01616469030255461,0.04710562732902628,0.24124511296912357,2444.366590322378,4.327863023030348,23.625077593143462,-0.0008965209369293699,19.99153649625921,149.2738607443987,119,118,119.0,5.265763140163121,3.9791240852308083,0.5059564164648911,0.20144963270490307,0.30714285714285716,1.1742857142857144,136.04528252575733,46.24967041014029,51.0948905109489,195.3488372093023,144.2539466983534,0.3222933151451744,0.20144963270490307,116,0.9914529914529915,0.3981560983304219,1,0,0.8578095238095238
S8,180,240,60,30,6.526866418812625e-05,0.24263754206670096,-0.625928643489037,1.663389615792443,2.28931825928148,-0.0187122322120729,0.048822119108133624,0.2426375508452239,2472.665205367082,4.331472346825911,23.47326132605145,-0.0008908915705224711,19.93228521811819,141.97544676699434,127,126,127.0,4.962749813107834,3.953063611772553,0.4738321995464853,0.16021170101261553,0.31285714285714283,1.1142857142857143,140.64324577166363,42.950065429844855,53.84615384615385,191.78082191780823,137.9346680716544,0.2949455293882626,0.16021170101261553,125,1.0,0.3381190665513182,1,0,1.0
S8,210,270,60,30,0.0003007532976447278,0.24578216589056828,-0.6136614948168762,1.688787758536208,2.3024492533530845,-0.020138767851847032,0.05327747258490925,0.245782349900079,2537.1764679410044,4.3266462210432435,23.02163067424469,0.00017296459127423336,20.181278860032293,143.1717441817589,124,123,124.0,5.088424699903045,3.8689245311206584,0.48522648083623693,0.17496372652755177,0.3057142857142857,0.95,138.58845320871902,43.37431460140756,63.15789473684211,196.26168224299064,133.10378750614854,0.2706955775112983,0.17496372652755177,119,0.9754098360655737,0.36058157054004997,1,0,1.0
S8,240,300,60,30,0.00027873054909923,0.24264868579850418,-0.6900962594256992,1.6641622425429465,2.354258501968646,-0.019438007934644064,0.04971672943124061,0.2426488458873444,2472.8954212393287,4.392656685531611,23.683410549071702,0.0012908107510625365,19.782449303354785,156.40087299695438,116,115,116.0,5.281003287468298,3.871205605765649,0.5147329192546584,0.2031137704204809,0.3057142857142857,0.9757142857142858,134.21093302209582,46.68568303455383,61.49341142020498,196.26168224299064,134.76827082278567,0.31326863224237816,0.2031137704204809,110,0.9649122807017544,0.3946003117783742,1,0,1.0
S8,270,330,60,30,0.0003615645650130436,0.24158602534361592,-0.6900962593972557,1.6641622425690665,2.3542585019663225,-0.021363942283873373,0.05021742922580243,0.24158629590740638,2451.285411550958,4.43603714487147,23.953711932070597,0.000897037037941513,19.45707752960698,156.40087299686405,123,122,123.0,4.964623742498892,3.8564555597157364,0.48442622950819675,0.16750440388452914,0.3171428571428571,0.9514285714285714,138.6598821931577,44.13099244816623,63.06306306306306,189.1891891891892,126.12612612612614,0.30116603102364764,0.16750440388452914,120,0.9917355371900827,0.34577897248583,1,0,1.0
S8,300,360,60,30,7.540095969157819e-05,0.24763465322814335,-0.5873030078628327,1.6231335949194035,2.210436602782236,-0.02240866172204487,0.050512934110369036,0.24763466470736184,2575.562940918556,4.3687664510425614,22.820986834552368,-0.00025891288311888057,19.993934002351114,141.18326518028158,132,131,132.0,4.785599393410116,3.7407268683404933,0.4555507088331516,0.13731083419887125,0.31857142857142856,0.9371428571428572,143.39567440586572,39.77051860545577,64.02439024390243,188.34080717488789,124.31641693098545,0.256253651809948,0.13731083419887125,130,1.0,0.30141723311237834,1,0,1.0
S8,330,390,60,30,0.00010609742313614786,0.24896216774115323,-0.5718672137513987,1.6221698324028626,2.1940370461542615,-0.02042128794767331,0.04585007027893065,0.2489621903483284,2603.251233367567,4.374543271900912,22.683591598461515,9.39580024033065e-05,20.120523301688475,140.55929098015272,129,128,129.0,4.883039568256273,3.708400498554522,0.4616741071428571,0.15216445493237266,0.31857142857142856,0.9271428571428572,142.41878766755406,39.73083295626211,64.71494607087827,188.34080717488789,123.62586110400962,0.24286677013935817,0.15216445493237266,125,0.984251968503937,0.32959278542620973,1,0,1.0
S8,360,420,60,30,3.052885219422455e-05,0.24915052615750083,-0.5585283532213431,1.6244657033672805,2.1829940565886234,-0.02105355631365599,0.04688871352267661,0.24915052802787782,2607.191395895954,4.3858977114529765,22.6687723762281,-4.3555693337666027e-05,20.02966568183402,140.5005202268035,126,125,126.0,4.949332637163963,3.685487807744844,0.47196571428571427,0.1640980955006449,0.3171428571428571,0.9271428571428572,140.7288803874057,41.22267023106621,64.71494607087827,189.1891891891892,124.47424311831092,0.2545621587993017,0.1640980955006449,121,0.9758064516129032,0.34769071255312567,1,0,1.0
S8,390,450,60,30,0.00012252017299657278,0.2517798917566009,-0.5536901819856636,1.62614488955862,2.1798350715442836,-0.022385575184079944,0.049531620395363726,0.25177992156674944,2662.5114139746565,4.343976834882684,22.126024424935213,-0.0004644900666709985,20.309668550750505,139.87802891681827,130,129,130.0,4.883495491926597,3.649140686420659,0.4624252491694352,0.15507576365869954,0.3171428571428571,0.92,142.65677765929715,40.27342802626213,65.21739130434783,189.1891891891892,123.97179788484137,0.25456147893214803,0.15507576365869954,125,0.9765625,0.33535314937329236,1,0,1.0
S8,420,480,60,30,2.534314423547535e-05,0.24867364941780007,-0.5550270221108761,1.6167925883396832,2.171819610450559,-0.022020613483508582,0.04767516994603056,0.2486736507092014,2597.2205513957597,4.387572330736913,22.65264272765406,-0.0004834480262966471,20.161761108654375,139.87802892905117,130,129,130.0,4.884442076559979,3.7024116845373594,0.4600996677740864,0.1513375670511635,0.3171428571428571,0.9557142857142857,142.94249690359183,39.83374650502486,62.780269058295964,189.1891891891892,126.40892013089322,0.2578972070181356,0.1513375670511635,126,0.984375,0.3289234434428494,1,0,1.0
S8,450,510,60,30,0.0002144172804637272,0.2451558578128376,-0.6926875481712804,1.6202153288481567,2.312902877019437,-0.021798251959328545,0.049813805843416145,0.2451559515792313,2524.2605049781732,4.384485496178112,23.117233877412552,0.0002948848591737176,20.273211294871132,147.22531065276047,123,122,123.0,5.1835089473940394,3.785451060479159,0.48097189695550346,0.17790914811983508,0.3171428571428571,0.9642857142857143,139.5937230405933,42.29480105178544,62.22222222222222,189.1891891891892,126.96696696696696,0.273667858566326,0.17790914811983508,119,0.9834710743801653,0.3698951004122682,1,0,1.0
S8,480,540,60,30,0.00024343219415762617,0.24930867173750929,-0.6926875028330681,1.6202153257601266,2.3129028285931947,-0.02445033514987311,0.0542756692336555,0.24930879058459673,2610.504668635681,4.253023689516447,22.166090911921966,-0.0001905422458643257,21.107414340733808,147.2253106676338,123,122,123.0,5.380960293878693,3.7781306163557504,0.489168618266979,0.18217982727745383,0.3171428571428571,0.9642857142857143,138.03261290041567,43.326023737556554,62.22222222222222,189.1891891891892,126.96696696696696,0.2619846216480995,0.18217982727745383,115,0.9504132231404959,0.3724274625851479,1,0,1.0
S8,510,570,60,30,0.0001038429644994054,0.24908886964346175,-0.9168308797100554,1.6217462112565417,2.538577090966597,-0.023349069236232315,0.05285748340877551,0.24908889128907125,2605.901582071988,4.138173686873108,21.723194204569374,0.00019836575006368522,21.017105612226867,147.02128841903587,123,122,123.0,5.27913287371396,3.7796535054653484,0.4852927400468385,0.17780206049832584,0.30142857142857143,1.0342857142857143,138.946728163138,43.880862414090494,58.011049723756905,199.05213270142178,141.04108297766487,0.2687281313298913,0.17780206049832584,116,0.9586776859504132,0.36638104349379946,1,0,1.0
S8,540,600,60,30,0.0002179777484900997,0.25034962691751034,-0.8767844458352537,1.7198097040440778,2.5965941498793317,-0.02047492612146176,0.052204617193248155,0.2503497218133774,2632.3492949054885,4.034815679231802,21.302140639814752,0.0005074225882783917,21.49110306728779,150.62151263667482,125,124,125.0,5.325413805684241,3.8499505522053266,0.47737327188940104,0.1774702811583666,0.30142857142857143,0.9828571428571429,141.13609278687676,43.347748078866076,61.04651162790697,199.05213270142178,138.00562107351482,0.2541082391016859,0.1774702811583666,113,0.9186991869918699,0.37176417618848867,1,0,1.0
S8,570,630,60,30,-5.044721348738382e-05,0.24941959859046814,-0.7212303893296447,1.692658134826611,2.4138885241562558,-0.019132331559510878,0.047368579286499866,0.24941960369215488,2612.825825649967,4.074359420665589,21.67232323557436,-0.001240172109243181,21.935479358656128,150.62036967735574,125,124,125.0,5.577343008055324,3.926301439464072,0.4788479262672812,0.18659351227261425,0.30142857142857143,0.8942857142857142,141.83379095597735,44.370676450387656,67.0926517571885,199.05213270142178,131.9594809442333,0.25677289814380994,0.18659351227261425,112,0.9105691056910569,0.3896717559730275,1,0,1.0
S8,600,660,60,30,5.780164264135515e-05,0.2464378235777493,-0.6642493412071656,1.6062664099912265,2.270515751198392,-0.01977473453558399,0.045087797399651026,0.2464378303563959,2550.7273776922466,4.131722318038915,22.04918321937851,-2.2530712360342443e-05,21.745887271280054,146.99817157158398,127,126,127.0,5.499701936513831,3.9594676403359235,0.4719160997732426,0.17830766576392215,0.3,0.9014285714285715,143.40729764434826,45.32840441150964,66.56101426307448,200.0,133.43898573692553,0.2471754231227659,0.17830766576392215,117,0.936,0.37783764073656234,1,0,1.0
S8,630,690,60,30,-0.00018904916439740752,0.245291998790793,-0.6881401229301182,1.6000250015408835,2.2881651244710017,-0.021971141505103337,0.04674098681592125,0.24529207164188768,2527.0644172354964,4.175418239972364,22.311624344893062,6.82058112662778e-05,21.514013554376145,145.7702455760076,133,132,133.0,5.239380979491953,3.9724070697196137,0.4504978354978355,0.15616331706596953,0.3,0.9085714285714286,147.895137643838,44.300902565183655,66.0377358490566,200.0,133.96226415094338,0.24059799830999715,0.15616331706596953,126,0.9618320610687023,0.34664609851764727,1,0,1.0
S8,660,720,60,30,-3.502971903910932e-05,0.23985333861757357,-0.6424184920959951,1.6066732460788897,2.2490917381748847,-0.023452337649411143,0.04552877179147578,0.23985334117555593,2416.2442614692604,4.316441140224066,23.535272436129446,0.0005077629781843005,20.697281490169136,145.3817001475726,134,133,134.0,5.0532369918883555,4.014984975522327,0.44372717508055853,0.14405042279811495,0.3,0.8671428571428571,149.19049828851175,43.988794645503354,69.19275123558485,200.0,130.80724876441514,0.2660991661651089,0.14405042279811495,132,1.0,0.32463736928431897,1,0,1.0
S8,690,750,60,30,7.6178133816616e-05,0.2401100851638392,-0.6311169100779848,1.6087865680249565,2.239903478102941,-0.0236708898050108,0.04641174843145721,0.24011009724810445,2421.4200696207554,4.367962386070717,23.73594841577056,-0.00021380006814022428,20.414113385123574,144.3231812388064,132,131,132.0,5.0353567826459535,3.9822945664169307,0.4533151581243184,0.14615946143038416,0.30857142857142855,0.8671428571428571,146.42921717669455,44.30861262664115,69.19275123558485,194.44444444444446,125.2516932088596,0.2771069706005535,0.14615946143038416,130,1.0,0.3224235034079778,1,0,1.0
S8,720,780,60,30,0.002775021599947416,0.2462034674392858,-0.6783804785119747,2.2859805095942924,2.964360988106267,-0.023196136028550033,0.04715517342522844,0.24621910592804863,2546.201621208321,4.313890153729244,23.293298941826926,-0.011007971535005653,20.44999140367782,143.53280803458279,131,130,131.0,4.938059776471728,3.8780832489311514,0.4556923076923077,0.1492477195054018,0.30714285714285716,0.9828571428571429,145.42497862862504,43.45425783976802,61.04651162790697,195.3488372093023,134.30232558139534,0.26527631536403357,0.1492477195054018,128,0.9922480620155039,0.32751862821914646,1,0,1.0
S8,750,810,60,30,0.00023387497826579855,0.2448107777516834,-0.6397055405005223,1.6244168266273133,2.2641223671278357,-0.0222226976433237,0.04996144369480406,0.24481088946550064,2517.1596072373623,4.303912998491855,22.920370115106504,5.4275330317709374e-05,20.970853887183647,148.4618065217419,132,131,132.0,5.113289643633259,3.916781684859107,0.45546346782988006,0.15784037530334444,0.3028571428571429,0.9657142857142857,145.71609428642574,42.43973391330151,62.1301775147929,198.1132075471698,135.9830300323769,0.24899641577870885,0.15784037530334444,129,0.9923076923076923,0.3465489253296146,1,0,1.0
S8,780,840,60,30,0.00011462423734405431,0.24445203014490813,-0.6397055404990605,1.6244168266542767,2.264122367153337,-0.021327767434627574,0.05108645492600313,0.24445205701871858,2509.7859435886794,4.269250052982645,22.69822224644829,0.0001635859110738825,21.107188997176074,148.46180652200758,131,130,131.0,5.2130724530973795,3.90697164304182,0.45654945054945056,0.16159009565753638,0.30142857142857143,0.9657142857142857,145.73390225360362,42.60836653343817,62.1301775147929,199.05213270142178,136.92195518662888,0.2599390543491939,0.16159009565753638,129,1.0,0.3539377727058155,1,0,1.0
S8,810,870,60,30,0.00024381849383259282,0.2437127814166621,-0.6218026198950963,1.606229507777567,2.2280321276726633,-0.021107685776952937,0.04858494828995597,0.2437129033787577,2494.6311294787547,4.279387001129959,22.77564470025144,-0.0001688998958685439,21.06170839685287,144.0015390198081,134,133,134.0,5.122018132073096,3.9146224542048507,0.4483780880773362,0.1486810491604953,0.30142857142857143,0.8857142857142857,146.75124862875117,41.01002214837636,67.74193548387098,199.05213270142178,131.3101972175508,0.24364704745863905,0.1486810491604953,130,0.9848484848484849,0.3315974913003572,1,0,1.0
S8,840,900,60,30,0.00010891698895285777,0.24527127453664627,-0.6149956233838354,1.6062297090746007,2.2212253324584363,-0.02065481935793222,0.04789646095185086,0.24527129871988973,2526.636418981138,4.260050426718696,22.43618762832412,-0.0006176157423373002,21.341475624096446,141.47181045944157,133,132,133.0,5.21799923935185,3.8820005244997358,0.45192640692640695,0.1570726904394746,0.3057142857142857,0.91,146.2302894172338,40.860274958713,65.93406593406593,196.26168224299064,130.32761630892472,0.22771534064931895,0.1570726904394746,128,0.9770992366412213,0.3475625412282066,1,0,1.0
S8,870,930,60,30,8.564555544329833e-05,0.24853820044722275,-0.6860641525894962,1.5976600343625145,2.2837241869520106,-0.01974304973846451,0.053541894975982676,0.24853821520382943,2594.3922655016113,4.148307519709094,21.466848438434337,-0.00042551023880944925,21.836843977693096,146.46083895036108,115,114,115.0,6.0219000257565165,3.6379669241374972,0.5196365914786967,0.1920720874230374,0.3057142857142857,0.9828571428571429,131.68892217003008,45.664926092519266,61.04651162790697,196.26168224299064,135.21517061508368,0.21993476794081068,0.1920720874230374,93,0.8230088495575221,0.36962771785657,1,0,1.0
S8,900,960,60,30,0.00023883639567218054,0.2513123686388605,-0.6860644421766061,1.5987920691357624,2.2848565113123684,-0.017910889651792668,0.05984863292866313,0.25131248212872037,2652.6344742953324,4.086181211360192,20.880449329825534,0.0002802211423463718,21.983837898527675,147.18649926599676,100,99,100.0,6.814347150154155,3.1556693879139193,0.6006926406926407,0.20139160915118165,0.3057142857142857,0.9828571428571429,114.4725454475645,44.8751491296242,61.04651162790697,196.26168224299064,135.21517061508368,0.2270125412340715,0.20139160915118165,65,0.6632653061224489,0.3352656508642473,1,0,1.0
S8,930,990,60,30,0.00012145352715307348,0.24734393298277463,-0.6546169201532703,1.5987920687147987,2.253408988868069,-0.016020521491100947,0.05234202309002243,0.24734396280149337,2569.5195092425547,4.161497975351786,21.708977807552905,3.076095281324054e-05,21.501323676663304,147.22742056240102,102,101,102.0,6.577190506057311,3.4243909033482667,0.582093352192362,0.20542535937083897,0.30857142857142855,0.8985714285714286,118.74053440468235,45.62759372176154,66.77265500794913,194.44444444444446,127.67178943649533,0.24413830138690168,0.20542535937083897,74,0.74,0.3529079289380939,1,0,1.0
S8,960,1020,60,30,8.141324979979236e-06,0.24853223136745514,-0.6603246638562075,1.6433587131420195,2.303683376998227,-0.017370837467867904,0.04998327004088935,0.24853223150080034,2594.2673439802315,4.0835744361576225,21.310048395822843,-0.004864648413469839,21.611185210919487,144.91570310664213,108,107,108.0,6.290599326125282,3.5590017772239273,0.5512950600801068,0.2013895589212744,0.31,0.88,125.17224767296467,46.06532095546753,68.18181818181819,193.5483870967742,125.36656891495602,0.27638495027644794,0.2013895589212744,88,0.8301886792452831,0.36530267275025313,1,0,1.0
S8,990,1050,60,30,5.00553792781159e-05,0.24717341623065045,-0.6547597292492071,1.5941132811458842,2.2488730103950916,-0.017827446699350477,0.04664652640272259,0.24717342129903724,2565.977408260197,4.157274905073709,21.808957327705635,5.7808355653078026e-05,21.595584029246247,145.28842472650666,113,112,113.0,6.054620575521433,3.699106357165878,0.53,0.20131491944960989,0.31142857142857144,0.8842857142857142,130.28492827072654,46.49549616562684,67.8513731825525,192.6605504587156,124.80917727616308,0.2710465373493684,0.20131491944960989,98,0.8828828828828829,0.3798394706596413,1,0,1.0
S8,1020,1080,60,30,-0.001047578351296888,0.24111848446226414,-0.9028234658664651,1.6352271807219967,2.538050646588462,-0.01794300315814213,0.04466810794715961,0.24112076013852735,2441.8472807308117,4.265759111330267,23.00953500371953,-0.0011826040816851477,20.76052813011255,145.28842499123644,118,117,118.0,5.621928520325225,3.880596177960636,0.5067765567765569,0.19687743398742086,0.31,0.9428571428571428,135.63346879745347,46.24850556164078,63.63636363636364,193.5483870967742,129.91202346041058,0.28863525363527204,0.19687743398742086,111,0.9568965517241379,0.3884896239867429,1,0,1.0
S8,1050,1110,60,30,1.519512186886103e-05,0.24025394859226387,-0.6527594910526171,1.6125878246552974,2.2653473157079143,-0.01928285112195761,0.04590131624912002,0.24025394907277983,2424.3223218927674,4.388121146856038,23.578259276570986,0.0006094386536637783,20.496172998583223,147.6067711838838,118,117,118.0,5.548945802303108,3.8617747334839554,0.5027472527472527,0.19396369149281012,0.30714285714285716,0.9457142857142857,136.23674894271983,45.748834274344254,63.4441087613293,195.3488372093023,131.904728447973,0.28067367058490883,0.19396369149281012,109,0.9396551724137931,0.3858075612206715,1,0,1.0
S8,1080,1140,60,30,-0.00026258423323040787,0.26702574766154324,-1.0433823389575576,3.5097931785195775,4.553175517477135,-0.01997121257444437,0.05268099076655146,0.2670258767698099,2994.7183923167995,4.05468512273815,25.5829046949492,0.028675080401661647,20.830642901314885,147.6068631135253,122,121,122.0,4.975363509610963,3.463563156246792,0.4940850059031877,0.18435935724003993,0.31,0.9457142857142857,137.07894675914304,43.86807557758133,63.4441087613293,193.5483870967742,130.10427833544492,0.2626895169452431,0.18435935724003993,112,0.9333333333333333,0.3731328719499004,1,0,1.0
S8,1110,1170,60,30,0.00012177504160177399,0.24259531608936918,-0.586772948055972,1.6155665438902889,2.202339491946261,-0.020024906426783153,0.044543115500264144,0.24259534665294324,2471.8050931417915,4.366871467241137,23.14943131434344,0.0002765985591229204,20.830347885299194,143.27053602232846,123,122,123.0,5.431742593892635,3.8333350287825856,0.4863934426229508,0.1770767623460401,0.31142857142857144,0.8957142857142857,138.34344121612185,43.078433530923554,66.98564593301435,192.6605504587156,125.67490452570124,0.2558694693786159,0.1770767623460401,112,0.9256198347107438,0.36406075170571106,1,0,1.0
S8,1140,1200,60,30,0.0012954278117127977,0.24267346178652638,-0.6009590590993092,1.619156193196274,2.2201152522955834,-0.020049093088226343,0.04827447567638594,0.24267691935714042,2473.4676619242255,4.336177871759234,22.86630730534037,0.0011097143058246453,20.784176226161776,141.16511051052237,117,116,117.0,5.647744773368819,3.762287195522572,0.5129802955665025,0.2035224268191355,0.30428571428571427,0.9842857142857143,134.18579683905554,45.47967762042865,60.957910014513786,197.1830985915493,136.2251885770355,0.2481623320220157,0.2035224268191355,105,0.9130434782608695,0.39674511590036493,1,0,1.0
S8,1170,1230,60,30,4.0383971363979055e-05,0.24115396129511868,-0.6393385727307852,1.6191561927003553,2.2584947654311405,-0.019095876605614473,0.046006316097412674,0.24115396467649614,2442.5198565260953,4.3581990104355715,23.353970687464777,0.0016949509107873934,20.75678562553774,143.69736288707654,110,109,110.0,5.961844212507434,3.76925088710447,0.5403800786369594,0.22088235527920258,0.30428571428571427,0.9842857142857143,129.39347782325888,46.873396337306474,60.957910014513786,197.1830985915493,136.2251885770355,0.2582586388978725,0.22088235527920258,98,0.9074074074074074,0.40875369764990316,1,0,1.0
S8,1200,1260,60,30,0.00011841908695955978,0.24124997163795364,-0.632212348045271,1.6039856031149644,2.2361979511602357,-0.01766640624983412,0.042072835297217656,0.24125000070133387,2444.4656392125307,4.341070958432936,23.310446466405157,-0.00021815025108405257,20.80076013653248,143.69738588627058,114,113,114.0,5.806330788538343,3.8419059646137623,0.5233881163084703,0.2032916941292537,0.31142857142857144,0.9657142857142857,131.58751923944413,45.570827157895685,62.1301775147929,192.6605504587156,130.53037294392269,0.2805677098240608,0.2032916941292537,102,0.9107142857142857,0.3884148068991297,1,0,1.0
S8,1230,1290,60,30,0.0031057057284618584,0.24829418009091908,-0.6428936456567766,2.4122832322018444,3.055176877858621,-0.01862513249642507,0.04572508564171505,0.24831360267833408,2589.7051015539296,4.2673857876505945,22.707013002079744,-0.011999191810046474,20.867726393016483,142.48045324372302,118,117,118.0,5.517734809961503,3.7182256266066886,0.5107448107448106,0.19441393082066624,0.30714285714285716,0.9628571428571429,133.97092187157318,45.26013881651866,62.31454005934718,195.3488372093023,133.03429714995514,0.2840097554102525,0.19441393082066624,109,0.9396551724137931,0.380647882720836,1,0,1.0
S8,1260,1320,60,30,0.000152616504217869,0.24491963822581764,-0.6204847246410118,1.7019311093256753,2.322415833966687,-0.01976273880249676,0.04436378312502602,0.24491968577569004,2519.3974041794354,4.310913563417581,22.728977412073107,-7.142477308058959e-06,20.881466541677995,142.63897308244924,120,119,120.0,5.534042817527068,3.7823121051060413,0.49821128451380564,0.1935750914177838,0.30714285714285716,0.9357142857142857,136.9059193555056,44.466055696109386,64.12213740458016,195.3488372093023,131.22669980472216,0.2714188541652968,0.1935750914177838,115,0.9745762711864406,0.3885401584323604,1,0,1.0
S8,1650,1710,60,30,0.00011067798015674326,0.24489412568795996,-0.6487768953373385,1.6380372728592156,2.286814168196554,-0.011570149043392493,0.0534501298130547,0.2448941506979814,2518.8720919355965,4.304119901485935,23.08143743766622,0.00022157305486333553,20.610112654285313,147.4583460164625,84,83,84.0,7.260875147448083,3.020080562419995,0.7157314974182444,0.23341306078488191,0.32285714285714284,1.1557142857142857,97.36305058165188,43.51079575892234,51.915945611866505,185.8407079646018,133.92476235273529,0.28982491582291037,0.23341306078488191,60,0.7317073170731707,0.32611819044828877,3,0,0.7911428571428571
S8,1680,1740,60,30,6.655535461157508e-05,0.24085101233407907,-0.6214123176531909,1.6380372887340824,2.2594496063872733,-0.009354265043059447,0.07370881588199078,0.24085102152983687,2436.3870120225693,4.388317678404376,23.433281239543398,0.0009582333315095554,19.7926437044711,143.7827923078711,90,89,90.0,6.597829327899948,3.287759353272316,0.6623595505617977,0.2441583591432753,0.30142857142857143,1.1014285714285714,107.03140177767798,46.490030195172245,54.474708171206224,199.05213270142178,144.57742453021555,0.29044664440608237,0.2441583591432753,67,0.7613636363636364,0.3686190663910348,3,0,1.0
S8,1710,1770,60,30,0.00016393195508773096,0.2439705403949603,-0.5591953274177681,1.6386843158383735,2.1978796432561416,-0.008730592276502195,0.09014352520363757,0.24397059547063213,2499.909361080383,4.337416326124512,22.574312811456533,-7.88514909614276e-05,20.082368006323577,143.8573792021883,87,86,87.0,6.878817845094382,2.8445249616854937,0.6858471760797342,0.2426176880772769,0.30142857142857143,1.0585714285714285,102.30423310655706,43.622870887317056,56.680161943319845,199.05213270142178,142.37197075810195,0.21647592182478853,0.2426176880772769,52,0.611764705882353,0.353748905789868,3,0,1.0
S8,1740,1800,60,30,0.0007772536131812875,0.24429524495706048,-0.5591925509026939,1.6386872790847442,2.1978798299874382,-0.011751304257122003,0.0731052929291074,0.2442964814151227,2506.5923749359945,4.377899476959026,22.911501704751252,0.00010697755518760158,20.05030555901016,143.8573864620666,82,81,82.0,7.211168112178036,2.6659185058897057,0.7375308641975308,0.22871314085218653,0.3242857142857143,1.0471428571428572,93.23235791502474,39.98714682765807,57.298772169167805,185.02202643171805,127.72325426255024,0.23309283645827314,0.22871314085218653,51,0.6375,0.31010653513604136,3,0,1.0
S8,1770,1830,60,30,0.00016645418184509466,0.24488951320777633,-0.5543470764028793,1.625658922299693,2.1800059987025726,-0.012878552541070535,0.06457807841776095,0.2448895697781682,2518.777858217725,4.38505115708246,22.88693597174214,-0.0009677353385485703,19.98183208591689,137.12092598767268,87,86,87.0,6.831992209535227,2.9650534032253693,0.6877740863787376,0.23483320729158297,0.32,1.0442857142857143,101.84673933916133,44.43262048697458,57.45554035567716,187.5,130.04445964432284,0.28429998697333286,0.23483320729158297,66,0.7764705882352941,0.34143945220155764,3,0,1.0
S8,1800,1860,60,30,0.0003058236420655716,0.24745380746220463,-0.5350338882991548,1.6229601365671316,2.1579940248662863,-0.013575823933148854,0.06386714531573977,0.2474539964430599,2571.80617493696,4.351673227221523,22.433901027951535,-0.0002543355222616698,20.107163100477738,138.07805564905794,94,93,94.0,6.392417834909063,3.1549486596770806,0.641136712749616,0.23247507214293786,0.3157142857142857,1.0442857142857143,109.71987913145449,46.28281394998504,57.45554035567716,190.0452488687783,132.58970851310113,0.3118357714542606,0.23247507214293786,78,0.8478260869565217,0.3625982844531423,3,0,1.0
S8,1830,1890,60,30,0.0003070304773896961,0.2450724174950904,-0.5454432653000004,1.622959962116609,2.1684032274166096,-0.013351786880730309,0.06310145732559204,0.24507260982125673,2522.5445315532816,4.385335137244079,22.83197874178881,6.66650822642883e-05,19.97000907781284,138.07805565064984,92,91,92.0,6.488582885172234,3.1466201213584095,0.6499215070643642,0.23623678948434257,0.3142857142857143,1.1128571428571428,108.56634588778658,46.69471648536109,53.91527599486522,190.9090909090909,136.99381491422568,0.322128303616633,0.23623678948434257,76,0.8444444444444444,0.36348510845779275,3,0,1.0
S8,1860,1920,60,30,0.0001287310047514702,0.24994255761643916,-0.5454252701571981,1.6299532656155833,2.1753785357727815,-0.014495513868195519,0.07897146893514911,0.24994259076739722,2623.7945445397813,4.297157857620818,21.726377483118725,-0.00027589075323521995,20.322073905276284,137.85308579532202,104,103,104.0,5.908261954638861,3.2544954511305892,0.573619972260749,0.22422468983800486,0.30142857142857143,1.1128571428571428,121.67701691045477,45.95700356719639,53.91527599486522,199.05213270142178,145.13685670655656,0.28793193973709885,0.22422468983800486,81,0.7941176470588235,0.3908941471376795,3,0,1.0
S8,1890,1950,60,30,0.0001149841779340836,0.24869702551998396,-0.5687228744078219,1.6299532655612021,2.198676139969024,-0.015308194671363707,0.07076776459318052,0.24869705210124368,2597.7093964016462,4.327717934815816,22.15347128713864,0.0012305976978864714,20.068812042500795,138.42779773402958,112,111,112.0,5.485466500919996,3.4272016524070357,0.526962676962677,0.2040646099514637,0.30142857142857143,1.0671428571428572,130.70927187948016,45.71054918903397,56.22489959839357,199.05213270142178,142.82723310302822,0.2862112236862968,0.2040646099514637,93,0.8454545454545455,0.38724679919962707,3,0,1.0
S8,1920,1980,60,30,0.00014383453779470373,0.247985602887014,-0.5687228736075418,1.6230683703087052,2.191791243916247,-0.01445015655895714,0.06419687170868256,0.24798564459986402,2582.8689569596227,4.373363849356891,22.523873075327444,-0.00036996911299315774,20.112683143350846,138.42962668597903,101,100,101.0,6.000364949758367,3.27924819312432,0.5906857142857143,0.22661101077414936,0.30714285714285716,1.0542857142857143,119.2482085455913,47.81061212375196,56.91056910569106,195.3488372093023,138.43826810361125,0.2763850635619297,0.22661101077414936,80,0.8080808080808081,0.383640581266094,3,0,1.0
S8,1950,2010,60,30,0.002947581043110428,0.2527914454504504,-0.5623952747962013,2.3325418075974746,2.894937082393676,-0.013513301168884613,0.06816212881080866,0.25280862945503607,2684.3125313312166,4.326618684130259,22.190247055518867,-0.012457186946867985,20.180936370447483,137.23967718824701,87,86,87.0,6.685226323048091,2.7004971417919936,0.691362126245847,0.22631799358019536,0.31857142857142856,1.0371428571428571,100.86434089031349,44.38454727363136,57.85123966942149,188.34080717488789,130.4895675054664,0.24112063301149808,0.22631799358019536,58,0.6823529411764706,0.3273508700991774,3,0,1.0
S8,1980,2040,60,30,9.741160107429812e-05,0.24287801229436795,-0.5374770091719828,1.6042918304060212,2.141768839578004,-0.013617727190774646,0.05359640200454737,0.24287803182890622,2477.5690104934934,4.474347105486761,23.524896769180483,-0.00016019342527297484,19.698954771067257,135.90734080665786,86,85,86.0,6.796479522695051,2.9655284532258,0.6954621848739495,0.2409461319174529,0.3171428571428571,1.08,101.67026738938067,46.23996796926068,55.55555555555555,189.1891891891892,133.63363363363365,0.263094760980883,0.2409461319174529,67,0.7976190476190477,0.34645468460822737,3,0,0.8755
S8,3300,3360,60,30,0.0005067179897673207,0.3034287078661526,-0.674059349840618,1.7314323774622398,2.4054917273028575,-0.028408050198722452,0.24483392273015972,0.3034291309687389,3866.907975858653,2.9635703962211486,11.51225544763241,0.0010054963536504315,23.582950585397484,156.0757896416569,109,108,109.0,5.952078635456867,1.8612041085667193,0.5515079365079365,0.129327119759414,0.3,0.7614285714285715,117.16161561386816,36.17801782532849,78.79924953095684,200.0,121.20075046904316,0.14596316346492935,0.129327119759414,26,0.24299065420560748,0.23449729586539306,2,1,1.0
S8,3330,3390,60,30,-0.00024770314549618714,0.29637980069981124,-0.6740593497829619,1.7311472624710138,2.4052066122539757,-0.019989257419000383,0.23297489650569903,0.2963799042103026,3689.3240000277415,3.079242327852774,12.318980263754021,-0.00014763801204282918,23.143625495029713,154.13670207310716,113,112,113.0,5.744190858845955,2.1861487475508508,0.5306760204081632,0.1462998388605919,0.30428571428571427,0.8414285714285714,123.75442827236897,39.40865209124258,71.30730050933786,197.1830985915493,125.87579808221145,0.15424966212081906,0.1462998388605919,34,0.3063063063063063,0.27568579177191216,2,1,1.0
S8,3360,3420,60,30,0.0005874009784459445,0.3024567338003651,-1.4801077264372795,1.6665758881115753,3.146683614548855,-0.02229635509597085,0.21248509459722198,0.3024573041953102,3842.1776761659653,2.8455806202979197,11.728676964837314,-0.0004869370118735037,22.800668168157948,152.03311569526232,115,114,115.0,5.437738360765264,2.4029266387059027,0.5217418546365915,0.14869798431596942,0.30428571428571427,0.9128571428571428,125.2648486413699,37.12552245634595,65.72769953051643,197.1830985915493,131.4553990610329,0.14416769277810065,0.14869798431596942,46,0.40707964601769914,0.285002981828134,2,1,1.0
S8,3390,3450,60,30,0.00019247135699912148,0.31908514195068927,-1.530384328696512,1.6665765481484287,3.1969608768449405,-0.02737511891110246,0.20227087194747018,0.31908519999980384,4276.245324074422,2.373507437459785,9.994701896597684,0.001408835841085345,22.51661675343771,152.03311810759416,115,114,115.0,5.151873139160016,2.4033259950238057,0.5218546365914787,0.15018498318344523,0.30714285714285716,0.9128571428571428,125.31988728058478,37.11339044373835,65.72769953051643,195.3488372093023,129.62113767878589,0.15054839253133587,0.15018498318344523,58,0.5132743362831859,0.2877908380088111,2,1,1.0
S8,3420,3480,60,30,0.00034024667351881125,0.33255837938615185,-1.5303843276365243,1.6476863478281483,3.1780706754646726,-0.024536321337386535,0.2131613396603872,0.33255855344246155,4644.998041645187,2.145802526725355,8.869595580617704,-0.0007024660464409528,22.325282914372647,147.2909478013049,118,117,118.0,4.759704330193267,2.3702214390246223,0.5094383394383394,0.15693714554786217,0.3028571428571429,0.9214285714285714,129.4327500008774,39.02576631482082,65.11627906976744,198.1132075471698,132.99692847740235,0.16267366079225126,0.15693714554786217,60,0.5172413793103449,0.3080591573081972,2,1,1.0
S8,3450,3510,60,30,0.000438636347792277,0.3389875295016493,-1.5156656738055205,1.6417647906723025,3.157430464477823,-0.022977470606973305,0.227988594867945,0.33898781329050337,4826.334977498041,2.13876020182046,8.51010551437321,0.0007787102866491724,22.16032704096634,142.14506523341717,119,118,119.0,4.613052327955185,2.348581052718645,0.49944309927360775,0.15675397996591378,0.3,0.9214285714285714,132.09443495904128,39.35895004837649,65.11627906976744,200.0,134.88372093023256,0.16594663934444615,0.15675397996591378,58,0.49572649572649574,0.31385753491017787,2,1,1.0
S8,3480,3540,60,30,0.000398439012018192,0.32892659992470774,-1.4826037124675995,1.651508017726645,3.1341117301942445,-0.02594710231862412,0.22216792233481156,0.32892684124539767,4544.100409450351,2.2918723661747187,9.24387445194278,0.0012909550773898414,22.073549755287,140.83767209233062,116,115,116.0,4.904591542327921,2.2843363537317134,0.5202111801242235,0.15196754469250098,0.3,0.8914285714285715,126.62592961229377,39.59256064884003,67.3076923076923,200.0,132.69230769230768,0.1603317362974667,0.15196754469250098,51,0.4473684210526316,0.29212664106183184,2,1,1.0
S8,3510,3570,60,30,0.00018731800437013507,0.3175137584736225,-1.4825918028026668,1.6591278802445075,3.1417196830471745,-0.023165238186491677,0.19503159469589654,0.31751381372797094,4234.230920139386,2.527020157664794,10.491868598727656,8.268908832257691e-05,22.09594817755975,148.4654998196933,111,110,111.0,5.244395452867003,2.2493956352044417,0.5394935064935064,0.17265079304776917,0.3057142857142857,0.8828571428571429,124.58309307462685,42.90386676196126,67.96116504854369,196.26168224299064,128.30051719444697,0.15410485248932435,0.17265079304776917,48,0.44036697247706424,0.3200238575065172,2,1,1.0
S8,3540,3600,60,30,8.690542460430631e-05,0.31335444603720036,-1.4524200496995874,1.6591278804776561,3.1115479301772435,-0.022206377731897924,0.1881737637506975,0.31335445808833406,4124.022688961008,2.6155859751417028,10.977533715103432,0.0009662745395390141,21.85677002056277,148.46549979025852,123,122,123.0,4.809379339174521,2.546810635908186,0.48942622950819675,0.1770534695371553,0.3,0.93,137.9376613626053,43.51631006291756,64.51612903225806,200.0,135.48387096774195,0.16772605346203998,0.1770534695371553,57,0.47107438016528924,0.3617572145960969,2,1,1.0
S8,3570,3630,60,30,-0.0001052963749971938,0.3121092476814587,-1.5108613507231794,1.627839983944029,3.1387013346672084,-0.023189418518002634,0.19037111377138075,0.31210926544339035,4091.3121301757337,2.5944762760007047,11.00193360403471,0.00018028748564409325,21.895351349795988,143.09256007587302,124,123,124.0,4.732006887955004,2.5706264956527884,0.48174216027874567,0.16514184204356344,0.3,0.93,138.36186565951533,41.24354863980188,64.51612903225806,200.0,135.48387096774195,0.1817405899097467,0.16514184204356344,57,0.4672131147540984,0.34280130671562786,2,1,1.0
S8,3600,3660,60,30,0.0028633673900460973,0.29789333306757787,-1.5108613505778483,2.337592544148862,3.84845389472671,-0.016026388547417482,0.18688775331143914,0.297907094173538,3727.4427438746925,2.983742241078279,13.097123194728933,-0.012559751151838432,21.890397623811218,143.63469014425957,130,129,130.0,4.668820077319319,2.7497574164163496,0.46397563676633446,0.14624520147332284,0.3,0.8942857142857142,140.6775256404726,36.93573913301116,67.0926517571885,200.0,132.9073482428115,0.16513044665737844,0.14624520147332284,68,0.53125,0.3152001740707223,2,1,1.0
S8,3630,3690,60,30,8.687698848451089e-05,0.28267123491020535,-0.565954176191805,1.7516077953552183,2.3175619715470233,-0.012768979788474034,0.19777781582012283,0.28267124826071655,3355.9274529174086,3.5311759219718017,15.047808347376304,-0.0013928156823242702,21.89826657482467,143.63469030907174,143,142,143.0,4.622116524837918,2.8958134230486974,0.4206136820925554,0.12015217402720739,0.30142857142857143,0.7271428571428571,152.20600881585096,34.00270301277487,82.51473477406681,199.05213270142178,116.53739792735497,0.14242020312008594,0.12015217402720739,61,0.4326241134751773,0.2856592144826332,2,1,1.0
S8,3660,3720,60,30,9.004375114590746e-05,0.30574750383338284,-0.7846159944805562,2.3269912731725113,3.1116072676530675,-0.022116175637419706,0.22897278004457766,0.3057475170924886,3926.2248567453066,3.183279314784977,12.763511343147957,0.013315684044244892,22.933201725356984,144.06466229744635,124,123,124.0,5.105789182134208,2.3589949229091536,0.4858420441347271,0.1422720898152699,0.3057142857142857,0.7271428571428571,135.35812190840028,40.75442921757728,82.51473477406681,196.26168224299064,113.74694746892384,0.1369480466482191,0.1422720898152699,27,0.22131147540983606,0.29283610081266853,2,1,1.0
S8,3690,3750,60,30,0.0005324213648534495,0.3325803947784886,-1.4838598216007504,1.6620943281393685,3.1459541497401187,-0.037427778176942844,0.2501673401417207,0.3325808209496228,4645.620103468053,2.545087902972325,9.526846341334613,0.0005747406780347254,23.40844907092384,144.06468609914532,110,109,110.0,5.422716115012299,1.738036190691136,0.5475360419397116,0.13018901926114193,0.3028571428571429,0.8485714285714285,118.04277607979961,36.37925890525578,70.70707070707071,198.1132075471698,127.40613684009908,0.1480027016566145,0.13018901926114193,33,0.3055555555555556,0.2377725104632963,2,1,1.0
S8,3720,3780,60,30,0.00039010053876193155,0.3439670336385914,-2.236785434164174,2.2323470186857404,4.469132452849914,-0.034531501720362484,0.2573571820393534,0.3439672548492984,4969.165841159613,2.0847535084260427,9.167148494993933,-0.01595193266186386,23.51605915356895,154.2583431025036,114,113,114.0,5.102250137551407,1.9598208162867765,0.52,0.13821183156548084,0.30142857142857143,0.8485714285714285,125.47655416714984,38.89080720774188,70.70707070707071,199.05213270142178,128.34506199435106,0.16042922565152737,0.13821183156548084,42,0.375,0.2657919837797708,2,1,1.0
S8,3750,3810,60,30,0.0004811653760364033,0.3062999182142028,-0.7221586624256018,1.7327859222620756,2.454944584687677,-0.02230844109192174,0.2351675681421616,0.30630029614439885,3940.43459956215,3.0909102018178336,11.960411445749214,0.0010921893909668183,23.589774194188927,154.25834310544116,118,117,118.0,5.439855680748393,2.174553518436134,0.5082905982905983,0.13394941904537466,0.30142857142857143,0.7285714285714285,128.12374366709412,38.726053988137785,82.3529411764706,199.05213270142178,116.69919152495119,0.13324305675916095,0.13394941904537466,26,0.22413793103448276,0.2635292084800544,2,1,1.0
S8,3780,3840,60,30,-0.0053763754242529644,0.31697637436764176,-1.6983091209306234,2.987832908862831,4.686142029793454,-0.017563906290837702,0.1995434704386363,0.3170219666205449,4221.122947438231,2.7049732838600096,13.328439140031737,0.02448791398677797,22.51429178333473,151.45912927095875,121,120,121.0,4.861162255526666,2.350435692842004,0.49426190476190474,0.15664618298570487,0.3028571428571429,0.8071428571428572,134.34460748376532,41.55150452730795,74.3362831858407,198.1132075471698,123.7769243613291,0.15149639469604384,0.15664618298570487,36,0.3025210084033613,0.31692950938867986,2,1,1.0
S8,3810,3870,60,30,-3.244691887103186e-05,0.2867350028294738,-0.5323025197613936,1.6351028195506636,2.167405339312057,-0.017198837798204865,0.1788322828671674,0.28673500466531965,3453.1124418176764,3.5448354574648713,14.93757163807025,-0.00084206620173137,22.160639703571555,143.03424228304306,121,120,121.0,5.2794772391416425,2.6048652972842397,0.4967380952380952,0.16289767491996646,0.30142857142857143,0.8071428571428572,134.4322039424,42.286773039421696,74.3362831858407,199.05213270142178,124.71584951558108,0.1583722508863136,0.16289767491996646,44,0.3697478991596639,0.32793473357803726,2,1,1.0
S8,3840,3900,60,30,0.0007136606755274047,0.32052257521763666,-1.4648857503502373,1.707292123341261,3.1721778736914983,-0.025899361112292244,0.21258289376806838,0.3205233697185048,4314.879682499624,2.6510945280258333,10.597912043530478,0.00425620874816647,22.70370883043631,148.22551847407044,117,116,117.0,5.103949285237701,2.2694288309418433,0.5147660098522168,0.15304071937317953,0.30142857142857143,0.8542857142857143,128.47341712478485,40.87099014015578,70.23411371237458,199.05213270142178,128.8180189890472,0.1639037958787426,0.15304071937317953,45,0.391304347826087,0.2973015242733601,2,1,1.0
S8,3870,3930,60,30,0.00039138341250085013,0.3479020893077918,-1.478980139383195,1.684645447316814,3.163625586700009,-0.032543087763840475,0.2259317530959609,0.34790230945727035,5083.512710879497,2.164018371916018,8.310598605741433,0.0006964918994245066,23.03371269438343,148.2255184743661,113,112,113.0,5.037322838844444,2.0819798483087095,0.5326147959183674,0.14988307984441204,0.3,0.8542857142857143,123.46742892130922,39.400953513517806,70.23411371237458,200.0,129.76588628762542,0.16778578126565294,0.14988307984441204,40,0.36036036036036034,0.28140990635826096,2,1,1.0
S8,3900,3960,60,30,-0.0027427384974850126,0.3339270285398495,-1.4789801384295826,2.6271230404259853,4.106103178855568,-0.031172794935653593,0.22186912911093534,0.33393829220968213,4683.6208861646,2.5351068881988077,10.286570421658968,0.020712910758685355,23.296923117088706,177.70319243994527,122,121,122.0,4.903419968326948,2.3041907684106095,0.4904486422668241,0.14775660140523153,0.3,0.8171428571428572,134.5791057963512,41.32600231840209,73.42657342657343,200.0,126.57342657342657,0.1655853357074851,0.14775660140523153,47,0.39166666666666666,0.3012682443615491,2,1,1.0
S9,60,120,60,30,2.8909435780072777e-05,0.22679038817099562,-1.0316091536765106,1.5175374120937568,2.5491465657702674,-0.02926381398023406,0.13866506250772256,0.22679039001356815,2160.223002105267,1.0235582755694697,11.760642453574398,-0.0009463477228773428,21.01829526925235,166.45030990954814,127,126,127.0,5.758601536946713,4.073048869468075,0.47230158730158733,0.172704151877926,0.3,0.9385714285714286,143.6165740546417,47.09350525533902,63.926940639269404,200.0,136.0730593607306,0.2747696623481908,0.172704151877926,119,0.952,0.36566498297124306,1,0,0.745904761904762
S9,90,150,60,30,1.166429782929396e-05,0.2162840458592864,-1.0034977783632306,1.352781595922214,2.3562793742854446,-0.03020966389535153,0.13544001336100892,0.21628404617381686,1964.7091224313453,0.9909739723859583,12.506696431267882,0.00010650983015373785,20.35712022430387,157.15131068527717,135,134,135.0,5.5334958910556455,4.231347024913984,0.4410234541577825,0.14272367026397056,0.3,0.8971428571428571,149.3033874038757,42.39432915309475,66.87898089171975,200.0,133.12101910828025,0.23488334480812442,0.14272367026397056,127,0.9548872180451128,0.32361922913267355,1,0,1.0
S9,120,180,60,30,0.0018460434024023754,0.21884510282771352,-0.9611183261002505,1.344490665213514,2.3056089913137647,-0.03746108875826931,0.14592142068155672,0.21885288873559805,2011.6566501324744,0.9975516878341959,11.548379553899258,2.688820298104166e-05,20.288186389428343,152.05976644804636,139,138,139.0,5.330674094030974,4.164060561963091,0.42439958592132504,0.12511125620774022,0.30142857142857143,0.7728571428571429,152.8364777151873,40.043943798373014,77.63401109057301,199.05213270142178,121.41812161084877,0.2169091410029052,0.12511125620774022,133,0.9708029197080292,0.2947958960330684,1,0,1.0
S9,150,210,60,30,9.292207040174019e-05,0.2166469991250615,-0.963526502727409,1.3711667037562003,2.3346932064836095,-0.03887691812526656,0.14380647808012034,0.21664701905266445,1971.3090963050333,1.1740259277963987,12.236494982140949,0.0006940486964522169,20.394529250452848,156.9608450121324,141,140,141.0,5.400796698445615,4.13843713325021,0.42474489795918363,0.13149967773210883,0.3,0.76,153.61421804583625,41.21148553618664,78.94736842105263,200.0,121.05263157894737,0.22558620352857198,0.13149967773210883,138,0.9928057553956835,0.3095968388647848,1,0,1.0
S9,180,240,60,30,-3.5618710186938897e-05,0.21636525645643487,-0.963534940948718,1.418547329174303,2.382082270123021,-0.03483747110831397,0.1388804140073711,0.21636525938826537,1966.1848697463568,1.3563632219165966,13.234994059870651,-4.123193802676656e-05,20.767043225186264,167.59515807646977,140,139,140.0,5.505965670256545,4.213801110805574,0.42590955806783143,0.1328057124468618,0.3,0.76,153.4962987456534,41.69434073020949,78.94736842105263,200.0,121.05263157894737,0.23079021435173666,0.1328057124468618,135,0.9782608695652174,0.3118166989474108,1,0,1.0
S9,210,270,60,30,-0.0005747960865900095,0.21285803299106407,-0.9599870263758515,1.418547329303592,2.3785343556794434,-0.031608727873230685,0.13390665091499346,0.21285880907156762,1902.9726491733752,1.4768175115227808,14.003313160554061,-0.00033173126414301674,20.572863404962806,167.59515807641824,139,138,139.0,5.54562364468014,4.26633027961606,0.4310869565217391,0.13676173690435176,0.3,0.7985714285714286,152.2382819016881,42.356713069965146,75.13416815742397,200.0,124.86583184257603,0.23915359837740852,0.13676173690435176,134,0.9781021897810219,0.31724860804842064,1,0,1.0
S9,240,300,60,30,-2.966319769677153e-06,0.20735809552280085,-0.9206526400259617,1.35032411483836,2.270976754864322,-0.03269727790988196,0.13248413366450162,0.2073580955440179,1805.8899510809665,1.4606102830018648,13.978006503159829,0.00022128775519599116,19.95936396074855,152.84775807439635,143,142,143.0,5.430348222642136,4.247191741256882,0.41976861167002016,0.12490670704530678,0.3,0.75,154.70071262646331,40.62823992204079,80.0,200.0,120.0,0.22682772708361312,0.12490670704530678,141,1.0,0.29756085513010166,1,0,1.0
S9,270,330,60,30,4.715177922810892e-05,0.21187593877862965,-0.9610276104229838,1.314854503564476,2.2758821139874597,-0.0353022817622677,0.13731795966077442,0.2118759440253091,1885.4394575778683,1.3342405413622342,12.292928017408146,0.0007454656232805846,19.959172054355715,150.34353548914416,143,142,143.0,5.370971269757422,4.090197594969654,0.41735412474849093,0.12149305273190884,0.3,0.8028571428571428,155.00054512577938,39.93459432559424,74.73309608540926,200.0,125.26690391459074,0.20822124354708132,0.12149305273190884,140,0.9929078014184397,0.2911030358334757,1,0,1.0
S9,300,360,60,30,-0.0005548621539076438,0.22319285664766872,-1.099892242656188,1.3658018339233453,2.465694076579533,-0.03606403685212867,0.1462365713903883,0.22319354634611782,2092.245083483379,1.2834849324270168,11.544564078637,-0.00010256931166410746,20.976370979486177,156.87546416253886,134,133,134.0,5.654401169879271,3.967230964156812,0.4499355531686358,0.1496576692767576,0.3,0.8442857142857143,147.41936632805584,43.819594229102535,71.06598984771574,200.0,128.93401015228426,0.21349290568827053,0.1496576692767576,120,0.9090909090909091,0.3326202346598423,1,0,1.0
S9,330,390,60,30,-0.0002894334714118389,0.21458247841872324,-1.012502138439594,1.3658204247412464,2.3783225631808405,-0.03653416276969615,0.1439869996903013,0.2145826736156864,1933.92040027436,1.3464621332347635,13.188875948508752,-0.00134354329577607,20.784279356968764,156.8755868721197,134,133,134.0,5.775306534638335,4.170722252153866,0.4460257787325456,0.1456834636370443,0.3,0.8442857142857143,148.43714638392973,44.01270979997802,71.06598984771574,200.0,128.93401015228426,0.221250417089915,0.1456834636370443,121,0.9166666666666666,0.3266256583891348,1,0,1.0
S9,360,420,60,30,-7.509768044704962e-05,0.2030727236151897,-0.8971500601576439,1.3088288747680126,2.2059789349256564,-0.036211836099909446,0.13722674596327994,0.20307273750100685,1732.018542078419,1.4746896267227767,13.884559568650474,0.00011067218029349022,19.52312206286157,145.29514348155445,144,143,144.0,5.409944254721132,4.233853979426872,0.4164535464535464,0.11570310538442866,0.3,0.7757142857142857,154.89946404255252,39.842989596821134,77.34806629834254,200.0,122.65193370165746,0.2127151363503267,0.11570310538442866,142,1.0,0.2778295595504908,1,0,1.0
S9,390,450,60,30,-0.0006280506792985829,0.20784497316340697,-0.9238445930840465,1.3589836267657283,2.2828282198497747,-0.03507612223014383,0.14160278425340966,0.20784592205995558,1814.3969473120314,1.4642635412947915,13.58395697445117,-0.0009907874994732448,20.07999898083772,154.36482780990684,133,132,133.0,5.792438114322783,4.170590682580077,0.4512445887445888,0.15522694751587687,0.3,0.9242857142857143,147.43400926680468,43.913868327689435,64.91499227202473,200.0,135.08500772797527,0.24356465674619202,0.15522694751587687,124,0.9465648854961832,0.34399736060599645,1,0,1.0
S9,420,480,60,30,-0.0006806601114388292,0.2096987032012567,-0.923844577751063,1.36122803330028,2.285072611051343,-0.03463306158915938,0.14250855711983343,0.20969980787419917,1846.9083957439939,1.4081432297836898,13.432574032168759,0.0001932063003030669,20.388064770106308,154.3648278292574,131,130,131.0,5.877601408874731,4.184241468813579,0.45989010989010987,0.1632875184141355,0.3,0.9242857142857143,145.68802911292295,44.81140324830403,64.91499227202473,200.0,135.08500772797527,0.25358059191404103,0.1632875184141355,120,0.9302325581395349,0.3550576863963281,1,0,1.0
S9,450,510,60,30,5.65367933694063e-05,0.21229181643597322,-0.9566175297520374,1.3630563343639317,2.319673864115969,-0.0359197550165678,0.14836712876904212,0.21229182396431084,1892.8483779279459,1.452441144873601,12.783477656159807,0.00019277717450777462,20.413623642288695,149.13387103684164,139,138,139.0,5.593897509605694,4.087288815087231,0.4298136645962733,0.1371314076145991,0.3,0.7928571428571428,152.39887459941926,41.67555099455037,75.67567567567568,200.0,124.32432432432432,0.21265139715938575,0.1371314076145991,126,0.9197080291970803,0.3190485061553534,1,0,1.0
S9,480,540,60,30,-0.00017713398541657045,0.21717498252241957,-0.9566161329602193,1.373797042649947,2.3304131756101665,-0.038271687003555044,0.15617289304443865,0.21717505476012208,1980.930185222605,1.662589003588867,12.902819585396232,-0.0016892058318016356,20.842057259749943,155.8581316822911,135,134,135.0,5.723637028816179,3.998191982558652,0.4435181236673774,0.15144573430481065,0.3,0.7985714285714286,149.7214280366141,43.87635500515693,75.13416815742397,200.0,124.86583184257603,0.1940875735073338,0.15144573430481065,115,0.8646616541353384,0.34146459011084174,1,0,1.0
S9,510,570,60,30,-0.0002463952308019301,0.21486954132496755,-0.9150864658497959,1.3737970467854073,2.288883512635203,-0.03794887014883194,0.14886446600595507,0.21486968259810807,1939.0971809920918,1.8793354264001454,14.523412609572972,-0.0014293399264043657,20.988983737056994,155.85813169314966,136,135,136.0,5.705936076429043,4.179090103311527,0.43973544973544976,0.1474266216582018,0.3,0.8285714285714286,150.4695036015974,43.62688187109515,72.41379310344827,200.0,127.58620689655173,0.20949153738023016,0.1474266216582018,125,0.9328358208955224,0.33526208029599497,1,0,1.0
S9,540,600,60,30,2.9100542521737606e-05,0.21581628237085296,-0.9798320587865446,1.365855641617077,2.3456877004036216,-0.03476095516291862,0.1409220875199957,0.21581628433280312,1956.2200804951271,1.858377206187929,14.414519357122913,0.0008789197381141113,21.17081997972958,152.36085199901305,139,138,139.0,5.674526317519434,4.147167083897862,0.4296894409937888,0.13426707274803154,0.3,0.8285714285714286,152.3597720752488,42.08129469828434,72.41379310344827,200.0,127.58620689655173,0.2234587212202263,0.13426707274803154,131,0.9562043795620438,0.31247468505974385,1,0,1.0
S9,570,630,60,30,8.655932735142992e-05,0.2115088457629334,-0.9798320663111463,1.3611793458400487,2.341011412151195,-0.02588158293156243,0.13354410623943785,0.2115088634749984,1878.9119717963913,1.8287253670608112,13.910605724105174,0.0007312030895846884,20.822445428268082,152.36085194004912,129,128,129.0,6.088405915006972,3.9524587982848494,0.46448660714285717,0.16500335633326862,0.3,0.8557142857142858,144.62656119053315,45.035946822039705,70.11686143572621,200.0,129.8831385642738,0.24044852031313846,0.16500335633326862,113,0.889763779527559,0.3552381356014433,1,0,1.0
S9,600,660,60,30,0.00031690201615616016,0.2009622007474782,-0.8560738249149292,1.3537723141964901,2.2098461391114195,-0.024823366329661797,0.1334733432713761,0.20096245061244045,1696.2080753586179,1.857062603154726,14.194911441029536,0.000654828445222761,19.932506333433615,148.04069365530003,125,124,125.0,6.251316153322996,3.9392287972072455,0.4785023041474655,0.17650890490329832,0.3,0.8557142857142858,141.69816856553663,45.93660025134992,70.11686143572621,200.0,129.8831385642738,0.2471493356115833,0.17650890490329832,111,0.9024390243902439,0.36887785779376636,1,0,1.0
S9,630,690,60,30,-0.00010126179998051838,0.20756273918403337,-0.9017813072501809,1.2787280037709827,2.1805093110211637,-0.028825669133219302,0.14249721002011484,0.20756276388488182,1809.4566399643104,1.8010221582347723,12.471747708933018,-0.00044931570724052026,19.7008094933653,146.51760716939586,124,123,124.0,6.108424090312635,3.6489385586946272,0.48521486643437867,0.17904332386733848,0.3,0.84,139.9235264472101,45.62537848827132,71.42857142857143,200.0,128.57142857142856,0.2335009992005059,0.17904332386733848,100,0.819672131147541,0.3689980176886287,1,0,1.0
S9,660,720,60,30,-0.0005561128661308727,0.21252872574837983,-0.9017497289983032,1.3746953717891266,2.27644510078743,-0.028770683689566326,0.14791061171281397,0.21252945332294515,1897.0882782494969,1.766876973396076,12.083837259139168,9.986741184683247e-05,19.99156032010481,147.14301715269073,114,113,114.0,6.4981266891658045,3.4429171930641407,0.5266877370417195,0.18817731345691932,0.3,0.8857142857142857,130.2307435470097,47.02197890133242,67.74193548387098,200.0,132.25806451612902,0.22896888275732366,0.18817731345691932,81,0.7232142857142857,0.35728440254536176,1,0,1.0
S9,690,750,60,30,-0.0005077063026697356,0.2189190228164769,-0.9760877856820612,1.4145999535200962,2.3906877392021575,-0.03301503446298122,0.15587429112086376,0.21891961153951214,2012.883445297658,1.6397576608184858,11.90917297947168,-5.235269640585349e-05,20.75735934442095,150.58273263370126,103,102,103.0,7.07638244932724,3.2210624779906696,0.5845378151260505,0.1760369622420769,0.3,0.8857142857142857,115.60810973591133,44.38736246844419,67.74193548387098,200.0,132.25806451612902,0.2253369986984399,0.1760369622420769,60,0.594059405940594,0.30115581522149437,1,0,1.0
S9,720,780,60,30,0.00017694669573474101,0.2256596832149099,-0.9808490123499624,1.4369334693118354,2.417782481661798,-0.04107538516260137,0.15816236919667256,0.22565975258957144,2138.737605429037,1.7171096146538583,11.588049519874962,0.0007802647698056957,21.15124853433971,150.57421013658117,99,98,99.0,7.278528204638731,2.9557723574847623,0.6044606413994169,0.17351299155535604,0.3,0.8457142857142858,111.38948417654171,43.53456156205626,70.94594594594594,200.0,129.05405405405406,0.20597803620560215,0.17351299155535604,46,0.4742268041237113,0.28705424252875666,1,0,1.0
S9,750,810,60,30,0.00020098842728463124,0.2178735226800916,-0.8414339001276969,1.4383031529287063,2.279737053056403,-0.04181297785966829,0.1511273098210409,0.2178736153860313,1993.6943158179724,1.8326890923867434,12.198484624092728,-0.00024324221043733508,20.411448831858205,148.61622936314862,108,107,108.0,6.770716756953049,3.3660064486450127,0.5537249666221629,0.19252161457200492,0.3,0.8685714285714285,124.80890088465038,48.80305465846575,69.07894736842105,200.0,130.92105263157896,0.23703915830975836,0.19252161457200492,73,0.6886792452830188,0.3476845477032157,1,0,1.0
S9,780,840,60,30,0.00013972461376514513,0.21302525088330543,-0.8415173512285107,1.3697863089033,2.2113036601318106,-0.040619682422722556,0.1527840875364499,0.2130252967064309,1905.9506355482424,1.6838154859535608,11.628634043789026,-6.521619957083667e-05,19.721024733022134,145.74678202553588,117,116,117.0,6.339769917390918,3.4719143216529327,0.5114778325123153,0.1892026428954511,0.3,0.8685714285714285,134.55518150011628,48.286848474064826,69.07894736842105,200.0,130.92105263157896,0.25261201579401116,0.1892026428954511,96,0.8347826086956521,0.3699136714608165,1,0,1.0
S9,810,870,60,30,4.643669076707686e-05,0.21122985135507297,-0.8457345642030439,1.3182276566685998,2.163962220871644,-0.04229235118430312,0.14984572769509466,0.2112298564593852,1873.9581949138037,1.6339197981991869,11.428860154275899,-0.0003105141583350718,19.433480749873617,142.11088536184687,117,116,117.0,6.345511024836418,3.446321963300679,0.5120320197044333,0.18956969596749162,0.3,0.8385714285714285,134.4853710740814,48.34545659417603,71.55025553662692,200.0,128.44974446337307,0.23059584868411237,0.18956969596749162,93,0.808695652173913,0.37023015880319227,1,0,1.0
S9,840,900,60,30,6.623755036866507e-05,0.2276629942875126,-0.9256499666559687,1.4234799544061318,2.3491299210621004,-0.04582663322579953,0.17529579896952047,0.22766300392327488,2176.878620925501,1.4917648925697253,10.014252169597617,0.00024056719150891847,20.830562716907906,159.8986210829545,115,114,115.0,6.37564811625621,3.2599404380806862,0.520877192982456,0.18819706410127215,0.3,0.8457142857142858,132.30664956113026,48.61515135162112,70.94594594594594,200.0,129.05405405405406,0.21784419973572255,0.18819706410127215,84,0.7433628318584071,0.3613079371428937,1,0,1.0
S9,870,930,60,30,0.000340224422039753,0.23517383525586746,-0.9866211252057375,1.4234698709100542,2.410090996115792,-0.04786385482680672,0.18224362071751882,0.23517408135594206,2322.8876387476726,1.3590626699561466,9.93490459185255,0.0014633262309917763,21.827537556429117,164.6103219598765,124,123,124.0,6.015276866165403,3.5309114962739354,0.48456445993031355,0.17048517601043583,0.3,0.8457142857142858,139.52477924105702,46.019001577726705,70.94594594594594,200.0,129.05405405405406,0.22950289567552878,0.17048517601043583,103,0.8442622950819673,0.3518317790680599,1,0,1.0
S9,900,960,60,30,0.00016098468394222287,0.22474015792050697,-0.986621125200804,1.390663675777414,2.377284800978218,-0.04580042301679287,0.16359582740400772,0.22474021557834922,2121.342908924521,1.3456837154136772,11.525001790088233,0.0003709425497434302,21.1884199427331,164.6103219590804,132,131,132.0,5.659749919492398,3.9682136568174124,0.45167938931297713,0.15441818305603713,0.3,0.8785714285714286,147.12157050656364,43.693514527507894,68.29268292682927,200.0,131.7073170731707,0.2370556903218561,0.15441818305603713,124,0.9538461538461539,0.34187564611020554,1,0,1.0
S9,930,990,60,30,-0.0003331231293420817,0.21739577646811847,-0.9057248735098561,1.3412226340943976,2.2469475076042538,-0.04476387310980497,0.15647543967468536,0.21739603169606256,1984.9634530822084,1.4541114093400243,11.618037598874226,-0.0020369796844900653,20.126518055597135,153.74618701300636,140,139,140.0,5.339450962052431,3.9289062388356917,0.4289928057553957,0.1333096817364556,0.3,0.8785714285714286,152.42488938560354,41.8819126474803,68.29268292682927,200.0,131.7073170731707,0.22905028773039324,0.1333096817364556,136,0.9855072463768116,0.3107503900950415,1,0,1.0
S9,960,1020,60,30,6.113405013531726e-05,0.21338876439826562,-0.8385230604268439,1.3289748339334722,2.167497894360316,-0.04287983565212715,0.15352843237867897,0.21338877315545587,1912.4602773692054,1.534117839473844,11.184651396208842,0.000911533529715021,19.49201318677585,147.25522945160355,142,141,142.0,5.346677815709611,3.727113860135667,0.42182370820668696,0.12499727672621627,0.3,0.8071428571428572,153.97579696761588,40.686704317529845,74.3362831858407,200.0,125.6637168141593,0.2231782419878627,0.12499727672621627,139,0.9928571428571429,0.2963258685900357,1,0,1.0
S9,990,1050,60,30,0.00012166538013416657,0.21200315891709504,-0.8506975255050951,1.3968564225772282,2.2475539480823232,-0.04184715863393839,0.15404040546536954,0.2120031938280454,1887.7048761182546,1.5104442357565815,11.375861302683829,0.002106734634954921,19.469187882997893,148.73283163017973,140,139,140.0,5.374219197981444,3.7892592385667547,0.42706063720452214,0.1339758040490773,0.3,0.8071428571428572,153.16264541579596,41.73092467923493,74.3362831858407,200.0,125.6637168141593,0.22745622744547292,0.1339758040490773,136,0.9855072463768116,0.3137161151776098,1,0,1.0
S9,1020,1080,60,30,-0.000625470131512707,0.21473874430362816,-1.1064521183434362,1.4341054695787334,2.5405575879221693,-0.03589641544604625,0.16084757528539761,0.21473965520598287,1936.751019755345,1.416060610802244,11.01046564326061,-0.00891657731078536,19.72915899422375,152.6632137607047,134,133,134.0,5.5179848599941765,3.7279772135920726,0.4503222341568206,0.15396260638792122,0.3,0.7885714285714286,148.21478066356048,44.93387550870192,76.08695652173913,200.0,123.91304347826087,0.2336347333358268,0.15396260638792122,120,0.9090909090909091,0.3418943030343582,1,0,1.0
S9,1050,1110,60,30,0.00010815342811168394,0.21107115731521833,-0.8667565045214098,1.4341050738407453,2.300861578362155,-0.03818884128178973,0.1627574161852111,0.2110711850242701,1871.143896197086,1.4216865230637288,10.612801500631884,0.0007925804200188369,19.369354681227172,152.66321887914935,130,129,130.0,5.734186801585244,3.606296518097338,0.4614396456256921,0.15912318045050838,0.3,0.78,145.48382678941513,45.872264355135556,76.92307692307692,200.0,123.07692307692308,0.23111975786264963,0.15912318045050838,111,0.8671875,0.3448407217692452,1,0,1.0
S9,1080,1140,60,30,0.0004347651915809612,0.20387165655523973,-0.7676028599226928,1.2547939164015236,2.0223967763242165,-0.042855636524630245,0.15472867153462813,0.20387212013257094,1745.6813374286764,1.4087331169380546,10.448465396419023,0.0019725569074247893,18.407864276222398,134.20728534196786,138,137,138.0,5.425667921641919,3.6383738684552,0.43412930135557876,0.13288720872894166,0.3,0.78,150.897267219373,42.483645209705394,76.92307692307692,200.0,123.07692307692308,0.22820187430907588,0.13288720872894166,132,0.9705882352941176,0.30610052883783306,1,0,1.0
S9,1110,1170,60,30,0.00023382225761356398,0.20098031432780966,-0.9586030664540083,1.254793921310264,2.213396987764272,-0.03991575099143885,0.14730395669009255,0.20098045034319464,1696.5119396464397,1.4808106197076194,10.732901787873203,-0.0076090837046281995,17.922702753387995,132.1514837312301,140,139,140.0,5.3000222474618255,3.623836863054593,0.4300308324768756,0.13173335539409023,0.3,0.82,152.16027045401705,42.245470544144204,73.17073170731707,200.0,126.82926829268293,0.240988333965287,0.13173335539409023,138,1.0,0.3063346752030252,1,0,1.0
S9,1140,1200,60,30,-0.00039643683871229613,0.21119300009750303,-0.9953430160831847,1.4220187513034723,2.417361767386657,-0.039386282870792017,0.16235021557955084,0.2111933721790317,1873.3108989987418,1.431646947722109,10.745888770552451,0.0010175155745947594,19.01356195428812,160.79927315709358,133,132,133.0,5.558400978181927,3.626021060269698,0.45284632034632033,0.15172075220116923,0.3,0.82,146.89968191957814,44.19361913659738,73.17073170731707,200.0,126.82926829268293,0.24040308623177375,0.15172075220116923,121,0.9236641221374046,0.33503805901555905,1,0,1.0
S9,1170,1230,60,30,0.0004462354862162164,0.22770559979284224,-0.985627406022954,1.4220187505197566,2.4076461565427105,-0.04221050104662846,0.18171860139112095,0.22770603703706932,2177.701650731342,1.2815989265848897,10.399204151014496,-0.0001695223529423311,21.176563769729817,160.79926057540573,123,122,123.0,6.0587765926668125,3.6247337943184927,0.4845901639344262,0.16884511477627617,0.3,0.8471428571428572,139.50960439658726,46.2137790779271,70.82630691399662,200.0,129.17369308600337,0.21723818046896365,0.16884511477627617,94,0.7768595041322314,0.3484286874611924,1,0,1.0
S9,1200,1260,60,30,-0.0002967403228804619,0.2280656909361255,-0.9892457293958324,1.3789528184229596,2.368198547818792,-0.04513416787102473,0.17439623833285778,0.22806588398309716,2184.589992353644,1.3360776624187267,10.847552340699195,-0.0017641205648111099,21.58962389439511,160.2883467332807,109,108,109.0,6.796610955547042,3.44586827161934,0.5487566137566137,0.1883656979187117,0.3,0.8471428571428572,125.39170006533153,48.015733380812826,70.82630691399662,200.0,129.17369308600337,0.21059885729842742,0.1883656979187117,69,0.6448598130841121,0.34325909373414176,1,0,0.9207619047619048
S9,1860,1920,60,30,-0.0008725238175954356,0.24408379160982127,-1.0179782559507071,1.5589553190147207,2.5769335749654276,-0.03305113071578034,0.17597319562308616,0.2440853511057944,2502.261662226435,1.1584165976797478,8.355365329136085,-0.0030906908763452885,22.217332958565535,167.35235041755553,100,99,100.0,7.2888267686714325,2.193504717633898,0.6053679653679654,0.12851563498558827,0.3028571428571429,0.7671428571428571,105.93965262515239,33.088152143600155,78.2122905027933,198.1132075471698,119.9009170443765,0.11423431788910972,0.12851563498558827,32,0.32653061224489793,0.2122934187762506,2,1,0.7959047619047619
S9,1890,1950,60,30,4.20096757279218e-05,0.23455162550963324,-0.8986398180833998,1.3783000534038699,2.2769398714872695,-0.038731856239320406,0.176369546378436,0.23455162927173218,2310.607605349012,1.1367407682480923,8.36507017482576,0.0030360812208622312,20.91130828872025,149.07956824214912,109,108,109.0,6.596749579670922,2.89093757419581,0.5523941798941799,0.17194321215150501,0.3,0.78,122.50065155537229,45.4139969624565,76.92307692307692,200.0,123.07692307692308,0.17897487135777454,0.17194321215150501,62,0.5794392523364486,0.3112690509962352,2,1,1.0
S9,1920,1980,60,30,0.0016924354121297198,0.22260096478347688,-0.8765588551037831,1.3589904577752163,2.2355493128789994,-0.03819601230277124,0.17411194495559518,0.22260739848477398,2081.2702621266762,0.9400144210070608,8.060492184503259,0.00046620811438329365,19.58362551061021,145.0233338420251,120,119,120.0,6.052975152358801,3.1267059819125524,0.4965306122448979,0.16961238522596114,0.3,0.7957142857142857,136.22310016629493,46.17201317609688,75.40394973070018,200.0,124.59605026929982,0.1989079490356124,0.16961238522596114,89,0.7542372881355932,0.3415950216223632,2,1,1.0
S9,1950,2010,60,30,-0.0002328983381388981,0.21214520335456793,-0.8764846442222352,1.3112373579317358,2.187722002153971,-0.03726020425262592,0.16970885297621197,0.21214533119535506,1890.236945015449,0.8438244499985421,8.224127338047891,0.0002561766205304829,18.631906756288924,144.07396563128984,129,128,129.0,5.794193096923803,3.1911142386933022,0.4631361607142857,0.15677605919198917,0.3,0.7957142857142857,144.06488076293542,44.15895366265775,75.40394973070018,200.0,124.59605026929982,0.1971630302194011,0.15677605919198917,109,0.8582677165354331,0.33850964897708824,2,1,1.0
S9,1980,2040,60,30,-0.0005557463544523812,0.2069415787407191,-0.8389317923256492,1.3277824137621874,2.1667142060878364,-0.03536509271478665,0.1681467875451676,0.20694232497416218,1798.6552863598931,0.8624559638738283,8.333934076634401,-5.151293723236094e-05,17.884448282142195,142.3468150865104,140,139,140.0,5.404327923088519,3.252572931456746,0.4305138746145941,0.13537378252556712,0.3,0.7571428571428571,151.53919100047952,39.90205284123615,79.24528301886792,200.0,120.75471698113208,0.18359352083673014,0.13537378252556712,123,0.8913043478260869,0.3144469679328148,2,1,1.0
S9,2010,2070,60,30,-0.00036912229519668214,0.1987365635652278,-0.8113741918450046,1.3295687389454327,2.1409429307904375,-0.03135637240902309,0.16488875407503562,0.19873690635859417,1658.8470338573545,0.7370768504694916,8.298532639320285,-0.002527212238005121,17.00421842837161,141.11911491885928,144,143,144.0,5.236855169155439,3.291222999611624,0.41565434565434567,0.11980394932749419,0.3,0.7571428571428571,154.7302008894758,37.139189964793154,79.24528301886792,200.0,120.75471698113208,0.17271578269634658,0.11980394932749419,129,0.9084507042253521,0.2882297528704826,2,1,1.0
S9,2040,2100,60,30,-6.908004185797665e-06,0.20344039283883122,-0.8773006228949045,1.3768326857417927,2.254133308636697,-0.03124533921602462,0.16378532807007334,0.20344039295611502,1738.2957264178167,0.8654765283456191,8.995586134749722,-0.000791493067560509,17.866834490459276,152.03763336076872,141,140,141.0,5.319334442409132,3.44756858231322,0.42368367346938773,0.12469543863213338,0.3,0.77,152.49747040876017,38.0230301042043,77.92207792207792,200.0,122.07792207792208,0.1839760537998127,0.12469543863213338,121,0.8705035971223022,0.2943125884720761,2,1,1.0
S9,2070,2130,60,30,0.0001096070717305593,0.20621790939089746,-0.8743209883158835,1.3956323703655287,2.2699533586814122,-0.029640538680029593,0.1630835059745727,0.20621793851957343,1786.0852030250276,0.875681251231283,8.861083536693576,0.000834313034178459,18.175003246783884,152.09200221888878,140,139,140.0,5.388773049430769,3.4046625372416126,0.4268653648509764,0.1285856881093169,0.3,0.77,151.7726199482158,38.22225488828324,77.92207792207792,200.0,122.07792207792208,0.18937856623365115,0.1285856881093169,116,0.8405797101449275,0.301232422907414,2,1,1.0
S9,2100,2160,60,30,1.9384675951515465e-06,0.1904379986207358,-0.8491955122251984,1.2976401898103684,2.146835702035567,-0.01862877001551886,0.16278118013877615,0.19043799863060162,1523.1985155420189,0.22809445703824816,7.3637895069616,0.000627647980789622,16.013760955792925,140.9159994303153,134,133,134.0,5.48699875301616,3.0975734412191667,0.4471965628356606,0.14170874677498774,0.3,0.8414285714285714,146.69576974117606,40.67432768101381,71.30730050933786,200.0,128.69269949066214,0.17795308526852316,0.14170874677498774,99,0.75,0.3168824596423922,2,1,1.0
S9,2130,2190,60,30,-0.00021893127313418533,0.2131938591820579,-1.0213264510780946,2.81142369412229,3.8327501452003845,-0.020477816443887627,0.1639368206982206,0.21319397159357364,1908.9701200013426,1.175054555565214,14.746444915442389,0.02198469722171364,16.588599639231187,148.1982635604827,130,129,130.0,5.116786013614284,2.9755009585926935,0.4575747508305648,0.1564595639389182,0.3,0.8557142857142858,145.47219027186046,43.417205924917106,70.11686143572621,200.0,129.8831385642738,0.20037222218528541,0.1564595639389182,97,0.7578125,0.341932249659583,2,1,1.0
S9,2160,2220,60,30,-0.00015375808019969347,0.2084784127090274,-0.8512407962384315,1.446702221211441,2.2979430174498727,-0.029388025968332423,0.1502915273811936,0.20847846940924805,1825.4574327033563,1.318223620774871,10.226203573603657,-0.0015482227839889917,18.276581161971663,151.10151848884465,143,142,143.0,5.293559001128313,3.43550871197899,0.41901408450704225,0.128237682535789,0.3,0.8557142857142858,154.7225978055338,38.93402763736269,70.11686143572621,200.0,129.8831385642738,0.20672763470690736,0.128237682535789,127,0.900709219858156,0.3060462339509586,2,1,1.0
S9,2190,2250,60,30,0.0019985893632720043,0.21601401618360597,-0.8631172991411121,1.4205857778230537,2.2837030769641657,-0.02916224217511775,0.15666096135051996,0.21602326158822377,1959.9740809829946,1.1830606537962163,9.114469053453051,0.001462895638017935,19.018459336171063,151.10101280494467,141,140,141.0,5.355871672988142,3.3887327298359824,0.42265306122448976,0.1311158181441005,0.3,0.8014285714285714,154.0429666380846,39.97561611824866,74.86631016042782,200.0,125.13368983957218,0.20004694060802442,0.1311158181441005,121,0.8705035971223022,0.3102209120744049,2,1,1.0
S9,2220,2280,60,30,0.0002552438249708078,0.22290727705693814,-0.9063569859452114,2.181068245181311,3.0874252311265225,-0.032643978735041476,0.1576383558188727,0.22290742319256387,2086.884211202648,1.4215329936402599,10.694393018654461,0.017050720921713905,19.259407774075576,145.99954013910158,139,138,139.0,5.307347028427556,3.369130360601399,0.4289544513457557,0.13675849129394463,0.3,0.8014285714285714,152.7214135894252,41.38968091073992,74.86631016042782,200.0,125.13368983957218,0.21051974016952127,0.13675849129394463,120,0.8759124087591241,0.31881821220153606,2,1,1.0
S9,2250,2310,60,30,-6.989603759297441e-05,0.2097672437295831,-0.7956787443565834,1.406151165585513,2.2018299099420964,-0.027711237466882203,0.14149338009294118,0.2097672553745279,1848.0966599492208,1.66032608752961,11.671471230289297,-0.0010382238563615745,18.70487342295229,145.99963610201348,141,140,141.0,5.364683296635676,3.5741876401188146,0.42608163265306126,0.12176907498139353,0.3,0.7771428571428571,151.92389955818336,39.49761240572269,77.20588235294117,200.0,122.79411764705883,0.21991339174288774,0.12176907498139353,132,0.9496402877697842,0.28578813459566443,2,1,1.0
S9,2280,2340,60,30,0.0005341149691064972,0.20773551366096685,-0.7623435246305414,1.3668494937742774,2.129193018404819,-0.02658477089868519,0.14534526489103594,0.20773620029928813,1812.4818144210103,1.5706053604878305,11.315785591072993,0.0033545900087648723,18.572580623063626,141.27577996068135,148,147,148.0,5.201575939304703,3.572177077455163,0.4065208940719145,0.10501423821106423,0.3028571428571429,0.7157142857142857,156.6563851558109,35.67298000108914,83.83233532934132,198.1132075471698,114.28087221782847,0.19260202739355697,0.10501423821106423,145,0.9931506849315068,0.2583243315225194,2,1,1.0
S9,2310,2370,60,30,-0.00017007462941600598,0.2087361763219869,-0.762340172559543,1.335537114363031,2.097877286922574,-0.028454393383098544,0.15364538176442105,0.20873624560890994,1829.9744496979333,1.4282329756698575,10.562912304958123,-6.270889798495358e-05,18.712636397125106,137.65121138947268,152,151,152.0,5.17420146126981,3.4988621091957803,0.39456007568590346,0.10127044254684558,0.30142857142857143,0.9071428571428571,160.4106951837749,33.79507230447652,66.14173228346456,199.05213270142178,132.91040041795722,0.17331560610553193,0.10127044254684558,143,0.9533333333333334,0.2566667252655936,2,1,1.0
S9,2340,2400,60,30,9.399114939009426e-05,0.2048834800905928,-0.7602114782890235,1.357258546955319,2.1174700252443426,-0.02642239397364414,0.14843819453154383,0.20488350165000718,1763.0444684314768,1.4719993274066276,11.038903312472984,-1.5485978490286177e-05,18.339496076327315,139.216014738153,145,144,145.0,5.308238003647592,3.550251278182659,0.4102876984126984,0.11441839766381277,0.30142857142857143,0.9071428571428571,156.1839390516349,36.82169833469367,66.14173228346456,199.05213270142178,132.91040041795722,0.19165511368891563,0.11441839766381277,133,0.9300699300699301,0.27887357604546575,2,1,1.0
S9,2370,2430,60,30,-0.00043746199227778483,0.20293774529956632,-0.7979157609432281,1.3570985781276979,2.155014339070926,-0.025425254606095966,0.14826621416707414,0.20293821680567298,1729.7246332911861,1.4139887453737396,11.109451815434022,0.000398222058236693,18.167909680456255,140.15283189741854,146,145,146.0,5.235011749813593,3.626519276913771,0.4115467980295567,0.10790089850046163,0.3,0.7457142857142857,155.06176726721273,36.14059221998534,80.45977011494253,200.0,119.54022988505747,0.18880220516651008,0.10790089850046163,141,0.9791666666666666,0.26218378813073,2,1,1.0
S9,2400,2460,60,30,-0.0003225093282547925,0.2050435858981727,-0.8999573226941522,1.4084276488800962,2.3083849715742484,-0.026645703429467225,0.15020305616326513,0.2050438395325452,1765.8049974704222,1.439279729780626,11.220721292756666,0.00035456774714111555,18.467766307120947,156.09144311288225,144,143,144.0,5.307679359480293,3.6300324958923436,0.4152947052947053,0.11517521380453472,0.3,0.7571428571428571,154.62854741325654,37.4449604766349,79.24528301886792,200.0,120.75471698113208,0.20316590977027932,0.11517521380453472,138,0.971830985915493,0.27733369180038786,2,1,1.0
S9,2430,2490,60,30,0.0001889522342540341,0.20523652840352596,-0.8999573226061539,1.4084276489867509,2.308384971592905,-0.02438795561425511,0.15391547345897466,0.20523661538350838,1769.1268683512822,1.3124177740936924,10.645803954627592,-0.005438298989637292,18.59055642143874,156.09144311361044,134,133,134.0,5.628064472774802,3.5501188200685085,0.44955961331901184,0.1393419485425492,0.3,0.7785714285714286,146.23373559977674,42.031602024276516,77.06422018348624,200.0,122.93577981651376,0.20372838940146215,0.1393419485425492,108,0.8181818181818182,0.3099521051586785,2,1,1.0
S9,2460,2520,60,30,0.002130006342665885,0.20344608057085573,-0.8167031843885832,1.8841345882577722,2.7008377726463557,-0.023381901628006258,0.14968317245930973,0.2034572304605145,1738.5834743198425,1.3748982647266714,11.022859915559712,-0.008320156204428811,18.155976596756833,143.181619469438,125,124,125.0,5.826909839352698,3.45155730440306,0.4799308755760368,0.16311200193649475,0.3,0.9085714285714286,140.2213884925745,45.87233749533711,66.0377358490566,200.0,133.96226415094338,0.22919963034262358,0.16311200193649475,96,0.7804878048780488,0.33986561448191815,2,1,0.9540952380952381
S9,4050,4110,60,30,0.00012532439212079775,0.22912064782703456,-1.0260931483505211,1.3183863851013538,2.344479533451875,-0.030096256378041013,0.16433099693206893,0.22912068210199457,2204.8440526090967,0.6381473176145035,10.044408710648636,-3.3580739406718254e-05,22.443529861079504,167.7999400658657,86,85,86.0,8.611767399078643,1.6088591300254946,0.7009075630252101,0.10095577985741173,0.30428571428571427,0.8242857142857143,88.4443737018731,20.542402831151005,72.79029462738302,197.1830985915493,124.39280396416629,0.0897491374741655,0.10095577985741173,12,0.14285714285714285,0.14403579756176862,3,0,0.8625714285714285
S9,4080,4140,60,30,0.0019294236776927918,0.22589135172969252,-0.9985456635693737,1.8296927162718548,2.8282383798412285,-0.02656832336493372,0.15369330834860048,0.22589959154897934,2143.2862694038195,0.6842303162256249,10.587833309360272,-0.007838390092984569,22.064111793236496,161.91644525904186,83,82,83.0,8.88478447048127,0.6209598773570167,0.7261846689895471,0.051498720488461366,0.5771428571428572,0.8114285714285714,83.08379468531764,6.524294435454746,73.94366197183099,103.96039603960395,30.01673406777296,0.020909046095333478,0.051498720488461366,3,0.037037037037037035,0.07091683794443016,3,0,1.0
S9,4110,4170,60,30,-0.000350904802921187,0.22181698247847173,-0.9659312172408371,1.2766134776891513,2.2425446949299883,-0.024212953295307045,0.14546858017140496,0.2218172600363537,2066.5216677014846,0.6455434218357909,10.867262320219503,-0.0009621409776558241,21.931547495487308,156.76992600180245,85,84,85.0,8.821031478768951,1.4574117542444587,0.7119897959183673,0.07647195597974127,0.3,0.8585714285714285,85.83766170855071,15.555208259137588,69.88352745424294,200.0,130.11647254575706,0.06612700597786622,0.07647195597974127,6,0.07228915662650602,0.10740597185259254,3,0,1.0
S9,4140,4200,60,30,-1.782451187190429e-05,0.22252548486647797,-0.9690014609100925,1.3021106980873898,2.2711121589974823,-0.017035461051209164,0.1287658515685859,0.22252548558035848,2079.738852776522,0.6909202880656855,11.411231061206474,0.0003078753452480906,22.336892432555036,159.3844570522066,86,85,86.0,8.870398895585105,1.491631847027401,0.700403361344538,0.09769802109580468,0.3,0.8585714285714285,88.69570929784969,22.83142410100521,69.88352745424294,200.0,130.11647254575706,0.07593425241608875,0.09769802109580468,9,0.10714285714285714,0.13948822419735032,3,0,1.0
S9,4170,4230,60,30,-4.051297825783195e-05,0.2226366962204283,-0.9595640696595666,1.3021105563528077,2.2616746260123746,-0.010974400052970082,0.12082126303013929,0.22263669990648144,2081.8182061004445,0.7253155587797938,11.872788006872089,-0.0010039978644495998,22.517319860668692,159.38446244677945,86,85,86.0,8.95214544029382,1.5049598219841829,0.6994117647058823,0.07430067532525242,0.3,0.7585714285714286,87.66097198308323,18.27026415450786,79.09604519774011,200.0,120.90395480225989,0.05535489352463268,0.07430067532525242,4,0.047619047619047616,0.10623309340027681,3,0,1.0
S9,4200,4260,60,30,-0.00022793819016062996,0.2232163956178492,-0.9521923746883764,1.3172106425480226,2.269403017236399,-0.009482783884702604,0.11752538166501891,0.2232165119977523,2092.675671594593,0.7715956529631985,11.908452026799285,-0.0008511071284831286,22.672951761787566,159.06635292429556,86,85,86.0,9.033737340984588,1.1710672896330971,0.6997478991596638,0.04119766218532369,0.42428571428571427,0.7642857142857142,86.14332531945438,6.951992652626553,78.50467289719627,141.41414141414143,62.909468516945154,0.03310392388346163,0.04119766218532369,1,0.011904761904761904,0.058875006605662535,3,0,1.0
S9,4230,4290,60,30,-3.003008750069248e-05,0.22503790427548367,-0.9710290024535708,1.3464778275262754,2.3175068299798465,-0.009644300565232564,0.1179330840350729,0.2250379062791598,2126.966489025332,0.7660014312352796,11.62473060780043,0.0005104518879189065,22.899660396378543,164.2785169951143,87,86,87.0,9.050405042445373,0.6900827907904282,0.6910797342192692,0.03216956147732894,0.6157142857142858,0.7628571428571429,87.01088188558947,4.092903407171122,78.65168539325842,97.44779582366588,18.796110430407467,0.011181145165092938,0.03216956147732894,0,0.0,0.046549710379905344,3,0,1.0
S9,4260,4320,60,30,-1.2169084926016326e-05,0.22686980767042111,-0.9710290023002673,1.3464778277145668,2.317506830014834,-0.010233793697523459,0.12299608185771166,0.22686980799679035,2161.736210781022,0.7513292917892643,11.40137934771361,0.0002548877330829805,23.045958478399758,164.2785169966517,89,88,89.0,8.869684181813593,1.1665469041419558,0.6760551948051948,0.05627712469817686,0.3,0.7285714285714285,89.82989497919442,13.537042465625122,82.3529411764706,200.0,117.6470588235294,0.05826907422085875,0.05627712469817686,3,0.034482758620689655,0.08324338771539667,3,0,1.0
S9,4290,4350,60,30,-0.00016381742021320182,0.22661847641623822,-0.961135903398076,1.3441754189973445,2.3053113223954202,-0.010765528419752882,0.12440486664147715,0.2266185356262022,2156.9503489533,0.7385739721584349,11.359090254158987,-0.0006953709013464188,23.020326504811333,163.7286050637987,90,89,90.0,8.789807834970153,1.4153219816094578,0.6668860353130016,0.06148456211132373,0.3,0.7285714285714285,91.24201550056024,14.360032359060794,82.3529411764706,200.0,117.6470588235294,0.0650469004479458,0.06148456211132373,4,0.045454545454545456,0.0921965056330293,3,0,1.0
S9,4320,4380,60,30,-0.00027906518661943296,0.2250425690529557,-0.9979698765624598,1.3440747424206883,2.342044618983148,-0.01002133122957998,0.12189812351879241,0.22504274208099384,2127.057902059974,0.6685352605451562,11.4509904087249,0.0005678198785588399,22.845432560261514,162.50374380328793,88,87,88.0,8.951256269206626,1.1204223215622546,0.6833333333333332,0.03819813689243661,0.5914285714285714,0.7471428571428571,88.09625605106076,5.220758345004053,80.30592734225621,101.44927536231884,21.143348020062632,0.017422960809237553,0.03819813689243661,1,0.011627906976744186,0.055899712525517,3,0,1.0
S9,4350,4410,60,30,0.00021231958349525272,0.23977903916014232,-1.9048056788687366,1.5783654967200789,3.4831711755888155,-0.011601437174597676,0.13028611162353634,0.23977913316251395,2414.749373406997,0.24045411325027116,11.22326719212402,-0.01434511629426625,22.704537192139245,162.5037438033259,88,87,88.0,8.394406823925916,0.898524617213448,0.6885714285714286,0.03212250769820155,0.59,0.7471428571428571,87.33741495785166,4.308004613277718,80.30592734225621,101.69491525423729,21.388987911981076,0.013387014229329468,0.03212250769820155,1,0.011627906976744186,0.046650944789919255,3,0,1.0
S9,4380,4440,60,30,9.967029939189635e-05,0.22490191367278126,-0.965747827057456,1.3052019088015014,2.2709497358589577,-0.013530170538108625,0.13035735070077456,0.2249019357583383,2124.3969897296047,0.7057163363855995,11.226720583224296,0.003062956912738475,22.66677872379277,158.13254167062902,88,87,88.0,8.907716954504624,1.0946836524402637,0.6885550082101806,0.05178062961408664,0.6014285714285714,0.8685714285714285,87.58446364014443,5.962070447058848,69.07894736842105,99.7624703087886,30.68352294036754,0.022181137203729846,0.05178062961408664,3,0.03488372093023256,0.0752018778407907,3,0,0.8374285714285714
S10,90,150,60,30,0.000423896272132485,0.13145107654131413,-0.7094559327974069,0.6963315735241129,1.40578750632152,0.028947485237732107,0.09426818393489653,0.13145176001834266,725.741738900638,-0.5062451336335072,4.855292281922154,0.0024537746261830014,13.496301336855698,101.44271064054495,90,89,90.0,7.416091775275792,1.440368364374918,0.6684109149277688,0.0635054983751959,0.3457142857142857,0.7714285714285715,91.00274624518688,13.529102329204,77.77777777777777,173.55371900826447,95.7759412304867,0.05559177339334209,0.0635054983751959,5,0.056818181818181816,0.0950096668933938,1,0,0.9523809523809523
S10,120,180,60,30,-7.667085467816885e-05,0.1456352726328594,-0.6514081953990232,0.7544346379152517,1.4058428333142747,0.01995446338524277,0.12543753101579486,0.14563529281485052,890.8048175572244,-0.0897462171353191,4.181634505783694,8.951535022390473e-05,14.727572779088561,107.34577973056555,95,94,95.0,7.248304453098264,1.3829596532082542,0.6322644376899694,0.04165091241722681,0.45571428571428574,0.7242857142857143,95.33730837364274,6.7633128630652815,82.84023668639053,131.6614420062696,48.82120531987907,0.03545497257221551,0.04165091241722681,5,0.053763440860215055,0.06587577907971841,1,0,1.0
S10,150,210,60,30,-0.0002584808167576746,0.15408073209909615,-0.6514327635370568,0.7544369478676216,1.4058697114046783,0.0059053315214779925,0.14641990422130496,0.15408094890844248,997.1194302940947,0.009230126107853483,3.6339695975513466,0.0004873647627144001,15.54298879011568,107.34582857207043,99,98,99.0,7.304507036788631,0.8973415308929864,0.6094752186588921,0.023677328815507312,0.5671428571428572,0.68,98.59005771350856,3.7307110196870603,88.23529411764706,105.79345088161209,17.55815676396503,0.008307168405523997,0.023677328815507312,0,0.0,0.03884871458368337,1,0,1.0
S10,180,240,60,30,5.099474649603529e-05,0.15408730405204224,-0.681551836772907,0.7441942972309269,1.425746134003834,-0.002080899429242729,0.14634031885884397,0.15408731249032373,997.2017945606085,-0.01326697864882297,3.5678313124190746,-0.001573141769772847,15.754913989865402,108.5125714838323,102,101,102.0,7.272943402909645,0.9689156541071953,0.5917397454031118,0.02403490083795654,0.44571428571428573,0.6357142857142857,101.58297696393757,4.6511713522880545,94.38202247191012,134.6153846153846,40.233362143474494,0.01519465534391643,0.02403490083795654,1,0.01,0.04061735082807934,1,0,1.0
S10,210,270,60,30,0.00024022251821494522,0.15501245276896017,-0.6815518384048966,0.7437241760037158,1.4252760144086123,-0.0043047553539931355,0.14977756117604074,0.15501263890504982,1009.2145652529093,-0.06911141814848654,3.3662321141570244,-0.00027391591317070817,15.883736464248003,108.51257148356926,103,102,103.0,7.25188640499082,0.7258399975392001,0.5820588235294119,0.017459234551518033,0.5485714285714286,0.6328571428571429,103.17389057209307,3.053704179496871,94.80812641083521,109.375,14.566873589164786,0.006706622368423987,0.017459234551518033,0,0.0,0.02999565309507898,1,0,1.0
S10,240,300,60,30,-0.0006841198532111608,0.15662828727956948,-0.692481288746847,0.8823531118851761,1.5748344006320232,0.00431748403823504,0.14993363357251918,0.15662978131921435,1030.3813126364062,0.13354594584441423,3.7348667725938913,0.005159783643490176,15.579056406949567,107.86441727410767,102,101,102.0,6.87954441498817,1.187064738494314,0.593069306930693,0.059907784641760255,0.3657142857142857,0.8014285714285714,102.20127587078875,10.61063311824554,74.86631016042782,164.0625,89.19618983957218,0.053144777231057955,0.059907784641760255,10,0.1,0.10101312602366921,1,0,1.0
S10,270,330,60,30,0.00032623597123246524,0.15578232588755575,-0.5732553491797364,0.8822824789238267,1.4555378281035631,0.015271726960623315,0.14614931272050236,0.1557826674853321,1019.2660585315131,0.305935964047332,3.958011918029194,-0.00020052381220369124,15.396544883623822,107.86441518141866,97,96,97.0,6.836341711726524,1.0543507384067081,0.6174255952380953,0.05961954912107935,0.3657142857142857,0.8014285714285714,98.18169267291161,10.781926674262257,74.86631016042782,164.0625,89.19618983957218,0.05338227256968945,0.05961954912107935,9,0.09473684210526316,0.09656151215773377,1,0,1.0
S10,300,360,60,30,-0.00015471213876726273,0.15684850026782818,-0.55607705152788,0.8232986782282643,1.3793757297561444,0.011167022192277054,0.15310887197102777,0.15684857657024745,1033.2619908287365,0.22826260140387275,3.422618245156346,0.0002991575241402571,15.599305344624085,103.87541451823188,97,96,97.0,6.829006611964609,0.9658175576814144,0.6234077380952381,0.029771929115378695,0.4685714285714286,0.7171428571428572,96.48026371164708,4.980483034477603,83.66533864541832,128.04878048780486,44.383441842386546,0.018301097852297155,0.029771929115378695,1,0.010526315789473684,0.047756752597174906,1,0,1.0
S10,330,390,60,30,-0.00014042383711793357,0.1611930137004191,-0.5572916599099507,0.8620031061125427,1.4192947660224933,0.0030739367019921304,0.16009182243558012,0.16119307486575699,1091.2947101564564,0.3600142219557376,3.5066986235640476,0.00023459134816280176,16.055696713556145,105.90295574164429,98,97,98.0,6.854772789331138,0.7930494973656603,0.6110751104565538,0.025977244025231702,0.5757142857142857,0.7171428571428572,98.35458046988917,3.935326778435998,83.66533864541832,104.2183622828784,20.553023637460086,0.011236291723726309,0.025977244025231702,0,0.0,0.04251072180934234,1,0,1.0
S10,360,420,60,30,-0.0005198307299874921,0.16385480741856487,-0.6176626323365879,0.8279908723106516,1.4456535046472396,-0.002229617478208536,0.16850074106159074,0.1638556320001324,1127.6440618028382,0.3433438642881958,3.247872344468747,0.00308117165702133,16.316626703414485,105.90297790134402,103,102,103.0,6.443425829908571,1.4390340254988938,0.5828011204481793,0.049453160756301656,0.3,0.6671428571428571,104.08576694283035,13.870682973842824,89.93576017130621,200.0,110.06423982869379,0.04038534331584085,0.049453160756301656,11,0.10891089108910891,0.08485426506776741,1,0,1.0
S10,390,450,60,30,-0.00047026787727979527,0.1641294779974337,-0.635122275008958,1.0257443686212764,1.6608666436302344,-0.0023729573244602466,0.17029305215390617,0.16413015170768128,1131.4256813826319,0.20068358940668496,3.2240774014707485,0.003798229103501959,16.520816797852827,108.50779668595243,106,105,106.0,6.83784649317568,1.1492451183633368,0.5703265306122448,0.04265451288093785,0.3,0.6214285714285714,106.14709450725263,12.94952936583213,96.55172413793103,200.0,103.44827586206897,0.031370763519042076,0.04265451288093785,4,0.038461538461538464,0.0747896346942659,1,0,1.0
S10,420,480,60,30,-0.0003020829752398438,0.16666793166543106,-1.4606136852920386,1.0132372283535416,2.47385091364558,-0.009452105715790426,0.1630729375700426,0.16666820542550018,1166.6882093897825,-0.1448440987968938,4.6941422652906715,-0.011625459153921044,16.629837550105606,108.50931775660511,107,106,107.0,6.801977051296175,0.7786977357017354,0.5650269541778975,0.014741033877827995,0.53,0.61,106.26137795810823,2.752516928041535,98.36065573770492,113.20754716981132,14.846891432106403,0.005078585541088538,0.014741033877827995,0,0.0,0.0260890808284994,1,0,1.0
S10,450,510,60,30,0.0002576012137326825,0.15697663825990416,-0.7418306012716616,0.8911136692316671,1.6329442705033288,0.019443503682593358,0.1368824769536191,0.15697684962365033,1034.9527153461772,-0.40521749894414294,4.264316779500375,-0.00034549311648596437,15.6042054165901,103.80963471864939,108,107,108.0,6.846250460207625,1.5225748611772072,0.5551401869158878,0.07951907221665841,0.3242857142857143,0.72,111.02234696473177,21.151299952620324,83.33333333333334,185.02202643171805,101.6886930983847,0.07793555486657175,0.07951907221665841,10,0.09433962264150944,0.14324142638354292,1,0,1.0
S10,480,540,60,30,-0.0016530119165352772,0.15523034093474733,-0.7270417785561392,0.7945040191816103,1.5215457977377493,0.025909735900482678,0.09863510495347609,0.15523914195561023,1012.1660301947923,-1.0034314095740056,5.533703564223991,0.004423809586948121,14.81345309004797,104.41047567748242,105,104,105.0,6.799714609909111,1.920368641585404,0.5753708791208791,0.09741628761310794,0.32285714285714284,0.72,108.51091342654007,25.50547214336087,83.33333333333334,185.8407079646018,102.50737463126845,0.09111412205342743,0.09741628761310794,12,0.11650485436893204,0.16931042419448178,1,0,1.0
S10,510,570,60,30,0.0014299702630053705,0.1547736327921371,-0.771945180822948,0.7945040191775753,1.5664492000005232,0.030869391762604708,0.0994302859715096,0.15478023847580924,1006.1907333503918,-0.9717003101090235,5.413333774447835,0.0007478487613691806,14.987516144165204,104.41048624104766,100,99,100.0,7.105002593297774,1.1778097014351292,0.6032323232323232,0.03180515941919989,0.52,0.6885714285714286,99.73467169185719,5.144945258659228,87.1369294605809,115.38461538461539,28.247685924034485,0.017256667882946695,0.03180515941919989,1,0.01020408163265306,0.052724560992980396,1,0,1.0
S10,540,600,60,30,-0.00015428812746287374,0.15860643817204265,-0.7718218865936441,0.8817454380387472,1.6535673246323914,0.03137328535336985,0.10812124592312079,0.1586065132157197,1056.5530934468272,-0.7187517253065673,5.468103495894443,0.000930754325159548,15.600044267609373,109.25147547562297,103,102,103.0,7.105815481455802,1.2023214036410614,0.5828011204481793,0.038094321541124326,0.5214285714285715,0.7557142857142857,103.3663946723774,6.396454265746063,79.39508506616258,115.06849315068493,35.67340808452235,0.020309287655746452,0.038094321541124326,3,0.0297029702970297,0.06536418720648554,1,0,1.0
S10,570,630,60,30,0.000126929075169908,0.16305417076890716,-0.676515103267258,0.9885667666988623,1.6650818699661203,0.024124115054850386,0.10271084321130464,0.16305422017269613,1116.6405060772947,-0.08168123320981989,6.940692132634455,0.0016854023417149254,16.39974095205329,114.84147766908819,104,103,104.0,7.381447352471118,1.6989530183130286,0.577128987517337,0.07158581724792516,0.3242857142857143,0.7585714285714286,106.03062600899268,17.359149846965565,79.09604519774011,185.02202643171805,105.92598123397794,0.060263194912520406,0.07158581724792516,12,0.11764705882352941,0.12403781268355495,1,0,1.0
S10,600,660,60,30,-0.0007212811730287583,0.16188691234816327,-0.721922421642605,0.9885666770530762,1.7104890986956813,0.0306459319051717,0.08809731505610605,0.16188851916103397,1100.7314907184036,-0.6573387617757642,7.209503773523883,0.000558033524707216,15.753634830271801,114.84147766895678,102,101,102.0,7.320026974797008,1.6605964737494163,0.5914851485148515,0.06930621192941962,0.3242857142857143,0.7585714285714286,103.40640691171119,17.37153544820134,79.09604519774011,185.02202643171805,105.92598123397794,0.05893199124275994,0.06930621192941962,10,0.1,0.11717320731287884,1,0,1.0
S10,630,690,60,30,0.00014905136879362772,0.1614080864802744,-0.7197540791270185,0.9487624280743662,1.6685165072013848,0.03257117654809769,0.09740269766004067,0.1614081553005742,1094.2088890964396,-0.6251357961903921,6.450894198815627,0.0001091736380922867,15.859952595589206,111.62254958964422,103,102,103.0,7.260881430006403,1.2759529177022335,0.5834733893557423,0.041490106817678354,0.4014285714285714,0.7185714285714285,103.36269276386409,7.621249131117435,83.49900596421472,149.46619217081852,65.9671862066038,0.024196942339676192,0.041490106817678354,2,0.019801980198019802,0.07110882445468637,1,0,1.0
S10,660,720,60,30,-6.988640858829983e-05,0.16415359410056404,-0.6357000892335037,0.9487624280746801,1.5844625173081839,0.021298554934985878,0.11168059620954371,0.16415360897721024,1131.7491082901993,0.32613584178263905,6.521176357243645,0.00029091447304934994,16.840649305358905,111.74108308389069,104,103,104.0,7.532399247146642,1.1324142045569459,0.5776837725381414,0.0344500893874231,0.5157142857142857,0.67,104.22787205985396,6.130299591938354,89.55223880597015,116.34349030470915,26.791251498739,0.014263989082785422,0.0344500893874231,1,0.00980392156862745,0.0596348573823727,1,0,1.0
S10,690,750,60,30,0.00011331978089013877,0.1742321201615269,-0.6627312059594259,1.2208002041030814,1.8835314100625073,0.018186637657630338,0.11984766215617132,0.1742321570128588,1274.9874705688462,0.7167700114958496,6.878951937145789,-0.0027289127113866722,17.38119535463609,126.39652439368916,104,103,104.0,7.224645198779598,1.2552877982153654,0.5802635228848823,0.03659076918636601,0.5157142857142857,0.6571428571428571,103.81551499355164,6.581869651190525,91.30434782608695,116.34349030470915,25.039142478622196,0.015696450280893715,0.03659076918636601,2,0.0196078431372549,0.06305888228928912,1,0,1.0
S10,720,780,60,30,5.047800537733475e-05,0.18027266620709545,-0.676664240109366,1.2208001839688096,1.8974644240781755,0.01777027987615252,0.13026503892312258,0.1802726732742483,1364.925942636643,0.8921724323774558,7.261325160716597,9.812393586845922e-06,17.886934162430364,126.39652438856876,101,100,101.0,7.07130148653598,1.68748621938154,0.5974142857142858,0.04851075832709057,0.4085714285714286,0.7342857142857143,101.15821027798748,9.059223590685722,81.71206225680933,146.85314685314685,65.14108459633752,0.04702091886561566,0.04851075832709057,8,0.08080808080808081,0.0812012023935613,1,0,1.0
S10,750,810,60,30,0.0001253702759054185,0.17325255999321976,-0.6766642402280413,1.1014326656849067,1.778096905912948,0.017048264245636303,0.13259667559164898,0.17325260535388867,1260.6915410002323,0.962546042246496,7.564962057767033,0.00022982725606800336,17.595817871661637,117.78543020408209,97,96,97.0,7.489439157216879,1.4083834132684667,0.6202529761904761,0.03526804236941514,0.4742857142857143,0.71,97.05857597733494,5.7470149273819855,84.50704225352113,126.50602409638553,41.998981842864396,0.027579783688666613,0.03526804236941514,3,0.031578947368421054,0.056860738639300815,1,0,1.0
S10,780,840,60,30,-4.041442266084303e-05,0.1702098336613654,-0.7821549223000259,1.067877318735523,1.850032241035549,0.020212687231721687,0.1246577469614989,0.17020983845934184,1216.79834255092,0.6062284802770188,7.461399064071438,0.0030551410875517496,17.17062674693749,119.27554356609747,95,94,95.0,7.6202814225610895,1.2245764656979063,0.6335258358662613,0.054542546394950375,0.5371428571428571,0.7985714285714286,95.35160266780481,7.520522631609167,75.13416815742397,111.70212765957447,36.5679595021505,0.02841740357566127,0.054542546394950375,6,0.06451612903225806,0.08609364181710251,1,0,1.0
S10,810,870,60,30,-9.77055243170698e-05,0.17035279573585,-0.7821549222915667,1.1298840453296677,1.9120389676212344,0.0190179512430287,0.11336131277768244,0.17035282375525718,1218.843551578368,0.603443663015438,7.672977463348412,-5.393629601453453e-05,17.4108356852936,119.27554356609588,97,96,97.0,7.628227332286751,1.0686764987881265,0.6205952380952381,0.05587570734408482,0.5614285714285714,0.7985714285714286,97.37845157765385,7.786057806291232,75.13416815742397,106.8702290076336,31.736060850209626,0.02390592015087342,0.05587570734408482,4,0.042105263157894736,0.09003566884525464,1,0,1.0
S10,840,900,60,30,-0.00019540106951213535,0.16816930679091485,-0.6261584960318235,1.1333458923963065,1.7595043884281298,0.009722451151857887,0.11462132160864184,0.16816942031212098,1187.8000649808218,1.1474668324686264,7.91729974715053,0.0005533136253657118,17.64248436175069,110.74931350870241,100,99,100.0,7.566466939873051,0.9442390145609023,0.6008225108225109,0.02555432926008497,0.5614285714285714,0.67,100.03895226705019,4.1393686293377066,89.55223880597015,106.8702290076336,17.31799020166345,0.014646323276032082,0.02555432926008497,1,0.01020408163265306,0.042532243382661775,1,0,1.0
S10,870,930,60,30,-0.00013302622596386463,0.16294677367124152,-0.5545242348252957,0.9919015871028408,1.5464258219281364,0.01275043809524731,0.10953932724740278,0.16294682797110105,1115.1700873254313,0.9726444442101648,7.6932566466701715,-0.0005374118752831459,17.15578417911102,108.97668883037913,97,96,97.0,7.757318146767258,0.8771159279599873,0.6180952380952381,0.023535928052597632,0.5742857142857143,0.6714285714285714,97.21268374682741,3.687361707632366,89.36170212765958,104.4776119402985,15.115909812638918,0.014502120293883236,0.023535928052597632,1,0.010526315789473684,0.038078157866298167,1,0,1.0
S10,900,960,60,30,-4.219818460542997e-05,0.1622253387421949,-0.7544448167245569,0.9539078013330692,1.708352618057626,0.0241735286481227,0.1015655683443546,0.16222534423050755,1105.3166170496802,0.18592114156969353,7.119548826440369,-0.0002814279434428728,16.67563658048061,111.16624783297424,96,95,96.0,7.769203188678268,0.8578967376174734,0.6281203007518796,0.03610181518172536,0.5371428571428571,0.7571428571428571,95.83073468241193,5.385159905090091,79.24528301886792,111.70212765957447,32.45684464070655,0.016860001818248208,0.03610181518172536,0,0.0,0.057475956657523024,1,0,1.0
S10,930,990,60,30,8.561578574243868e-06,0.16510952094567377,-0.9204168458384518,1.3974721765277083,2.31788902236616,0.026432273258949885,0.08314118072803767,0.16510952116764954,1144.9684671688415,-0.6982790458285884,7.750596826296643,0.006938202965566621,15.740276827499677,116.0668672478607,92,91,92.0,7.580133064840188,0.9280988252875993,0.6548037676609104,0.0496796268887928,0.5371428571428571,0.7571428571428571,92.1722315463763,7.171974155886645,79.24528301886792,111.70212765957447,32.45684464070655,0.023694483987387688,0.0496796268887928,3,0.03333333333333333,0.07586948845187365,1,0,1.0
S10,960,1020,60,30,0.00014938166219466902,0.15670424458661622,-0.7477685486426793,0.8052810014665027,1.5530495501091819,0.027659334247717486,0.06591107584771869,0.15670431578722724,1031.3621886264075,-1.524228159125712,7.533956250405014,-0.00403763943038995,14.846544323612227,116.06686724743233,93,92,93.0,7.566212817276636,1.3599795092717148,0.650807453416149,0.06550239412160601,0.3157142857142857,0.7442857142857143,93.6576963388969,15.232153011633844,80.61420345489442,190.0452488687783,109.43104541388387,0.05396979045842255,0.06550239412160601,5,0.054945054945054944,0.1006478856039184,1,0,1.0
S10,990,1050,60,30,0.0020908753246519896,0.16116978117387057,-0.7618342375418065,0.8532575228645953,1.615091760406402,0.02635004281102117,0.07079821180836599,0.16118334319419164,1091.1629451767756,-1.343357541433592,7.054623364339811,0.00027853193419229545,14.934649949865877,115.87723791601941,95,94,95.0,7.372716892614449,1.2707892553944011,0.6334802431610943,0.05915769989463078,0.3,0.7242857142857143,96.10166432903642,15.505781501906412,82.84023668639053,200.0,117.15976331360947,0.04959812160642891,0.05915769989463078,4,0.043010752688172046,0.09338523266239726,1,0,1.0
S10,1020,1080,60,30,-0.0007243662768761367,0.16823778869275935,-0.8624835414018955,0.8532628060310441,1.7157463474329395,0.031011173098354293,0.07165889792323504,0.16823934810481353,1188.7880865307702,-1.5193192288939,7.3559855873084,0.0026301380965090887,16.07598086927548,115.87649769606021,97,96,97.0,7.53814910754942,1.2223112505565719,0.6208630952380952,0.035992652764203624,0.4928571428571429,0.7242857142857143,96.96348136861324,5.619263279818251,82.84023668639053,121.73913043478261,38.898893748392084,0.022958422233464854,0.035992652764203624,2,0.021052631578947368,0.05797196361043295,1,0,1.0
S10,1050,1110,60,30,-5.5071027850860786e-05,0.17559002027972415,-0.79184467045068,0.7773533138064972,1.569197984257177,0.03688260168572917,0.07645750508897178,0.1755900289158016,1294.9380466953858,-1.541264468222832,6.623985210435462,-4.475284482162102e-05,16.82924752008605,113.53934317085482,101,100,101.0,7.363022048246405,0.9005662549074078,0.5945142857142857,0.018993790607265658,0.5557142857142857,0.6614285714285715,101.02299518936432,3.1430523088291973,90.71274298056154,107.96915167095116,17.25640869038962,0.008526819947726362,0.018993790607265658,0,0.0,0.0319484174958813,1,0,1.0
S10,1080,1140,60,30,-7.147305060024139e-05,0.18196600054533066,-1.0682984061932044,1.2878290953951304,2.3561275015883347,0.035538012818703564,0.08725538803777722,0.18196601458200992,1390.6884794401303,-1.2445468197099332,6.7236957510877975,0.0020852656500619407,16.728052142962238,116.8890526933533,105,104,105.0,6.817203933571664,1.3506323046589075,0.5731318681318681,0.041914110486703154,0.3314285714285714,0.6228571428571429,105.51362607031335,11.5080204908938,96.3302752293578,181.0344827586207,84.7042075292629,0.03948925961229916,0.041914110486703154,5,0.04854368932038835,0.07313170461681502,1,0,1.0
S10,1110,1170,60,30,-4.533205491471128e-05,0.1788249176418808,-1.0683150836873831,1.287863341745559,2.356178425432942,0.030340769335386864,0.0923514594179805,0.17882492338771086,1343.0908354340677,-0.6863214735788233,7.146376652745136,0.0015894381253392306,17.113626599615685,118.72290816523315,104,103,104.0,7.069268708893153,1.5541711431774834,0.5794036061026352,0.06114018824195851,0.3028571428571429,0.6614285714285715,105.35216205582306,17.442833041891898,90.71274298056154,198.1132075471698,107.40046456660825,0.06004916619691216,0.06114018824195851,7,0.06862745098039216,0.1055226229143078,1,0,1.0
S10,1140,1200,60,30,-2.4794573505125426e-05,0.16822231044346858,-0.7015449819510912,1.002383407051884,1.703928389002975,0.027936486044243446,0.09108804886509236,0.16822231227072584,1188.5473465198033,-0.2827351877313143,7.198919312391949,0.0003968682473535409,17.34876354630091,118.72290816523277,98,97,98.0,7.896948013596898,1.1368545345253918,0.6146097201767305,0.06646035635748157,0.3028571428571429,0.9671428571428572,99.1063732649263,15.093860287148388,62.03840472673559,198.1132075471698,136.0748028204342,0.06121415374770462,0.06646035635748157,6,0.0625,0.10813424222833792,1,0,1.0
S10,1170,1230,60,30,-0.0003550147767011265,0.16690889526098354,-0.7053920244656229,0.9292599319577198,1.6346519564233426,0.029565567096847545,0.0894908270735395,0.16690927281829984,1170.065624814813,-0.4420767491698966,6.942852000982873,0.0005962206663442275,17.15398016503851,115.79114304909476,97,96,97.0,7.892931975999768,0.9647811796150807,0.6198065476190476,0.05000026351617067,0.5671428571428572,0.9671428571428572,97.30381905231813,6.312193055775619,62.03840472673559,105.79345088161209,43.755046154876496,0.041726952449075795,0.05000026351617067,4,0.042105263157894736,0.08067075720358861,1,0,1.0
S10,1200,1260,60,30,-9.487239184707196e-05,0.166307144869683,-0.705392025103364,0.9252757714666742,1.6306677965700382,0.03339053595370278,0.09074290752622687,0.16630717193036645,1161.6391682900116,-0.771083393332384,6.269575842692655,-0.00031565138157415304,16.861926997107332,115.79114164159303,100,99,100.0,7.5945119255230145,0.9938915807454621,0.6014285714285714,0.024092688467676135,0.5528571428571428,0.6528571428571428,99.92395912232848,4.034815297141077,91.90371991247265,108.52713178294574,16.62341187047309,0.012664576721714452,0.024092688467676135,0,0.0,0.040059101965257235,1,0,1.0
S10,1230,1290,60,30,-8.838224135070652e-05,0.1672813396289844,-0.7028784326664794,1.0729537028408145,1.775832135507294,0.03488795270160375,0.09802591052471418,0.16728136297713567,1175.288284778505,-0.7375579341326342,6.013960631123462,0.0007205628814100416,16.61961730188967,112.19555824718518,101,100,101.0,7.373167404511651,1.0787553248701605,0.5961714285714286,0.026868447468876108,0.5528571428571428,0.6957142857142857,100.84029635603638,4.404973755351837,86.24229979466119,108.52713178294574,22.28483198828455,0.014194514083111778,0.026868447468876108,1,0.010101010101010102,0.045068324614715986,1,0,0.7142857142857143
S10,1590,1650,60,30,-0.00011984041483290509,0.12048526704443024,-0.5437455207621367,0.87674734763452,1.4204928683966567,0.019876896049103913,0.10164452045875054,0.12048532664392247,609.7019853326932,0.9478534042040755,8.658189527418866,0.0007097277695251839,11.878403089712627,100.16513050153432,104,103,104.0,5.967354849508006,3.591496367163283,0.5745076282940361,0.19411673295912368,0.30142857142857143,0.9628571428571429,116.34132615034493,36.75680758976423,62.31454005934718,199.05213270142178,136.73759264207462,0.2402917311236876,0.19411673295912368,77,0.7549019607843137,0.337883647490532,3,0,0.9023809523809524
S10,1620,1680,60,30,-2.912864249030261e-05,0.11544512808956667,-0.5196234488429716,0.7256094683113194,1.245232917154291,0.020804321314016022,0.09342768265236118,0.11544513176437658,559.7582948199594,0.5097331608176906,7.437806791513131,0.003600427018971502,11.799599222066051,93.58996040196746,90,89,90.0,6.797749619855866,3.2883222444684876,0.6707704654895665,0.20853932954913848,0.3,0.9185714285714286,102.39047695855983,43.24777811701087,65.31881804043546,200.0,134.68118195956453,0.24016295874519608,0.20853932954913848,53,0.6022727272727273,0.31089521718421903,3,0,1.0
S10,1650,1710,60,30,-1.9290697531952195e-05,0.11710746288953895,-0.607292164616688,0.6921092043431573,1.2994013689598454,0.024447305906675237,0.08970519514033723,0.11710746447838308,575.9946459353416,0.307364412188927,7.303180987967227,-0.00012164639660291537,12.343882693105519,97.02020672071842,82,81,82.0,7.887444308132848,2.225835773772167,0.736437389770723,0.15160834615938756,0.3,0.91,87.80814507996118,31.888598358973763,65.93406593406593,200.0,134.06593406593407,0.16396031438698072,0.15160834615938756,29,0.3625,0.2058672580524302,3,0,1.0
S10,1680,1740,60,30,0.0015231925501361775,0.12072966629836059,-0.6072921653367758,1.0510980192737494,1.6583901846105251,0.026943318056011613,0.09083991032506411,0.12073927463778426,612.2748424824483,0.2606129430573442,7.168989750973498,-0.0034936255308307003,12.531894746318741,97.25413010639062,84,83,84.0,7.736929418197791,2.159773899273798,0.720998278829604,0.14184871874146063,0.3,0.8785714285714286,89.42976755881067,32.53831500560189,68.29268292682927,200.0,131.7073170731707,0.15916266086378558,0.14184871874146063,29,0.35365853658536583,0.196739330601071,3,0,1.0
S10,1710,1770,60,30,-6.51306362153436e-05,0.12014840109089402,-0.5511400148116556,0.784626233477802,1.3357662482894577,0.026858065553182972,0.09307243700986817,0.12014841874406054,606.296986121321,0.2627354463818653,6.879724884941265,0.00017636227179958021,12.680905159141656,97.25413043859618,84,83,84.0,7.819902489857311,2.0254277824233657,0.714974182444062,0.12848196570902676,0.3,0.8785714285714286,89.02353150330121,29.524068163076485,68.29268292682927,200.0,131.7073170731707,0.14524622509185756,0.12848196570902676,22,0.2682926829268293,0.17970154568354488,3,0,1.0
S10,1740,1800,60,30,-2.205629142557581e-05,0.12159235244520313,-0.742858628403276,0.7638151621295014,1.5066737905327774,0.024892222646864776,0.09220967585436113,0.12159235444565786,620.9574277048166,0.25666274177475673,7.171553600837081,0.000666619322819589,12.775975744969452,101.74807531890524,84,83,84.0,7.846468798972832,1.7853353378348922,0.7106196213425129,0.14651113373189487,0.3,1.082857142857143,90.40788623336313,30.53536465670279,55.40897097625329,200.0,144.5910290237467,0.10327417393757647,0.14651113373189487,15,0.18292682926829268,0.20617378036241654,3,0,1.0
S10,1770,1830,60,30,0.0006752895484181645,0.11866445386077347,-0.7430005640479789,0.7153210741472509,1.4583216381952298,0.023557730883391213,0.0861342974816951,0.11866637529666876,591.4317622940932,-0.05831098397060198,7.098428424138341,0.00031424237511056046,12.524904091203178,101.74713330380932,89,88,89.0,7.381930491739083,2.6498417641862617,0.6767694805194805,0.18981688450635906,0.3,1.082857142857143,100.0140937829695,42.17333251246698,55.40897097625329,200.0,144.5910290237467,0.17850520939693545,0.18981688450635906,39,0.4482758620689655,0.2804749474823507,3,0,1.0
S10,1800,1860,60,30,-3.441088483319374e-05,0.11620294094194998,-0.5535900650266276,0.6456048849266119,1.1991949499532395,0.024440046907187846,0.08077927594633962,0.11620294603695429,567.131236042027,-0.21094274148266015,6.74556758216781,-0.0006483343275478973,12.502446072628317,100.48793716457159,84,83,84.0,7.768332167698219,2.20280804327553,0.7150946643717727,0.15089751858423642,0.3,0.93,90.90456451730665,34.48417539141897,64.51612903225806,200.0,135.48387096774195,0.15544457670206002,0.15089751858423642,28,0.34146341463414637,0.21101754229533148,3,0,1.0
S10,1830,1890,60,30,-8.573967442921326e-05,0.11891006285567543,-0.6387522070647639,0.6678415087725629,1.3065937158373266,0.024801761855689254,0.07996248026883454,0.11891009376681383,593.8636367845631,-0.2183976437512828,6.451216002006294,0.0032642044923675314,12.51182799744916,99.81587901698077,83,82,83.0,7.768336560651018,1.8400004186397696,0.7270905923344948,0.12640931665459118,0.3,0.93,86.69595191081824,25.31207634700085,64.51612903225806,200.0,135.48387096774195,0.11856877241452374,0.12640931665459118,17,0.20987654320987653,0.17385635020902201,3,0,1.0
S10,1860,1920,60,30,-1.9925182065692027e-05,0.11486503904321844,-0.6387522069531212,0.6678400493332124,1.3065922562863337,0.02369584351052188,0.0773001012552268,0.11486504077138952,554.147058839345,-0.3018486510882797,7.0382961503487085,-0.00013230353961094285,12.372661576706337,99.81587901732654,86,85,86.0,7.626643576579305,2.5140414625759635,0.6968403361344537,0.1638829691233184,0.3,0.9242857142857143,94.32805793007354,36.43774028337454,64.91499227202473,200.0,135.08500772797527,0.17083535399027766,0.1638829691233184,30,0.35714285714285715,0.2351800844830796,3,0,1.0
S10,1890,1950,60,30,0.0016893926948683413,0.11643647809039691,-0.5160019671340461,1.0387510379169513,1.5547530050509974,0.022897957333519185,0.07273788182932046,0.11644873325963213,569.5329140664641,-0.13233346062446202,7.434140499610754,-0.001068712465837414,12.358206409582014,91.46728117936372,82,81,82.0,7.80457440603434,1.801445504951038,0.7386772486772486,0.12413099855031133,0.3,0.91,85.59681745958848,27.31303099428021,65.93406593406593,200.0,134.06593406593407,0.13617937225795773,0.12413099855031133,22,0.275,0.16804497332575635,3,0,1.0
S10,1920,1980,60,30,-7.952631246870269e-06,0.11547328146161571,-0.46935383485303867,0.7282183578591859,1.1975721927122245,0.023077057005986022,0.07384952782874593,0.11547328173546408,560.0313093798302,-0.2060088629414158,7.199083064572159,-0.00022619021085045401,12.53025924581084,94.02502504499564,79,78,79.0,8.280135165413913,0.8405646437577287,0.7586446886446886,0.06888470009109693,0.6485714285714286,0.9014285714285715,79.7462793938003,7.275536029914489,66.56101426307448,92.51101321585902,25.94999895278454,0.03717923151121663,0.06888470009109693,14,0.18181818181818182,0.09079968676002831,3,0,0.7976190476190477
S10,3180,3240,60,30,-0.0003608108055075881,0.1725641837271499,-0.726308782631949,1.1349039104932523,1.8612126931252013,-0.001124767475003461,0.14426782101112307,0.17256456093258232,1250.6981629739066,0.8257942929183144,4.140446741073651,-0.001254060014032674,16.342059560472876,110.03169203489279,130,129,130.0,6.06016527681547,1.1078850078100075,0.46311184939091915,0.041338332857102776,0.3271428571428571,0.6171428571428571,130.52592979482412,11.011523259326403,97.22222222222223,183.4061135371179,86.18389131489567,0.02938870175452339,0.041338332857102776,4,0.03125,0.0892620927567943,2,1,0.7857380952380952
S10,3210,3270,60,30,9.761227577673292e-05,0.168881011745523,-0.6694740366669928,0.8898626824205151,1.5593367190875078,0.00334944286907386,0.14316666615604726,0.16888103995519407,1197.8738375666098,0.7512162767884717,4.032919018910698,0.0008885295106677783,16.448614618885383,113.65799655383645,126,125,126.0,6.2899705597187126,1.2541862008116236,0.47672000000000003,0.03819136519568533,0.3271428571428571,0.6171428571428571,126.68188665276885,10.456386928741873,97.22222222222223,183.4061135371179,86.18389131489567,0.034339195998598325,0.03819136519568533,5,0.04032258064516129,0.0801127814979135,2,1,1.0
S10,3240,3300,60,30,-0.00031960903250821297,0.16134156688948992,-0.9577756075251577,0.8856159914837537,1.8433915990089114,0.010087623950812356,0.12864895004371274,0.1613418834533966,1093.3105409641553,0.5167635328879507,4.832659566295828,0.0015657731778709065,15.88034894005882,125.01084747395552,117,116,117.0,6.554687941184691,1.4644796696041282,0.5133497536945812,0.05425657224278733,0.36,0.7228571428571429,118.22741874054938,12.986155987990161,83.00395256916995,166.66666666666669,83.66271409749673,0.04625035072650537,0.05425657224278733,7,0.06086956521739131,0.10569124043072477,2,1,1.0
S10,3270,3330,60,30,-0.00010656856809220423,0.14846941914825645,-0.9592484519095758,0.8971664901153714,1.8564149420249472,0.011430715279434863,0.11441649791650133,0.14846945739471257,925.8135507213756,0.26384683014670063,5.153810257726807,0.0017434072104464615,14.732630797240525,125.01461869202592,111,110,111.0,6.758624958622335,1.3289981421855124,0.5430779220779222,0.054769608992137495,0.30428571428571427,0.7228571428571429,111.92754626021816,14.896414870291864,83.00395256916995,197.1830985915493,114.17914602237936,0.05971598510126803,0.054769608992137495,7,0.06422018348623854,0.10085036928508948,2,1,1.0
S10,3300,3360,60,30,0.0002815490407762586,0.1547124073007803,-0.6995661830448272,0.8846239415022933,1.5841901245471206,0.00578190248967346,0.11611031850761147,0.1547126634851359,1005.3123461919258,0.7492257305471672,5.854008530895584,-0.00018891700899288302,15.602040223202852,113.0793268640193,113,112,113.0,6.841932780031099,1.7247828112382775,0.5343239795918368,0.053186871387147186,0.3,0.6342857142857142,113.72170195171961,14.798501433846928,94.5945945945946,200.0,105.4054054054054,0.04688298562241406,0.053186871387147186,14,0.12612612612612611,0.09954049119744908,2,1,1.0
S10,3330,3390,60,30,0.000654504985753025,0.1705055457050731,-0.7718954242099257,1.0170320346335782,1.7889274588435038,0.004096910374321319,0.12190296993536143,0.17050680189646727,1221.047918704368,0.9821539021736626,6.721558869215967,-6.817662094182809e-05,16.983235901192376,124.55810914944831,112,111,112.0,7.2313177451829365,1.45036672710613,0.5364350064350065,0.03177061670506196,0.4828571428571429,0.6014285714285714,112.23806354804354,6.571991995917405,99.7624703087886,124.2603550295858,24.497884720797202,0.013758451610685049,0.03177061670506196,1,0.00909090909090909,0.05922547246907018,2,1,1.0
S10,3360,3420,60,30,-0.0003997259529337695,0.15671770940709534,-0.7748543868534292,1.0170320346406059,1.791886421494035,0.004070832184641332,0.0954813170722639,0.15671821917902276,1031.5452093510573,0.92952272956456,7.721640125509449,-0.004195842888070958,15.862255747692073,124.55810914947597,113,112,113.0,6.898409315426799,2.255445691536092,0.5341198979591837,0.08148354426505648,0.30142857142857143,0.6628571428571428,115.93097081482097,24.132352889324654,90.51724137931035,199.05213270142178,108.53489132211143,0.0813246418426803,0.08148354426505648,19,0.17117117117117117,0.15255665362102513,2,1,1.0
S10,3390,3450,60,30,-3.6068939373810167e-06,0.14059576460664602,-0.700031228678251,0.9151753217453542,1.615206550423605,0.0022049078205751502,0.08777350168175921,0.1405957646529123,830.2210996101583,1.0298476630591253,7.270002164829419,-0.0008688446927913043,14.657019613590275,117.33750601601555,119,118,119.0,6.393658255410453,2.57182142938216,0.5054358353510897,0.11036655671463073,0.3,0.6785714285714286,126.17035676879986,34.59586701366902,88.42105263157895,200.0,111.57894736842105,0.11636036639812672,0.11036655671463073,33,0.28205128205128205,0.21835918428294082,2,1,1.0
S10,3420,3480,60,30,0.00011384287700078278,0.152384827294931,-0.7887984546376153,0.9208273723696,1.7096258270072153,0.0026429471497012537,0.09834499745439326,0.15238486981950208,975.288239096077,1.1000205300487205,7.356430079293601,0.0003600701344751053,15.637462128417502,126.99998037973673,114,113,114.0,6.818572466601162,2.2518316196697183,0.5257395701643489,0.09225487507894167,0.3,0.7757142857142857,118.79136607397962,27.451965094826125,77.34806629834254,200.0,122.65193370165746,0.08022585647188336,0.09225487507894167,18,0.16071428571428573,0.17547637711595937,2,1,1.0
S10,3450,3510,60,30,-0.00032100302995529995,0.14415187428058507,-0.7887984508310387,0.9208273759337604,1.7096258267647992,0.005323339659963677,0.08361567199746299,0.14415223169119112,872.7543678651355,0.7706403770553452,7.738846804295509,0.001706005430766944,14.976933715005242,126.99998036908354,111,110,111.0,7.024462070161183,2.4423674177949466,0.5395324675324674,0.11308034956577868,0.30428571428571427,0.7757142857142857,117.83378482622798,32.32720512038166,77.34806629834254,197.1830985915493,119.83503229320677,0.10825659671388459,0.11308034956577868,20,0.1834862385321101,0.20958951753718855,2,1,1.0
S10,3480,3540,60,30,8.246609785727616e-05,0.14162353258920823,-0.7537693774860983,0.8902231746946255,1.6439925521807237,0.005914698863320857,0.08384449169287886,0.1416235565988364,842.4037349155603,0.710735031018937,7.832972995163351,9.27524988675241e-05,14.769874545386308,116.28537225737983,111,110,111.0,6.9457350185026705,2.5934614132432414,0.5402467532467533,0.11665862207123302,0.30428571428571427,0.78,118.14113011416761,33.41252750091453,76.92307692307692,197.1830985915493,120.26002166847239,0.12091596373706495,0.11665862207123302,25,0.22935779816513763,0.21593581334851658,2,1,1.0
S10,3510,3570,60,30,-0.0004471229391207043,0.14496556340272357,-0.6931045720487288,0.8902231747093531,1.5833277467580817,0.0036198067938732785,0.08869769087301499,0.14496625294044044,882.6390086468538,0.9665210823885981,7.870455505505904,0.0013857242862440962,14.91548566373467,116.28537225754239,104,103,104.0,7.522063304121843,1.7196562407570188,0.5809847434119279,0.07539527412156417,0.3,0.76,105.44808167384484,17.703087402889974,78.94736842105263,200.0,121.05263157894737,0.06763438300084922,0.07539527412156417,14,0.13725490196078433,0.12977152150122412,2,1,1.0
S10,3540,3600,60,30,-3.4005317563464495e-05,0.14457808392697147,-0.9476971281780002,0.9817899486669222,1.9294870768449224,0.0018550112337336194,0.0851654868402178,0.14457808792606172,877.9185873509533,1.135317988006473,8.320617340925393,0.0005236021850855374,14.7917392366919,135.3872821887934,106,105,106.0,7.319834673561489,1.8154106586274503,0.5630068027210885,0.08806436461610917,0.3157142857142857,0.76,110.01459781721671,22.78051363267835,78.94736842105263,190.0452488687783,111.09788044772566,0.06774426702154,0.08806436461610917,7,0.0673076923076923,0.15641794058345673,2,1,1.0
S10,3570,3630,60,30,-3.7762160898033214e-05,0.15601713054092983,-0.9476971307715822,0.9817899457547917,1.929487076526374,-0.0017307996593875236,0.10232368848722784,0.15601713511087917,1022.3365508246659,1.3471803603437362,7.467521364390587,0.0014108415199930115,15.81075991389046,135.3872821756745,115,114,115.0,6.878472631669363,1.7920544283770492,0.523859649122807,0.07103851640923775,0.3157142857142857,0.6928571428571428,117.16653397060784,19.984428401048696,86.5979381443299,190.0452488687783,103.44731072444839,0.06445111465476767,0.07103851640923775,8,0.07079646017699115,0.1356060092205811,2,1,1.0
S10,3600,3660,60,30,-0.00042988880444491033,0.15526818905413933,-0.6158136476826309,0.9160437204552639,1.5318573681378949,-0.003878333302814203,0.10910161269303419,0.1552687841664774,1012.552604134518,1.4395117441408394,6.808956210998584,0.0031401698405556324,15.665603704873362,108.91234008954038,114,113,114.0,6.9257859086769935,1.1625446141761193,0.5295575221238937,0.07172028413523711,0.46285714285714286,0.93,114.82310483847169,11.528098414958425,64.51612903225806,129.62962962962962,65.11350059737156,0.056164617738521876,0.07172028413523711,8,0.07142857142857142,0.1354343600815808,2,1,1.0
S10,3630,3690,60,30,0.0004270449102800757,0.14561328490474645,-0.5033719733049964,0.8646233441461432,1.3679953174511397,0.0010350014865452045,0.0997536771248192,0.1456139111077862,890.543266540463,1.228148494094812,6.612099492081422,7.995763247010699e-05,14.788038229213369,102.92432541683922,111,110,111.0,6.921167710730543,1.2981860809843488,0.5395714285714285,0.06735543854835195,0.37142857142857144,0.8785714285714286,112.68987940972117,12.291035965067035,68.29268292682927,161.53846153846152,93.24577861163225,0.05607304594840753,0.06735543854835195,10,0.09174311926605505,0.12483136612085352,2,1,1.0
S10,3660,3720,60,30,0.00016005996572281475,0.13956982447108673,-0.5830312977790666,0.8121538345082202,1.3951851322872868,0.007270433290196788,0.09377308621268951,0.13956991625018117,818.1499839274687,0.912723530191592,6.237702720806432,-0.0015647348628236618,14.44770015497252,98.75898540039582,110,109,110.0,6.899140802743142,1.6488815563607082,0.5468152031454784,0.05586333962453129,0.31285714285714283,0.7214285714285714,111.01506009644685,13.119672238008619,83.16831683168317,191.78082191780823,108.61250508612505,0.06217948807860442,0.05586333962453129,22,0.2037037037037037,0.1021612773441287,2,1,1.0
S10,3690,3750,60,30,-0.00011468717265900063,0.14539782195551476,-0.6410628080622548,0.8751758256927678,1.5162386337550227,0.0056195668165088496,0.09692623283538337,0.14539786718709163,887.902670867316,0.9320588365791254,6.187857130442184,5.804369011830991e-05,14.939281286912456,102.63776947364752,112,111,112.0,6.967423549246304,1.4930949552658646,0.5357657657657657,0.051190974082016005,0.31285714285714283,0.7214285714285714,113.09744902340218,12.057552369352138,83.16831683168317,191.78082191780823,108.61250508612505,0.05639543659744729,0.051190974082016005,15,0.13636363636363635,0.09554730323026361,2,1,1.0
S10,3720,3780,60,30,-0.00045751733095683497,0.14261072253284462,-0.6618555203766632,0.8753450479847233,1.5372005683613865,0.004581837147543906,0.09096057607551404,0.1426114564242583,854.1971551448212,0.9623398777482701,6.832784632556695,-0.0007206244973005204,14.674508446095825,102.63776947440182,105,104,105.0,7.418369170797725,1.0698781931465928,0.5715796703296703,0.08824623887841596,0.46285714285714286,1.0371428571428571,106.93875065257512,13.128687347316953,57.85123966942149,129.62962962962962,71.77838996020813,0.04902941459109654,0.08824623887841596,6,0.05825242718446602,0.15439009373359647,2,1,1.0
S10,3750,3810,60,30,4.721973814625556e-05,0.13200665160254757,-0.6618555209747332,0.761658800927981,1.4235143219027142,0.00775792448171944,0.07540114111446942,0.13200666004796896,731.8818484748418,0.6872896707228395,7.895436587691526,-0.0008581940423056595,13.886478680778065,100.54785406391467,98,97,98.0,7.910382112500012,1.3892943829253614,0.6134462444771722,0.0928705671903397,0.36857142857142855,1.0371428571428571,99.82121431954604,14.064450245185489,57.85123966942149,162.79069767441862,104.93945800499714,0.09908563687726969,0.0928705671903397,16,0.16666666666666666,0.15139153271610847,2,1,1.0
S10,3780,3840,60,30,5.745509003205094e-05,0.13887449026370255,-0.6646318958309548,0.781116731904117,1.445748627735072,0.008630146050358764,0.07768006943152064,0.13887450214884872,810.0173485778046,0.514038469168124,7.798463332238985,-0.0007683353041391342,14.577345523195593,103.86957786912461,102,101,102.0,7.943659235643085,1.4591006056087206,0.5898302687411597,0.06775005683540614,0.3414285714285714,0.9371428571428572,103.16456164173135,13.448995552054793,64.02439024390243,175.73221757322176,111.70782732931933,0.07021831844254003,0.06775005683540614,13,0.13,0.11486364879171278,2,1,1.0
S10,3810,3870,60,30,0.00013893977457032423,0.1496531553003486,-0.8609481068135636,0.8628634499585707,1.7238115567721342,0.006004038704594773,0.08949157411992925,0.14965321979700674,940.635620215671,0.6339085786600711,7.52758478176394,-7.216906031137108e-05,15.503974260573823,125.16899168794212,107,106,107.0,7.673845149233284,1.4687295165647607,0.5635983827493262,0.04586449006649382,0.3414285714285714,0.6514285714285715,107.3829798374187,11.669555587511708,92.10526315789473,175.73221757322176,83.62695441532703,0.0448483027816067,0.04586449006649382,5,0.047619047619047616,0.08137796606647316,2,1,1.0
S10,3840,3900,60,30,0.0002881952800213899,0.14295837015287147,-0.8609481076044904,0.8628634489714381,1.7238115565759284,0.006159542323668915,0.08548591264244537,0.14295866064455431,858.3615034379634,0.6514453418045343,7.969520946595175,0.0009730296524077149,14.816962927931383,125.16899167937024,103,102,103.0,7.65553565722539,1.6960877233346354,0.5833053221288516,0.08242716124221709,0.32285714285714284,0.9028571428571428,105.2938285576568,18.310535205756803,66.45569620253166,185.8407079646018,119.38501176207014,0.07491006259694648,0.08242716124221709,13,0.12871287128712872,0.141310490604454,2,1,1.0
S10,3870,3930,60,30,-0.00040277370879485076,0.12791935592196332,-0.7278362575299969,0.8037080276185393,1.5315442851485361,0.006491246821330423,0.06881430926111697,0.12791999001778584,687.2680015383181,0.664030089654497,8.896923446025772,0.0025110612337116067,13.512589929815878,108.47788119762023,103,102,103.0,7.39526381836368,2.679281015184058,0.5846358543417367,0.12199774928789842,0.31285714285714283,0.8842857142857142,108.04069717962211,27.14924634954653,67.8513731825525,191.78082191780823,123.92944873525572,0.13244601869537723,0.12199774928789842,34,0.33663366336633666,0.2086730541445499,2,1,0.7975952380952381
S11,90,150,60,30,0.00016884256554486053,0.26082124388536365,-0.521841356257416,1.6855834003393595,2.2074247565967755,-0.027217765462180955,0.1269805436114636,0.26082129853545377,2857.1654903282524,4.174713629099603,21.300282640349554,0.0007556998378208263,23.453784844392843,153.31371071927845,142,141,142.0,4.554876590502748,3.4896502205076865,0.4206382978723404,0.06383313061152579,0.3142857142857143,0.6,145.59859287614378,19.68024586032587,100.0,190.9090909090909,90.9090909090909,0.10849728940199461,0.06383313061152579,100,0.7142857142857143,0.1517530166283112,1,0,1.0
S11,120,180,60,30,0.0025197599160350728,0.2647744711500653,-0.5709640049483383,2.332248403862286,2.9032124088106244,-0.0307473888585119,0.12926586885017108,0.26478646068640144,2944.6985300389115,4.123095256648116,20.967990414141013,-0.008845610244712112,23.460488336848705,149.59468727198177,140,139,140.0,4.546532826304936,3.4587065616013857,0.4290133607399794,0.07171757544381757,0.35285714285714287,0.8457142857142858,142.98128703407627,19.152044310796065,70.94594594594594,170.04048582995952,99.09453988401359,0.11254727226604938,0.07171757544381757,89,0.644927536231884,0.16716862924762116,1,0,1.0
S11,150,210,60,30,0.00015766360160458055,0.28960014874220624,-2.837793921703817,2.028173837379298,4.865967759083115,-0.03384002255406701,0.13934381204815044,0.2896001916596729,3522.4673823914095,2.7808576171018498,18.93997456548498,-0.02204098161514348,24.00540994346756,149.5946878833948,145,144,145.0,4.1530440382509495,3.183582548500247,0.41590277777777784,0.07783461275292201,0.3057142857142857,0.8771428571428571,147.8863914940999,20.21278598422572,68.40390879478828,196.26168224299064,127.85777344820237,0.10248245941803297,0.07783461275292201,67,0.46853146853146854,0.1871461719222035,1,0,1.0
S11,180,240,60,30,4.554023175482287e-05,0.29443263517851764,-3.057338461088719,2.2495745250894092,5.306912986178128,-0.0333341213519044,0.14138297751274892,0.29443263870039743,3641.004306747308,2.5483768686275226,20.131948324221646,-0.023456583749757707,23.949263287890847,149.40704593116646,147,146,147.0,4.078503640029047,3.125570400005521,0.4068884540117417,0.06945828266919131,0.3057142857142857,0.8314285714285714,150.45647907910077,18.372355445404217,72.16494845360825,196.26168224299064,124.0967337893824,0.09060637078296557,0.06945828266919131,57,0.3931034482758621,0.17070595634838764,1,0,1.0
S11,210,270,60,30,-0.005352490299135744,0.2776251906163131,-1.769995681014151,1.7733351063006184,3.5433307873147695,-0.03617842558464991,0.13768361391489536,0.2776767826397204,3238.384615920154,3.302566659188157,18.767474304831193,0.0018841377574928455,23.456288573759057,145.63439847823577,145,144,145.0,4.276716149912899,3.288774554860031,0.41422619047619047,0.059469230930268825,0.30428571428571427,0.8,147.18200112161523,16.77461686483316,75.0,197.1830985915493,122.18309859154931,0.08786357927415492,0.059469230930268825,66,0.46153846153846156,0.1435670469361282,1,0,1.0
S11,240,300,60,30,-0.005478018878780988,0.28034593555821086,-1.8732624232131956,1.7543349233850216,3.6275973465982174,-0.04003541409049977,0.13978894102838413,0.28039945127415067,3302.2017955434812,3.175703865991707,18.52452860345409,0.0019241082056674396,23.503173875492596,145.36510595047437,144,143,144.0,4.268783505283682,3.2738565177526433,0.41622377622377627,0.0680578095244039,0.30428571428571427,0.8028571428571428,147.1429633582833,18.871558002205404,74.73309608540926,197.1830985915493,122.45000250614005,0.09330152142674916,0.0680578095244039,70,0.49295774647887325,0.1635125464043978,1,0,1.0
S11,270,330,60,30,-0.0005583226308347322,0.27247191698471346,-0.5513533774272823,1.6721049102842787,2.223458287711561,-0.041174678891334845,0.1357292105907939,0.27247248901400056,3118.132805318356,4.063849402061435,19.66174498418647,0.00014619527096247604,24.54115833957578,149.0165566363399,147,146,147.0,4.570500701911241,3.4285573303762633,0.4089921722113503,0.07523259391552317,0.3057142857142857,0.6657142857142857,150.46269143814354,20.957091893224653,90.12875536480686,196.26168224299064,106.13292687818378,0.07855539469181279,0.07523259391552317,51,0.35172413793103446,0.18394629292965065,1,0,1.0
S11,300,360,60,30,0.00012134038557770715,0.273164037024105,-0.5513531474955303,1.6663718186290708,2.2177249661246012,-0.04010168888211445,0.1346085181600525,0.2731640639740078,3133.9814455654237,4.084776230889346,19.787050500540595,0.00020808108418530807,25.06638552855611,149.0178787334497,150,149,150.0,4.595266218126606,3.43776613918877,0.39895493767976986,0.07069452756161684,0.3057142857142857,0.6657142857142857,153.7595994959916,19.50475304184116,90.12875536480686,196.26168224299064,106.13292687818378,0.0659531708040368,0.07069452756161684,36,0.24324324324324326,0.17719927962982474,1,0,1.0
S11,330,390,60,30,7.854020084485567e-05,0.270609171254157,-0.5323284767332193,1.6722619873243514,2.2045904640575706,-0.04034029755503684,0.13647519338866962,0.2706091826517068,3075.6318488878414,4.111753444866465,20.07435907581148,-0.0016917004834989791,24.593491109601402,145.92951830277977,156,155,156.0,4.396400833213923,3.448564628749219,0.38535483870967746,0.031407866472009174,0.3271428571428571,0.5457142857142857,156.62068790637042,11.435041300283958,109.94764397905759,183.4061135371179,73.45846955806032,0.04504907945820653,0.031407866472009174,29,0.18831168831168832,0.08150375528480532,1,0,1.0
S11,360,420,60,30,-0.00019682249253850408,0.2694073780161261,-0.5130816505884443,1.6722619871997337,2.1853436377881783,-0.04118599838465187,0.13613165068778296,0.26940744991298476,3048.375710881931,4.128532390064593,20.172760987372627,-0.001244559123109051,23.976009013781443,145.9295104187757,152,151,152.0,4.384374759896856,3.4397452141919262,0.39406811731315045,0.03799821036480161,0.33,0.5457142857142857,153.5083437208144,13.094915395714448,109.94764397905759,181.8181818181818,71.87053783912422,0.05643490018759379,0.03799821036480161,44,0.29333333333333333,0.0964254876133659,1,0,1.0
S11,390,450,60,30,0.00029376948264997607,0.2707825032837924,-0.5488737951360577,1.7072312699830208,2.2561050651190784,-0.04481415551090205,0.13870614152418614,0.27078266263766954,3079.57651617613,4.105113576663983,19.900565615981492,8.952014345090755e-05,23.88622771533772,144.40301673644177,152,151,152.0,4.3581757039627576,3.4197078045727154,0.39485335856196785,0.03383697169276384,0.34,0.5314285714285715,152.95238058777807,11.71573662738209,112.9032258064516,176.47058823529412,63.567362428842515,0.051417988329081135,0.03383697169276384,41,0.2733333333333333,0.0856950332548672,1,0,1.0
S11,420,480,60,30,0.0002464716554066617,0.27451404366604204,-0.5424724423223762,1.7062496805656613,2.2487221228880374,-0.04771599785075881,0.1396726446231039,0.27451415431295806,3165.0368785626592,4.036308339573149,19.316908884994252,7.30370288838265e-05,24.65123946765669,144.7902640291702,153,152,153.0,4.411074089336783,3.4094878053347433,0.39149436090225564,0.05002747333717074,0.3142857142857143,0.6685714285714286,155.0731320651456,14.672359808281442,89.74358974358974,190.9090909090909,101.16550116550117,0.060025561073260715,0.05002747333717074,30,0.1986754966887417,0.12778593597587243,1,0,1.0
S11,450,510,60,30,0.0003077747559604514,0.2727456527838805,-0.5424709000157177,1.6684153514251385,2.210886251440856,-0.047676384001440114,0.1408966782066213,0.27274582643517303,3124.3920051878326,4.039399449185089,19.522533640441363,0.0010752744695059918,24.625718722488585,144.792932410835,153,152,153.0,4.427595386654829,3.444435288024582,0.39029135338345866,0.051240607537276446,0.3142857142857143,0.6685714285714286,155.68345162255895,15.38973543246341,89.74358974358974,190.9090909090909,101.16550116550117,0.060980300980868075,0.051240607537276446,31,0.2052980132450331,0.1312880930952444,1,0,1.0
S11,480,540,60,30,0.00032561708310595847,0.2705088526832888,-0.526883288721772,1.7262140503402557,2.2530973390620277,-0.04646182430409758,0.14034063575720238,0.2705090486592159,3073.3561070735886,4.0727947971665825,19.847828119379816,0.00038596133517063407,24.194706402875443,144.22257063161675,152,151,152.0,4.427089607031593,3.4528405106331084,0.3947682119205298,0.03647640483476099,0.3242857142857143,0.5685714285714286,153.1351077118524,12.567537275077356,105.52763819095476,185.02202643171805,79.49438824076329,0.05397832772461165,0.03647640483476099,41,0.2733333333333333,0.09239954923752575,1,0,1.0
S11,510,570,60,30,-0.00017434410341780215,0.26935349235429834,-0.5791144105449074,1.6694585975240264,2.248573008068934,-0.04627542568575235,0.1392284481573526,0.269353548778039,3047.156038051585,4.081619281737268,19.95231647902575,0.0018909022517237166,23.973847959777103,143.2324290278079,149,148,149.0,4.448862375979405,3.4538646830938897,0.4033494208494209,0.036525049333885125,0.34714285714285714,0.5685714285714286,149.83522399645432,12.023506539504895,105.52763819095476,172.83950617283952,67.31186798188476,0.059206774754843296,0.036525049333885125,64,0.43537414965986393,0.09055436166727687,1,0,1.0
S11,540,600,60,30,-1.1449026316268307e-05,0.2791437850953514,-0.7383321768996205,2.8610614766093985,3.599393653509019,-0.04675866680166682,0.1450489083040606,0.27914378533014117,3272.692621314477,3.918066141553469,19.9527585175644,0.02242721277852296,23.735515773176868,143.97798050892624,147,146,147.0,4.304785552794454,3.3286353517811778,0.40863013698630135,0.05139999116499979,0.3414285714285714,0.8528571428571429,148.46290788125606,13.635819098552801,70.35175879396985,175.73221757322176,105.38045877925191,0.07872711847688488,0.05139999116499979,65,0.4482758620689655,0.12578609973332167,1,0,1.0
S11,570,630,60,30,-0.0001264897974990596,0.26646080503026137,-0.524515091253986,1.6907013008507228,2.2152163921047086,-0.04660939027388131,0.13735569714961615,0.26646083505281565,2982.057817915841,4.1141212094653925,20.284038021884996,-0.0026641182689977373,23.20888089537139,142.232831434605,144,143,144.0,4.466695034934556,3.454514295268316,0.4142257742257743,0.047254544575542505,0.32857142857142857,0.5671428571428572,146.5452195551252,14.96817453675972,105.79345088161209,182.6086956521739,76.81524477056182,0.07754793416046189,0.047254544575542505,75,0.528169014084507,0.1140791991127678,1,0,1.0
S11,600,660,60,30,0.0002300147005249061,0.2679628031220176,-0.5178379841454254,1.6770652468713236,2.194903231016749,-0.04674390420132933,0.13803339158415787,0.2679629018423476,3015.7729040784084,4.0693046527005095,19.884405626867093,0.00044183923127767444,23.170018198951873,142.83622504820923,144,143,144.0,4.432168425400814,3.4380160698897044,0.4162237762237762,0.051220693645493434,0.3142857142857143,0.5671428571428572,146.12866071055637,16.200097629371946,105.79345088161209,190.9090909090909,85.11564002747882,0.08240797911342032,0.051220693645493434,83,0.5845070422535211,0.12306047028403161,1,0,1.0
S11,630,690,60,30,8.880567064969596e-05,0.26932914071784997,-0.5204740447570659,1.6769225177622982,2.197396562519364,-0.04923155843063909,0.13779835922845396,0.26932915535875906,3046.604144903028,4.049516376809714,19.709179731152165,-0.001258096868321454,23.48579098481873,143.15732324644125,145,144,145.0,4.433211222391265,3.4443213615769133,0.4139384920634921,0.047914336390476424,0.3142857142857143,0.5857142857142857,146.68581787587902,15.17280043044979,102.4390243902439,190.9090909090909,88.470066518847,0.07578192368359139,0.047914336390476424,75,0.5244755244755245,0.11575230936273273,1,0,1.0
S11,660,720,60,30,0.00028667643464327464,0.26629458171218257,-0.5232746495303344,1.6683838676375389,2.1916585171678733,-0.04981063288909293,0.1333718089290127,0.26629473602128234,2978.3412301710673,4.106424200014562,20.32635416052722,0.0003052710418774189,23.436370252450747,143.21745972000105,145,144,145.0,4.450573398061398,3.5057323809462506,0.4134920634920635,0.040198549804683216,0.3514285714285714,0.5857142857142857,146.32801642461533,12.66329872154071,102.4390243902439,170.7317073170732,68.29268292682929,0.06614774732010513,0.040198549804683216,67,0.46853146853146854,0.09721722217639318,1,0,1.0
S11,690,750,60,30,-8.613365888746821e-05,0.2685390797152001,-0.5304364133578556,1.6683838684648886,2.1988202818227442,-0.0512891649420221,0.13663319724202294,0.26853909352884503,3028.7562796383386,4.05514987866143,19.85288448122839,-0.0027101075723891385,23.607120716930112,142.52930474988176,146,145,146.0,4.4567357798780565,3.4819831429370796,0.4115566502463054,0.0358819384137978,0.3628571428571429,0.5514285714285714,146.78118223937474,11.453477094727106,108.80829015544042,165.3543307086614,56.546040553220976,0.05834220049223927,0.0358819384137978,54,0.375,0.08718590355015145,1,0,1.0
S11,720,780,60,30,0.00011026801699747806,0.27119523024020337,-0.5410320185488908,1.6693137654437211,2.210345783992612,-0.050442623184295765,0.13785801451181687,0.27119525265769767,3088.9683326910445,4.034784063943667,19.587048912720356,0.000573786592960538,24.030665710552345,146.0835285011798,147,146,147.0,4.485512789903829,3.4647893950658015,0.4052935420743641,0.054645058423158706,0.30714285714285716,0.67,150.2987896833893,17.173441616640034,89.55223880597015,195.3488372093023,105.79659840333215,0.073999638624372,0.054645058423158706,59,0.4068965517241379,0.1348283472356249,1,0,1.0
S11,750,810,60,30,0.00015239530195512423,0.2706596916477702,-0.5410320654632734,1.6730643037641073,2.2140963692273807,-0.046958789254261425,0.13773876866569715,0.27065973455095627,3076.7810601021524,4.086668582527386,19.915263298830645,-0.0002955324340986791,24.152518629200777,146.08352850189323,151,150,151.0,4.4430633439946865,3.4560776654986016,0.39542857142857146,0.05445137629989146,0.3028571428571429,0.67,154.15033766884673,18.06997560040719,89.55223880597015,198.1132075471698,108.56096874119964,0.07246279077648635,0.05445137629989146,66,0.4429530201342282,0.13770217994914746,1,0,1.0
S11,780,840,60,30,0.0001354713400330166,0.26767131059737787,-0.5349373931804371,1.6730643037635602,2.208001696943997,-0.04384468936054561,0.13693936060509135,0.2676713448791295,3009.21385251488,4.128387467173514,20.28470857672846,3.0255914790156956e-05,23.57287300726119,143.7292008803158,147,146,147.0,4.482802275711427,3.446370311152572,0.4062230919765166,0.04912506496684043,0.3028571428571429,0.6557142857142857,149.62534194176263,16.24526900593435,91.50326797385621,198.1132075471698,106.60993957331358,0.07551251113884386,0.04912506496684043,70,0.4827586206896552,0.12093124673887398,1,0,1.0
S11,810,870,60,30,-0.0004357343140463702,0.2666216982808016,-0.6302176383869768,1.7406481122708288,2.3708657506578055,-0.04316593743076426,0.1332728359934884,0.26662205433634195,2985.667434058313,4.137940640236492,20.44158745555476,0.003262424829995765,23.368385743005927,142.46120809101146,145,144,145.0,4.495023921014505,3.4447344216324214,0.41579365079365077,0.04608935229596667,0.35428571428571426,0.6571428571428571,145.82742411520516,13.913220209476496,91.30434782608695,169.35483870967744,78.05049088359048,0.07544265451431005,0.04608935229596667,67,0.46853146853146854,0.11084669572994466,1,0,1.0
S11,840,900,60,30,0.00013168372146753877,0.26599343817594523,-0.5223416644327794,1.6672110914010914,2.189552755833871,-0.04498670682645618,0.13054715539298326,0.2659934707718648,2971.6061127170415,4.159340877293569,20.62761117001554,0.001604118489909752,23.484868755626515,142.5351434167968,146,145,146.0,4.486771651123302,3.4845692620649946,0.40909359605911333,0.038180951362633206,0.34714285714285714,0.5385714285714286,147.8295899937767,12.53017692053458,111.40583554376657,172.83950617283952,61.43367062907295,0.06102569530557063,0.038180951362633206,56,0.3888888888888889,0.09333060143311586,1,0,1.0
S11,870,930,60,30,0.00033836246977934827,0.2672294657827287,-0.5250590111295192,1.6674397205245282,2.192498731654047,-0.04798872031623837,0.13731271957139463,0.2672296799977194,2999.2914786107076,4.104015130110352,20.2102382999466,0.001885019411357456,23.482839147186148,142.78399233595775,147,146,147.0,4.452850109534519,3.4736058687033813,0.40623287671232877,0.04001253652334885,0.3171428571428571,0.5342857142857143,149.0100331506907,13.40921028979029,112.29946524064172,189.1891891891892,76.88972394854747,0.06309214913280127,0.04001253652334885,60,0.41379310344827586,0.09849654918915751,1,0,1.0
S11,900,960,60,30,-0.00013931206230904223,0.268834176845857,-0.5528481753172393,1.6715908151936516,2.224438990510891,-0.04931585934938579,0.14247480420545472,0.26883421294217785,3035.4170300260894,4.042178394046664,19.711674008620164,0.0005746999099490869,23.486070044746416,144.12399674558532,145,144,145.0,4.4783550404226675,3.4328889443829462,0.4126388888888889,0.045686784710440395,0.3171428571428571,0.5814285714285714,147.00453300442894,14.569477715234372,103.19410319410319,189.1891891891892,85.995085995086,0.07268564171673758,0.045686784710440395,72,0.5034965034965035,0.11071856274492456,1,0,1.0
S11,930,990,60,30,0.0001533116305683303,0.26726857626323747,-0.5331456585279556,1.6711101365775947,2.20425579510555,-0.046858305163468644,0.13952311855968108,0.26726862023483794,3000.1656452138295,4.066070812662574,19.944162686629976,0.0005035231490473024,23.046893625157793,144.1435122592282,141,140,141.0,4.489695750154962,3.441663666368819,0.4243775510204082,0.055210493233611935,0.31142857142857144,0.6128571428571429,143.5324650389357,16.708229343497212,97.90209790209789,192.6605504587156,94.7584525566177,0.08984954552477527,0.055210493233611935,86,0.6187050359712231,0.13009758197826274,1,0,1.0
S11,960,1020,60,30,0.00012299733841058874,0.26768898089120746,-0.5166307146999588,1.6677334967559292,2.184364211455888,-0.04726990417841472,0.13777186720185397,0.26768900914852384,3009.6110359945765,4.082584525401884,19.997967986139063,0.00022245312530690098,22.92770255774866,142.13551586077278,142,141,142.0,4.4450887454894366,3.4502897291494223,0.42120567375886525,0.0536722883545195,0.31142857142857144,0.6128571428571429,144.4976247296899,16.264599653204858,97.90209790209789,192.6605504587156,94.7584525566177,0.08508896047863834,0.0536722883545195,75,0.5357142857142857,0.12742536888343575,1,0,1.0
S11,990,1050,60,30,0.0001931163608484823,0.27256035582172833,-0.5452133828883114,1.6677549542056895,2.2129683370940008,-0.050839169724043946,0.14328345824521677,0.27256042423579396,3120.145764103031,4.007768762028305,19.250851763634923,-0.0002506984590816915,23.83706050727843,144.5690630151724,148,147,148.0,4.4029426290180185,3.4029194523742463,0.4040913508260447,0.04717174938652947,0.30714285714285716,0.6771428571428572,150.16399414123583,14.745795144262894,88.60759493670886,195.3488372093023,106.74124227259344,0.07054670887088411,0.04717174938652947,46,0.3150684931506849,0.11673536018551459,1,0,1.0
S11,1020,1080,60,30,-0.0004781410241336613,0.27376400523672423,-0.6693581465974678,1.6697222934816045,2.3390804400790723,-0.04813607262841064,0.1404298019328183,0.27376442278369945,3147.77228564787,4.029691186933921,19.359769550742353,0.004540511943617607,24.49122941512193,147.23078927073422,151,150,151.0,4.454965419146296,3.4100083528579703,0.39599047619047617,0.061263498396905675,0.30428571428571427,0.6771428571428572,154.24330818615903,18.201308781531978,88.60759493670886,197.1830985915493,108.57550365484045,0.07389092306341054,0.061263498396905675,43,0.28859060402684567,0.1547095248003823,1,0,1.0
S11,1050,1110,60,30,0.00013405871058665375,0.26544376763683075,-0.5572090465113977,1.669722299888356,2.2269313463997538,-0.04242625802546447,0.12995377689059978,0.2654438014890792,2959.3372934568947,4.191693247661207,20.842777134770632,-0.0004296650755201459,23.565638276377747,147.2307892985568,144,143,144.0,4.587807677288055,3.4972459358603696,0.4144855144855145,0.07159154263387281,0.30428571428571427,0.6614285714285715,148.27953396587537,20.853469758215248,90.71274298056154,197.1830985915493,106.47035561098777,0.09516796546054453,0.07159154263387281,69,0.4859154929577465,0.17272387123766372,1,0,1.0
S11,1080,1140,60,30,-3.155313822453757e-05,0.26211949579662264,-0.5187162209077496,1.6712615210447939,2.1899777419525437,-0.04119583537244356,0.12995250840379327,0.26211949769575743,2885.6785050356,4.21116906203378,21.13388482080411,-5.0977010488214176e-05,22.849303825296552,140.9573007712157,141,140,141.0,4.550374670317448,3.495668312810049,0.4246020408163265,0.057090299262550256,0.36142857142857143,0.6385714285714286,143.4841296074743,16.314532691592923,93.95973154362416,166.0079051383399,72.04817359471575,0.09541177209646703,0.057090299262550256,79,0.5683453237410072,0.13445601710436964,1,0,1.0
S11,1110,1170,60,30,0.0001596645304096253,0.26306355364612855,-0.5187157159354849,1.6712615211495323,2.1899772370850172,-0.04182482211394178,0.12960343081530507,0.2630636020997429,2906.503267487057,4.213979312101319,21.129450411934805,0.00047530334630746263,22.94189464663068,140.95729131844078,141,140,141.0,4.540250277224143,3.5019326339774173,0.4221020408163266,0.052199841062150615,0.36142857142857143,0.6385714285714286,144.0035692950775,15.138832437802815,93.95973154362416,166.0079051383399,72.04817359471575,0.08499725785173251,0.052199841062150615,76,0.5467625899280576,0.12366640294180631,1,0,1.0
S11,1140,1200,60,30,0.00011865383142103178,0.2660550816327893,-0.6160459335763884,1.677920301053579,2.293966234629967,-0.043200160944179056,0.13252417178604226,0.26605510809109056,2972.9834627371984,4.165738434278477,20.64178136029049,0.0013895106497814943,23.3567751846038,144.06889447324693,145,144,145.0,4.492506963057492,3.48380883956573,0.4112599206349207,0.06077599490678701,0.3028571428571429,0.6685714285714286,148.78057992541528,20.028880503607702,89.74358974358974,198.1132075471698,108.36961780358006,0.09065403066216159,0.06077599490678701,90,0.6293706293706294,0.14778000932587457,1,0,1.0
S11,1170,1230,60,30,0.0002794920348251399,0.2959058027144568,-3.110985602439527,2.354411399589835,5.465397002029362,-0.04227578237420465,0.14022615742312,0.2959059347087932,3677.5335322271526,2.4831045980321402,20.278269059287737,-0.024927287048695297,23.41728608342391,144.068894473252,144,143,144.0,4.060838284036521,3.120948483830929,0.41719280719280716,0.07651097494801462,0.3028571428571429,0.7857142857142857,147.75536035600797,22.318416728429096,76.36363636363636,198.1132075471698,121.74957118353343,0.1124998802337199,0.07651097494801462,92,0.647887323943662,0.18339476047738953,1,0,1.0
S11,1200,1260,60,30,0.00011425482887608686,0.26522141495940993,-0.5658327087228894,1.6718788684517676,2.237711577174657,-0.04037258711975408,0.1257577795627873,0.26522143956934824,2954.381304303973,4.213472697999838,20.98066552573474,0.002167279841413544,23.378349376904904,144.43406015601587,141,140,141.0,4.5875333500945485,3.502660972748593,0.42571428571428577,0.06950071837202408,0.3028571428571429,0.6857142857142857,144.0189059090999,19.265847192216782,87.5,198.1132075471698,110.6132075471698,0.1039609749127097,0.06950071837202408,78,0.5611510791366906,0.16325672100811023,1,0,1.0
S11,1890,1950,60,30,-0.00034354117027546804,0.35209421485029835,-0.8456613931368192,1.6751726418318817,2.520834034968701,-0.05928212316004154,0.17932663725764694,0.3520943824482063,5206.759074366517,2.622965391793773,9.463753839315098,0.0008639159818593997,35.55932420093056,164.58301843650793,136,135,136.0,6.770163771464581,0.1943705093214919,0.44170370370370365,0.013906605983714451,0.42428571428571427,0.48142857142857143,135.9677121010894,4.132634998361278,124.62908011869436,141.41414141414143,16.785061295447065,0.003570362314180919,0.013906605983714451,0,0.0,0.03148401488850329,2,1,0.7062619047619048
S11,1920,1980,60,30,8.339623850674772e-05,0.35035941763552114,-0.845661393110677,1.698387764513449,2.544049157624126,-0.048171970083101444,0.18015102271350908,0.3503594275609465,5155.572596195034,2.644806513582009,9.685533929127685,-0.0001506133567951245,35.06307705110858,164.58308585921787,131,130,131.0,6.809206077145556,0.19808600438523621,0.4581098901098901,0.02240151330993179,0.42714285714285716,0.5042857142857143,131.28345185747148,6.355044950822386,118.98016997167137,140.46822742474916,21.488057453077786,0.005096754103236936,0.02240151330993179,0,0.0,0.04889986833630284,2,1,1.0
S11,1950,2010,60,30,0.0002545118364322398,0.347756875055328,-0.8300561148499939,1.681949286637731,2.512005401487725,-0.045828212966852855,0.18915442017016887,0.34775696818974294,5079.26617482992,2.6832076928489115,9.887014927557168,0.0021122183651106578,34.358659511162195,162.4476317225563,127,126,127.0,6.82923076319836,0.1881763824099855,0.4714512471655329,0.014799145615495087,0.44571428571428573,0.5042857142857143,127.3911869179265,3.9705136379591024,118.98016997167137,134.6153846153846,15.63521464371324,0.005812021321083974,0.014799145615495087,0,0.0,0.031390617172975484,2,1,1.0
S11,1980,2040,60,30,7.617894316013169e-05,0.37196462869660213,-3.415028128425247,2.5742829976737687,5.9893111260990155,-0.04826704924648044,0.20333241324734364,0.371964636497386,5811.023013794564,1.8702969928320086,10.924920564743147,-0.027276737709194167,34.19626947789176,162.6381777890993,128,127,128.0,6.275373196415725,0.6749297948442416,0.4708548931383577,0.014910154454260409,0.44571428571428573,0.5128571428571429,127.55318581510673,3.9626653571198096,116.991643454039,134.6153846153846,17.62374116134562,0.005376947519350578,0.014910154454260409,0,0.0,0.03166613466599179,2,1,1.0
S11,2010,2070,60,30,-7.194111711743873e-05,0.3479825549239051,-0.8600411503791296,1.6871703114626535,2.5472114618417834,-0.0468617294043296,0.20202887039057063,0.347982562360376,5085.858275689505,2.688850150888634,9.813762784625489,0.0006021676463215996,34.05145995491541,162.6381743021435,127,126,127.0,6.787318217138827,0.21842165308688796,0.47352607709750566,0.01759023799043951,0.44857142857142857,0.5271428571428571,126.87707237748607,4.529743487081153,113.82113821138212,133.7579617834395,19.936823572057378,0.005768315992363374,0.01759023799043951,0,0.0,0.037147348036795515,2,1,1.0
S11,2040,2100,60,30,-0.0059716015945900916,0.36197803138152407,-2.2211921168968085,1.8580005704817526,4.079192687378561,-0.04946936198222683,0.2127059704644132,0.36202728519884814,5504.677719594822,2.1818693822718895,9.35402823562237,0.003048381186784458,33.94805187672084,166.3387498688609,128,127,128.0,6.433929417488437,0.557926496608855,0.4707874015748032,0.0205795108649525,0.41285714285714287,0.5342857142857143,127.67757504880248,5.308335624858113,112.29946524064172,145.32871972318338,33.02925448254166,0.008521205850204615,0.0205795108649525,1,0.007936507936507936,0.043712960024234276,2,1,1.0
S11,2070,2130,60,30,-5.0186857065857965e-05,0.3477782915821971,-0.8532688111811768,1.6970589394006348,2.5503277505818116,-0.047738547427180575,0.2062092727594043,0.3477782952033555,5079.889189811197,2.7312439242833757,9.873395821713421,-0.0007243016045033477,33.53459765991176,166.33874989027183,126,125,126.0,6.729394550291517,0.21206929771609687,0.47681142857142855,0.025168905986781162,0.44571428571428573,0.5942857142857143,126.15378581228826,6.0426828783328075,100.96153846153845,134.6153846153846,33.65384615384616,0.009634533017473107,0.025168905986781162,1,0.008064516129032258,0.05278586979802382,2,1,1.0
S11,2100,2160,60,30,9.21996237235209e-05,0.34399016792311976,-0.8532656418139327,1.6970590213521495,2.5503246631660823,-0.04427633438229352,0.20376056435700132,0.343990180279244,4969.828253398964,2.769322000549585,10.198148433704588,0.0003493905514314821,33.143182061055626,166.2878511639193,123,122,123.0,6.793258400909637,0.20653451414003354,0.4867447306791569,0.02490884169559728,0.45571428571428574,0.5942857142857143,123.56893429272836,5.8996284645450645,100.96153846153845,131.6614420062696,30.699903544731143,0.009262754286250287,0.02490884169559728,1,0.008264462809917356,0.05117434278300634,2,1,1.0
S11,2130,2190,60,30,0.00023441459986335222,0.34350893890414413,-1.904145375963983,2.1182951264888814,4.022440502452865,-0.03601163492714575,0.2014843814349127,0.3435090188877953,4955.934734404738,2.701917669272132,10.48320931304046,-0.012505257469226457,32.21776820776736,165.67881853544935,120,119,120.0,6.664268286492959,0.6544458881980808,0.5020528211284513,0.02754434765027862,0.46285714285714286,0.5828571428571429,119.85490345170187,6.310885073277834,102.94117647058823,129.62962962962962,26.688453159041387,0.0082726372550254,0.02754434765027862,0,0.0,0.05486344561986106,2,1,1.0
S11,2160,2220,60,30,0.0002766087945196465,0.33889559195791524,-0.7884037027233712,1.6878081670733038,2.476211869796675,-0.035131622826506066,0.20709769920023788,0.33889570484284837,4823.712547959102,2.8606869882000394,10.682212954638526,-0.0022141516895533434,32.21984978377936,164.54405709533816,119,118,119.0,6.826142482208092,0.1832647315723265,0.503910411622276,0.029117320130538898,0.45,0.5842857142857143,119.45728296148191,6.73944951865634,102.68948655256723,133.33333333333334,30.64384678076611,0.008811256140930871,0.029117320130538898,0,0.0,0.05778273172963297,2,1,1.0
S11,2190,2250,60,30,-0.003275021302031501,0.340490154738368,-1.3543595708948861,1.7566292642493773,3.1109888351442634,-0.037189624143956074,0.2009548782948094,0.3405059048508359,4869.659392008034,2.721713577279659,10.490959753273039,0.002121830774114631,32.32531627743883,161.50966433159385,119,118,119.0,6.68647102162158,0.7055126209408742,0.5077360774818401,0.03078997165620064,0.43,0.5785714285714286,118.61127781345483,7.265523585743845,103.7037037037037,139.53488372093022,35.83118001722653,0.01394902383695137,0.03078997165620064,1,0.008547008547008548,0.06064168575316944,2,1,1.0
S11,2220,2280,60,30,-0.000249345711233904,0.3339450602152333,-0.7564984191043439,1.674730677090045,2.431229096194389,-0.036338235801503097,0.1787650324739093,0.3339451533043106,4683.81334744846,2.9249725148405306,11.224365459702232,-0.0011211075231916427,32.37323847546448,157.030882360363,117,116,117.0,6.906143919963315,0.15348879757077472,0.5139532019704434,0.023788268001953144,0.47,0.5785714285714286,116.98942215871772,5.348858755732289,103.7037037037037,127.65957446808511,23.955870764381416,0.006902798321496741,0.023788268001953144,0,0.0,0.04628489113551854,2,1,1.0
S11,2250,2310,60,30,-2.9536128715299727e-05,0.3435848515835093,-1.1521334353363943,2.434772172489768,3.5869056078261625,-0.04157015354005228,0.1938650708675987,0.3435848528530398,4958.123146621891,2.783734256409704,10.569971025565104,0.01489121541160623,32.949359562906274,160.78019040683137,120,119,120.0,6.767022354908117,0.22352771866026633,0.5035414165666267,0.026954771813711722,0.45571428571428574,0.5857142857142857,119.48791849692202,6.216722168810197,102.4390243902439,131.6614420062696,29.222417616025695,0.008964938044814023,0.026954771813711722,1,0.00847457627118644,0.05353039675961822,2,1,1.0
S11,2280,2340,60,30,0.0002349069750443899,0.34708489724863395,-0.8417782856297067,1.6786724533257475,2.5204507389554545,-0.05778776720323617,0.2211628626067208,0.34708497674111705,5059.655205334034,2.659206146300806,9.732019135534214,0.002267493918530499,33.83196460905244,162.86753184732063,125,124,125.0,6.810396124148062,0.2081948241247559,0.47831797235023044,0.03401489062604886,0.44,0.5857142857142857,126.02267732548503,8.22133554633738,102.4390243902439,136.36363636363637,33.92461197339247,0.008420072882322358,0.03401489062604886,1,0.008130081300813009,0.07111355331039647,2,1,1.0
S11,2310,2370,60,30,0.00016527634378877336,0.3555555928579684,-0.8574328222782784,1.6707869217646685,2.528219744042947,-0.07043442109598991,0.2356623259554687,0.3555556312714667,5309.631891011751,2.5193507022252883,8.962942457206012,0.0012509586704463603,34.990147266543474,164.7230630888082,131,130,131.0,6.750942018744281,0.17145816983235534,0.4560659340659341,0.010389678398301965,0.44,0.48714285714285716,131.62740104301753,2.963027177440258,123.16715542521993,136.36363636363637,13.196480938416443,0.004519290159627629,0.010389678398301965,0,0.0,0.022781088483578595,2,1,1.0
S11,2340,2400,60,30,-0.00037020330106307816,0.354267669954347,-0.9084966409033227,1.696880013573561,2.605376654476884,-0.06521882898653648,0.2284598626278819,0.3542678633821677,5271.2401990653825,2.5539440152879043,9.151717532332851,0.0016566950798526652,34.68387320558588,164.7233190196026,130,129,130.0,6.71254425270517,0.48310585847274046,0.46365448504983386,0.019361674759931988,0.34714285714285714,0.51,129.64927208542247,5.874429086961737,117.6470588235294,172.83950617283952,55.192447349310115,0.012122488168183752,0.019361674759931988,1,0.0078125,0.0417588428112606,2,1,1.0
S11,2370,2430,60,30,0.0001425660669370107,0.3513602767769296,-0.8408952096493021,1.702955615807975,2.543850825457277,-0.05736335785358404,0.22317525625004775,0.3513603057003508,5185.070705717448,2.61489272969418,9.480522047315288,-0.0017416750169978036,34.12167743973908,163.64812399374222,126,125,126.0,6.773569434355045,0.17613711317917222,0.4759542857142857,0.016180346859378383,0.45,0.5128571428571429,126.20715545147148,4.256174928051987,116.991643454039,133.33333333333334,16.34168987929435,0.0057372809207321355,0.016180346859378383,0,0.0,0.03399559021744245,2,1,1.0
S11,2400,2460,60,30,0.0014721363978841618,0.3517321107546235,-0.8272500245252333,1.9399825509600424,2.767232575485276,-0.05487687386251621,0.2261842714037634,0.35173519147432025,5196.141086702023,2.600966439020881,9.44296829965936,-0.0031818148681747953,34.16906465435398,180.76636931788136,126,125,126.0,6.760510458664983,0.23131060285264246,0.4785257142857142,0.016442787389699388,0.45,0.5128571428571429,125.53323604323957,4.313312030448829,116.991643454039,133.33333333333334,16.34168987929435,0.0066450989725885265,0.016442787389699388,0,0.0,0.03436134548013414,2,1,1.0
S11,2430,2490,60,30,2.4191074786578442e-05,0.3473019138699173,-0.817377392987428,1.7171707041354325,2.5345480971228604,-0.05083516004165516,0.2268110932048876,0.3473019147124236,5065.982038442454,2.6236737338355267,9.627925457708532,-0.0019597740809789207,33.62789823183213,166.07542512947532,124,123,124.0,6.820555629339313,0.21315736067388924,0.48408826945412314,0.0160711513237173,0.45,0.5242857142857142,124.08131214315148,4.129592858373742,114.44141689373298,133.33333333333334,18.891916439600365,0.0064874998831618335,0.0160711513237173,0,0.0,0.033198803478216396,2,1,1.0
S11,2460,2520,60,30,0.00016163697556026524,0.3402656075390873,-0.845131516777871,1.7144132362995308,2.559544753077402,-0.03698411422229454,0.21924859021273674,0.3402656459304349,4862.789811619155,2.686801355461001,10.066231474749616,0.0014132746228104718,32.7896130292526,166.0754251717999,121,120,121.0,6.830722292069686,0.5998288072756951,0.4968214285714286,0.024710199565868222,0.3628571428571429,0.5585714285714286,121.08278833814353,6.4262348611040965,107.41687979539641,165.3543307086614,57.93745091326498,0.01372113674415157,0.024710199565868222,1,0.008403361344537815,0.04973658168674504,2,1,1.0
S11,2490,2550,60,30,-7.277376955341744e-05,0.35539301160890713,-1.3347110847003671,3.365382401038978,4.700093485739345,-0.04548374383613199,0.22603930517177784,0.35539301905984355,5304.776315851753,2.6377889408772797,10.817571589373687,0.02497382460715776,33.19984012738758,161.55297551066926,121,120,121.0,6.580802644787078,0.24355428145834804,0.49851190476190477,0.022550318513922706,0.4657142857142857,0.5585714285714286,120.59644989241919,5.274154079591395,107.41687979539641,128.83435582822088,21.417476032824467,0.008121441478956003,0.022550318513922706,0,0.0,0.04523526579509271,2,1,1.0
S11,2520,2580,60,30,-0.0012839886372402658,0.3562507577084616,-1.3669742311007151,2.9833452196458046,4.35031945074652,-0.059593456202676365,0.22915977007199784,0.35625307155823027,5330.4825417762895,2.5755611137892243,9.773116422369206,0.028288294060764996,33.672018064165414,168.7402887981886,124,123,124.0,6.601011628671873,0.2483120888773393,0.48711962833914046,0.020739588646924757,0.45,0.5414285714285715,123.39300880494831,5.1722346512083,110.81794195250659,133.33333333333334,22.515391380826756,0.007527133921037889,0.020739588646924757,0,0.0,0.0425759658210396,2,1,1.0
S11,4110,4170,60,30,0.0002548013642121951,0.2635595500253692,-0.5126109758598402,1.6642994575954517,2.176910433455292,-0.043625503066269916,0.14088567111390513,0.26355967319244855,2917.475455999032,4.084615131063845,20.356804034156806,0.0015275289013451238,23.22304434029122,144.8142207510584,143,142,143.0,4.46397030096227,3.4750570037446233,0.4178370221327967,0.06634933633996246,0.31142857142857144,0.67,146.65128468524136,19.548533018403013,89.55223880597015,192.6605504587156,103.10831165274544,0.10790703503285458,0.06634933633996246,92,0.6524822695035462,0.15879238273643292,3,0,1.0
S11,4140,4200,60,30,0.00023241000511121013,0.26470169171541924,-0.5335593501784863,1.67656638226029,2.2101257324387764,-0.04621216836156145,0.13658668429560894,0.2647017937442346,2942.8156636794433,4.0696387573535855,20.18799225803203,0.0014515749613773835,23.4333738614344,149.5567464467738,141,140,141.0,4.532509861699365,3.497397774342253,0.4242448979591837,0.08894013822934443,0.3,0.9,146.09728087735522,23.263708550267896,66.66666666666667,200.0,133.33333333333331,0.12907404327662345,0.08894013822934443,96,0.6906474820143885,0.20964338913016534,3,0,1.0
S11,4170,4230,60,30,-8.094351791240734e-05,0.2660956710729291,-0.565678254904198,1.7120169827552074,2.2776952376594055,-0.049156671589201735,0.13222611088968678,0.2660956833840143,2973.890334055434,4.073557796043389,20.11839086497437,0.0001807697244104058,23.63283994045464,149.55674649229834,141,140,141.0,4.546073089009799,3.4885322520322344,0.4273163265306122,0.09182955244023804,0.3,0.9,145.36560865006663,23.998442199279328,66.66666666666667,200.0,133.33333333333331,0.13507269776239186,0.09182955244023804,89,0.6402877697841727,0.21489830071741836,3,0,1.0
S11,4200,4260,60,30,-6.530585796708748e-05,0.2751450022396338,-0.7648258465006674,2.5922056105549784,3.357031457055646,-0.051698295810441414,0.14185914998096977,0.27514500998982905,3179.600613936732,3.925722171258209,19.564493936237803,0.016717982440203696,23.87669466932255,147.22560296646745,146,145,146.0,4.264115814031109,3.3828324599434567,0.4130344827586207,0.06109990728465473,0.3,0.7471428571428571,147.89421295619687,18.2951905880682,80.30592734225621,200.0,119.69407265774379,0.09297725747817724,0.06109990728465473,77,0.5347222222222222,0.1479293130117705,3,0,1.0
S11,4230,4290,60,30,0.0003156045570914722,0.2740817204253746,-0.5280501847146675,1.6838831705401287,2.2119333552547964,-0.0528688691029415,0.1412093219009542,0.27408190213432493,3155.077341257926,3.9654433529365827,18.927567220101565,-9.503029291112529e-05,24.591193909192388,151.38285925110495,148,147,148.0,4.458852532370939,3.4251778864414226,0.40533527696793004,0.07477103307204905,0.3,0.6714285714285714,151.94125844079144,21.898911727940277,89.36170212765958,200.0,110.63829787234042,0.08845804244145798,0.07477103307204905,60,0.410958904109589,0.18446712467606144,3,0,1.0
S11,4260,4320,60,30,0.00035921920000480745,0.27144541959157276,-0.5250727178307186,1.6838829349771556,2.208955652807874,-0.049392650381734876,0.13746774073409337,0.2714456572790927,3094.675283938503,4.029008546281799,19.465618495707915,0.002035253435826537,24.082397373393675,151.38776197363674,142,141,142.0,4.5656211092568375,3.4559610574204536,0.4208409321175279,0.09070909141515864,0.3028571428571429,0.6714285714285714,148.0023152353554,25.771512788395775,89.36170212765958,198.1132075471698,108.75150541951021,0.11431887274078166,0.09070909141515864,71,0.5071428571428571,0.21554246389185924,3,0,1.0
S11,4290,4350,60,30,0.0002873777946857525,0.26849063343655194,-0.5326787785627336,1.681256868701716,2.2139356472644494,-0.046324658716978835,0.13336851770304411,0.26849078723330116,3027.666718824627,4.081887704583238,19.93597457255695,0.0006068891697409715,23.573901876938827,148.77198305234168,144,143,144.0,4.415208665027112,3.460717331440793,0.41322677322677326,0.07176995608109037,0.3028571428571429,0.6557142857142857,148.8816037088732,21.6784610244137,91.50326797385621,198.1132075471698,106.60993957331358,0.10035622095139259,0.07176995608109037,78,0.5492957746478874,0.17368176684356312,3,0,1.0
S11,4320,4380,60,30,-0.00010150309159387006,0.27561734339351857,-0.6540192215035239,1.7255750901521025,2.3795943116556266,-0.04693876629841095,0.13820104249316148,0.2756173620840645,3190.5270718514903,3.9758954526160317,18.851788461842848,0.0005737782508403701,24.506719000967642,156.74651338755137,145,144,145.0,4.453489911495907,3.376196817685395,0.4122619047619048,0.07650206005555513,0.30714285714285716,0.6571428571428571,149.7716209036131,23.278767642130386,91.30434782608695,195.3488372093023,104.04448938321535,0.08259336565509047,0.07650206005555513,63,0.4405594405594406,0.18556664870536038,3,0,1.0
S11,4350,4410,60,30,0.00012642115924210002,0.2720249927834747,-0.6540192214993288,1.725575090482535,2.379594311981864,-0.04303682944106617,0.13358132524885974,0.2720250221600192,3107.899732608676,4.01324840383002,19.319707186496274,0.0012322039360262813,23.753693756969362,156.7465133887193,136,135,136.0,4.538685563704789,3.388755208471866,0.4403280423280423,0.11229589742598438,0.30714285714285716,0.8285714285714286,143.53343372574417,29.277872415635176,72.41379310344827,195.3488372093023,122.93504410585403,0.15393162004312638,0.11229589742598438,72,0.5373134328358209,0.25502781251965884,3,0,1.0
S11,4380,4440,60,30,0.00017435111329505237,0.26389435661526306,-0.5083935318540513,1.670282951696859,2.1786764835509103,-0.039170086581622104,0.12722884954963495,0.2638944142108626,2924.890997771163,4.120841173460678,20.47855418019723,-0.00010486446519562205,22.545535054013367,142.1343318150378,133,132,133.0,4.503784768346557,3.469581029597382,0.45121212121212123,0.11575870090469127,0.31285714285714283,0.8285714285714286,140.0260124920899,28.179228411009614,72.41379310344827,191.78082191780823,119.36702881435995,0.18278428551267356,0.11575870090469127,93,0.7099236641221374,0.25655051241469523,3,0,1.0
S11,4410,4470,60,30,0.00013698022075028937,0.2662405025656845,-0.5293537937907071,1.6818738107753188,2.2112276045660257,-0.04237566638673487,0.1265211476763152,0.2662405378037107,2977.1290067403825,4.097779885854242,20.190806031391308,-0.0003502018294992961,23.193681579984638,149.20695060689576,136,135,136.0,4.58668407655378,3.4921121831000126,0.4408148148148148,0.10358874742859071,0.32,0.7728571428571429,142.2188808584577,26.604868413691552,77.63401109057301,187.5,109.86598890942699,0.1472903291462345,0.10358874742859071,91,0.6791044776119403,0.23499379772911688,3,0,1.0
S13,90,150,60,30,0.0001850217612748251,0.2237779664047996,-0.4894689372230354,1.4582987345520695,1.947767671775105,-0.039147418773444964,0.10246328233503324,0.2237780428936668,2103.2177242154303,3.999288571026201,18.79140973683247,0.0008867074853131095,17.711537595358138,133.16163487692825,91,90,91.0,6.852219287900386,1.5134035018025747,0.6612222222222222,0.11825460849938538,0.3057142857142857,0.9057142857142857,95.18869917500385,26.07473706058393,66.24605678233439,196.26168224299064,130.01562546065625,0.11262548098954595,0.11825460849938538,28,0.3146067415730337,0.1788424595016751,1,0,1.0
S13,120,180,60,30,-0.0033930751577280747,0.2293511162432747,-1.0978492417408645,1.4379335682792909,2.535782810020155,-0.03893012479600565,0.10234873573067152,0.22937621385196438,2209.7647942046083,3.693876386927292,18.449415633377082,0.0011727466419205275,17.367909182098813,111.01715722194938,87,86,87.0,6.861070757167794,1.0777496690427353,0.6938870431893689,0.08692354385142217,0.3385714285714286,0.9057142857142857,88.18690154850623,14.656400552119921,66.24605678233439,177.21518987341773,110.96913309108334,0.07388433905925726,0.08692354385142217,16,0.18823529411764706,0.12527045245273422,1,0,1.0
S13,150,210,60,30,7.256072596296235e-05,0.23029684186183386,-0.47187953244896375,1.4893298713077077,1.9612094037566714,-0.04073314875421811,0.1072305974844843,0.23029685329286084,2227.538906736926,4.1409644152342615,19.624157723484355,0.000874264805177395,17.89604034122185,142.17024812853268,86,85,86.0,7.1214493638070415,0.8422655671983824,0.7004873949579833,0.08972856305094462,0.3028571428571429,0.9014285714285715,87.77166998594662,18.034853179969883,66.56101426307448,198.1132075471698,131.55219328409532,0.06503269716596623,0.08972856305094462,15,0.17857142857142858,0.12809447207301528,1,0,1.0
S13,180,240,60,30,0.0002368116402435751,0.22997656977203454,-0.47187908998042766,1.5184781342643814,1.990357224244809,-0.04348007936538558,0.10513735894724244,0.2299766916969292,2221.3497064023054,4.154901592732708,19.697099555334106,0.00037259476509825284,18.108452518144958,142.17025027377628,87,86,87.0,7.0983099730852395,0.8895746598712354,0.6869933554817276,0.08823132351095014,0.3028571428571429,0.8871428571428571,89.43308083409894,17.81471981236698,67.6328502415459,198.1132075471698,130.4803573056239,0.059176826196607406,0.08823132351095014,11,0.12941176470588237,0.12843111626470002,1,0,1.0
S13,210,270,60,30,-0.0003775012017221958,0.23727452425296627,-1.6228007726178522,1.886986856261718,3.50978762887957,-0.04855539359825935,0.1034532251387775,0.2372748245529407,2364.572379398409,3.3969462265562984,18.16163311088348,-0.012603694266047741,17.910674969192712,127.98279771128271,91,90,91.0,6.511971814168189,1.3780946014252267,0.6658095238095237,0.09245966210000045,0.31142857142857144,0.8385714285714285,92.88782249413806,20.684675696255354,71.55025553662692,192.6605504587156,121.11029492208867,0.08688605162234868,0.09245966210000045,13,0.14606741573033707,0.13886803776999068,1,0,1.0
S13,240,300,60,30,0.0002652079022390515,0.2241178233725467,-0.30004618988223686,1.4467178709780613,1.7467640608602981,-0.04957536559501109,0.09746032195168033,0.2241179802882389,2109.6125017161366,4.209642747783054,19.883622324831073,-0.0014810410123902269,17.999019667609186,117.36827362141258,95,94,95.0,6.717329598736636,1.6205405796645698,0.6353039513677812,0.1190783871296156,0.3,0.7771428571428571,99.90810036855027,29.80224161149791,77.20588235294117,200.0,122.79411764705883,0.11659062069053482,0.1190783871296156,18,0.1935483870967742,0.18743530065135772,1,0,1.0
S13,270,330,60,30,-0.0041484929395689246,0.2312097357935233,-1.3059077940878907,1.5211676185462089,2.8270754126340996,-0.049732633154070324,0.10224348982053724,0.23124695007584534,2245.9563806139813,3.4047273438208587,18.006162263546592,-0.00029808432495056244,17.932981129884055,143.590289208316,97,96,97.0,6.405551769832464,1.6324459121429133,0.6236458333333333,0.127983920551426,0.3,0.7785714285714286,103.06389898581942,33.99814289545852,77.06422018348624,200.0,122.93577981651376,0.13109585214254335,0.127983920551426,17,0.17894736842105263,0.2052189138623166,1,0,1.0
S13,300,360,60,30,0.00016110424028806198,0.21341595637634067,-0.5117296868304047,1.5167101800457106,2.0284398668761154,-0.048833312127855924,0.09676610731666985,0.21341601718381958,1912.9486484053837,4.28172182771056,20.940754789719094,-0.00016026220201662851,17.27726076107939,143.59046801325113,90,89,90.0,6.9111921539701475,1.6515395056720774,0.6669502407704654,0.12812606850108738,0.3,0.8542857142857143,95.83301843985696,31.47395810522417,70.23411371237458,200.0,129.76588628762542,0.12319729790666183,0.12812606850108738,17,0.19318181818181818,0.1921073877311676,1,0,1.0
S13,330,390,60,30,0.00016685809714874264,0.22379198207511364,-0.4639676988322616,1.5736785736231187,2.03764627245538,-0.04997550207439104,0.099533261915362,0.22379204427935454,2103.4809214747684,4.248343738341378,20.500817667467977,0.001700115834799414,17.784578152830008,143.39202435200804,87,86,87.0,7.046785104172761,1.165470352414471,0.6896511627906976,0.08391832086876455,0.3,0.8542857142857143,89.04862958290464,17.935884253221403,70.23411371237458,200.0,129.76588628762542,0.07344776259037311,0.08391832086876455,8,0.09411764705882353,0.12168227271478253,1,0,1.0
S13,360,420,60,30,0.00022245263113065608,0.24096641417089112,-0.4639676988808787,1.5736785735654821,2.0376462724463607,-0.05052334803613938,0.11135369030976355,0.24096651685151307,2438.7242142291225,4.080587561588904,18.784688488809696,-0.0011866945002256299,18.873056966426468,143.39202435163904,89,88,89.0,7.0144539802425045,0.33741244326321734,0.6738474025974026,0.04609186497034584,0.6257142857142857,0.8671428571428571,89.41637482805301,5.517824225115991,69.19275123558485,95.89041095890411,26.697659723319262,0.029104630584560903,0.04609186497034584,5,0.05747126436781609,0.06840104271780346,1,0,1.0
S13,390,450,60,30,-4.850450072199475e-05,0.24299094667355592,-0.5043987765232798,1.5350598664044168,2.0394586429276966,-0.05170575362490419,0.11369168103842908,0.24299095151465516,2479.8733057558948,4.090142519314765,18.680193800188015,0.00037791612806941163,19.050059779651317,145.08411383345683,91,90,91.0,6.8435844411177635,0.8798419835367635,0.6601428571428573,0.06687791360978738,0.3,0.8685714285714285,92.35670993948659,15.48877493305527,69.07894736842105,200.0,130.92105263157896,0.05568114419486086,0.06687791360978738,8,0.0898876404494382,0.10130824394471145,1,0,1.0
S13,420,480,60,30,-0.00023795303023142715,0.23710307764581853,-0.5043987768204823,1.5227115815054566,2.027110358325939,-0.050407058799182856,0.10288501413506274,0.2371031970488033,2361.152894132073,4.173825696156987,19.250949050607968,-0.0006346247220303293,18.467620810552123,145.08411383448762,93,92,93.0,6.72095647351648,1.2105586860861646,0.6452018633540372,0.09067933045942997,0.3,0.7485714285714286,96.43754896182519,24.845487072788465,80.1526717557252,200.0,119.8473282442748,0.08637526412418654,0.09067933045942997,9,0.0989010989010989,0.14054412364533442,1,0,1.0
S13,450,510,60,30,0.00015294855868255817,0.23596653763299955,-0.44812069472338795,1.5271598869663203,1.9752805816897083,-0.04744101663456604,0.10012902195368903,0.23596658720201763,2338.5696715822305,4.183106650057463,19.311920278313004,0.0003771841018215251,18.268217370297343,142.9483952936088,93,92,93.0,6.731569921315054,1.2027559248288628,0.6420962732919255,0.09184432140239672,0.3,0.8114285714285714,96.99715313728508,25.290236062798968,73.94366197183099,200.0,126.05633802816901,0.08520544937282912,0.09184432140239672,9,0.0989010989010989,0.1430382408723936,1,0,1.0
S13,480,540,60,30,0.00021278928924114662,0.24045502920343298,-0.4481021152205851,1.5270427547663437,1.9751448699869287,-0.04786437907617586,0.1107460809483723,0.2404551233567408,2428.383986637228,4.064560785104495,18.531490741792183,-0.0007508977887287212,18.994374522162765,142.9481241834639,95,94,95.0,6.698082710954657,1.2709499173871395,0.6295136778115502,0.10204350455157633,0.3,0.8114285714285714,99.72053724109902,27.770180494226903,73.94366197183099,200.0,126.05633802816901,0.09061259827895989,0.10204350455157633,12,0.12903225806451613,0.16209894740702338,1,0,1.0
S13,510,570,60,30,0.0004687642734332865,0.24348146386256125,-0.5634206837471571,1.5140049783362493,2.0774256620834066,-0.05474661559689488,0.13003383431327717,0.2434819151078777,2489.90460535319,3.799272723124958,17.05542267592385,0.0009123471813901442,19.85769815747343,147.71959808391176,101,100,101.0,6.488250122285017,1.8247678647086216,0.596542857142857,0.14382120135495904,0.3,0.7657142857142857,109.76180626966043,38.58538656907126,78.35820895522389,200.0,121.64179104477611,0.15572897980631334,0.14382120135495904,30,0.30303030303030304,0.24109114648323998,1,0,1.0
S13,540,600,60,30,0.0023560548754513245,0.24371276732717878,-0.5926452010219828,2.028093800583946,2.6207390016059287,-0.05359408604262437,0.13736195841539423,0.24372415545622003,2494.861486019604,3.6796577047414307,16.852355016967124,-0.009366282212812887,19.815873641202806,149.5064147099255,101,100,101.0,6.3135704208575625,2.2959586593834027,0.5971285714285715,0.17592722231371816,0.3,0.8642857142857143,113.28493495707288,44.2849273054136,69.42148760330578,200.0,130.57851239669424,0.20140313820174152,0.17592722231371816,48,0.48484848484848486,0.2946220139706756,1,0,1.0
S13,570,630,60,30,-8.674247353245479e-05,0.2402031724378416,-0.5926434015203624,1.514503205430943,2.1071466069513054,-0.05483756316803426,0.13137705826277626,0.24020318810011695,2423.298006085327,3.7273521742824016,17.262697705539114,0.0010672121627427471,19.625669573838394,149.50640383565676,97,96,97.0,6.610343544129328,2.153785359241073,0.6171428571428571,0.18409874236065685,0.3,1.197142857142857,109.8806285962119,44.001751832052776,50.11933174224344,200.0,149.88066825775655,0.19745605501662453,0.18409874236065685,39,0.4105263157894737,0.29830814734365696,1,0,1.0
S13,600,660,60,30,-0.0009088266446774002,0.2460512307108194,-0.4895428217876376,1.524278221343767,2.0138210431314043,-0.05916750872245883,0.13866780140303414,0.24605290914796954,2542.765432207516,3.6424822192517827,16.462473432635118,0.0003050508119667612,20.16834379718432,136.81056820278818,102,101,102.0,6.434674159564571,2.1884853644708357,0.5886704384724186,0.18280887550570135,0.3,1.197142857142857,115.47776945236681,45.19979945082457,50.11933174224344,200.0,149.88066825775655,0.19559349765912623,0.18280887550570135,43,0.43,0.3105453638543234,1,0,1.0
S13,630,690,60,30,0.0002289898015626977,0.24727304978268919,-0.5906224347101088,1.524278224182532,2.1149006588926405,-0.059329331072039325,0.14163759916449112,0.24727315581187032,2568.048570576783,3.5929102335626,16.149580783562836,0.0004391203329554932,20.36481779614778,149.93125115625554,106,105,106.0,6.298113729221887,2.3404139047427766,0.5633197278911564,0.1843605812421976,0.3,0.8571428571428571,121.75802670608768,47.407349264976126,70.0,200.0,130.0,0.21923537203573779,0.1843605812421976,60,0.5769230769230769,0.32727520822387995,1,0,1.0
S13,660,720,60,30,0.0001908611465294254,0.2451348612969586,-0.5906223012473,1.5637903954935006,2.154412696740801,-0.059088772515821716,0.14165001847214004,0.24513493559885824,2523.8277393443677,3.5725772566401646,16.152798655942743,-0.0013656010110996088,20.063110580846015,149.93125137302857,108,107,108.0,6.151112307492448,2.497137734313234,0.5581842456608811,0.18673638529416692,0.3,0.84,123.01797310898276,47.332782494371465,71.42857142857143,200.0,128.57142857142856,0.23966211294006967,0.18673638529416692,71,0.6698113207547169,0.3345425578485721,1,0,1.0
S13,690,750,60,30,8.655131749873774e-05,0.24769687728165807,-0.5386834620993044,1.5237084030993224,2.062391865198627,-0.059049262525524865,0.14198019992635752,0.24769689240322607,2576.857521261045,3.59602284083622,16.186421998717545,0.0008908119858814954,20.39392405472991,146.46746623262865,105,104,105.0,6.337573241021868,2.3399173610798485,0.573228021978022,0.17329161581775365,0.3,0.8185714285714286,118.01581957447094,44.981279359810934,73.29842931937172,200.0,126.70157068062828,0.19750143272962756,0.17329161581775365,53,0.5145631067961165,0.30230834706890475,1,0,1.0
S13,720,780,60,30,0.002122917247044951,0.2575750236891636,-0.612158032274849,2.046273012081375,2.658431044356224,-0.058462361606146464,0.15186297833995682,0.25758377201623356,2786.6747834566613,3.4876941393631595,15.40380717104646,-0.010946082660459667,21.32337024246827,152.47021059296273,104,103,104.0,6.446360713130233,2.114334573437841,0.5731900138696255,0.15941879824829772,0.3,0.8057142857142857,116.18422107227109,42.03755519677498,74.46808510638297,200.0,125.53191489361703,0.16816174163150016,0.15941879824829772,43,0.4215686274509804,0.27812556812017,1,0,1.0
S13,750,810,60,30,0.0001578986035260025,0.2551048385582665,-0.610852609647254,1.5767331412770806,2.1875857509243346,-0.06240099048563549,0.15226410062061238,0.2551048874243851,2733.297150687944,3.408628866972791,15.077047995045373,-0.00020184495311749727,21.363900432423225,152.49711062740104,98,97,98.0,6.857037210362017,1.9393063208243364,0.6113991163475699,0.15060757508821032,0.3,0.8242857142857143,107.35028349063806,38.16205081339543,72.79029462738302,200.0,127.20970537261698,0.15093282789842297,0.15060757508821032,32,0.3333333333333333,0.24633266725657563,1,0,1.0
S13,780,840,60,30,0.0001766745909133525,0.24629630722844903,-0.6120096026981799,1.576601034249855,2.188610636948035,-0.06133837765799046,0.13815405734370026,0.24629637059502443,2547.799891067828,3.5443149983455173,16.133755156806945,0.0005489419060977134,20.648376972273898,151.90853346975453,89,88,89.0,7.3103808134103145,1.4747011898061786,0.6747402597402598,0.09985577388248056,0.3028571428571429,0.8542857142857143,92.13684908651949,22.805503055118606,70.23411371237458,198.1132075471698,127.87909383479521,0.07355010292419387,0.09985577388248056,14,0.16091954022988506,0.1479914269839477,1,0,1.0
S13,810,870,60,30,0.00012833364228071977,0.23648035755546185,-0.583018321482634,1.5540132759481395,2.1370315974307736,-0.05466216951225965,0.12233057896944852,0.2364803923776405,2348.7649911214785,3.872131318629163,18.211076429760038,0.002537942428799546,19.82445175281643,151.90853347052538,89,88,89.0,7.266280132765808,1.2794439030918823,0.6756331168831169,0.09838877250214066,0.3057142857142857,0.8628571428571429,91.77495695158161,21.62185086988344,69.5364238410596,196.26168224299064,126.72525840193104,0.054838598398089536,0.09838877250214066,6,0.06896551724137931,0.145624555758953,1,0,1.0
S13,840,900,60,30,-0.0007457023250761062,0.23905663075010553,-0.5022246572502626,1.5540132759774605,2.056237933227723,-0.056140016639889156,0.12198897606267135,0.23905779380214717,2400.2424086570963,3.8544677933702096,17.983393887143098,0.0009538164804926695,19.860867844813267,143.79581084727462,91,90,91.0,7.094311339911889,1.5484742373215543,0.6628253968253968,0.11224345458198379,0.3,0.8385714285714285,95.10803788855638,27.82000531714862,71.55025553662692,200.0,128.44974446337307,0.09359087810802373,0.11224345458198379,9,0.10112359550561797,0.16934090805749746,1,0,1.0
S13,870,930,60,30,-0.000544246318076537,0.24247603540738324,-0.4656121937763874,1.4960732602925795,1.961685454068967,-0.055393148422536974,0.1257045224721673,0.24247664619698392,2469.386805939367,3.7956372037881887,17.583974025706134,0.0007172256556870792,20.08620624379972,134.37740956603815,99,98,99.0,6.650082831046339,2.205614396863439,0.6074052478134111,0.16058324387948905,0.3,0.8528571428571429,109.48859552469199,41.237433709931466,70.35175879396985,200.0,129.64824120603015,0.17394755818379992,0.16058324387948905,37,0.38144329896907214,0.26437579269782446,1,0,1.0
S13,900,960,60,30,0.0001076804858518997,0.2370964216248834,-0.4449030667324064,1.5183139944262452,1.9632170611586517,-0.05055898308979055,0.10771160829500558,0.23709644607714284,2361.018439181283,3.990550718315478,18.69079670487224,0.0008342563732389299,19.36031627639241,140.69128055016535,104,103,104.0,6.29361204559522,2.3495595427149807,0.5731900138696255,0.1691127915752112,0.3,0.8528571428571429,117.58400157471458,44.50814292356417,70.35175879396985,200.0,129.64824120603015,0.1802962081938376,0.1691127915752112,43,0.4215686274509804,0.2950379236957129,1,0,1.0
S13,930,990,60,30,0.00021056990869812702,0.23081726891086865,-0.4465435104052919,1.518804022070542,1.965347532475834,-0.04749180952367893,0.09103121805655598,0.23081736496017516,2237.619550620665,4.283121942066777,20.49694238757234,0.00031256934326952387,18.498706795487017,140.67254704115757,92,91,92.0,6.769032952414142,1.6008447252681246,0.6498116169544741,0.13931112496804177,0.3,1.12,98.95744684629425,32.658748874912206,53.57142857142857,200.0,146.42857142857144,0.10723382381749492,0.13931112496804177,20,0.2222222222222222,0.214386941281479,1,0,1.0
S13,960,1020,60,30,0.0003384470572464622,0.23543980149664914,-0.5648221772838761,1.51067437033918,2.075496547623056,-0.04848789567154167,0.09571696678578585,0.23544004475702962,2328.1446163580686,4.226719221556883,19.86697776266154,-0.0004526745715882747,18.998026371505105,149.15780840779442,90,89,90.0,6.9768650849228075,0.9169698261395804,0.6717014446227929,0.09159492200174163,0.30714285714285716,1.12,91.31856416513058,16.47186907603095,53.57142857142857,195.3488372093023,141.77740863787375,0.0700898906004174,0.09159492200174163,12,0.13636363636363635,0.13636255025948105,1,0,1.0
S13,990,1050,60,30,0.0021639922376417093,0.2405966536003325,-0.5648221773856631,1.9973820073495,2.562204184735163,-0.05044462771939249,0.11797218989164951,0.24060638517313496,2431.440168615485,3.918573146596748,18.082877011795574,-0.008830434670748408,19.450065005957725,149.1578084087102,94,93,94.0,6.697391075196465,1.6075211619560632,0.6345775729646697,0.12359627608434352,0.3,0.8757142857142857,100.44456619083348,31.404163752865948,68.51549755301795,200.0,131.48450244698205,0.1566490689078846,0.12359627608434352,26,0.2826086956521739,0.19476937312315762,1,0,1.0
S13,1020,1080,60,30,7.187965388364478e-06,0.2381549347911294,-0.49647038320447834,1.5390415887083184,2.035511971912797,-0.05295318387373585,0.12872381459762886,0.23815493489960257,2382.1464667154255,3.820829004521908,17.779572375492293,4.1806919594259484e-05,19.546073000551207,142.00122087019798,96,95,96.0,6.6978798956018295,2.069370172312419,0.6265112781954886,0.1518385308605754,0.3,0.8757142857142857,104.77757872811797,38.10135450963777,68.51549755301795,200.0,131.48450244698205,0.17611236939009364,0.1518385308605754,34,0.3617021276595745,0.24235562254826262,1,0,1.0
S13,1050,1110,60,30,-0.0009024577629063215,0.23840824981486378,-0.5236095919736319,1.539041588629007,2.062651180602639,-0.05066468677133647,0.10809333130027023,0.23840995786627775,2387.2509364116136,3.897124938849904,17.770981054973184,-7.842580177870751e-05,19.241435608057852,142.0012208755486,99,98,99.0,6.578592501413265,1.8105388734434642,0.6072886297376092,0.1264114794323475,0.3,0.8,105.61581530770376,33.3829847883896,75.0,200.0,125.0,0.10770212406390661,0.1264114794323475,17,0.17525773195876287,0.2081571648837984,1,0,1.0
S13,1080,1140,60,30,0.0006030723896149703,0.22527195136096928,-0.5286881588328088,1.5107645520356574,2.039452710868466,-0.04509082628393121,0.08794834226901736,0.2252727585978518,2131.4082621840125,4.173720125354448,19.44073974172531,0.00035254916505130256,17.697599199794833,140.2705642903164,102,101,102.0,6.251084148504979,2.0553701753294424,0.5894059405940594,0.15273187736016772,0.3,0.9714285714285714,111.63556180488673,39.095529180197346,61.76470588235294,200.0,138.23529411764707,0.15391735126491804,0.15273187736016772,27,0.27,0.259128500140718,1,0,1.0
S13,1110,1170,60,30,0.0002179317160915137,0.22559844445128463,-0.3664352871179067,1.5160161267974495,1.882451413915356,-0.04453703457594245,0.08558442906111263,0.22559854971402682,2137.577636589034,4.265712795690835,20.22159106601951,-0.000440683924235808,17.675219577895177,129.61785789635863,96,95,96.0,6.504845480253338,1.8968466051617165,0.6278796992481204,0.13869947779659483,0.3,0.9714285714285714,102.90512806628381,34.31535854607799,61.76470588235294,200.0,138.23529411764707,0.14192239780797739,0.13869947779659483,22,0.23404255319148937,0.22090135731842592,1,0,1.0
S13,1140,1200,60,30,0.00021561180345316676,0.23318996199620515,-0.36643528617895793,1.5160161232395364,1.8824514094184943,-0.04360756381522702,0.08249801234959307,0.23319006167553835,2283.859404298138,4.273362041332354,20.060753685486066,0.00045781169486761936,18.185424596159443,129.6178578949073,90,89,90.0,6.95072419202375,0.9254092849772331,0.6651043338683787,0.05671221664372888,0.3271428571428571,0.7471428571428571,91.32607930304017,13.482266479653045,80.30592734225621,183.4061135371179,103.10018619486169,0.051460127403946704,0.05671221664372888,3,0.03409090909090909,0.08526815080857972,1,0,1.0
S13,1170,1230,60,30,0.00014608132348205952,0.23484793619819097,-0.27620990606485185,1.5065827453486027,1.7827926514134544,-0.042817845561040555,0.08139153505677617,0.2348479816313154,2316.4501280047116,4.309386250053206,20.287770447431598,-0.0007097827992096586,18.115552630490832,112.69936839373787,88,87,88.0,7.0715147042328566,0.16368498052924269,0.682528735632184,0.025781431353732287,0.6371428571428571,0.7471428571428571,88.03115209646644,3.2528982748045387,80.30592734225621,94.17040358744394,13.864476245187731,0.014852542093679396,0.025781431353732287,1,0.011627906976744186,0.037773400602470676,1,0,1.0
S13,1200,1260,60,30,0.00019316934337804085,0.23190578259216943,-0.3227313113792644,1.5064662239433755,1.82919753532264,-0.04449091608262861,0.0912750845993169,0.23190586304378286,2258.7738311914345,4.269786565009101,20.29852456741951,1.5324861668061536e-05,18.152410171846952,120.97226770966772,92,91,92.0,6.743795946796164,1.5181868427225733,0.6535164835164836,0.1178070742213366,0.3,0.8057142857142857,97.1155450512909,30.031982335510804,74.46808510638297,200.0,125.53191489361703,0.10300144199065464,0.1178070742213366,15,0.16666666666666666,0.1802664159095616,1,0,1.0
S13,1650,1710,60,30,0.00012155458994243263,0.22255872717290054,-0.3120949804295332,1.4719482686326828,1.784043249062216,-0.04851357577856555,0.09418921044725287,0.2225587603675486,2080.3608762862764,4.466047548844707,22.11800192119481,0.00014295481982488676,18.0914026596477,120.86837562374889,90,89,90.0,6.781327067839856,1.7415773982141383,0.6673515248796148,0.14576802435911057,0.30142857142857143,1.1171428571428572,96.98972341954004,33.99438754725754,53.708439897698206,199.05213270142178,145.34369280372357,0.155404493455855,0.14576802435911057,27,0.3068181818181818,0.21842764858506322,3,0,0.7682142857142857
S13,1680,1740,60,30,-0.00015414041082773296,0.23045107023815126,-0.36778738502187813,1.8573908351162711,2.225178220138149,-0.046869907910941574,0.09303689188042535,0.23045112178762675,2230.524220393374,4.192874321209272,19.83466691007611,0.006783798114387335,18.164423720145297,120.6543083939412,91,90,91.0,6.798724179586849,1.236149831887806,0.6595396825396824,0.10769568021237973,0.3057142857142857,0.9828571428571429,94.63078662636954,23.760482653199077,61.04651162790697,196.26168224299064,135.21517061508368,0.1176126897205679,0.10769568021237973,18,0.20224719101123595,0.16328915918702136,3,0,1.0
S13,1710,1770,60,30,0.00030132846889308827,0.22870617658115086,-0.5198591078066511,1.4790591445936665,1.9989182524003177,-0.0415043643872609,0.08712340650409013,0.22870637508651726,2196.8774522190183,4.156798627694366,19.33979628482889,0.006059520930489383,17.90118159023044,137.15283003935883,91,90,91.0,6.94674126486792,0.767806385643816,0.662142857142857,0.09804604638068967,0.32571428571428573,1.0757142857142856,92.8530738638636,16.718469614251553,55.77689243027889,184.21052631578945,128.43363388551057,0.08076962974250355,0.09804604638068967,13,0.14606741573033707,0.14807385645411603,3,0,1.0
S13,1740,1800,60,30,0.0003847397323803878,0.2240327954513397,-0.5165534004248507,1.4956895655604452,2.012242965985296,-0.043720572597455404,0.08877835593815712,0.22403312581491935,2108.0153414209462,4.2803083208885395,20.521663266056084,-0.00031609226992816247,17.83199917783282,137.47482802985508,89,88,89.0,7.023613764627997,0.9804288953487829,0.6720941558441559,0.07352789938594256,0.3271428571428571,0.8414285714285714,90.7067165688789,13.839213669788277,71.30730050933786,183.4061135371179,112.09881302778004,0.07304139745674985,0.07352789938594256,10,0.11494252873563218,0.10940118842960464,3,0,1.0
S13,1770,1830,60,30,-0.001578662136998716,0.22846999514241367,-0.5569593149952635,1.7423390147545206,2.299298329749784,-0.04619421150561169,0.09292022534458472,0.22847544912860404,2192.443295889728,4.181604115381304,19.885629934553588,0.005923588063577022,18.157780852929655,137.4739673664004,91,90,91.0,6.764063330544301,1.385340183889985,0.6586666666666667,0.0930814872319202,0.3,0.8557142857142858,94.21333681497468,22.80339094668531,70.11686143572621,200.0,129.8831385642738,0.0989329680719238,0.0930814872319202,10,0.11235955056179775,0.14131804741688286,3,0,1.0
S13,1800,1860,60,30,0.0010987442480613339,0.22796655393588655,-0.4145996807322389,1.635868691748291,2.05046837248053,-0.046855973086695604,0.0908747218742651,0.22796920176270768,2182.738191997697,4.273155812249631,20.20629291990395,-0.005876022510571924,18.250838410755243,118.72031112384015,92,91,92.0,6.778025482131031,1.4207610506962798,0.6575196232339089,0.09894755331720259,0.3,0.8142857142857143,94.85240141408798,24.789143888770454,73.6842105263158,200.0,126.3157894736842,0.0930722782550843,0.09894755331720259,12,0.13333333333333333,0.15048608409669098,3,0,1.0
S13,1830,1890,60,30,0.0004667686374707282,0.21942806607558135,-0.4145945375048122,1.4554346017614734,1.8700291392662856,-0.045843905206790575,0.09158418548190725,0.21942856253147772,2022.253550294486,4.374554385029907,21.44406522605522,0.0009349391631066577,17.723073714558733,114.88984536120276,89,88,89.0,6.91846001434218,1.531078994386478,0.667435064935065,0.12803262989472708,0.3,0.9828571428571429,95.21799360482473,29.249915270788335,61.04651162790697,200.0,138.95348837209303,0.14562974462434716,0.12803262989472708,24,0.27586206896551724,0.19182784456669716,3,0,1.0
S13,1860,1920,60,30,0.0001337217984493094,0.21800475296541988,-0.36957268064042637,1.4591619402032179,1.8287346208436444,-0.045223349245392896,0.09272414265705352,0.21800479397718098,1996.095788275391,4.393792657250195,21.71376006087558,-0.00010129508564307888,17.690689380242276,126.79383539146616,87,86,87.0,7.025599726915615,1.4586180724613382,0.6903654485049834,0.11975992161478116,0.3,0.9828571428571429,90.93203161415107,24.91904186010546,61.04651162790697,200.0,138.95348837209303,0.12395871209770601,0.11975992161478116,20,0.23529411764705882,0.17347322620812863,3,0,1.0
S13,1890,1950,60,30,0.0003478995295929631,0.22145973070660427,-0.3695726739850824,1.4591619998899572,1.8287346738750396,-0.047068156399821245,0.09074838037358111,0.22146000397074944,2059.8704010664233,4.37674163368616,21.244316622246824,-0.00030766932234245226,17.935766505575057,126.793835404017,88,87,88.0,7.0352785151707815,1.1312651259816366,0.6866502463054186,0.10594189042426509,0.3,0.9314285714285714,90.58263684055251,22.298491965455632,64.41717791411044,200.0,135.58282208588957,0.08074845658943396,0.10594189042426509,15,0.1744186046511628,0.15428799595470133,3,0,1.0
S13,1920,1980,60,30,0.00020231401847265574,0.2223260685568761,-0.29584940235162754,1.4400629885090892,1.7359123908607168,-0.04714542520028994,0.08901432629074893,0.2223261606085052,2076.0147110185917,4.3481140726020895,20.90515285479763,0.0001672929612465974,17.877371030369595,117.24378500734424,93,92,93.0,6.685613056155543,1.670954720722728,0.6454503105590061,0.1325555799699933,0.3,0.9314285714285714,99.2673642876914,31.922100981627214,64.41717791411044,200.0,135.58282208588957,0.13313141622171107,0.1325555799699933,27,0.2967032967032967,0.2053691474022077,3,0,1.0
S13,1950,2010,60,30,3.675816929204983e-05,0.22149625649901422,-0.41093073459925944,1.4386713808525198,1.8496021154517792,-0.044454773469779135,0.0896832696159153,0.2214962595490951,2060.5449057580845,4.306956840861367,20.8895049155008,-0.0010138939428522712,17.558261390179954,117.2628097027765,93,92,93.0,6.515242522957846,2.0364865336947844,0.6455434782608697,0.16380470257364338,0.30142857142857143,0.9928571428571429,101.98123652787808,37.34027799695094,60.431654676258994,199.05213270142178,138.62047802516278,0.1433540807395387,0.16380470257364338,37,0.4065934065934066,0.2537469714897321,3,0,1.0
S13,1980,2040,60,30,0.0002818111243758347,0.2231299012005226,-0.4669283464835751,1.5209664578718807,1.9878948043554558,-0.04344568671906213,0.09359693830455987,0.22313007916295105,2091.0553535451218,4.245085661009363,20.45131496648082,0.0006658055501097815,17.767732839131654,133.50850376431285,90,89,90.0,6.810681042355084,1.5600452816176231,0.6690529695024077,0.13289363205918273,0.30142857142857143,0.9928571428571429,95.13111660588206,29.318958139174857,60.431654676258994,199.05213270142178,138.62047802516278,0.10047521593257505,0.13289363205918273,22,0.25,0.19862946301250142,3,0,1.0
S13,3270,3330,60,30,0.00020432004633621793,0.24212740090649543,-0.5575356043688487,1.4597536919203247,2.0172892962891735,-0.04058115620325051,0.15520400653382949,0.24212748711456963,2462.2802406894757,3.247184055947222,13.23766885047911,0.0015593736281545372,21.73193554926772,134.2786750133808,117,116,117.0,6.650407679896764,0.88134357328426,0.5139901477832512,0.03550654717623045,0.3357142857142857,0.62,117.33819876450796,8.96040938076551,96.7741935483871,178.72340425531917,81.94921070693206,0.021391271885187566,0.03550654717623045,1,0.008695652173913044,0.06908020966815011,2,1,1.0
S13,3300,3360,60,30,0.00011907779655335084,0.2404050679983309,-0.6029120946491809,1.4978385366867841,2.100750631335965,-0.03747350913299867,0.1497890912052297,0.24040509748922492,2427.373657749757,3.250399238454883,13.333948305505913,-0.0009512925819160476,21.752332157403917,143.55978166915872,118,117,118.0,6.66672802989408,0.8194103306876519,0.5098290598290598,0.03435593256883627,0.45571428571428574,0.6771428571428572,118.1779124835143,7.34880314465463,88.60759493670886,131.6614420062696,43.05384706956073,0.020497850078644506,0.03435593256883627,7,0.0603448275862069,0.06738716027751623,2,1,1.0
S13,3330,3390,60,30,0.000287184313291493,0.23978620784173443,-1.2510558543756725,1.5939993070062488,2.8450551613819215,-0.034063594241411393,0.1454845202364061,0.23978637981743095,2414.895333729869,3.009710188047221,13.07649646630351,-0.008607739142158215,21.272295231192814,143.5598614905724,118,117,118.0,6.437059912750493,1.0509035075046274,0.5098901098901099,0.03556140850000016,0.46,0.6771428571428572,118.19630341373387,7.562923258541911,88.60759493670886,130.43478260869566,41.82718767198679,0.021091353191559106,0.03556140850000016,6,0.05172413793103448,0.06974327960129342,2,1,1.0
S13,3360,3420,60,30,0.00019641764432154008,0.21774212064451415,-0.48370989476906423,1.4576232439848757,1.94133313875394,-0.03084222731439317,0.13012673598816216,0.2177422092352816,1991.2901266717681,3.473701887294328,14.405009011139626,-0.001042538754602929,19.88392665700595,130.9134774917634,120,119,120.0,6.513188254224392,0.7108357374202312,0.499795918367347,0.031165705086370763,0.4542857142857143,0.5814285714285714,120.50457633193847,7.321957763182093,103.19410319410319,132.0754716981132,28.881368504010013,0.010931217929568908,0.031165705086370763,0,0.0,0.06235686195313055,2,1,1.0
S13,3390,3450,60,30,-0.0030286308425212624,0.22808898229505617,-1.0735747143846857,1.4290632929636677,2.502638007348353,-0.03463557327086958,0.13463617081444457,0.22810908892276677,2185.417770865338,3.0806874386922587,13.480716696008528,-0.00041120476278058243,19.845003288365373,127.0601658980184,119,118,119.0,6.2905703807948585,0.8042335666071242,0.5070460048426151,0.03685665897422446,0.4542857142857143,0.6014285714285714,118.93928833690262,8.371887287173884,99.7624703087886,132.0754716981132,32.31300138932461,0.01180470775010592,0.03685665897422446,0,0.0,0.07268898408077312,2,1,1.0
S13,3420,3480,60,30,0.0001607143236685384,0.23734296498446156,-0.5033674133161963,1.4340436767120046,1.9374110900282009,-0.03904931895567137,0.14939345574764884,0.23734301939747288,2365.931771981786,3.3066529469826866,13.547559241976149,0.0019751237542976544,20.671529772011578,134.21850521666158,113,112,113.0,6.5939462044825765,0.6428201181006443,0.5302168367346939,0.04366884802640134,0.48,0.6885714285714286,113.87259497077956,8.684768114967326,87.1369294605809,125.0,37.8630705394191,0.016884583820854355,0.04366884802640134,4,0.036036036036036036,0.08236035712357442,2,1,1.0
S13,3450,3510,60,30,-0.0001077775571034394,0.231530376639176,-0.5033674132981323,1.4340436767297136,1.9374110900278458,-0.04207906127914791,0.14407303194994986,0.23153040172443987,2251.4657307525813,3.3730610110353085,14.143251949113541,-0.000869008814965766,20.25261406455769,134.21006765165345,110,109,110.0,6.609688721576037,0.9723488165003533,0.54694626474443,0.052104006384990145,0.31285714285714283,0.6885714285714286,110.76633257379669,11.702294411323484,87.1369294605809,191.78082191780823,104.64389245722732,0.032235316754431045,0.052104006384990145,9,0.08333333333333333,0.09526348335030066,2,1,1.0
S13,3480,3540,60,30,-0.00017073088315973413,0.22722195439084547,-0.44935569990842755,1.4380662487992775,1.887421948707705,-0.03979994751758595,0.1281917912637669,0.22722201853304166,2168.453519661657,3.569747523053789,15.248729923966994,0.0003223522032659414,19.710269864364577,128.85083965858416,108,107,108.0,6.6956929207776685,0.7493044106352127,0.5560747663551401,0.04219338848187985,0.4828571428571429,0.6857142857142857,108.48450943920068,7.749645233503931,87.5,124.2603550295858,36.760355029585796,0.019955669005384036,0.04219338848187985,3,0.02830188679245283,0.075877186009431,2,1,1.0
S13,3510,3570,60,30,0.00018071071673973266,0.23151790436233258,-0.44935569939920955,1.4380662487975315,1.8874219481967411,-0.036454372222058204,0.11190283371059839,0.23151797488896905,2251.2240532609508,3.690363498568659,15.912311492138343,0.00015147434967686257,19.39900817183881,128.85083968026396,104,103,104.0,6.793098254442091,0.36985120281554046,0.575755894590846,0.04504866325489896,0.4942857142857143,0.6814285714285714,104.84369097461365,8.11403408989748,88.05031446540882,121.38728323699422,33.336968771585404,0.015908527037189747,0.04504866325489896,1,0.00980392156862745,0.07824264358928058,2,1,1.0
S13,3540,3600,60,30,0.0024993340567512103,0.23156833837447327,-0.34339882640739516,1.933821453231617,2.277220279639012,-0.03302593941619243,0.09827633412043385,0.2315818257295718,2252.4659643461546,3.803090892731591,16.716387714090494,-0.010854381401927701,18.59329442512962,118.0707626625674,100,99,100.0,6.762989943576802,0.29452896015527325,0.6014574314574314,0.03745675981478788,0.5171428571428571,0.6871428571428572,100.15480860601734,6.400454955297639,87.31808731808732,116.02209944751381,28.704012129426488,0.016812288994199738,0.03745675981478788,1,0.01020408163265306,0.06227665975300018,2,1,1.0
S13,3570,3630,60,30,-0.00014720076600577923,0.2424365900939822,-0.7593099913803789,2.3380833068147413,3.0973932981951204,-0.03253486936219765,0.1024209702339463,0.24243663478208702,2468.571919147448,3.6371033592680138,16.234284975039866,0.01847181777427877,19.021920117393208,110.96292159681111,105,104,105.0,6.473663426789544,0.288038984668262,0.5751236263736265,0.04483381601814576,0.4957142857142857,0.6871428571428572,104.96638869623449,8.254590942273834,87.31808731808732,121.03746397694525,33.719376658857925,0.013055186091795883,0.04483381601814576,0,0.0,0.07795509341328932,2,1,1.0
S13,3600,3660,60,30,0.00013372618068443578,0.24448408217956485,-0.5907143239058021,1.4546341181454354,2.0453484420512376,-0.028785730270998608,0.13679353577825473,0.24448411875186418,2510.444341518776,3.4709597184018666,13.969006235898817,-0.0006591689021945893,20.812909645376777,136.47970442177453,118,117,118.0,6.406617928675203,0.46672178494809624,0.5078021978021978,0.041476978355788494,0.44142857142857145,0.6057142857142858,118.92962444278217,9.500687875588014,99.0566037735849,135.92233009708738,36.865726323502486,0.00853027889270526,0.041476978355788494,0,0.0,0.08167939905597821,2,1,1.0
S13,3630,3690,60,30,0.00012325650409479797,0.24951741193679935,-0.5893705892215444,1.473386020754711,2.0627566099762555,-0.026812072747363858,0.15976623686594565,0.24951744237989495,2614.8760701757765,3.326350964465469,13.09273797725978,0.0015295053357234384,21.686244332848815,136.48220401136965,122,121,122.0,6.315742442765628,0.5229162126302923,0.4902715466351831,0.02600927092491767,0.44142857142857145,0.56,122.72114603327609,6.422203550675868,107.14285714285714,135.92233009708738,28.779472954230243,0.008215838362577495,0.02600927092491767,0,0.0,0.05305074525214387,2,1,1.0
S13,3660,3720,60,30,-0.00037439307725586717,0.2485168176831957,-0.4850749980732994,1.4733849805066037,1.958459978579903,-0.03388183642238031,0.14960353332502593,0.24851709969649777,2593.9514513454783,3.4698876288514295,14.02663142257649,0.0005740430167619102,21.15931502735452,131.94858238845597,115,114,115.0,6.444578579141356,0.39712093043758373,0.5206766917293233,0.04054595661899604,0.4685714285714286,0.65,115.87928035191744,8.31141860961973,92.3076923076923,128.04878048780486,35.741088180112556,0.011973421894279308,0.04054595661899604,0,0.0,0.07787165675561696,2,1,1.0
S13,3690,3750,60,30,-0.00047918823339260187,0.2406054114961476,-0.4850749978922862,1.4333981405335736,1.9184731384258598,-0.040003117494283646,0.12296337824314153,0.24060588866981944,2431.430133828929,3.696563369682832,15.753094441614302,-0.0010097438350024717,20.034373336525654,131.9485823890776,105,104,105.0,6.679595775088048,0.29463525392168316,0.5727472527472528,0.06799918398822773,0.4742857142857143,0.8028571428571428,106.13285512469795,11.703384113097504,74.73309608540926,126.50602409638553,51.77292801097627,0.025812341936278994,0.06799918398822773,6,0.05825242718446602,0.11872459215135692,2,1,1.0
S13,3720,3780,60,30,0.00029323437271774845,0.23593051226482817,-0.3084730635998795,1.4207566217468324,1.729229685346712,-0.036598117704005645,0.10232045411469565,0.23593069449298362,2337.858289365546,3.8976124865114308,17.088414466530303,-0.0002373800007435993,19.211952529010333,118.90223874750532,101,100,101.0,6.781603776855763,0.23008807036008372,0.5976142857142857,0.05622260965781199,0.4942857142857143,0.8028571428571428,101.22298890798182,8.848010470415069,74.73309608540926,121.38728323699422,46.65418715158496,0.027149691552418517,0.05622260965781199,7,0.0707070707070707,0.09407842315986996,2,1,1.0
S13,3750,3810,60,30,0.00018891674474435404,0.2350959583767916,-0.4734323427501796,1.445968201802814,1.9194005445529936,-0.033768894000319086,0.10084056845739794,0.23509603428096904,2321.34610405482,3.935683387751694,17.401230395123225,7.906010797375296e-05,19.064067153002146,130.8933275939404,102,101,102.0,6.6533261466446945,1.0610544440414877,0.5849363507779349,0.058361657250948565,0.32571428571428573,0.7128571428571429,103.87535877619659,13.51965587440874,84.16833667334669,184.21052631578945,100.04218964244276,0.0543170961924099,0.058361657250948565,10,0.1,0.09977437232842615,2,1,1.0
S13,3780,3840,60,30,6.0983355996428275e-05,0.24160979235392147,-0.49642225874136764,1.4989506182997172,1.9953728770410848,-0.033471380672652165,0.10195573015250602,0.24160980005015267,2451.7624101715396,3.826947313120324,16.6635479067664,-0.0006899500283443023,19.241319027733784,130.89332759390234,101,100,101.0,6.6583869173091275,0.8643486429829466,0.5915714285714286,0.059470967020617264,0.3628571428571429,0.7371428571428571,102.55146608070993,11.508589567665812,81.39534883720931,165.3543307086614,83.95898187145208,0.053941721684432405,0.059470967020617264,10,0.10101010101010101,0.10053049242799343,2,1,1.0
S13,3810,3870,60,30,-0.00025651642363623035,0.2424921559959316,-0.4964222587342593,1.4989506184187162,1.9953728771529755,-0.03591215075085903,0.09943622674442572,0.24249229167177833,2469.7054838496942,3.8619495319618604,16.982423106747905,0.0024650890293254134,19.045049682403643,120.79500000347592,101,100,101.0,6.546319934430243,1.28564749088902,0.5940428571428571,0.09348972550772734,0.3,0.8285714285714286,104.40472203171178,22.644743073845554,72.41379310344827,200.0,127.58620689655173,0.10339356275320165,0.09348972550772734,17,0.1717171717171717,0.1573787553938127,2,1,1.0
S13,3840,3900,60,30,0.00020617396810757791,0.2385164875686879,-0.4368592231797769,1.4688622502553919,1.9057214734351686,-0.03923567040789616,0.09683198841368762,0.23851657667719695,2389.386608691985,3.9711756718072158,17.864501200579838,0.0005847265786156643,18.770652793806107,133.45200270645262,98,97,98.0,6.593382609872304,1.4339725819753528,0.6128718703976436,0.10050754741789117,0.3,0.8828571428571429,101.53158029396398,23.404474672135652,67.96116504854369,200.0,132.0388349514563,0.11243497742988995,0.10050754741789117,26,0.2708333333333333,0.16399438817885353,2,1,1.0
S13,3870,3930,60,30,-7.109698977076092e-06,0.24447768142175408,-0.5296244569249118,1.4900391465967233,2.019663603521635,-0.03900030278935224,0.10000534496926085,0.2444776815251333,2510.312144083989,3.8759130843489493,17.03551865287246,-0.0008658460290349592,19.179021323441546,133.45200270642545,97,96,97.0,6.81352737025567,0.32962503456522785,0.6233035714285714,0.05721584345569799,0.5485714285714286,0.8614285714285714,97.0000821301456,8.11107497464122,69.65174129353234,109.375,39.72325870646766,0.0376212682952314,0.05721584345569799,11,0.11578947368421053,0.09179450604552607,2,1,0.9151190476190476
S14,30,90,60,30,0.0003486065629667788,0.27821329858466676,-0.7761302278957368,1.6694311351805582,2.445561363076295,-0.038136048243031295,0.14185218416414147,0.2782135169899131,3250.9159635076603,3.0441967962965975,14.986574421121816,0.000788001307063225,25.199573603586714,158.14748045533818,82,81,82.0,7.324574039339243,2.552476107881548,0.7309700176366842,0.2001600301004442,0.3,0.9328571428571428,93.46117209796533,42.9912215866131,64.31852986217459,200.0,135.68147013782541,0.24739659765367075,0.2001600301004442,45,0.5625,0.2738279618466242,1,0,1.0
S14,60,120,60,30,-0.00023182464993933263,0.2735787396371932,-0.7577167761326946,1.6573521769593293,2.4150689530920237,-0.03681480570388493,0.13421800459702984,0.27357883785874865,3143.5059820140254,3.1337924436870996,15.642783983084083,0.0008436664765575739,24.720195862241937,156.45516405000777,78,77,78.0,7.532900365774463,2.4126271141679148,0.7700927643784786,0.19463767335438084,0.3,0.9428571428571428,88.0584333639501,41.41142335773276,63.63636363636364,200.0,136.36363636363637,0.22697285215993449,0.19463767335438084,38,0.5,0.25274575006748407,1,0,1.0
S14,90,150,60,30,0.00014668851325723417,0.27824314934312677,-0.7865378576929033,1.6603609463336721,2.4468988040265756,-0.03890399855431695,0.14492089091265306,0.2782431880098801,3251.609410303862,3.051658705541313,14.783685240369849,-0.00033297807271136237,24.957789377652805,161.5175638208682,82,81,82.0,7.257401116916046,2.4864821987966668,0.7319929453262786,0.2043875843996077,0.3,0.9428571428571428,93.53090400823982,42.822253401483614,63.63636363636364,200.0,136.36363636363637,0.22859056839507547,0.2043875843996077,38,0.475,0.2792207024734425,1,0,1.0
S14,120,180,60,30,0.0004704832609614019,0.29694270433113273,-2.7485708233827957,2.0394770748958537,4.788047898278649,-0.039617750706636125,0.1530007371820731,0.29694307705347395,3703.3580224193856,2.130117579185359,14.37970075580369,-0.019507086240659742,24.808434331040125,161.5174383355981,80,79,80.0,6.845705467132009,2.182173231777133,0.7549547920433997,0.19940855916044511,0.30142857142857143,1.0071428571428571,89.68452116997588,40.172518785275564,59.57446808510638,199.05213270142178,139.4776646163154,0.2143249658800316,0.19940855916044511,32,0.41025641025641024,0.26413311268707307,1,0,1.0
S14,150,210,60,30,0.0002895259794248281,0.27526411314149485,-0.7687035692184125,1.6793662434949512,2.4480698127133635,-0.04091186484359982,0.14125773100599054,0.2752642654048404,3182.35746397239,3.114877661834944,15.131068385981056,0.0013816301130620656,24.92273738055495,161.94282662864114,82,81,82.0,7.1767898094997165,2.5237968351073694,0.7288007054673721,0.22073715306391578,0.3,1.0071428571428571,95.55090581782746,45.15010809254393,59.57446808510638,200.0,140.4255319148936,0.21672751631145182,0.22073715306391578,40,0.5,0.30287724944278066,1,0,1.0
S14,180,240,60,30,-0.005922501966539699,0.29238631208612786,-2.231774887636227,1.8171335328257194,4.048908420461946,-0.04228774794175316,0.15168141271291272,0.29244628827336866,3592.04292404455,2.267876025757437,14.063527870709429,0.0031895706246410165,25.099503345216455,161.94282662886638,85,84,85.0,6.628924800568437,2.4315372229945496,0.706156462585034,0.21212263998015726,0.3,0.9371428571428572,98.17490249891178,45.293926855185,64.02439024390243,200.0,135.97560975609758,0.21376954470739323,0.21212263998015726,41,0.4939759036144578,0.300390425095931,1,0,1.0
S14,210,270,60,30,0.0001283731336409323,0.27572766209141003,-0.7571553014260031,1.6585622609768147,2.4157175624028175,-0.04132916580671833,0.1415579704406854,0.27572769197535496,3193.081925126362,3.103458249444439,14.824706827079925,-0.0004644029474644709,24.69014710657657,163.79626863399767,76,75,76.0,7.665704273169509,1.8351254657756322,0.7900190476190475,0.1568448244505253,0.30142857142857143,0.9371428571428572,82.29019796962088,32.99034482642264,64.02439024390243,199.05213270142178,135.02774245751937,0.158261114155446,0.1568448244505253,19,0.25675675675675674,0.19853296565851528,1,0,1.0
S14,240,300,60,30,0.00011775793442909476,0.27853611601524303,-0.7571553014250124,1.6626400685651028,2.419795369990115,-0.0416990763195527,0.14292620198219483,0.27853614090776097,3258.4600352550983,3.063485497524112,14.43175958348391,0.00018543831322256004,24.880160669080187,163.79626863401725,74,73,74.0,7.904825267132285,1.270653175533964,0.8098043052837574,0.10341642766079202,0.30428571428571427,0.9228571428571428,76.56632870798467,19.967759074726633,65.015479876161,197.1830985915493,132.1676187153883,0.10835962527631164,0.10341642766079202,10,0.1388888888888889,0.1277054554860074,1,0,1.0
S14,270,330,60,30,0.00040667194647896795,0.2804234374547722,-0.7214874443622411,1.686390751375426,2.407878195737667,-0.042707222017821775,0.1437196715310437,0.2804237323338069,3302.7737255529487,3.0600835476532304,14.36745613093218,0.0010135952676977736,25.13014154233182,156.81189825432034,74,73,74.0,7.882050948816668,1.219054074972333,0.815675146771037,0.07938855395744575,0.30428571428571427,0.9228571428571428,75.03906135180371,15.909458807790683,65.015479876161,197.1830985915493,132.1676187153883,0.08274880026670013,0.07938855395744575,9,0.125,0.09732864152072836,1,0,1.0
S14,300,360,60,30,0.0002079728603833512,0.2784666398325941,-0.7304925416803941,1.6793640543170965,2.4098565959974905,-0.042417384925297605,0.1413245093370416,0.2784667174948675,3256.835935599386,3.0811070429603014,14.59385512036582,-0.0007966389034579137,24.940956238440567,155.88299652931326,74,73,74.0,7.881346837159545,1.3702539011586174,0.8177886497064578,0.10908110903152612,0.3,0.94,76.20588610742882,22.183332990308585,63.829787234042556,200.0,136.17021276595744,0.11197426919364666,0.10908110903152612,15,0.20833333333333334,0.13338545242793523,1,0,1.0
S14,330,390,60,30,0.00024370709220460708,0.2814674043776454,-0.9147373675641358,1.7240782324285948,2.6388155999927307,-0.04427049728098773,0.15208685560161167,0.2814675098838865,3327.406283049902,2.9500307499258422,13.823669747667253,-0.004583334247363988,25.046794729824278,164.79095476117845,77,76,77.0,7.610057260480815,1.74618180997125,0.7860526315789473,0.13933647974452637,0.3,0.94,81.01975826833359,27.721665528141486,63.829787234042556,200.0,136.17021276595744,0.1071715517131232,0.13933647974452637,19,0.25333333333333335,0.1772610053663208,1,0,1.0
S14,360,420,60,30,0.00018649261987139715,0.28541951983199626,-0.8132611165503261,1.6674598626369512,2.4807209791872773,-0.04888874199848241,0.16255394339703463,0.2854195807589672,3421.5021573862323,2.9060143218993306,13.32131917461934,-0.0008401284980586523,25.46892971535256,164.79095476112622,78,77,78.0,7.606747909350818,1.5969259923648098,0.7710204081632653,0.13384858730088042,0.30142857142857143,0.91,82.33947691104115,27.11990396030768,65.93406593406593,199.05213270142178,133.11806676735586,0.12742618595831862,0.13384858730088042,17,0.2236842105263158,0.17359927945323295,1,0,1.0
S14,390,450,60,30,-0.0011338523633394766,0.2836932017778301,-0.9903867504780488,1.6825642877753177,2.6729510382533666,-0.04616691963850571,0.15485728709549315,0.28369546763411374,3380.290970957816,2.947055505419024,13.630156545444052,0.001507977710578854,25.188201332291857,159.22339145949317,75,74,75.0,7.777721787082609,1.2339985928307589,0.8027992277992277,0.10213291773040246,0.3,0.8928571428571429,77.34570481643408,21.288809178280275,67.2,200.0,132.8,0.11432386838653918,0.10213291773040246,8,0.1095890410958904,0.1272209964755284,1,0,1.0
S14,420,480,60,30,0.00019891598565382326,0.28158695316232507,-0.7140444841733185,1.6707409541475136,2.384785438320832,-0.04504927483392589,0.14943901028104847,0.28158702342048864,3330.2325738700542,3.015216705089638,13.925041627761832,0.00044332191781165127,24.933940870722036,156.01728465365957,73,72,73.0,7.89726939134861,0.9786426050052094,0.8198214285714286,0.0769102671993816,0.3,0.8971428571428571,74.62069788751657,15.945614884290492,66.87898089171975,200.0,133.12101910828025,0.08211595220302008,0.0769102671993816,7,0.09859154929577464,0.0938134385355123,1,0,1.0
S14,450,510,60,30,0.00031695126522671846,0.285773966686336,-0.7234452274991436,1.6891062382531181,2.4125514657522618,-0.04867658271568609,0.1631941205988473,0.2857741424512505,3430.0081407373987,2.932527344999699,13.260908995996434,-0.00042714230853891847,25.441368143154936,163.50020463504148,80,79,80.0,7.329582619054785,1.8316487398884707,0.7527124773960217,0.15825671242795586,0.3057142857142857,0.9142857142857143,86.39000989277565,32.7052647298087,65.625,196.26168224299064,130.63668224299064,0.12711733702805095,0.15825671242795586,16,0.20512820512820512,0.21024855729167471,1,0,1.0
S14,480,540,60,30,0.0001716937529527713,0.28400845788507934,-0.7234452274961943,1.6891066218974924,2.4125518493936866,-0.049637718593208494,0.1609789272543513,0.2840085097827276,3387.755012418239,2.968238544726504,13.574821125578197,0.00028334792457173984,25.522880749264726,163.500204627201,80,79,80.0,7.419412703370838,1.783431629064522,0.7466546112115734,0.15754049412409277,0.3057142857142857,0.9414285714285714,86.99475751695888,32.52321419236465,63.73292867981791,196.26168224299064,132.52875356317273,0.12734210834939752,0.15754049412409277,18,0.23076923076923078,0.21099513986588347,1,0,1.0
S14,510,570,60,30,0.0002543214741042105,0.2820543678430506,-0.6935986349050487,1.667922869881955,2.361521504787004,-0.04930179106271243,0.15355855915032385,0.28205448250073084,3341.298706147714,3.0355974560487393,14.040955109185887,0.0003764946987415226,25.5878785822695,158.30981597332556,77,76,77.0,7.681181339693259,1.3994300719441326,0.7819172932330827,0.10910547145184454,0.30428571428571427,0.9414285714285714,79.63559592032507,21.675227580895825,63.73292867981791,197.1830985915493,133.4501699117314,0.07336276465684236,0.10910547145184454,15,0.2,0.1395358209826946,1,0,1.0
S14,540,600,60,30,0.0015570039384036171,0.28263315808876666,-0.7076682553897068,2.0194287335063605,2.727096988896067,-0.04614434493255549,0.14974104935497468,0.282637446762622,3355.1249051247473,3.0680044665557245,14.1764876146289,-0.005930745800811233,25.449626029158352,158.30981599044134,77,76,77.0,7.582426871473924,1.4113065867555699,0.7840601503759398,0.10685526631569156,0.30428571428571427,0.88,79.38073632854947,21.6516407906405,68.18181818181819,197.1830985915493,129.00128040973112,0.07331378836634928,0.10685526631569156,15,0.2,0.1362845264670788,1,0,1.0
S14,570,630,60,30,0.00018024296206001843,0.2779954860165929,-0.7525133164937609,1.6713180200263857,2.4238313365201467,-0.043772337247662524,0.14599818124106267,0.27799554444833663,3245.823954791338,3.111192554895276,14.585747379557844,0.0002447743113933595,24.877857363357013,154.27743342814333,75,74,75.0,7.675523580566366,1.5309840357486029,0.8038030888030889,0.1075085848178818,0.30857142857142855,0.8842857142857142,77.38759122747675,21.286934471205203,67.8513731825525,194.44444444444446,126.59307126189195,0.11691878717998577,0.1075085848178818,19,0.2602739726027397,0.1337499025762249,1,0,1.0
S14,600,660,60,30,0.0003310277999045043,0.2777172045702315,-0.7087050890032636,1.6659302618463447,2.3746353508496085,-0.04455089907747593,0.14476736819625335,0.27771740185611005,3239.332122335741,3.133943163815524,14.781890633608295,0.0001278290759351636,24.93443714622242,154.47167309276026,74,73,74.0,7.853260115867605,1.2631277560635445,0.8076712328767123,0.10292901023991853,0.30857142857142855,0.9028571428571428,76.85866334372149,20.91367717761315,66.45569620253166,194.44444444444446,127.9887482419128,0.10978798368011054,0.10292901023991853,16,0.2222222222222222,0.12743924266475667,1,0,1.0
S14,630,690,60,30,0.0002099836411581876,0.2762197943843194,-0.6916543375384256,1.681494793593155,2.373149131131581,-0.043456212134222585,0.1400921448940985,0.27621987419960436,3204.4915939195007,3.159381462791809,15.037177937953867,0.0005907769899116416,24.71173603357243,153.6662908067614,71,70,71.0,8.157952360660353,0.18399558324275203,0.8469591836734693,0.040334549520825144,0.7614285714285715,0.9285714285714286,71.00440795089273,3.4218275455775724,64.61538461538461,78.79924953095684,14.18386491557223,0.03378560376241994,0.040334549520825144,9,0.13043478260869565,0.047622778403422376,1,0,1.0
S14,660,720,60,30,0.00017650276705495158,0.2766620991191695,-0.7415575516826654,1.668781293590966,2.4103388452736314,-0.04329718603786602,0.137893145018882,0.27666215542110556,3214.761826174583,3.1242887934327666,14.81773504091959,-0.0008835080991369382,24.563286030477197,155.66574372223343,70,69,70.0,8.16997486014304,0.19139477238970584,0.8635817805383023,0.037516533425892555,0.7757142857142857,0.9471428571428572,69.6120606137737,3.0884035552284668,63.348416289592755,77.34806629834254,13.99965000874979,0.03594254786042135,0.037516533425892555,11,0.16176470588235295,0.04344294225673349,1,0,1.0
S14,690,750,60,30,6.515798031277388e-05,0.27804673476091385,-0.6929622745765034,1.665870076581277,2.3588323511577807,-0.04416972680863082,0.14320292038004717,0.27804674239553384,3247.019620184271,3.087187966015384,14.509848975007177,-0.0026852298317754496,24.585118740895503,154.6674325078689,72,71,72.0,7.886199317054917,1.2778051724481354,0.8372635814889335,0.09027368768397577,0.3,0.9471428571428572,73.3632243421649,16.790191590375397,63.348416289592755,200.0,136.65158371040724,0.0929297988906997,0.09027368768397577,16,0.22857142857142856,0.10781991439713534,1,0,1.0
S14,720,780,60,30,-0.00023821156867418684,0.28042946717258305,-0.6933087419532117,1.6658701010740342,2.359178843027246,-0.046390230722770515,0.1484125779770101,0.28042956834729516,3302.9111977449115,3.064946928697232,14.243760521561494,-0.003847366921492804,24.952272682045457,155.50713251063922,74,73,74.0,7.817104062903891,1.247043164926392,0.815068493150685,0.08818679221555054,0.3,0.9242857142857143,75.30592938470726,16.627059688430403,64.91499227202473,200.0,135.08500772797527,0.087071431826764,0.08818679221555054,12,0.16666666666666666,0.10819556019723006,1,0,1.0
S14,750,810,60,30,0.00022998723032731169,0.28657212142662514,-0.8015121030199925,1.6686256028003001,2.4701377058202927,-0.05025630772699264,0.15900261168823968,0.2865722137142443,3449.1926142694647,2.9630859579806574,13.420577793673658,0.00013205202507214438,25.687691970518237,159.95330863943974,83,82,83.0,7.213205986946493,2.0384469288717937,0.7217770034843206,0.17439828445682548,0.3,0.8957142857142857,91.98474731229179,37.46717367123985,66.98564593301435,200.0,133.01435406698565,0.13973610084211893,0.17439828445682548,22,0.2716049382716049,0.24162349813714173,1,0,1.0
S14,780,840,60,30,0.00023066687018884582,0.282911195075542,-0.8015121080286911,1.6677767217591073,2.469288829787798,-0.04942567824328126,0.1537290793423699,0.28291128911069696,3361.629495263608,3.0024264222428325,13.86446627967645,0.0006187055780083398,25.60162941659302,159.95330862210352,89,88,89.0,6.785328048735539,2.6122356868145737,0.670340909090909,0.20632473844803126,0.3,0.9214285714285714,103.01383227495758,45.12137270311077,65.11627906976744,200.0,134.88372093023256,0.21403444490966386,0.20632473844803126,45,0.5172413793103449,0.30779076086500684,1,0,1.0
S14,810,870,60,30,0.00020270137154152824,0.2765080402064784,-0.6954130230126043,1.666778107915259,2.3621911309278634,-0.04496055952881642,0.14221099240062485,0.2765081145042103,3211.1829702402865,3.119968122793294,14.844333498898472,0.00046760716143681616,25.124231325980233,159.63991993551295,81,80,81.0,7.311689196138419,2.2799007822063833,0.7422142857142857,0.18214354341607408,0.3,0.9214285714285714,90.22182429350221,39.37848929422956,65.11627906976744,200.0,134.88372093023256,0.20675114175350565,0.18214354341607408,34,0.43037974683544306,0.24540560175392523,1,0,1.0
S14,840,900,60,30,2.2873181006637568e-05,0.28005053600432994,-0.7394946021263824,1.6586276673648197,2.398122269491202,-0.04616425936705704,0.1474783000366694,0.2800505369384156,3293.9887360587854,3.070450229077291,14.386958016038584,0.0025083733735774758,25.534016563622927,163.5253691524454,80,79,80.0,7.438317976236286,1.988380185742366,0.7560216998191681,0.14763557507227731,0.3,0.9114285714285715,85.27144949350657,31.127950530630287,65.8307210031348,200.0,134.16927899686522,0.1473542171304318,0.14763557507227731,21,0.2692307692307692,0.1952795470124602,1,0,1.0
S14,870,930,60,30,0.00022896652928944988,0.286527950101446,-0.759585505384884,1.6890141003214207,2.448599605706305,-0.051146833167298,0.16034738034731777,0.286528041585825,3448.1293818303475,2.964687415944698,13.446383415031143,0.001996507511085386,26.42875848299046,163.570625541213,87,86,87.0,6.884730955985084,2.3066973381199647,0.6845847176079733,0.1677787144521368,0.3,0.84,96.72341302075706,37.80806636216893,71.42857142857143,200.0,128.57142857142856,0.12038912499294373,0.1677787144521368,22,0.25882352941176473,0.24508101062842463,1,0,1.0
S14,900,960,60,30,0.0013709708954311739,0.2891519776171501,-0.78307406081929,1.8870334437725091,2.6701075045917992,-0.050973445732609306,0.1662962351333792,0.28915522772570623,3511.6513202864107,2.9156841800911124,13.035722918129366,-0.0022345863348215214,26.384082220468247,163.57062521063907,87,86,87.0,6.811388829936099,2.293187429993482,0.6959468438538206,0.16788217957979087,0.3,0.9057142857142857,94.86692309248514,37.02454026943799,66.24605678233439,200.0,133.7539432176656,0.14671521441778512,0.16788217957979087,33,0.38823529411764707,0.24122845165895102,1,0,1.0
S14,930,990,60,30,-0.00019741785298076076,0.28698996344793987,-0.783862579568423,1.6718707532532824,2.4557333328217053,-0.05197443426610343,0.16290101922184116,0.2869900313489278,3459.2576799336593,2.9288058041822778,13.199120455393164,0.0003083702625417966,26.101666738770135,165.0845219930742,90,89,90.0,6.805338323969641,2.4987363866370105,0.6719582664526486,0.1931115238128653,0.3,0.9057142857142857,101.1261422554612,42.161952226184304,66.24605678233439,200.0,133.7539432176656,0.19783446116886216,0.1931115238128653,45,0.5113636363636364,0.28738618669329735,1,0,1.0
S14,960,1020,60,30,-0.00013235673273463044,0.30486563158194424,-0.988597520246945,3.6569540128063314,4.645551533053276,-0.051837725260321176,0.16765146427678002,0.3048656603131327,3903.608975202823,2.9632176067366283,16.66098975433023,0.029227596896367655,26.071763818740422,165.08516102631518,93,92,93.0,6.29746620289961,2.4990438206948737,0.6496273291925465,0.1951739002941822,0.3,0.8928571428571429,105.07489729429977,43.37136439025957,67.2,200.0,132.8,0.21315115660964123,0.1951739002941822,49,0.5384615384615384,0.3004397929760334,1,0,1.0
S14,990,1050,60,30,0.00019784681902565812,0.276372007226865,-0.7199104799220273,1.652943123246217,2.3728536031682443,-0.045069079957118896,0.14836777789665595,0.2763720780432967,3208.024071922744,3.1113154972216575,14.775002453641498,0.0010589424912167034,25.19013637336476,161.65347350025655,81,80,81.0,7.406555452792752,2.1905014970329235,0.738107142857143,0.172619786123215,0.3,0.8928571428571429,89.69754073417633,37.01574662406502,67.2,200.0,132.8,0.17833850994143768,0.172619786123215,32,0.4050632911392405,0.23386819622828756,1,0,1.0
S14,1020,1080,60,30,0.001833613414922016,0.2783164134166609,-0.7021100480378788,1.6546251528026041,2.356735200840483,-0.044841236402254916,0.1446583830831792,0.2783224534874416,3253.462300841302,3.077154227729129,14.339331624016527,0.00014506803026319488,25.091436627660148,156.96552048320555,75,74,75.0,7.84098073124054,1.330715102217064,0.7977220077220079,0.1006106339537954,0.3,0.87,77.8225374310983,21.499007815132906,68.96551724137932,200.0,131.0344827586207,0.11125469398270003,0.1006106339537954,17,0.2328767123287671,0.12612242482954844,1,0,1.0
S14,1050,1110,60,30,-1.0368185487340795e-06,0.28180383462355446,-0.803148143739198,1.691900034554865,2.495048178294063,-0.047877766596549284,0.15668883314003734,0.2818038346254618,3335.362850803814,3.0259813889838885,13.933843949292577,0.00500762920075402,25.487705199015135,156.96537986855625,78,77,78.0,7.646957801262406,1.4634342733200392,0.7679962894248608,0.11745518338008631,0.30142857142857143,0.8971428571428571,81.92879912306019,25.59524348156311,66.87898089171975,199.05213270142178,132.17315180970203,0.10801897434467132,0.11745518338008631,18,0.23684210526315788,0.15293717560542705,1,0,1.0
S14,1080,1140,60,30,4.100480911385456e-05,0.2790362086711689,-0.7005367840264145,1.6492719953297739,2.3498087793561884,-0.04588546818947377,0.15028053752039974,0.2790362116840294,3270.1707121009276,3.076235499860264,14.352152377118852,-0.0018669174144619468,25.285844021393135,158.34146898892837,82,81,82.0,7.335938554277695,2.121952128405219,0.7343033509700176,0.16721971639546943,0.3,0.8971428571428571,89.81073482701376,36.63484471295579,66.87898089171975,200.0,133.12101910828025,0.17877060320821364,0.16721971639546943,28,0.35,0.22772566157375085,1,0,1.0
S14,1110,1170,60,30,0.0029514382362631824,0.2851569386514836,-0.7664870014246166,2.3174868086528333,3.08397381007745,-0.04497816653481484,0.15058018709405194,0.2851722122661121,3415.5740072474364,3.0245355819951123,13.978351790740863,-0.010877390546372464,25.67552765464846,160.5585731058532,81,80,81.0,7.346438907450291,1.8772825324920055,0.7490178571428572,0.1501267481078871,0.3,0.9114285714285715,86.35469655954589,32.27240983757554,65.8307210031348,200.0,134.16927899686522,0.1602415994321754,0.1501267481078871,25,0.31645569620253167,0.20043146725573197,1,0,1.0
S14,1140,1200,60,30,0.0002727651992154831,0.2791386285089001,-0.7506078706302015,1.6553552127531224,2.405963083383324,-0.04417634011908351,0.14384360450506065,0.27913876177751384,3272.5748297207115,3.0614952202403765,14.407497495740735,0.00029967515094276383,25.36502005223535,160.5585730861119,77,76,77.0,7.761731150903204,1.5440526455084878,0.7822556390977443,0.13595314618250795,0.3,0.9514285714285714,81.23877754934499,27.292074771091887,63.06306306306306,200.0,136.93693693693695,0.1045638821112571,0.13595314618250795,22,0.29333333333333333,0.1737963133628754,1,0,1.0
S14,1890,1950,60,30,0.0003792819169636348,0.42540234440856667,-3.829601773659951,2.6096452235999896,6.439246997259941,0.021947934446105204,0.31551458160014695,0.42540251348937436,7600.626536289248,0.060334771021904605,6.096312211624928,-0.03288300409843387,42.31922268802476,196.61450904476675,143,142,143.0,5.158015005362533,1.424094321854186,0.42138832997987935,0.0312409543847516,0.34714285714285714,0.5,143.17459665249487,10.688815115486008,120.0,172.83950617283952,52.83950617283952,0.040673872119689536,0.0312409543847516,33,0.23404255319148937,0.07413815751908295,2,1,0.7634047619047619
S14,1920,1980,60,30,-0.0025567579479414955,0.4026148364580234,-1.6770750454112127,1.6966252312799068,3.3737002766911193,0.0038193934514013485,0.30488745510036414,0.40262295457080594,6808.420228987662,0.6442753374685695,4.198525538368439,0.0026490559051869536,41.571616787117115,193.07275244931654,136,135,136.0,5.844725669737182,1.3585837837777863,0.4422962962962963,0.039474666827316325,0.3485714285714286,0.53,136.75217703714853,12.368294589067709,113.20754716981132,172.1311475409836,58.92360037117227,0.036992273069238656,0.039474666827316325,30,0.22388059701492538,0.08924937232771234,2,1,1.0
S14,1950,2010,60,30,-0.005874947741791965,0.40268076468609804,-2.5381798584106674,1.7665242550286027,4.30470411343927,-0.01728021800280597,0.28063196066259377,0.40272361894871456,6811.825156884277,0.7274412807661257,4.970002389523477,0.012685444034193872,40.02779253129291,190.5673820424335,128,127,128.0,5.901129162027457,1.3652563153192852,0.4719235095613048,0.038253439862909064,0.38571428571428573,0.5785714285714286,127.97866617352601,10.42145916235022,103.7037037037037,155.55555555555554,51.85185185185185,0.041363425203994095,0.038253439862909064,31,0.24603174603174602,0.08105855946542918,2,1,1.0
S14,1980,2040,60,30,0.0006061763855863818,0.3875301974693729,-1.169776713353564,1.7128395805722312,2.8826162939257953,-0.015017377019051818,0.27355054597825923,0.387530671560925,6307.560898819385,0.8825207269872972,4.702342943469424,-0.00030007560144378515,39.628404957627666,188.9027008953915,128,127,128.0,6.626032614995157,0.3989995975846441,0.47114735658042733,0.028102472763376504,0.42714285714285716,0.5785714285714286,127.77261060697167,7.137191751057675,103.7037037037037,140.46822742474916,36.764523721045464,0.00990888192699277,0.028102472763376504,1,0.007936507936507936,0.059646886204229956,2,1,1.0
S14,2010,2070,60,30,-0.0009684624392993587,0.39266990715426786,-1.169776713374514,1.6775012450770266,2.8472779584515404,-0.0032071045984279544,0.2845294823876496,0.3926711014373705,6476.004943969583,0.6633851433200572,4.140421481121766,0.0012008834743286886,40.514225364723266,188.32736725041363,135,134,135.0,6.443379361244492,0.6379432128529388,0.445863539445629,0.025508098166857764,0.3414285714285714,0.5142857142857142,135.0132030709402,7.808797190882263,116.66666666666667,175.73221757322176,59.06555090655509,0.018667848519839526,0.025508098166857764,2,0.015037593984962405,0.0572105496640825,2,1,1.0
S14,2040,2100,60,30,-0.0005893131671034782,0.3929750163992465,-1.1742006021058289,1.6880179944037508,2.86221859650958,-0.00024280983565275367,0.27947794444859786,0.3929754582718836,6486.047853767872,0.6830786839983043,4.225245742658821,0.004609976842610608,40.67245684764786,188.3273677081226,135,134,135.0,6.485193166437174,0.5550492888386422,0.444317697228145,0.022164661125304557,0.3142857142857143,0.5057142857142857,135.3992254977522,7.357600815024933,118.64406779661017,190.9090909090909,72.26502311248073,0.01216605479875349,0.022164661125304557,1,0.007518796992481203,0.04988471371628398,2,1,1.0
S14,2070,2130,60,30,0.000507945218982293,0.3859637730179547,-1.179770316488088,1.7658920492175505,2.9456623657056387,0.0024853140621279614,0.27725631567140474,0.3859641072568805,6256.668267805231,0.6499992307474315,4.21223539175505,0.00022173328551158069,40.32633009822179,186.8005675420913,136,135,136.0,6.526722709498477,0.3076812079246984,0.4421164021164021,0.017977774009388187,0.4114285714285714,0.5057142857142857,135.92912880715153,5.377476456100146,118.64406779661017,145.83333333333334,27.18926553672317,0.004615921538315292,0.017977774009388187,0,0.0,0.040662988125590806,2,1,1.0
S14,2100,2160,60,30,6.928898523595513e-05,0.3835916049452592,-1.1848449429041583,1.704188072031999,2.8890330149361576,-0.0004324641300269827,0.2770358240759305,0.3835916112031691,6179.986015788616,0.6655268708192449,4.2412952937221995,0.003189966324873439,40.12986061194841,184.4368326195178,136,135,136.0,6.531465065552571,0.30095285525792065,0.44250793650793646,0.018989965657325834,0.4114285714285714,0.49,135.8347954479753,5.6923054159682325,122.44897959183673,145.83333333333334,23.38435374149661,0.004620868053260249,0.018989965657325834,0,0.0,0.042914406930609356,2,1,1.0
S14,2130,2190,60,30,5.8902431916501994e-05,0.38327183342230015,-1.1849789974488607,1.678292058128674,2.8632710555775347,-0.014709506545880251,0.27203818863259943,0.3832718379484564,6169.686674104289,0.9259101982574274,4.826722920425712,-0.0012308544254399335,39.53431062846936,183.84349988967855,129,128,129.0,6.649264441840034,0.23482892731155083,0.46511160714285715,0.01894592312423274,0.42714285714285716,0.52,129.21491752692225,5.250781108450274,115.38461538461539,140.46822742474916,25.083612040133772,0.006072834482891535,0.01894592312423274,0,0.0,0.04073414387702772,2,1,1.0
S14,2160,2220,60,30,-0.0009313156269424587,0.39938683883301096,-1.4205260639655426,1.6988986192389368,3.119424683204479,-0.033396737676076406,0.2690186516353331,0.3993879246820345,6699.450004036544,1.0300470266950692,4.767802139525149,0.00032678843370800603,38.399338762936104,190.5227284486774,124,123,124.0,5.981450167353361,1.293876724837878,0.4829616724738676,0.046644559957999085,0.3057142857142857,0.6214285714285714,125.55686718665919,14.023508810272237,96.55172413793103,196.26168224299064,99.70995810505961,0.05240805487190566,0.046644559957999085,27,0.22131147540983606,0.09658025184290987,2,1,1.0
S14,2190,2250,60,30,0.00043067000995609494,0.39623955705513675,-1.420454312859824,1.6988986192876998,3.1193529321475237,-0.041598346846642154,0.25610211371418373,0.39623979110118207,6594.250826180154,1.2312728224653793,5.2671175291050965,0.00040469882605070336,37.48497173221875,190.52272844890112,122,121,122.0,6.450491975280469,0.6050870117190041,0.49371900826446274,0.032410588681621555,0.3171428571428571,0.62,122.09958555637476,9.000572427943709,96.7741935483871,189.1891891891892,92.41499564080209,0.020885173597326796,0.032410588681621555,6,0.05,0.06564581905718461,2,1,1.0
S14,2220,2280,60,30,6.159606427144338e-05,0.39329631176392504,-1.3040264274983522,1.6985493044011437,3.002575731899496,-0.018536347015472146,0.2755142062754782,0.39329631658735587,6496.643690929629,1.1161028157609503,4.962192081685838,0.001702746973643611,39.59371456412754,199.16442191321985,132,131,132.0,6.548802221591105,0.27581446589189373,0.45478735005452564,0.034654470802478694,0.4042857142857143,0.5228571428571429,132.68342609255075,9.904240264186878,114.75409836065573,148.40989399293287,33.65579563227713,0.004706453700656229,0.034654470802478694,0,0.0,0.0761992847829296,2,1,1.0
S14,2250,2310,60,30,-0.0003744657608751432,0.4295573162829255,-3.6573666190710603,2.4996627588772666,6.1570293779483265,0.0003313551445688883,0.32957705793876185,0.4295574795027965,7749.8243842654065,0.34007185348477476,5.447373509778256,-0.02190192842315603,41.666272066628714,199.16446942762224,141,140,141.0,5.793249359347828,0.9388512800327676,0.42777551020408167,0.020384261513507473,0.37142857142857144,0.5171428571428571,140.57034974186905,6.537177904449166,116.02209944751381,161.53846153846152,45.51636209094771,0.025730267957782108,0.020384261513507473,10,0.07194244604316546,0.04765177301473528,2,1,1.0
S14,2280,2340,60,30,-0.0006706464508970691,0.39528681097705226,-1.1987884140506668,1.7293485998786908,2.9281370139293577,-0.014777750593823937,0.29923865955579565,0.3952873798884426,6562.588733360937,0.7521648632051696,4.174021680148275,-0.001756618725298812,40.314684117778455,191.8707570579117,131,130,131.0,6.525595349554978,0.293000290384241,0.45849450549450554,0.05488515526154194,0.4057142857142857,0.7142857142857143,132.3239278931441,12.409710997372231,84.0,147.88732394366198,63.88732394366198,0.020680558329062876,0.05488515526154194,2,0.015503875968992248,0.11970733477459233,2,1,1.0
S14,2310,2370,60,30,-0.006252908671461199,0.40037782824951257,-2.74495606368325,1.7496511643439188,4.494607228027169,-0.029647798498844625,0.2885292219974933,0.4004266527351168,6734.343177267292,0.7158913277671035,5.116680196566662,0.007570400712359685,39.20290040432316,189.3302312161741,125,124,125.0,5.989598134818551,1.202182046488691,0.4805069124423963,0.053082777082504695,0.39571428571428574,0.7142857142857143,126.1393001358212,11.716939920991404,84.0,151.6245487364621,67.62454873646209,0.03904089061318379,0.053082777082504695,22,0.17886178861788618,0.11047245254534879,2,1,1.0
S14,2340,2400,60,30,-0.0005810390628956159,0.3891975268041615,-1.2156210777716348,1.7569919572696069,2.972613035041242,-0.03317273884378295,0.2832210265665467,0.3891979605250631,6361.952204028481,1.1559417139955068,5.217795710535269,-0.011301933138267238,39.19627641346443,186.54820126602382,125,124,125.0,6.675830007194105,0.20551997285542345,0.48099078341013823,0.020863657699901485,0.45,0.5542857142857143,124.97120427003595,5.280633042461267,108.24742268041237,133.33333333333334,25.085910652920973,0.009080872931274863,0.020863657699901485,1,0.008130081300813009,0.04337641888266944,2,1,1.0
S14,2370,2430,60,30,4.2405881398378035e-05,0.3838796044308741,-1.0870201341820063,1.6888859226205237,2.7759060568025298,-0.036586675319521464,0.27500997166285357,0.38387960677309124,6189.269204843053,1.2243020591050202,5.393709899278962,0.003509756915800343,38.641812668799176,186.25221376862402,124,123,124.0,6.70179631552179,0.2047225548846747,0.4851219512195122,0.029261088101713573,0.44285714285714284,0.6128571428571429,124.08683970655171,6.772619430328174,97.90209790209789,135.48387096774195,37.58177306564406,0.011858144479575821,0.029261088101713573,2,0.01639344262295082,0.060316973965322096,2,1,1.0
S14,2400,2460,60,30,0.0004982565943011132,0.37722193879858895,-1.0482574697733769,1.684976245259525,2.7332337150329016,-0.03931484333175591,0.26957458085425184,0.3772222678615356,5976.458853565206,1.3374659622402487,5.780379003187615,0.003036940904393984,37.70464887958306,186.25221376849063,121,120,121.0,6.750122125880025,0.19481572474066583,0.4930714285714286,0.02986172783205363,0.44285714285714284,0.6128571428571429,122.10715822716254,6.984738617471924,97.90209790209789,135.48387096774195,37.58177306564406,0.01059133131816133,0.02986172783205363,1,0.008403361344537815,0.060562681391967375,2,1,1.0
S14,2430,2490,60,30,-5.5525180637094185e-05,0.3709712107564063,-1.0075424672628774,1.6849757230661035,2.6925181903289808,-0.04955156481560932,0.25265956876443807,0.37097121491177687,5780.024976311029,1.5506736679868265,6.409268169078446,-0.000129209205768418,36.583117027360366,179.4568655723407,117,116,117.0,6.819585694918891,0.18243561343780595,0.5125123152709359,0.026416000664765134,0.4757142857142857,0.6157142857142858,117.35568057397214,5.554589557512599,97.44779582366588,126.12612612612612,28.67833030246024,0.012673638704508756,0.026416000664765134,1,0.008695652173913044,0.051542177383192264,2,1,1.0
S14,2460,2520,60,30,1.942726960416882e-05,0.36421858655523887,-1.134962176377046,1.8101261471876395,2.9450883235646854,-0.053677377899038155,0.2365874502987742,0.36421858707336013,5571.517525128023,1.6714230424507932,6.82426176281891,-0.002269214282826263,35.46740746233056,181.78187747980255,113,112,113.0,6.908149865300248,0.22395832378192332,0.5331505102040817,0.03373880247937984,0.4757142857142857,0.6228571428571429,112.97382846128615,6.896400332756729,96.3302752293578,126.12612612612612,29.79585089676833,0.01626845480694092,0.03373880247937984,1,0.009009009009009009,0.0632819472806378,2,1,1.0
S14,2490,2550,60,30,8.771505065498582e-05,0.35976553628659647,-1.0215283252728034,1.7091322948338943,2.730660620106698,-0.05963585636250225,0.22627240517109354,0.35976554697957464,5436.112449327525,1.7882135462432385,7.175597226957173,-0.00023579358242221146,34.44944485016392,181.73750473802812,110,109,110.0,6.449172895557288,1.4500140386056826,0.5475753604193971,0.05086243827525474,0.3,0.6685714285714286,110.80744752932888,13.880812395004371,89.74358974358974,200.0,110.25641025641026,0.05203329796149588,0.05086243827525474,18,0.16666666666666666,0.09288664529444558,2,1,1.0
S14,2520,2580,60,30,-0.0015086128524434046,0.36887700229314585,-1.2787081127068003,2.6363884927461325,3.915096605452933,-0.06182904055684211,0.235708396111328,0.3688800872011338,5715.0457868076755,1.7671361539313477,7.085628101233688,0.008570549147903313,34.49383568784418,180.8202927183068,113,112,113.0,6.404336143774465,1.4325129277711983,0.5317091836734694,0.06665335002968037,0.3,0.6685714285714286,115.25384767381398,19.912858118457862,89.74358974358974,200.0,110.25641025641026,0.06364574921892692,0.06665335002968037,12,0.10810810810810811,0.12535677787091448,2,1,0.9865952380952381
S14,4320,4380,60,30,0.00018838448818960042,0.29593394748106483,-0.970749535769802,1.7215464018550097,2.6922959376248117,-0.05272319467055765,0.1897255843450556,0.2959340074415933,3678.2313439385225,2.4701146613134233,12.130036609735285,0.0008065708600877865,29.035558914029068,180.51434721885659,86,85,86.0,8.110147291832101,0.9462287142230494,0.695546218487395,0.06755706734047105,0.31285714285714283,0.7885714285714286,87.6701048791974,15.132225122386677,76.08695652173913,191.78082191780823,115.6938653960691,0.054393912939043235,0.06755706734047105,5,0.05952380952380952,0.0971280779692649,3,0,1.0
S14,4350,4410,60,30,0.00026331060937884583,0.29701159217152817,-1.1259813763840145,1.71627705185715,2.8422584282411645,-0.05231174278413053,0.19171449625597775,0.2970117088882915,3705.070119103214,2.3884467060654186,11.732990498748721,0.0002653911597790891,28.925956941113515,186.39631915955692,95,94,95.0,7.3889865981386205,2.2927587898997817,0.6310182370820668,0.14033481803326064,0.30714285714285716,0.8185714285714286,102.67004799812555,34.76185503890132,73.29842931937172,195.3488372093023,122.05040788993058,0.14995354411916878,0.14033481803326064,23,0.24731182795698925,0.22239423488327717,3,0,1.0
S14,4380,4440,60,30,0.0003362519443511025,0.2914918371912599,-1.1259816755009704,1.7165158941493381,2.8424975696503085,-0.04586733006496531,0.17748204582163948,0.2914920311337962,3568.6393770092527,2.433030641846541,12.269929499351214,-0.0016885656244491221,28.269953768691693,186.39631907622712,90,89,90.0,7.64489168692919,2.1932535040177243,0.6709791332263243,0.15463304277600692,0.30714285714285716,0.8471428571428572,97.29460071382464,35.14197238181988,70.82630691399662,195.3488372093023,124.52253029530569,0.14416616173443522,0.15463304277600692,24,0.2727272727272727,0.23045879539125474,3,0,1.0
S14,4410,4470,60,30,0.0001047080722011237,0.29077568123677694,-0.9345621094631084,1.7147228612404595,2.649284970703568,-0.04681334566718815,0.17503893500990622,0.2907757000894196,3551.1213260246686,2.521169196716761,12.588862258463497,0.00010203510883487973,28.072659380195397,177.655017462626,82,81,82.0,8.237602030079065,0.990058687052757,0.731763668430335,0.08642045135232426,0.31,0.8471428571428572,83.77414809555854,16.106220011480367,70.82630691399662,193.5483870967742,122.72208018277759,0.06086431044310192,0.08642045135232426,7,0.0875,0.11809885497280823,3,0,1.0
S14,4440,4500,60,30,0.00013807716514266534,0.2909995301512515,-0.9345621094637683,1.714722861252234,2.6492849707160024,-0.05428287672565567,0.1733351694430294,0.2909995629095561,3556.591315769213,2.586549777912907,12.731932464202195,-0.0009366698454229359,27.989181684612014,176.491492051268,87,86,87.0,7.768091508780162,1.9722505613720211,0.6889534883720929,0.1303011051297545,0.3,0.8314285714285714,92.61699966560406,30.137576187839603,72.16494845360825,200.0,127.83505154639175,0.13527935615488665,0.1303011051297545,18,0.21176470588235294,0.1891290302305298,3,0,1.0
S14,4470,4530,60,30,0.00031980891561955656,0.289266983370309,-0.9243428346033379,1.7108615746046656,2.6352044092080034,-0.05629408938293687,0.1694289111723388,0.2892671601580469,3514.3705777278474,2.6121407516135218,13.03778607872038,-0.0009734313222289346,28.102323799412567,176.41249404252383,87,86,87.0,7.841280314901551,1.9837288358875957,0.6911129568106312,0.13456823344472613,0.3,0.8314285714285714,92.98580089244841,32.31796366886373,72.16494845360825,200.0,127.83505154639175,0.14612719549387498,0.13456823344472613,19,0.2235294117647059,0.194712357970737,3,0,1.0
S14,4500,4560,60,30,0.0003686626855743504,0.2930727698733452,-0.9786046222799175,1.7309044414866193,2.7095090637665367,-0.05492646144446674,0.1765864852176185,0.2930730017477053,3607.454942843239,2.5250916450117153,12.621854355154792,-0.0002476566365157177,28.698935872164693,188.9471415505162,92,91,92.0,7.575628065315151,2.288951738093832,0.6560282574568289,0.14961935738986032,0.3,0.7885714285714286,99.56671399356065,36.20671403676842,76.08695652173913,200.0,123.91304347826087,0.1604750600497136,0.14961935738986032,27,0.3,0.2280684645656537,3,0,1.0
S14,4530,4590,60,30,0.00016049542332595228,0.29447302005084036,-0.976815402916737,1.7316770473015386,2.7084924502182757,-0.05433759844972495,0.18189023808422716,0.29447306378791854,3642.0041824590285,2.463214631305095,12.381070398989948,9.211222402098982e-05,28.990327300709033,188.61300911818404,97,96,97.0,7.290815091555036,2.5953924151595893,0.6177827380952382,0.1673659060404709,0.3,0.7928571428571428,108.28772447631319,41.898956500198565,75.67567567567568,200.0,124.32432432432432,0.1782814487633168,0.1673659060404709,36,0.37894736842105264,0.270913859711421,3,0,1.0
S14,4560,4620,60,30,0.00017117380135268212,0.2940928485889524,-0.9561498331533422,1.723753565365188,2.6799033985185305,-0.05528861745259965,0.18244362139400255,0.29409289840394787,3632.606581448661,2.4345856076365053,12.264328029987945,-0.000984608555956114,28.95124237058605,181.6456588514838,97,96,97.0,7.286279026467333,2.6144148640714397,0.6188095238095238,0.16100485197122677,0.3,0.7942857142857143,107.35075448672616,40.52710828781694,75.53956834532374,200.0,124.46043165467626,0.16940472007495386,0.16100485197122677,30,0.3157894736842105,0.2601848319658147,3,0,1.0
S14,4590,4650,60,30,0.0002167243831816603,0.29277663485123334,-0.9561498298151605,1.722069124594333,2.6782189544094934,-0.05365485578080552,0.18273782655214976,0.2927767150650316,3600.1646051393695,2.4726937267511686,12.2876098148158,-0.0002622020205438743,28.52162738375673,182.32528718420897,92,91,92.0,7.535308368765008,2.253770405202406,0.6527001569858712,0.14154918513379314,0.3,0.7942857142857143,99.18155926186503,34.11112170649392,75.53956834532374,200.0,124.46043165467626,0.14365554670729996,0.14154918513379314,20,0.2222222222222222,0.21686709221498962,3,0,1.0
S14,4620,4680,60,30,0.0003826164844060907,0.29221750187504236,-1.1538117758118775,1.722069118328985,2.8758808941408622,-0.05047232182373221,0.18051974015120265,0.2922177523653628,3586.4310214935094,2.4523715055829203,12.368391989462427,-0.007542945053297059,28.839943960586947,182.3251990972018,92,91,92.0,7.498725733621698,2.2253781332025704,0.655149136577708,0.13976943804586317,0.3,0.8328571428571429,98.49761520604609,33.50144742053641,72.04116638078902,200.0,127.95883361921098,0.1418351539088732,0.13976943804586317,22,0.24444444444444444,0.21333987979588057,3,0,1.0
S15,120,180,60,30,0.0001278163666472642,0.29194554776954784,-0.5151021893742846,1.6282840484770544,2.143386237851339,-0.0018620292688152629,0.17869274703655708,0.29194557574911956,3579.753206378366,3.514296500349531,14.680241850507347,-0.0017624228423968507,20.61747607546155,128.83516341075807,84,83,84.0,6.311487629738521,1.1159153190959767,0.7151290877796902,0.10129334180441471,0.3028571428571429,0.8657142857142858,87.00294638942484,22.80241862780865,69.3069306930693,198.1132075471698,128.80627685410047,0.07877010042367977,0.10129334180441471,18,0.21951219512195122,0.14164343687781883,1,0,1.0
S15,150,210,60,30,0.00021473189573940598,0.28887330744774603,-0.5150750092424429,1.6282745398652678,2.1433495491077106,-0.006974942676431656,0.15570675503636466,0.28887338725744033,3504.809022354657,3.6200583957651693,15.383255492480085,0.0015458226367327107,20.583234981243663,128.8351752704573,83,82,83.0,6.402441508972371,1.0973472093255485,0.718623693379791,0.10635773783935604,0.3028571428571429,0.8814285714285715,86.74842898576891,23.13662021690363,68.07131280388978,198.1132075471698,130.04189474328,0.07894444085398636,0.10635773783935604,15,0.18518518518518517,0.14800199161140962,1,0,1.0
S15,180,240,60,30,-9.214801785542455e-05,0.2875860834433226,-0.5191567508385335,1.627178812387052,2.146335563225586,-0.008931769053692033,0.13997284263529206,0.2875860982063057,3473.6420830241295,3.7103483542193563,16.029764337945704,0.00019723141122359377,20.88030078241024,133.17119459962987,80,79,80.0,6.738887767451729,0.2030051578511937,0.7458408679927668,0.08556261139533634,0.5842857142857143,1.16,81.4217531353134,8.707908723346316,51.724137931034484,102.68948655256723,50.96534862153275,0.07596888564114454,0.08556261139533634,9,0.11538461538461539,0.11471966081130075,1,0,1.0
S15,210,270,60,30,8.19604385521589e-05,0.2942409365069045,-0.5191567564916022,1.6279910785695055,2.1471478350611077,-0.005081663235146862,0.16048689716392514,0.29424094792189226,3636.264888226896,3.606064773428797,15.19837982753976,-0.00021613974355703545,21.322513393761866,133.17119450516734,82,81,82.0,6.618878788317007,0.1841740006111272,0.7329276895943562,0.08605514273159505,0.5842857142857143,1.16,82.87445073616237,8.806263597795509,51.724137931034484,102.68948655256723,50.96534862153275,0.07491287456445789,0.08605514273159505,8,0.1,0.11741286890009962,1,0,1.0
S15,240,300,60,30,5.8568065875057795e-05,0.2971347601861337,-0.43611623000554417,1.6184087179821225,2.054524947987667,-0.004839757363701857,0.17321837053650638,0.29713476595829297,3708.1409039257605,3.5822641368240666,14.889509268847185,0.0006250752839856817,21.312443792319822,128.5732416999852,83,82,83.0,6.501934747850692,0.13749426043531857,0.7210975609756098,0.047856128118883595,0.6442857142857142,0.8642857142857143,83.55329969999744,5.245589028371089,69.42148760330578,93.12638580931265,23.704898206006874,0.02125680718856555,0.047856128118883595,2,0.024691358024691357,0.066365677418374,1,0,1.0
S15,270,330,60,30,0.000129385806804064,0.29638750853465495,-0.5179680893271399,1.6418996584419332,2.159867747769073,-0.009749883914006973,0.1574297347015024,0.2963875367758691,3689.514022154821,3.606750656299957,15.016339345825486,-0.00046122436043006675,21.619749870625117,133.80891747464747,84,83,84.0,6.555845853886609,0.15863660784446,0.7125645438898451,0.06385407164394404,0.5542857142857143,0.8628571428571429,84.90613922040826,7.921802397686614,69.5364238410596,108.24742268041237,38.71099883935277,0.02093151743425563,0.06385407164394404,3,0.036585365853658534,0.08961163194476203,1,0,1.0
S15,300,360,60,30,0.002800739320498853,0.29704603422655346,-0.5112597206553084,2.3402268747102677,2.851486595365576,-0.013072882021052456,0.13825479150928596,0.29705923751074326,3706.256004799495,3.641828031391824,15.44669237989623,-0.012021130723855938,21.571933727448073,133.8086903226876,83,82,83.0,6.555118820332678,0.19883080605647488,0.7271602787456445,0.07074076296710895,0.5542857142857143,0.8628571428571429,83.35517511598282,8.72161765930058,69.5364238410596,108.24742268041237,38.71099883935277,0.024943877544578583,0.07074076296710895,5,0.06172839506172839,0.0972835907499474,1,0,1.0
S15,330,390,60,30,0.00011915673745296252,0.2950857529010135,-0.44698875616392814,1.6389781692918808,2.085966925455809,-0.014629637281082328,0.1447944834780982,0.295085776958982,3657.1758620664154,3.6777130200537296,15.434307489289033,-0.0020739642701432673,21.383221905450913,128.24288533510259,83,82,83.0,6.570189839507319,0.1413867003996748,0.7269337979094076,0.03998265051271461,0.6457142857142857,0.8214285714285714,82.79017301366257,4.587438866585815,73.04347826086956,92.9203539823009,19.876875721431333,0.021909362295845863,0.03998265051271461,2,0.024691358024691357,0.05500177681612948,1,0,1.0
S15,360,420,60,30,0.00010426234508861433,0.2984556529390616,-0.41391364027135824,1.618538859032455,2.032452499303813,-0.010429286961844267,0.165073962265509,0.2984556711505382,3741.183080960565,3.610714930444554,14.927837038257557,0.00052826133388889,21.507168414287076,129.46420777440503,84,83,84.0,6.4758002569642,0.14684695421865943,0.7114802065404475,0.04979744848622282,0.6371428571428571,0.8842857142857142,84.71378176288248,5.496291493297593,67.8513731825525,94.17040358744394,26.319030404891436,0.021874568899968798,0.04979744848622282,2,0.024390243902439025,0.06999133360063733,1,0,1.0
S15,390,450,60,30,0.0003986107092997463,0.29331494915822515,-0.49207620485616826,1.6699537795967565,2.162029984452925,-0.01441985106549446,0.13547826316897474,0.2933152200111507,3613.420368187969,3.6970747274724154,15.679239242648137,-0.000873670816855448,21.349992936933834,131.7760953605703,82,81,82.0,6.643900626231708,0.1836535791406955,0.732257495590829,0.0722467651295342,0.6371428571428571,0.94,82.67733397556057,7.523679621850912,63.829787234042556,94.17040358744394,30.340616353401387,0.032106328449865024,0.0722467651295342,8,0.1,0.09866305987245812,1,0,1.0
S15,420,480,60,30,9.637531611692867e-05,0.2937541133735309,-0.542661993256512,1.6699537794943113,2.2126157727508233,-0.021525485017747602,0.11654768092602423,0.29375412918301386,3624.2425133069737,3.7003753097977135,15.67628382142643,0.00015493521228484767,21.637957121797086,137.59900488911495,84,83,84.0,6.612243644179338,0.8540637654145975,0.7175043029259895,0.09412071395997837,0.3171428571428571,0.91,85.73088738874765,17.381560474754085,65.93406593406593,189.1891891891892,123.25512325512327,0.06132659065814858,0.09412071395997837,15,0.18292682926829268,0.13117790872633542,1,0,1.0
S15,450,510,60,30,0.0002625749735223221,0.2908450578334942,-0.5426619931310942,1.640633692824662,2.1832956859557564,-0.019777719749816687,0.11836808922922348,0.2908451763598381,3552.8184976949833,3.7098451404370674,15.848332719931147,-0.000838831549008996,21.432602435561165,137.59900489012477,86,85,86.0,6.424330786719053,1.401827864280091,0.6969075630252102,0.12311266120819352,0.3,0.9314285714285714,90.55605467197873,26.555066918321543,64.41717791411044,200.0,135.58282208588957,0.11809530667103561,0.12311266120819352,22,0.2619047619047619,0.17665565383416565,1,0,1.0
S15,480,540,60,30,0.00011506993844069257,0.2900765421532868,-0.5102056997389144,1.6380872639332227,2.1482929636721373,-0.017169545843116064,0.12010080605293043,0.29007656497672873,3534.0653690453296,3.7307821793472864,15.988757213601332,-0.0006557858553300255,21.225881211259917,134.3797186506578,84,83,84.0,6.4295578500026025,1.2951743976172365,0.7150430292598967,0.10339036041370782,0.3,0.9314285714285714,86.95209950134866,22.16184512011752,64.41717791411044,200.0,135.58282208588957,0.10864212350878345,0.10339036041370782,18,0.21951219512195122,0.14459320094445466,1,0,1.0
S15,510,570,60,30,-0.00026587383191395235,0.3058673170640702,-0.9823466908406268,1.6564773985225048,2.6388240893631316,-0.019902381301739498,0.1594795554848366,0.3058674326188831,3929.305226148413,3.440058016276777,13.84938714176689,-0.00011127166496388563,21.91617620597248,130.99562520290038,90,89,90.0,6.149816375923003,1.0804675984852057,0.6679293739967896,0.10653385212250757,0.31285714285714283,0.7828571428571428,93.97770571614349,26.312778968839414,76.64233576642336,191.78082191780823,115.13848615138487,0.09299502749688592,0.10653385212250757,6,0.06818181818181818,0.15949867795905562,1,0,1.0
S15,540,600,60,30,0.0003909195691737922,0.30378696935405236,-0.9864337076518975,1.6563088002069766,2.642742507858874,-0.01511358459583941,0.16729092292534178,0.30378722087577925,3876.040373832039,3.434406293016998,13.897970412804895,-0.0001881751501018421,21.54953712248684,131.18093366803433,89,88,89.0,6.152060955845475,1.081189027963925,0.6722402597402598,0.11175314770930661,0.31285714285714283,0.83,93.6115315916391,26.744986656832623,72.28915662650603,191.78082191780823,119.4916652913022,0.09422722970921037,0.11175314770930661,9,0.10344827586206896,0.1662398913038707,1,0,1.0
S15,570,630,60,30,0.0003631813379718568,0.2955681171699927,-0.540579364285654,1.6426770604008163,2.18325642468647,-0.01038568746538197,0.15790381275700768,0.29556834030068035,3669.1470391001494,3.5882773745449392,14.98148047009111,0.0009735496646121803,20.962310840469147,131.1809336680579,82,81,82.0,6.512421653224314,0.1640956527753886,0.728694885361552,0.04125530728868969,0.6657142857142857,0.8371428571428572,82.59631750007902,4.555061422942708,71.67235494880546,90.12875536480686,18.4564004160014,0.025494597266792006,0.04125530728868969,6,0.075,0.05661533807557919,1,0,1.0
S15,600,660,60,30,0.00013967388347375153,0.29444031944305465,-0.5016400442079726,1.642677062371515,2.1443171065794875,-0.012464077656399352,0.15233841544228813,0.29444035257165724,3641.195091345916,3.6073655522380528,15.130790111240913,-0.00013727183345973364,20.910876181201946,128.26912233149773,84,83,84.0,6.41613772468689,0.8014585972448993,0.7124268502581754,0.08317605400392343,0.36,0.8371428571428572,86.13116712188243,16.768898506304616,71.67235494880546,166.66666666666669,94.99431171786122,0.08648636015454968,0.08317605400392343,9,0.10975609756097561,0.1167503077316378,1,0,1.0
S15,630,690,60,30,4.8512316307388755e-05,0.2936808592758616,-0.4815728393945693,1.6307353377255598,2.112308177120129,-0.015809692475768997,0.14108650767877637,0.2936808632826683,3622.4348772550384,3.6650302360849705,15.419063776201419,-0.0007580457942268429,20.93662113864716,128.27592844846174,84,83,84.0,6.420947126645597,0.7961239202725525,0.7168330464716006,0.08616149776844668,0.36,0.8442857142857143,85.6895600093574,16.995225408218033,71.06598984771574,166.66666666666669,95.60067681895094,0.08569570065645357,0.08616149776844668,8,0.0975609756097561,0.12019744094186402,1,0,1.0
S15,660,720,60,30,0.00010444355137020838,0.2970636159523351,-0.598176110665745,1.6804861009719962,2.2786622116377413,-0.01779428907349742,0.1396790054634541,0.2970636343128049,3706.3657189075393,3.5814057123456684,14.923332828848334,0.0002866612497225423,21.51058403219788,137.76690989706418,88,87,88.0,6.219405720008689,1.470376499680566,0.6805254515599344,0.12354660379599738,0.30428571428571427,0.86,93.1573906581786,28.268060200218688,69.76744186046511,197.1830985915493,127.4156567310842,0.13624994829379458,0.12354660379599738,26,0.3023255813953488,0.18154589738384905,1,0,1.0
S15,690,750,60,30,3.4789969803081776e-05,0.3069324490943452,-0.691702790168113,2.962693201099888,3.654395991268001,-0.022659032684517258,0.12298299938099229,0.3069324510660201,3956.7162397305815,3.470194139416005,15.679952822713613,0.024546405349091322,22.0473891178827,141.4247067978107,101,100,101.0,5.440910419228014,2.3543865699200945,0.5888285714285715,0.1841662270441393,0.30142857142857143,0.87,115.6026547402946,44.859813466559984,68.96551724137932,199.05213270142178,130.08661546004248,0.2216963423066004,0.1841662270441393,53,0.5353535353535354,0.31276713797587824,1,0,1.0
S15,720,780,60,30,0.0002271669761630125,0.2851839476532409,-0.6659519147224492,1.6458075894005912,2.3117595041230405,-0.026867449840410895,0.09983196875828233,0.28518403812962867,3415.8572953647026,3.7704277310809253,16.777070478371446,0.0002681853579514478,21.746957738504072,142.84421724940046,109,108,109.0,5.3172021826936975,2.8848810751148064,0.5503174603174602,0.1978409858485644,0.3,0.87,126.01810123037987,48.55414055429467,68.96551724137932,200.0,131.0344827586207,0.2639753888388943,0.1978409858485644,76,0.7102803738317757,0.35950337780385233,1,0,1.0
S15,750,810,60,30,0.0002803015716804846,0.28312304090533835,-0.5366395235547016,1.664453502845931,2.2010930264006325,-0.026503293365194313,0.09671421253456937,0.2831231796594143,3366.666864139193,3.7902751875233247,16.991902013414517,0.0012842827887252892,21.49736294072552,142.8423797939524,102,101,102.0,5.6030306305703395,2.793539978754189,0.5833097595473835,0.198259646625376,0.3,0.8628571428571429,118.47033206213926,47.158415205903246,69.5364238410596,200.0,130.46357615894038,0.24221208449941348,0.198259646625376,65,0.65,0.3398874155289544,1,0,1.0
S15,780,840,60,30,0.00010672402397485355,0.2918685236447128,-0.6317049226615239,1.7220185647139463,2.35372348737547,-0.02412345398099162,0.1045107270759257,0.29186854315695204,3577.8643523515857,3.6600598243443665,15.836201406220766,-0.0028643357085730535,22.011500812652844,144.6281722756674,96,95,96.0,5.987939209789951,2.2981447397637194,0.6306165413533835,0.17734267806185747,0.3,0.8628571428571429,106.77084904765805,42.39492167166042,69.5364238410596,200.0,130.46357615894038,0.1798204947561498,0.17734267806185747,36,0.3829787234042553,0.2812211009899256,1,0,1.0
S15,810,870,60,30,-0.0003119749210668082,0.3008164526387057,-0.6174636413743634,1.6622271401213338,2.279690781495697,-0.02601069054359228,0.12379934388522905,0.3008166144123128,3800.6066912724145,3.562450821619019,14.801862258353715,-0.00017892055373672108,22.475476664317785,145.88042784104078,92,91,92.0,6.234701571952538,1.6762608955827336,0.6519466248037676,0.14325384738139632,0.30142857142857143,0.8657142857142858,99.46539875292646,34.79760523647341,69.3069306930693,199.05213270142178,129.74520200835246,0.13474398332795384,0.14325384738139632,22,0.24444444444444444,0.21973247798393764,1,0,1.0
S15,840,900,60,30,0.0003759826597052235,0.30264924344194805,-0.617652875233941,1.6783001431534117,2.295953018387353,-0.023880897085930136,0.13879291739907124,0.3026494769844216,3847.0616485956443,3.564184306853082,14.656546610226851,-0.006869498793963654,22.36126935306883,145.8804403441502,90,89,90.0,6.263867039658581,1.4460709563810603,0.6687479935794542,0.12293062497405133,0.3028571428571429,0.8657142857142858,94.92071468590738,29.120936830904217,69.3069306930693,198.1132075471698,128.80627685410047,0.11672478453471363,0.12293062497405133,22,0.25,0.18382204680132005,1,0,1.0
S15,870,930,60,30,8.541492025953198e-05,0.30171988418493034,-0.4945775682149567,1.6318301907537807,2.126407758968737,-0.01725627927483251,0.14796782258500607,0.30171989627513196,3823.465623947608,3.5705089486405326,14.723389478467297,-0.0008116153338402842,22.105569393686853,132.69080188417726,84,83,84.0,6.620637819713328,0.15921840218780853,0.7176419965576591,0.03955769332011722,0.6271428571428571,0.81,83.86292386490587,4.651031757205504,74.07407407407408,95.67198177676538,21.597907702691302,0.023879050635095395,0.03955769332011722,4,0.04878048780487805,0.0551217647655309,1,0,1.0
S15,900,960,60,30,0.00012557349797657043,0.2992506119392182,-0.47710423059407353,1.6198312008783233,2.0969354314723967,-0.017596167623914704,0.14452821468859228,0.29925063828620313,3761.139669617399,3.5914805827492966,14.918844983705807,0.0003729665808537906,21.761726026458174,132.06271158570223,84,83,84.0,6.534458238583204,0.6572739722990396,0.7196901893287437,0.03797819323875752,0.6357142857142857,0.8042857142857143,83.60718524373833,4.5179607329651885,74.60035523978686,94.38202247191012,19.781667232123255,0.024963387825119348,0.03797819323875752,3,0.036585365853658534,0.05277019723470157,1,0,1.0
S15,930,990,60,30,0.00040081276757301254,0.300163451546606,-0.4570736940158873,1.6196815753904343,2.0767552694063216,-0.017228901255132753,0.15237635191174936,0.3001637191521426,3784.1268484003467,3.5565642017411805,14.629493322202691,-0.0011169785394539037,21.721063326883293,130.9936140791025,84,83,84.0,6.530974905192285,0.19186057994210937,0.7153872633390707,0.03781421935859273,0.6371428571428571,0.8014285714285714,84.10841472947689,4.507450521471018,74.86631016042782,94.17040358744394,19.304093427016127,0.020109209052094665,0.03781421935859273,2,0.024390243902439025,0.052858390547931795,1,0,1.0
S15,960,1020,60,30,-8.960396702152518e-05,0.3037538167455501,-0.5473625454651369,1.6556696554626664,2.203032200927803,-0.01659115238410377,0.1615454477777595,0.30375382996163214,3875.188347087125,3.484255978392934,14.087355017094158,-0.0005880343942532004,22.061943756124368,144.2105425208996,87,86,87.0,6.384005076605906,0.6670932257886479,0.6917774086378738,0.06305350484326039,0.3457142857142857,0.8014285714285714,87.89685454768478,13.250063790177865,74.86631016042782,173.55371900826447,98.68740884783665,0.058648647602022486,0.06305350484326039,4,0.047058823529411764,0.09114710028969324,1,0,1.0
S15,990,1050,60,30,0.00029246114799281304,0.29770466412918567,-0.5473624018742624,1.6556696887540976,2.2030320906283603,-0.018851771127290265,0.13903012340256482,0.2977048077841444,3722.3824082673627,3.5823979817840432,14.8249097356167,0.000752799487510674,21.489781615112957,144.21053742261682,85,84,85.0,6.451351282735368,0.6617939745953979,0.7018707482993196,0.07778579898875225,0.3457142857142857,0.9185714285714286,86.97787060241414,14.311431870869088,65.31881804043546,173.55371900826447,108.234900967829,0.06165809898460922,0.07778579898875225,6,0.07228915662650602,0.11082638673464097,1,0,1.0
S15,1020,1080,60,30,2.347781549965824e-05,0.2960308065032124,-0.49824660539439747,1.6347930600780791,2.1330396654724764,-0.023061205554323935,0.12161014925884905,0.2960308074342098,3680.6380359063087,3.645359245889129,15.091744947113067,-0.0010448699081429655,21.26529392528246,132.2708933608942,86,85,86.0,6.431520808113919,0.6569403394981047,0.7016302521008404,0.08321832404560461,0.3,0.9185714285714286,87.23610779198691,15.677712348125795,65.31881804043546,200.0,134.68118195956453,0.06439748409091803,0.08321832404560461,10,0.11904761904761904,0.11860709226323984,1,0,1.0
S15,1050,1110,60,30,3.500199028476706e-05,0.2959899688282091,-0.4981966065949901,1.6405786645723706,2.1387752711673604,-0.016025048197752488,0.13946438747566842,0.29598997089777135,3679.6226406266687,3.59666477094682,14.904644264388502,0.0002450997027959525,21.257446048590595,132.2711729443855,87,86,87.0,6.196732990779032,1.3089646243464343,0.6884551495016612,0.11735298695004626,0.30857142857142855,0.8442857142857143,91.54803513005182,26.70622768985581,71.06598984771574,194.44444444444446,123.37845459672872,0.08558140961136612,0.11735298695004626,15,0.17647058823529413,0.17045843441652272,1,0,1.0
S15,1080,1140,60,30,0.00033066527818922,0.2971394933104719,-0.5617499285358581,1.6609002490042655,2.2226501775401237,-0.013456416563969696,0.152233443340202,0.2971396772972774,3708.2634886218666,3.5593957060037686,14.735358261900323,0.0019703047222171905,21.106329993942733,125.7599472769269,86,85,86.0,6.275479066706851,0.9500411183597528,0.6967394957983194,0.10509393540451992,0.3142857142857143,0.8314285714285714,89.51296291805653,23.23451182209531,72.16494845360825,190.9090909090909,118.74414245548266,0.10030335426384904,0.10509393540451992,15,0.17857142857142858,0.15083677046914643,1,0,1.0
S15,1110,1170,60,30,6.052699049088244e-05,0.30095705064248246,-0.5617499260829126,1.6298854561344993,2.191635382217412,-0.016185124549096812,0.15484427141316592,0.3009570567289266,3804.1562997874103,3.53622696183207,14.426922118275165,0.00016935969018089036,21.47987763852773,128.563973226673,88,87,88.0,6.2319157284686355,0.9355533348900489,0.6833661740558292,0.09776243472578662,0.3142857142857143,0.8142857142857143,90.92881305156017,22.448958672887567,73.6842105263158,190.9090909090909,117.22488038277511,0.09898104500863499,0.09776243472578662,13,0.1511627906976744,0.14306010223707633,1,0,1.0
S15,1140,1200,60,30,0.0003453681575564717,0.29751034618091554,-0.4882529943919596,1.668282498976582,2.156535493368542,-0.020441461159287924,0.13470062304911828,0.2975105466430601,3717.5260652818024,3.6114453456239937,14.979924195047758,0.0017740364460517818,21.578425143160487,133.07413072939937,86,85,86.0,6.346161858226275,0.9962821106710246,0.6918151260504202,0.09097719150998305,0.30857142857142855,0.8185714285714286,89.21770251957498,19.80584798887916,73.29842931937172,194.44444444444446,121.14601512507274,0.07303316737904064,0.09097719150998305,15,0.17857142857142858,0.1315050626738574,1,0,1.0
S15,1170,1230,60,30,-0.00011959807159385677,0.297929125888124,-0.5496817698756635,1.6682826121000627,2.217964381975726,-0.025457326404019903,0.11731921769000306,0.2979291498933268,3727.9946909587356,3.633361608194389,15.02628712100596,-0.0002921400433410375,21.895493349049495,136.49795203830877,88,87,88.0,6.367649292892097,1.0625811706577435,0.6816748768472907,0.09489878972206754,0.30857142857142855,0.8471428571428572,90.61407687631161,19.75405773837937,70.82630691399662,194.44444444444446,123.61813753044784,0.07616941500156157,0.09489878972206754,16,0.18604651162790697,0.13921415170963802,1,0,1.0
S15,1200,1260,60,30,-0.00035125074963569255,0.2928555705314468,-0.5496701438392004,1.7934508578149895,2.3431210016541897,-0.02165218949766161,0.10820679229017781,0.29285578117631267,3602.1093598723096,3.692864370847532,15.633088498355924,0.0008043833883557027,21.228754604850963,136.49672304637292,83,82,83.0,6.618347143817305,0.25376344623041264,0.7294773519163763,0.0715599878867897,0.5985714285714285,0.92,83.04649813172166,8.169279582543309,65.21739130434783,100.23866348448688,35.02127218013905,0.0351754770391708,0.0715599878867897,8,0.09876543209876543,0.09809761426972032,1,0,1.0
S15,1230,1290,60,30,0.00033485923758084114,0.2896445399959634,-0.45877982174609583,1.755919842077481,2.214699663823577,-0.016198233636093986,0.10736535549472401,0.28964473356196596,3523.551010567655,3.7158927083411823,16.01099946371801,0.00011339698115473845,20.58227302224751,129.71441777321616,81,80,81.0,6.526671516164418,0.932966598567008,0.7485178571428571,0.0814988555541282,0.3514285714285714,0.92,81.76174310464822,15.344322837103286,65.21739130434783,170.7317073170732,105.51431601272536,0.06545313309838369,0.0814988555541282,7,0.08860759493670886,0.10888030896846576,1,0,0.9205
S15,1620,1680,60,30,9.249079838376282e-05,0.28189469188161975,-0.40789415377416854,1.6114844735182907,2.0193786272924594,-0.005827429580501973,0.12919347330412118,0.2818947070549235,3337.514286354407,3.7134923817803327,16.309843411024936,0.000508390357630534,19.786790147678797,123.64027732019896,79,78,79.0,6.691530305547951,0.6935738988534126,0.7620879120879122,0.0911180315460411,0.3385714285714286,0.9214285714285714,80.40071069481448,14.858290892846767,65.11627906976744,177.21518987341773,112.09891080365028,0.06606564934861155,0.0911180315460411,13,0.16883116883116883,0.11956367513611738,3,0,1.0
S15,1650,1710,60,30,-0.0017043672319524954,0.28484227461677275,-0.6538781002109253,1.6317585778143968,2.2856366780253223,-0.007568447839078759,0.1441575245141266,0.2848473736521338,3407.7971036137697,3.6159157567932687,15.755351152902332,0.001374344220989039,19.838332957648717,127.90557804937112,84,83,84.0,6.310730637862414,1.453306897568937,0.7186746987951808,0.13445859584710027,0.30857142857142855,0.9528571428571428,88.27006695451685,27.003372627174915,62.968515742128936,194.44444444444446,131.4759287023155,0.12667769113604016,0.13445859584710027,27,0.32926829268292684,0.18709243009739013,3,0,1.0
S15,1680,1740,60,30,1.3612510736367706e-05,0.27641125854054016,-0.45333809619164334,1.6317585784698425,2.085096674661486,-0.009955565719727713,0.11381770001758706,0.2764112588757299,3208.933729397163,3.8034635619798043,17.07994213667774,-0.0008368124396104623,19.521001575416047,127.90557805304084,79,78,79.0,6.604290384076424,1.282598291136009,0.7542124542124541,0.12639900472468016,0.30857142857142855,0.9328571428571428,83.65852371254626,25.57232564471647,64.31852986217459,194.44444444444446,130.12591458226987,0.1208761854671673,0.12639900472468016,28,0.36363636363636365,0.16759071534646766,3,0,1.0
S15,1710,1770,60,30,0.00016416533164650924,0.27424018860934873,-0.37599530525888764,1.5962523342585808,1.9722476395174684,-0.010612911781256904,0.108276170088417,0.2742402377455709,3158.7237359473847,3.8353895928719037,17.37292652912043,-0.001325682814809482,19.390186420120028,123.29142417853835,75,74,75.0,6.930704816627663,0.08294035471310919,0.8022586872586872,0.0257999503550072,0.7614285714285715,0.8585714285714285,74.86578085888645,2.3935719147940357,69.88352745424294,78.79924953095684,8.915722076713905,0.02699568712382909,0.0257999503550072,7,0.0958904109589041,0.03215914114082761,3,0,1.0
S15,1740,1800,60,30,-0.0002386408514335377,0.28113722885868403,-0.3852519015962969,1.6360037771218323,2.0212556787181293,-0.013537566815484186,0.12718317288155817,0.2811373301427544,3319.6043327914354,3.7430487248254027,16.383812660527038,0.0001540468060929848,19.937333554866484,123.29312004605433,79,78,79.0,6.755688032967179,0.11048594029011695,0.763974358974359,0.06751112761192535,0.6,0.9171428571428571,79.21542964854196,7.728079100148568,65.42056074766356,100.0,34.57943925233644,0.03920188391000903,0.06751112761192535,11,0.14285714285714285,0.08836831605521359,3,0,1.0
S15,1770,1830,60,30,-0.0002953634067144892,0.2782927620191569,-0.4508428304297402,1.6401571412956897,2.09099997172543,-0.014500770622354046,0.11876764487548008,0.27829291875970025,3252.771842535312,3.797009337120275,16.812380346507567,-0.0006408510366954426,19.811028457245058,122.21599707259729,81,80,81.0,6.511348852336845,1.3007232255615953,0.7410535714285715,0.14043531878681767,0.3057142857142857,1.237142857142857,85.46346014577308,25.93188470241624,48.49884526558892,196.26168224299064,147.76283697740172,0.1251258214601341,0.14043531878681767,32,0.4050632911392405,0.18950764722190386,3,0,1.0
S15,1800,1860,60,30,-8.729647573536531e-05,0.2712044261749146,-0.4508428304017572,1.640157141685477,2.0909999720872343,-0.01084629960518516,0.09691267602086587,0.2712044402246014,3089.1776326966537,3.897765188407522,17.856993506070435,0.0002718008039710293,19.279563085277356,122.21599707258385,77,76,77.0,6.658880404799422,1.3188219792963627,0.7771992481203008,0.13588620705166887,0.3057142857142857,1.237142857142857,81.53378589176177,26.540552175719007,48.49884526558892,196.26168224299064,147.76283697740172,0.12385310588247148,0.13588620705166887,22,0.29333333333333333,0.17484088845983464,3,0,1.0
S15,1830,1890,60,30,0.0004300361622220343,0.2808768301612105,-1.5256390687281172,1.8929698195573696,3.418608888285487,-0.011142574146188806,0.1180763043484282,0.2808771593642144,3313.4631034054323,3.522454384600371,16.28215412488396,-0.003622256628463353,19.530912475364854,121.45720849896493,77,76,77.0,6.592200004509317,0.9722825430366379,0.7881015037593986,0.04206689225699836,0.53,0.8542857142857143,76.39953422303547,5.105577970050115,70.23411371237458,113.20754716981132,42.97343345743674,0.04000646206305577,0.04206689225699836,5,0.06666666666666667,0.05337750538012051,3,0,1.0
S15,1860,1920,60,30,4.048868155551072e-05,0.27657304218143847,-0.48493834853143436,1.6259338497701177,2.110872198301552,-0.016543055377209938,0.10520556174843491,0.27657304514509196,3212.691270634821,3.857271887175487,17.28477427399624,0.00014311288507198115,19.91156638385808,124.14487579610267,79,78,79.0,6.64516604085258,1.122993138665845,0.7576739926739926,0.11211937389139291,0.3057142857142857,0.9514285714285714,82.71059899596611,24.624377778384613,63.06306306306306,196.26168224299064,133.1986191799276,0.07067674834361896,0.11211937389139291,12,0.15584415584415584,0.14797838513065467,3,0,1.0
S15,1890,1950,60,30,-0.004976868346457657,0.29139561018658283,-1.5203966459002956,1.669540117635661,3.1899367635359566,-0.022194902143813554,0.11171903828009111,0.2914381081028164,3567.3191758910534,3.173610284655969,15.6292023983939,5.444969541625299e-05,20.294033594426264,152.8397940547312,81,80,81.0,6.362021029131162,0.9171780565503601,0.7407142857142858,0.11414232075683016,0.3057142857142857,0.9514285714285714,84.5653790567832,24.29320360591092,63.06306306306306,196.26168224299064,133.1986191799276,0.07269883165497892,0.11414232075683016,17,0.21518987341772153,0.15409763650873887,3,0,1.0
S15,1920,1980,60,30,-0.0003421427584728843,0.2766793050972936,-0.39136683261798044,1.6035646484750534,1.9949314810930339,-0.02044556888895257,0.09916418967022864,0.27667951664477886,3215.165307093115,3.85639172354093,17.2379105026999,0.000648540227970775,19.833480215457335,121.683258782002,79,78,79.0,6.622353869346467,1.1315886010304597,0.764010989010989,0.10657727588381416,0.30142857142857143,0.8957142857142857,81.22716198413853,20.469404226499137,66.98564593301435,199.05213270142178,132.06648676840743,0.0978000795122921,0.10657727588381416,31,0.4025974025974026,0.13949704574508578,3,0,1.0
S15,3090,3150,60,30,-3.2325583576492984e-06,0.3032992820585265,-0.6699412927155294,1.6415602031401881,2.3115014958557176,-0.03781804376079962,0.15500512040857334,0.3032992820757528,3863.5990893220173,3.3065407913490654,13.05166836828235,0.0008738945242040279,22.732396354327932,136.46603436542927,111,110,111.0,5.383471281898459,2.24931530350965,0.5386103896103895,0.1484150599566167,0.3,0.8471428571428572,122.1508593695668,39.967849215824224,70.82630691399662,200.0,129.17369308600337,0.18803739066562136,0.1484150599566167,65,0.5963302752293578,0.2755517955455233,2,1,0.8461666666666666
S15,3120,3180,60,30,0.0002647173535178657,0.29936151875068934,-0.6699412830687422,1.6289167383097203,2.2988580213784626,-0.030275928136936237,0.1659992868225067,0.2993616357918907,3763.930337327857,3.319834035192482,13.190141454277121,0.0005185401487972573,21.911143190353165,129.14700349511725,100,99,100.0,5.717479528733143,1.8467390113380475,0.5987878787878788,0.13076064099494988,0.3,0.8471428571428572,107.01115357376707,32.24351673816149,70.82630691399662,200.0,129.17369308600337,0.15313719203219991,0.13076064099494988,48,0.4897959183673469,0.21837556441464304,2,1,1.0
S15,3150,3210,60,30,0.00010317628525971657,0.29481508098796416,-0.49284149283637524,1.62342536111019,2.1162668539465654,-0.02641270794551353,0.15082118667053543,0.2948150990422399,3650.4695901779996,3.5025588881496956,14.31008781848195,0.00025723137470252727,21.714102511462613,132.16051089770068,94,93,94.0,6.160418834273129,1.4172608190537874,0.6394623655913978,0.11547554860293104,0.3,0.79,98.93930992162663,29.04030911397516,75.94936708860759,200.0,124.05063291139241,0.11816935871056279,0.11547554860293104,33,0.358695652173913,0.1805822434853302,2,1,1.0
S15,3180,3240,60,30,-0.0002034297380849789,0.29627948992515724,-0.4928414936015886,1.6234254296489792,2.116266923250568,-0.026011121267827224,0.15010850894143468,0.2962795597640338,3686.826256426726,3.490144131603386,14.20285580749406,-0.0008567184129336007,21.725053927981843,132.16050978686573,95,94,95.0,6.0864721219353335,1.5364011096259684,0.6355471124620061,0.12057321776265413,0.3028571428571429,0.7657142857142857,100.15408170488381,30.83207803614892,78.35820895522389,198.1132075471698,119.7549985919459,0.1299517136569532,0.12057321776265413,38,0.40860215053763443,0.18971562516517948,2,1,1.0
S15,3210,3270,60,30,1.9019797679425363e-05,0.29155587172586744,-0.4779402173959122,1.6141055190618963,2.0920457364578082,-0.020420523202066908,0.14940540054263296,0.29155587234625063,3570.202721382494,3.54772665127218,14.747787503058614,-0.00012859764450255502,20.90041485080396,127.51622249896448,90,89,90.0,6.181434141003461,1.4243279152460584,0.6657303370786517,0.12549603380360955,0.3,0.8814285714285715,95.38474965219108,28.903775047010587,68.07131280388978,200.0,131.92868719611022,0.12006279278570352,0.12549603380360955,31,0.3522727272727273,0.18850881027040084,2,1,1.0
S15,3240,3300,60,30,0.0003054540783446458,0.2916584229369265,-0.47794023730030716,1.615789405412677,2.093729642712984,-0.01638150312898989,0.1561086572603339,0.2916585828880218,3572.7186168344624,3.5325880419037414,14.66612955059416,0.0016507549756887192,20.5790665399565,128.94105236347858,89,88,89.0,6.159905948780553,1.4084442266094066,0.6686038961038961,0.1230546165286509,0.3,0.8814285714285715,94.52735191881112,27.00660098198212,68.07131280388978,200.0,131.92868719611022,0.1225620812401493,0.1230546165286509,30,0.3448275862068966,0.18404711256652492,2,1,1.0
S15,3270,3330,60,30,7.350026801171075e-05,0.29878502395669565,-0.470951858933291,1.6505189163530973,2.1214707752863884,-0.015843731717359626,0.17622511293673934,0.2987850329971242,3749.444829609889,3.4378214198540062,13.829587535665876,-0.0006256147868309394,21.138058333118188,130.57716962960808,89,88,89.0,6.281283855998368,0.8101046813447484,0.6744805194805195,0.06894082786469072,0.31,0.8314285714285714,90.30358416248508,14.037284398976723,72.16494845360825,193.5483870967742,121.38343864316596,0.07615511289334594,0.06894082786469072,26,0.2988505747126437,0.10221322317476048,2,1,1.0
S15,3300,3360,60,30,0.00022715165256432927,0.2987994915867194,-0.9658219182075656,1.650518921392442,2.6163408396000074,-0.01999928373953424,0.16730437227203657,0.2987995779286766,3749.8098863549217,3.4284709882945497,13.8882968810844,-0.00025289827673229457,21.51106292452866,131.04520971245316,90,89,90.0,6.2534861588678865,1.1403155161269287,0.6705939004815409,0.09066490079984041,0.30714285714285716,0.8657142857142858,91.84469840136398,18.592375610228146,69.3069306930693,195.3488372093023,126.041906516233,0.10113811989052755,0.09066490079984041,35,0.3977272727272727,0.1352009028634702,2,1,1.0
S15,3330,3390,60,30,0.00018339577896780515,0.29184159272693405,-0.9658219182112001,1.633077644745816,2.598899562957016,-0.022482142375600134,0.13749235930213247,0.29184165035067455,3577.2050529350263,3.5370485271770233,14.800636937761976,-0.0004535500405016164,21.35359990260162,135.63415654849618,95,94,95.0,5.963068677771909,1.961945149202703,0.6323860182370821,0.15603594510810073,0.3,0.8657142857142858,103.66006565659549,36.70567824099965,69.3069306930693,200.0,130.69306930693068,0.18209042647686643,0.15603594510810073,54,0.5806451612903226,0.2467416113074194,2,1,1.0
S15,3360,3420,60,30,1.330911606154936e-05,0.2936214416981331,-0.4894556464863447,1.7225612454204091,2.212016891906754,-0.019182910026547907,0.1469003016779449,0.29362144199976736,3620.969150484955,3.500439485105053,14.498082438148629,-0.0002689965286531243,21.025886193320368,135.63415654066984,93,92,93.0,6.047423163610398,1.7250535964597864,0.6404347826086957,0.1538237475263041,0.3,0.8757142857142857,102.09766451401266,36.02832813927505,68.51549755301795,200.0,131.48450244698205,0.1818983029036761,0.1538237475263041,47,0.5164835164835165,0.24018643537712112,2,1,1.0
S15,3390,3450,60,30,4.052269444741534e-05,0.2882477455777429,-0.4727087639418192,1.635442537570656,2.1081513015124753,-0.012337206590866165,0.15412427542501989,0.28824774842614115,3489.644107855078,3.569868169119542,15.090370677697084,8.813679983820642e-05,20.07850902814636,124.23799235133524,82,81,82.0,6.48508280473856,0.7818694699879277,0.7282010582010582,0.11019115248995098,0.32857142857142857,1.0714285714285714,84.86191909076017,17.494707206440815,56.0,182.6086956521739,126.6086956521739,0.11373752454575366,0.11019115248995098,25,0.3125,0.15131968190511325,2,1,1.0
S15,3420,3480,60,30,0.00036131782913828017,0.2787090728793627,-0.3522404847995859,1.6354425384533682,1.987683023252954,-0.008192420704794805,0.14398297280743977,0.27870930708508385,3262.5128699455977,3.7505634116037796,16.58203269186162,0.0015341745589166817,19.301958987358404,121.30325936129299,77,76,77.0,6.6845407359671825,0.7134592907405501,0.7822368421052631,0.08450599973816228,0.3657142857142857,1.0714285714285714,77.85772090656518,11.726805564329053,56.0,164.0625,108.0625,0.08446905000154356,0.08450599973816228,18,0.24,0.10803121917746566,2,1,1.0
S15,3450,3510,60,30,2.4751094202566402e-05,0.29156053547503646,-0.3960074485940252,1.6042489012901897,2.0002563498842147,-0.011646274699038006,0.17539967905503723,0.29156053652561875,3570.31695128248,3.5695998973896708,14.813889486209469,-0.0007080458449451967,20.26138229111285,121.81927924098821,84,83,84.0,6.477448214212069,0.10807522343524154,0.7199311531841652,0.0760872842685592,0.6014285714285714,1.0685714285714285,84.21288718128704,8.365480607877233,56.14973262032086,99.7624703087886,43.61273768846773,0.05269350316933618,0.0760872842685592,15,0.18292682926829268,0.10568688954775005,2,1,1.0
S15,3480,3540,60,30,5.993591189058765e-05,0.2983518883486641,-0.4334834997115603,1.6386240354183836,2.072107535129944,-0.015201623146561736,0.18543906712367653,0.29835189436892684,3738.581820688146,3.47326208385033,13.896720229197527,0.00032134017141423235,21.133658257249564,123.27222577143141,91,90,91.0,6.2723984055168005,0.6042857288043,0.6581269841269841,0.06547043938186625,0.35,0.8042857142857143,92.39482620588971,12.96055342422432,74.60035523978686,171.42857142857144,96.82821618878458,0.058132679213765054,0.06547043938186625,17,0.19101123595505617,0.09947994985908962,2,1,1.0
S15,3510,3570,60,30,0.00023740992373586515,0.29194037389395994,-0.43348349986213597,1.6539905897614349,2.087474089623571,-0.009989547318629631,0.18121433782477103,0.2919404704264501,3579.628007458314,3.514982561429871,14.473307802193851,0.0006663313770720775,20.528663495666436,123.27222577143824,87,86,87.0,6.387931511242165,0.6289724140610277,0.6906644518272425,0.08068309975082717,0.35,0.81,88.48033213546331,14.500083892676615,74.07407407407408,171.42857142857144,97.35449735449737,0.060667752805689104,0.08068309975082717,17,0.2,0.11681953448938853,2,1,1.0
S15,3540,3600,60,30,1.5639679277991454e-05,0.2862743769144489,-0.43936427364733416,1.6417513023913413,2.0811155760386755,-0.012214800130041956,0.15747547309701698,0.2862743773416607,3442.0268031389332,3.617250151714244,15.318091726581567,-0.0010101704915270774,20.375531742175706,124.52617655756463,89,88,89.0,6.144418855797498,1.5802106102013196,0.676737012987013,0.14538812313265168,0.3,0.8114285714285714,96.15530047508837,35.61446425696861,73.94366197183099,200.0,126.05633802816901,0.1287061873601656,0.14538812313265168,29,0.3333333333333333,0.21483696080244064,2,1,1.0
S15,3570,3630,60,30,0.0003443526977991496,0.28462968083571644,-0.4278064070965403,1.59764262322447,2.02544903032101,-0.020985011006134514,0.12263476154325689,0.2846298891392509,3402.595299239735,3.706711698212608,15.92838260743667,0.0019160308177770934,20.712158642030268,125.21590344560116,94,93,94.0,5.885278117931373,2.046837673456437,0.6347772657450077,0.18120224821000347,0.3,0.8128571428571428,106.96047642715196,44.20176281274624,73.81370826010546,200.0,126.18629173989454,0.15683637532367056,0.18120224821000347,39,0.42391304347826086,0.28545799918863674,2,1,1.0
S15,3600,3660,60,30,0.00044238936151041883,0.28436892533896213,-0.4310188954141595,1.6060664893931544,2.037085384807314,-0.023041754249523608,0.11486144116903409,0.28436926944869306,3396.367019084903,3.7346919939750722,16.161383318113433,0.00037156597616502124,20.62324974464129,126.21752388786696,93,92,93.0,5.908063280773182,2.079171089778695,0.6410403726708074,0.18162996882402527,0.3028571428571429,0.8128571428571428,105.586527729805,42.872125807291894,73.81370826010546,198.1132075471698,124.29949928706434,0.1523579342243238,0.18162996882402527,43,0.4725274725274725,0.28333623991151874,2,1,1.0
S15,3630,3690,60,30,-0.0002143976329632995,0.29745517486499007,-0.6762510854731392,2.8925696873664175,3.5688207728395565,-0.02489978619534093,0.12305074197092428,0.29745525213098334,3716.144334852888,3.5795036161994997,16.323662893326798,0.023956613586458814,21.023915406517993,132.02588128423193,91,90,91.0,5.86489761864416,1.807260932266836,0.6552857142857142,0.16684486392088924,0.3,1.0414285714285714,101.13026378449969,38.63295197861175,57.61316872427984,200.0,142.38683127572017,0.13902343911955056,0.16684486392088924,43,0.48314606741573035,0.25461391921653037,2,1,1.0
S15,3660,3720,60,30,2.4453276244263427e-05,0.28131109722485964,-0.510985508909172,1.6081479740627933,2.1191334829719652,-0.023901065174608792,0.11216120035359174,0.2813110982876736,3323.70922883232,3.7694626018767745,16.53308777809499,-0.00037478471843770307,20.787727100895747,132.02588126809667,93,92,93.0,5.9901857380513155,2.1238637494897716,0.6463664596273293,0.17607489798447434,0.3,0.8557142857142858,103.74340051851398,41.06168461207177,70.11686143572621,200.0,129.8831385642738,0.16141606764483643,0.17607489798447434,47,0.5164835164835165,0.27240723178302373,2,1,1.0
S15,3690,3750,60,30,-0.00016942611809716332,0.27715504902811183,-0.46534199283667066,1.5985742340690465,2.063916226905717,-0.02318241980507727,0.10472504925814695,0.27715510081357797,3226.227896093352,3.8286601177728916,17.0892414865086,0.0019497903982100206,20.50109772489458,127.65003858633904,96,95,96.0,5.774576445190379,2.4061516157540166,0.6193082706766918,0.1918200310271044,0.3,0.8857142857142857,110.46451409370152,44.930712970455076,67.74193548387098,200.0,132.25806451612902,0.21046755427504366,0.1918200310271044,55,0.5851063829787234,0.3097327132697757,2,1,1.0
S15,3720,3780,60,30,0.0002934585871709036,0.279690471993011,-0.43163903794110164,1.593537901611751,2.0251769395528525,-0.026370192622537064,0.107115656513817,0.2796906259451962,3285.527542147858,3.7993136513818873,16.744510424551052,0.0016461845846567145,20.80810125749026,127.3119863477422,101,100,101.0,5.600519913393972,2.4859964152546845,0.5875857142857143,0.19038261100065987,0.3,0.8857142857142857,116.5152236400702,45.4303063108229,67.74193548387098,200.0,132.25806451612902,0.19822048987339408,0.19038261100065987,63,0.6363636363636364,0.3240082363678537,2,1,1.0
S16,90,150,60,30,0.00042717776626208465,0.30798260875054373,-0.4136414759248779,1.6452162406959974,2.0588577166208752,-0.048917041420529925,0.1408501314719687,0.3079829050022655,3983.8457304926487,3.6242509604777524,14.62896740415911,-0.000634232428641054,20.105742016843806,136.15368988586866,99,98,99.0,3.6774730385630385,2.4493193027477007,0.6073323615160351,0.24697087308304091,0.3385714285714286,1.08,116.34852414475918,44.587632456206805,55.55555555555555,177.21518987341773,121.65963431786219,0.19937853160226515,0.24697087308304091,78,0.8041237113402062,0.40664863052340455,1,0,0.8605
S16,120,180,60,30,-0.0006209442595844195,0.2968294224633465,-0.3789505849074988,1.6220797619249179,2.0010303468324167,-0.043781419144604046,0.13605603252276938,0.2968300719463871,3700.5398476912887,3.7127996891521553,15.75752906794408,-3.386862058464335e-05,19.072278120965027,131.79200150337175,84,83,84.0,3.910639485976265,2.5021638494292353,0.7123235800344234,0.26009490341519725,0.3485714285714286,1.08,99.54130289491104,43.2502385347732,55.55555555555555,172.1311475409836,116.57559198542805,0.2397384816251374,0.26009490341519725,66,0.8048780487804879,0.36513588866822017,1,0,1.0
S16,150,210,60,30,0.00017627426857177848,0.29527759748920007,-0.36934574017489247,1.588371618161265,1.9577173583361576,-0.04130359001842766,0.13527342258944486,0.2952776501051372,3661.933407367697,3.7232901964040455,15.91849500414681,0.0003837952813493383,18.89100039110405,128.35951689416544,78,77,78.0,4.207979046785034,2.4761532591132767,0.7669387755102042,0.2522174874480236,0.3557142857142857,1.0914285714285714,90.97902339788523,40.17060803347965,54.973821989528794,168.67469879518072,113.70087680565192,0.24524982330765957,0.2522174874480236,60,0.7894736842105263,0.3288626100306853,1,0,1.0
S16,180,240,60,30,-0.0004127865826275838,0.29822225373546923,-0.44085607921535347,1.607971089134635,2.0488271683499883,-0.04261452883031383,0.14601104634101542,0.29822253941616383,3735.3406866646665,3.618598857429512,15.23270583912609,-0.00015136937334786604,18.98961784263439,135.99332236987976,74,73,74.0,4.6641259059595015,2.3415837474873826,0.8136986301369863,0.26119184855387234,0.3057142857142857,1.0914285714285714,86.3016001344234,40.59998842632116,54.973821989528794,196.26168224299064,141.28786025346184,0.19431758900528123,0.26119184855387234,54,0.75,0.3209933492328734,1,0,1.0
S16,210,270,60,30,0.00018387005219280407,0.30491560020030106,-0.39802799091899554,1.5973867523798218,1.9954147432988174,-0.04912616829070605,0.150881644317491,0.3049156556389093,3904.8893962556494,3.568057592756718,14.608586314154877,0.0002086188421327099,19.569456423489477,135.99332252970348,94,93,94.0,3.9926916862848247,2.436959311234553,0.6358986175115207,0.26715852372032034,0.3057142857142857,1.0871428571428572,111.99457021071618,43.56410712544282,55.19053876478318,196.26168224299064,141.07114347820746,0.196252772828681,0.26715852372032034,76,0.8260869565217391,0.42012754291839643,1,0,1.0
S16,240,300,60,30,0.00020133370012406356,0.30961125123254557,-0.42297877401330114,1.6058585252433981,2.028837299256699,-0.05412491417495606,0.1495207164320042,0.309611316694079,4026.085031851733,3.5682802553729736,14.341966057840434,0.00021695439282384664,19.98441898620504,131.46892272278265,110,109,110.0,3.396635103995712,2.420313302103948,0.5456618610747052,0.2160546408006026,0.35428571428571426,1.0857142857142856,124.61682262835178,38.58558706856416,55.26315789473685,169.35483870967744,114.09168081494059,0.20249753878108265,0.2160546408006026,90,0.8333333333333334,0.3959496827853672,1,0,1.0
S16,270,330,60,30,0.00024554607067111823,0.3035297942615957,-0.4229787745304448,1.607410666743399,2.0303894412738437,-0.05024449912678278,0.1413080215303597,0.30352989358110916,3869.4766444890965,3.657569590071882,15.08789045612605,0.0003228846932707223,19.539750131172806,130.7502637808686,108,107,108.0,3.466228906460758,2.4968504452753053,0.553351134846462,0.22636772316758125,0.35428571428571426,1.1857142857142857,124.03330264897032,39.858857156428286,50.602409638554214,169.35483870967744,118.75242907112323,0.213058661098125,0.22636772316758125,84,0.7924528301886793,0.4090851340358981,1,0,1.0
S16,300,360,60,30,-0.0003021492722240529,0.2979602196991623,-0.39953513137406005,1.598729363954384,1.998264495328444,-0.046769549072371006,0.1350470990942063,0.2979603728977325,3728.776120328943,3.745029674015242,15.830567379553504,-0.0012213786775489032,19.16626419714362,130.94824363897126,118,117,118.0,3.3023159219494107,2.477456056985708,0.5057264957264958,0.1681365321677018,0.34285714285714286,1.1857142857142857,129.54833974239534,34.46728520763159,50.602409638554214,175.0,124.3975903614458,0.2293164428559578,0.1681365321677018,106,0.9137931034482759,0.3324653416194205,1,0,1.0
S16,330,390,60,30,0.00012292835822916228,0.2973876294797749,-0.36645520401726767,1.5877745012104536,1.9542297052277213,-0.04548621510256831,0.13568892222849777,0.2973876548866498,3714.455525717207,3.721349685140948,15.733349385520217,0.0023424037900189342,18.99909733814993,130.94824364021642,117,116,117.0,3.2024758482079902,2.389637845386308,0.5065886699507388,0.1431467227032458,0.36428571428571427,0.9257142857142857,127.49575208903626,32.82680166201116,64.81481481481481,164.7058823529412,99.89106753812638,0.23984674195687794,0.1431467227032458,114,0.991304347826087,0.282569925452864,1,0,1.0
S16,360,420,60,30,0.0001446437812532076,0.2999919099813964,-0.3716873678218079,1.5889416713654656,1.9606290391872734,-0.049150699531781264,0.1373954134999454,0.2999919448520405,3779.797012996607,3.6954292016770167,15.441968870500755,4.503637117294691e-05,19.14375855100085,130.83549046813408,114,113,114.0,3.265220696924933,2.3934657164149917,0.5235398230088496,0.16085278171823972,0.36428571428571427,0.9285714285714286,125.02032394294349,34.76877769949165,64.61538461538461,164.7058823529412,100.09049773755657,0.2453885180307773,0.16085278171823972,109,0.9732142857142857,0.3072407764395045,1,0,1.0
S16,390,450,60,30,0.00019693151055788865,0.3009173498864631,-0.41269933950355103,1.5889416785874495,2.0016410180910005,-0.04918170649003832,0.14152858514133526,0.30091741432611024,3803.1541902779,3.6659343297272793,15.242193907051934,0.0003282615066042733,19.187030944203855,130.83549046713568,112,111,112.0,3.3737871672630795,2.424214084952592,0.5374646074646074,0.17422997238068538,0.36428571428571427,0.96,123.00488609592645,36.00322049179275,62.5,164.7058823529412,102.20588235294119,0.2572892440465416,0.17422997238068538,107,0.9727272727272728,0.3241701313181977,1,0,1.0
S16,420,480,60,30,0.00018765742761696436,0.29965977540966043,-0.4126992664710768,1.5883982956811105,2.001097562152187,-0.04693302141235422,0.14328716704336722,0.2996598341684756,3771.432680982888,3.658290544429567,15.284307772893886,-9.981131693840176e-05,19.079969122476573,129.62771477758957,111,110,111.0,3.3465161368962386,2.384223540431959,0.5377532467532469,0.17915328156779234,0.3657142857142857,1.082857142857143,122.96879729778205,35.4490295106982,55.40897097625329,164.0625,108.6535290237467,0.2548247412535031,0.17915328156779234,108,0.9908256880733946,0.3331514642625645,1,0,1.0
S16,450,510,60,30,0.00020343800182559785,0.30229446994148346,-0.39758179687537454,1.594980632319652,1.9925624291950266,-0.05046285295672441,0.13807262723948857,0.302294538396285,3838.0434936573674,3.6796193756175106,15.228499511220523,0.0022093121311917365,19.37242302618874,135.53782084033583,120,119,120.0,3.2927741896696943,2.4090084431767655,0.49704681872749096,0.15077240461445096,0.30428571428571427,1.082857142857143,130.09977154360175,32.45478061912348,55.40897097625329,197.1830985915493,141.774127615296,0.21493634075617554,0.15077240461445096,118,1.0,0.30333642412288103,1,0,1.0
S16,480,540,60,30,0.00017112246594322883,0.303415510546789,-0.3818196287699581,1.5950104797459441,1.9768301085159021,-0.05325329190472606,0.1320207246567787,0.30341555880222587,3866.562055577214,3.727363700288811,15.380924258030543,0.00011844551678233879,19.63945788554448,135.53804452602952,130,129,130.0,3.294258662897009,2.4932285969486387,0.45968992248062013,0.11370491417004379,0.30428571428571427,0.8285714285714286,137.59768349462115,29.20462397745956,72.41379310344827,197.1830985915493,124.76930548810104,0.18976686657042946,0.11370491417004379,115,0.8984375,0.2473513309938558,1,0,1.0
S16,510,570,60,30,-0.0004833864802338158,0.3085762437151851,-0.3818196219477258,1.6032333654783542,1.98505298742608,-0.05502160560775134,0.12960233407800062,0.308576622328819,3999.2203376102284,3.7171950024488782,15.051273357082174,-0.000256766505296085,20.094895165993794,132.69645444636416,134,133,134.0,3.2818776253653557,2.5215728724364954,0.4495059076262084,0.1080489499025473,0.35,0.8214285714285714,139.90988619502008,27.34979048879348,73.04347826086956,171.42857142857144,98.38509316770188,0.1690297076054529,0.1080489499025473,115,0.8712121212121212,0.2403727027151701,1,0,1.0
S16,540,600,60,30,-0.0005011216026907521,0.3097061596662893,-0.38727956833073135,1.5999905436570079,1.9872701119877392,-0.052803208265804785,0.12194220147115718,0.30970656508718336,4028.562571240274,3.729383155214313,15.056667655431589,-0.0008306193446900641,20.2085991380311,132.714572058756,138,137,138.0,3.2404761198425964,2.562247745437083,0.43346193952033363,0.09361147407071506,0.35,0.81,143.79385731663487,25.460379408418127,74.07407407407408,171.42857142857144,97.35449735449737,0.1480054466730801,0.09361147407071506,116,0.8529411764705882,0.21596238455054428,1,0,1.0
S16,570,630,60,30,0.00036384266459706506,0.30992437415980323,-0.39167478804872485,1.6009884952937101,1.992663283342435,-0.0536992152859299,0.12820938772001733,0.30992458773035464,4034.2365033528727,3.710533817804004,14.919986279896243,1.354581287593957e-06,20.228760893088516,136.77845832915523,135,134,135.0,3.190431631459286,2.5272044954161763,0.44315565031982945,0.11887700171185159,0.34714285714285714,1.0557142857142856,142.40138512079292,27.656549400271473,56.833558863328825,172.83950617283952,116.0059473095107,0.149753928386054,0.11887700171185159,110,0.8270676691729323,0.26825112491752495,1,0,1.0
S16,600,660,60,30,0.00016951397044220003,0.30590239105156886,-0.39167479248548537,1.6010254864469584,1.9927002789324437,-0.05119106358661813,0.14079416700253083,0.305902438019139,3930.2046666142332,3.6763277866542734,14.998102484391538,-0.0004372500646601138,19.659354214183956,136.77842166306263,109,108,109.0,3.1946380450272525,2.4080421056455896,0.5520105820105821,0.22734758643559222,0.34714285714285714,1.0971428571428572,124.23246001004684,39.367783930172635,54.6875,172.83950617283952,118.15200617283952,0.19797154635965636,0.22734758643559222,98,0.9158878504672897,0.4118536742674871,1,0,1.0
S16,630,690,60,30,0.00021242125607477097,0.2941676009818541,-0.3771572133492295,1.5864536736569128,1.9636108870061424,-0.038543806735657674,0.13655763762014494,0.29416767767756097,3634.4541487887946,3.7230904841874546,15.975831280826501,0.0008683979657156884,18.560609212578203,127.08261899049636,74,73,74.0,4.072406300348662,2.454805277173521,0.8023679060665362,0.26863931140052866,0.36428571428571427,1.1457142857142857,87.83615124293541,40.22827649642591,52.36907730673317,164.7058823529412,112.33680504620801,0.20587598362830142,0.26863931140052866,58,0.8055555555555556,0.3348081464492821,1,0,1.0
S16,660,720,60,30,0.0002547234292249776,0.2922001931734982,-0.3771572133574948,1.585344999063899,1.9625022124213938,-0.035954402874925566,0.13452829633698252,0.2922003042001412,3586.0027465355124,3.724182955936045,16.110470772972548,0.0009120554672242489,18.400603656290254,128.6600938947701,62,61,62.0,4.788660955859419,2.3084784362215345,0.9616861826697892,0.16822782991097357,0.3028571428571429,1.1457142857142857,66.59117521286407,25.4255681232523,52.36907730673317,198.1132075471698,145.74413024043662,0.1803771558910577,0.16822782991097357,36,0.6,0.17493006860506943,1,0,1.0
S16,690,750,60,30,0.00018077952826488672,0.3025820769650933,-0.3933430639873388,1.587392831822544,1.9807358958098829,-0.04698788220251716,0.13997606030328752,0.3025821309690106,3845.349731233395,3.651544421109993,15.124241400191703,0.0019862984678366297,19.211887865809512,129.3796885357448,79,78,79.0,3.9586875269166972,2.4317778540750865,0.7632234432234432,0.2735494961414057,0.3,1.1014285714285714,93.61320361184731,43.26200559216735,54.474708171206224,200.0,145.52529182879377,0.19703924302486098,0.2735494961414057,53,0.6883116883116883,0.35841338283069574,1,0,1.0
S16,720,780,60,30,0.0001383496224147685,0.3087862790906176,-0.38046561884782854,1.5989751537620163,1.9794407726098449,-0.05307556625012137,0.13552470906145386,0.3087863100839265,4004.6573824003663,3.6560887708130134,14.783397144683303,0.0003266931161065823,19.864635192202797,136.39009444422476,106,105,106.0,3.2641763484633217,2.417552977781631,0.5613197278911565,0.22272171842380326,0.3,1.1014285714285714,122.09066954759581,39.795094399854264,54.474708171206224,200.0,145.52529182879377,0.2037962899232938,0.22272171842380326,91,0.875,0.39678227462368904,1,0,1.0
S16,750,810,60,30,-0.00047419190402777907,0.30672774872121683,-0.3830641734422351,1.599989465559775,1.9830536390020101,-0.05421020574838613,0.12298830425233932,0.30672811526423166,3951.4497411290067,3.7527658504392507,15.331265201506522,0.0004339320869494746,19.972693086466418,136.39204527174238,129,128,129.0,3.2834294635258736,2.549318934368137,0.4640513392857143,0.13034060283323384,0.30714285714285716,1.0157142857142858,137.23734126078426,29.430995090231537,59.0717299578059,195.3488372093023,136.2771072514964,0.17629327456427968,0.13034060283323384,119,0.937007874015748,0.2808753941619027,1,0,1.0
S16,780,840,60,30,0.00018606526319467023,0.30071726704485163,-0.377365102078705,1.6069638350577076,1.9843289371364126,-0.04828403493437844,0.12370661021496289,0.30071732460768996,3798.0981914066842,3.794247907557777,15.909825559908818,-0.00022355092160858444,19.536472117420658,131.57913238601407,118,117,118.0,3.5025691178192977,2.6317638527001668,0.5038217338217338,0.18572103200481027,0.35285714285714287,1.1128571428571428,131.720751599358,35.71514966723783,53.91527599486522,170.04048582995952,116.1252098350943,0.20879505017307504,0.18572103200481027,103,0.8879310344827587,0.3686244946124606,1,0,1.0
S16,810,870,60,30,0.00024647520470778324,0.29715834744708397,-0.3864338647118337,1.5971362812825385,1.9835701459943722,-0.042601980972295964,0.1301147580963209,0.29715844966534005,3708.732056715354,3.766891919466913,16.021736166032063,-0.0002611073792196339,19.12725232407508,131.57030319623271,95,94,95.0,3.454429396524192,2.5200152037906185,0.6320516717325227,0.2450243510996659,0.35285714285714287,1.1128571428571428,110.88224037450996,42.55339311057931,53.91527599486522,170.04048582995952,116.1252098350943,0.27155652251401263,0.2450243510996659,83,0.8924731182795699,0.3876650629339012,1,0,1.0
S16,840,900,60,30,9.204993514526285e-05,0.3016832506482763,-0.36865794544472913,1.591543002574037,1.960200948018766,-0.045558750356679945,0.13316356163237122,0.3016832646914662,3822.537272185854,3.72188992556285,15.520055218607688,-0.0013093825159136642,19.414294739480635,129.69114387029862,99,98,99.0,3.2545477796394144,2.4170813296132345,0.605597667638484,0.21921252360859,0.36,1.0942857142857143,112.85000644767338,39.42181830034085,54.83028720626632,166.66666666666669,111.83637946040037,0.26897484038307284,0.21921252360859,90,0.9278350515463918,0.36197715962712484,1,0,1.0
S16,870,930,60,30,0.00030545096634772317,0.30640673881497454,-0.40895485341321325,1.5915430044733887,2.000497857886602,-0.04693953115459303,0.1384761971694081,0.3064068910640243,3943.1776814438767,3.6718786636993466,15.019641661625808,0.0011599747655025659,19.77024601406487,133.14520412185692,98,97,98.0,3.480466796774106,2.441996935907824,0.6062739322533137,0.21045416476793416,0.34,1.0757142857142856,112.1420501735534,39.08069661583308,55.77689243027889,176.47058823529412,120.69369580501522,0.25236028666514526,0.21045416476793416,85,0.8854166666666666,0.34712718718706526,1,0,1.0
S16,900,960,60,30,0.000476011855485507,0.3205762423167175,-2.655814039232899,1.84732964019689,4.5031436794297885,-0.043947684601987294,0.14344371941411996,0.3205765957227591,4316.312856458119,2.7818438823119482,14.310077698296261,-0.02098788070243565,19.395411024068856,133.1452041199494,88,87,88.0,3.524982521751738,2.312184550797306,0.684696223316913,0.25492557160516643,0.3,1.16,102.95903327332981,42.98620252187187,51.724137931034484,200.0,148.27586206896552,0.25688382117116076,0.25492557160516643,72,0.8372093023255814,0.37231923139610135,1,0,1.0
S16,930,990,60,30,0.00028082057621461035,0.29550135947240774,-0.3973722173375734,1.5946665346741957,1.992038752011769,-0.04094144948962898,0.13662884880604645,0.2955014929069516,3667.487557029961,3.7406518864407015,15.995373632888075,0.00045744480234048685,18.846388310444045,129.4036587135197,74,73,74.0,4.237986514146766,2.4571304000103646,0.8077690802348337,0.2642014448927987,0.3,1.16,87.68956514448442,42.89675097269798,51.724137931034484,200.0,148.27586206896552,0.26352475174939544,0.2642014448927987,55,0.7638888888888888,0.3270754617346709,1,0,1.0
S16,960,1020,60,30,-0.005340862116930569,0.31533671457585827,-1.652361683890258,1.733864383743439,3.386226067633697,-0.050339891016137506,0.13403299994541987,0.31538194045894313,4177.56227144123,3.094460150858265,14.345924885720159,0.000879638143655317,19.707513794959322,133.79790683420657,102,101,102.0,3.5478194960373894,2.4713717422615002,0.588033946251768,0.2546501727990244,0.3,1.1214285714285714,119.74137032723146,42.65703875805959,53.503184713375795,200.0,146.4968152866242,0.21045305841426581,0.2546501727990244,84,0.84,0.4330535242433018,1,0,1.0
S16,990,1050,60,30,0.0002638032768746978,0.3064730984857068,-0.3948820572228261,1.5974276698366892,1.9923097270595154,-0.05296035499245176,0.12822780282698765,0.3064732120228433,3944.884846879143,3.740070691166134,15.27486901662969,-0.0007664835594561146,20.0064339492761,133.7979243160715,127,126,127.0,3.1853471096824677,2.504600468480858,0.4704875283446711,0.13295867706014947,0.30142857142857143,0.9428571428571428,136.0360477289761,31.031507169402037,63.63636363636364,199.05213270142178,135.41576906505816,0.20158530882654588,0.13295867706014947,110,0.88,0.2825976652940016,1,0,1.0
S16,1020,1080,60,30,0.00021780399021152324,0.29983619059942523,-0.3906123714647623,1.593380449297265,1.9839928207620272,-0.047814632445881744,0.1343453720419614,0.29983626970690685,3775.8751225336255,3.7718852156154696,15.819468096629212,-0.0007502833810259975,19.335630228831526,130.47498580308917,113,112,113.0,3.3408006295491957,2.4850121495626527,0.5293239795918367,0.1926736617578626,0.30142857142857143,1.13,126.13861108460917,36.96833385037685,53.09734513274337,199.05213270142178,145.9547875686784,0.24292008420500624,0.1926736617578626,103,0.9279279279279279,0.36399949593523767,1,0,1.0
S16,1050,1110,60,30,0.00016139740241445186,0.2967371454059557,-0.39235029941375027,1.5841038927943116,1.9764541922080618,-0.043759885889201745,0.13220368243231467,0.2967371892985387,3698.2242995374654,3.7751145699501336,16.02303187426958,-0.0004958205930446899,19.007937124400232,130.47497096758107,104,103,104.0,3.3925401715479753,2.459227375620732,0.576102635228849,0.2161831109840171,0.36,1.13,118.06916918561394,38.8960801261964,53.09734513274337,166.66666666666669,113.56932153392331,0.2652754953541208,0.2161831109840171,101,0.9901960784313726,0.3752510364722447,1,0,1.0
S16,1080,1140,60,30,0.0004360107719673615,0.2973887299252778,-0.3627895808582331,1.5832772611056973,1.9460668419639304,-0.04332836920717327,0.13306137662117368,0.2973890495495137,3714.4903652624507,3.7567015337931053,15.901681741890673,0.0006252734901255612,19.031954363933185,128.69646983368142,104,103,104.0,3.2994181292687377,2.425324295167717,0.5745076282940361,0.20355409150999595,0.3657142857142857,1.1214285714285714,117.3308131772424,37.930915983246145,53.503184713375795,164.0625,110.55931528662421,0.2599598654651542,0.20355409150999595,101,0.9901960784313726,0.35431051127108076,1,0,1.0
S16,1110,1170,60,30,0.000228357397692252,0.3047625479774206,-0.38759010883276346,1.5933067028711285,1.980896811703892,-0.05144614983169264,0.13459178055761473,0.30476263353106575,3900.9710374652077,3.713668007427056,15.251426047720734,-0.001254402613623697,19.65278417825581,131.44861121419066,118,117,118.0,3.242983644290041,2.441934519783707,0.5098046398046397,0.17668467528475168,0.3414285714285714,1.0442857142857143,129.67623948033267,35.76208531248855,57.45554035567716,175.73221757322176,118.2766772175446,0.2164169468012445,0.17668467528475168,92,0.7931034482758621,0.3465732978665285,1,0,1.0
S16,1140,1200,60,30,0.00017959869557602597,0.3020867847608959,-0.3875446519748211,1.5919685136071826,1.9795131655820037,-0.049699646621895105,0.13142121551637925,0.3020868381490119,3832.7712268804266,3.7510460204560148,15.579560547054186,0.0003281836306456815,19.454413331090446,131.45186224963018,118,117,118.0,3.2568404618727382,2.4718015679259753,0.5053113553113553,0.18316069566899534,0.3414285714285714,1.052857142857143,131.23772639049253,35.86664476905495,56.98778833107191,175.73221757322176,118.74442924214985,0.2143046789637513,0.18316069566899534,90,0.7758620689655172,0.36247096714487664,1,0,1.0
S16,1170,1230,60,30,0.00022207909626768038,0.29752187241603306,-0.3672516487073384,1.5898556739599607,1.9571073226672993,-0.044894639473002707,0.13194394600914705,0.2975219552992136,3717.811183172825,3.76416908696123,15.942571393405021,0.0005140311522689177,19.017778693190486,129.7132793582066,94,93,94.0,3.6059193631424575,2.497627684981761,0.6338402457757296,0.24099511880875868,0.3628571428571429,1.1014285714285714,109.5548009288378,40.653701767682534,54.474708171206224,165.3543307086614,110.87962253745516,0.23302079567201012,0.24099511880875868,81,0.8804347826086957,0.38021428966507986,1,0,1.0
S16,1200,1260,60,30,0.002471546706415038,0.308571086173901,-0.4248904368794464,2.1940227249023665,2.618913161781813,-0.05063603946300033,0.13563482108477218,0.3085809841284181,3999.333398157848,3.6914447128468724,15.192556636475771,-0.0116083589812112,19.760417131830746,130.32122438740512,100,99,100.0,3.4250221530510987,2.4478992491679485,0.5986580086580087,0.24150372543580786,0.3028571428571429,1.1571428571428573,116.7010232087,42.35129469537722,51.85185185185185,198.1132075471698,146.26135569531795,0.20458758711042763,0.24150372543580786,75,0.7653061224489796,0.40340849356910563,1,0,1.0
S16,1230,1290,60,30,0.0002537157023048675,0.30237354237650954,-0.3891665867134103,1.6111719632466557,2.000338549960066,-0.048413704280348725,0.13929009586783883,0.30237364882042284,3840.0525870410083,3.7115058087248265,15.390777846932622,-0.0003518334917891866,19.48568475549613,130.32122438817055,95,94,95.0,3.712663492119356,2.5057864491138173,0.6282826747720365,0.26439466905404124,0.3028571428571429,1.177142857142857,113.36623895124707,44.14607045441144,50.97087378640777,198.1132075471698,147.14233376076203,0.20940284177307072,0.26439466905404124,72,0.7741935483870968,0.4208211998683127,1,0,0.8061666666666667
S16,1980,2040,60,30,0.0005397842218075245,0.45500282978168205,-0.793151283791407,1.700471863756631,2.493623147548038,-0.09748884812166933,0.473330122633849,0.4550031499631013,8695.170392006466,1.8258148700355648,3.8507491882874083,0.006310385851917814,33.46858759795689,157.51557686515739,141,140,141.0,4.822247933195978,0.33866213039805176,0.4257857142857142,0.02048701857345657,0.37,0.5057142857142857,141.22835065160314,6.512484384920698,118.64406779661017,162.16216216216216,43.51809436555199,0.010232217852966876,0.02048701857345657,1,0.007194244604316547,0.048115796012144274,2,1,0.8605238095238095
S16,2010,2070,60,30,0.0009108108641021032,0.44652742383694355,-1.7288054684648462,1.9813645060229266,3.7101699744877727,-0.07485590572786295,0.4269520704692439,0.4465283527558889,8374.277932225279,1.8658596473112505,4.33836985704369,0.0025016080164892685,32.46878411563601,158.25780793482463,132,131,132.0,4.9344679607702355,0.12537306916202304,0.45167938931297713,0.02155179468302387,0.4157142857142857,0.5314285714285715,133.1234984103805,6.007356099574864,112.9032258064516,144.3298969072165,31.426671100764892,0.007795462190866606,0.02155179468302387,0,0.0,0.04771480654852335,2,1,1.0
S16,2040,2100,60,30,0.004257921152203294,0.44717821223790705,-0.7190924918719046,2.7698115905649705,3.488904082436875,-0.06863652033277942,0.41892269974327284,0.4471984832183904,8399.432302498819,1.94890028924251,4.639884889217288,-0.012159923843499693,32.15904869738504,159.52172156080678,131,130,131.0,4.9073285207087585,0.09758963622490308,0.45942857142857146,0.019826246815631762,0.43714285714285717,0.5314285714285715,130.8254271954024,5.300527782502706,112.9032258064516,137.2549019607843,24.351676154332708,0.007517316401403938,0.019826246815631762,0,0.0,0.04315414418825321,2,1,1.0
S16,2070,2130,60,30,-0.0065497983234513455,0.4629665320206616,-2.0671073616809506,3.3644399142172587,5.431547275898209,-0.07830834750062465,0.4175679899451964,0.4630128611921231,9003.998204431282,1.6869358010345223,5.196897951718771,0.031547042915687676,31.909330290550436,198.30124674012472,129,128,129.0,4.735718584457902,0.27086166921576665,0.4650892857142857,0.02278290819040109,0.43714285714285717,0.5757142857142857,129.29416761382805,5.873053388017616,104.2183622828784,137.2549019607843,33.03653967790591,0.009219936617946586,0.02278290819040109,0,0.0,0.04898609555240779,2,1,1.0
S16,2100,2160,60,30,2.50621453606827e-05,0.43806768923240635,-0.7930984500232279,1.9601644688702733,2.753262918893501,-0.07348497218492847,0.3987483642728566,0.4380676899493174,8059.938641056313,2.009570526787616,4.782953466223739,0.00021193522840778407,31.41261677093223,169.3862005783218,127,126,127.0,4.9667239095576825,0.12249823563608953,0.4741156462585034,0.018296063488958583,0.4442857142857143,0.5757142857142857,126.72684600925214,4.565463401915893,104.2183622828784,135.04823151125402,30.829869228375614,0.00825610472959994,0.018296063488958583,0,0.0,0.038589874924699216,2,1,1.0
S16,2130,2190,60,30,0.00039269942374131183,0.43533352546225695,-0.6516089603941169,1.64466980821022,2.2962787686043367,-0.06582110466603305,0.4075652282527691,0.4353337025825532,7959.648169377866,2.0098607520578198,4.803940339886545,0.0037721011694895608,30.95997556088511,153.6805096427123,124,123,124.0,4.999895330553371,0.08120647509427716,0.48193960511033684,0.01917939038326632,0.45285714285714285,0.5728571428571428,124.67999680607288,4.611363507325169,104.73815461346634,132.49211356466878,27.75395895120245,0.0072934935738099985,0.01917939038326632,0,0.0,0.03979625284972237,2,1,1.0
S16,2160,2220,60,30,0.0007872429445339944,0.43029807948216997,-0.6515809718247523,1.7065273862840118,2.358108358108764,-0.04976663544909819,0.3965351950760266,0.4302987996235843,7776.596392214897,2.042234289087897,5.010290155328068,0.001496772025792386,30.19441097425347,153.68050960899603,120,119,120.0,5.003154564012781,0.09981170828242568,0.4996758703481393,0.02290918218815162,0.45285714285714285,0.5728571428571428,120.3298677844573,5.506721641311554,104.73815461346634,132.49211356466878,27.75395895120245,0.00821283806593057,0.02290918218815162,0,0.0,0.04584808582449679,2,1,1.0
S16,2190,2250,60,30,0.00014036597143850843,0.4247761766113685,-0.6547162680472505,1.7858980574637893,2.4406143255110395,-0.04112418529138001,0.37644979728330796,0.42477619980311804,7578.262436605495,2.098468051806925,5.307851454417493,-0.002900991861050222,29.413491964869387,153.36279966049875,116,115,116.0,5.0024869399033784,0.0799293756502361,0.5194658385093168,0.02039056175489583,0.4785714285714286,0.5885714285714285,115.6764945707692,4.419798965761759,101.94174757281554,125.3731343283582,23.43138675554266,0.009157100434295053,0.02039056175489583,0,0.0,0.03925294070041166,2,1,1.0
S16,2220,2280,60,30,0.00041969685873022934,0.43617557844465443,-1.2235377152010947,3.150017912161454,4.373555627362549,-0.03650355094591916,0.39466284450614836,0.43617578036496035,7990.47107783325,2.0544198777605343,5.7101852434244496,0.028560958532950136,29.216803273737007,153.36279845388233,115,114,115.0,4.865934469232785,0.1602961505128734,0.5226441102756892,0.02554541630447635,0.48142857142857143,0.5885714285714285,115.07187349023859,5.550871218346772,101.94174757281554,124.62908011869436,22.687332545878817,0.011546484015448926,0.02554541630447635,0,0.0,0.04887726811080185,2,1,1.0
S16,2250,2310,60,30,0.0003778801321114121,0.436359573010878,-1.1505432378605165,2.982735254307221,4.1332784921677375,-0.04082874074364755,0.41305410895329203,0.4363597366298018,7997.212429568461,2.028435916287777,5.427219551038066,0.026095923994990604,29.0690175718611,152.6333510000623,115,114,115.0,4.860529728545063,0.13739424335815653,0.5222807017543858,0.024609167918859687,0.48142857142857143,0.5771428571428572,115.13305019185081,5.360603348999868,103.96039603960395,124.62908011869436,20.66868407909041,0.010416641081179824,0.024609167918859687,0,0.0,0.047118662122102875,2,1,1.0
S16,2280,2340,60,30,-0.0001478962216235474,0.4295976331439735,-0.6082254517421228,1.6821633008845576,2.29038875262668,-0.04805268801993594,0.4282208736158252,0.42959765860185556,7751.27422760025,2.022754735585969,4.921305044034972,0.0004001394640589185,29.003799802246917,146.46240127920998,115,114,115.0,4.9363228810986755,0.07717325345365247,0.5203007518796993,0.029772663930451262,0.4585714285714286,0.5771428571428572,115.70135623316321,6.714345846608455,103.96039603960395,130.84112149532712,26.880725455723166,0.008877794935192179,0.029772663930451262,0,0.0,0.05722202749638754,2,1,1.0
S16,2310,2370,60,30,-2.9157097341268288e-05,0.45959973138145477,-1.2433825539245837,3.280016516283201,4.523399070207785,-0.07376797523512524,0.49745157669769635,0.45959973230632073,8871.740385313751,1.8782531774361542,4.533389234418325,0.029510190139759505,30.975675690174953,184.86567606719706,128,127,128.0,4.688794328420698,0.14443907706407721,0.46823397075365575,0.04824859852820755,0.4042857142857143,0.5728571428571428,129.4355032184226,12.609193143912039,104.73815461346634,148.40989399293287,43.67173937946653,0.0057608645825588676,0.04824859852820755,0,0.0,0.10304378054960005,2,1,1.0
S16,2340,2400,60,30,0.0005266427163421705,0.4684931233987933,-0.6588094438676689,1.714985124825118,2.373794568692787,-0.09459861133683659,0.5263174944494403,0.4684934194036322,9218.41552902932,1.807250268869991,3.494288223383948,-0.002592930690585968,33.57223433346192,152.47823124721646,146,145,146.0,4.684572587058954,0.06665551188754125,0.4113004926108375,0.021299061667278338,0.3842857142857143,0.45714285714285713,146.2599985722882,7.367904960700564,131.25,156.13382899628252,24.883828996282517,0.0021494607244366445,0.021299061667278338,0,0.0,0.05178467337123029,2,1,1.0
S16,2370,2430,60,30,0.00014661394860200906,0.46332929111333976,-0.6727437153286507,1.723212458083947,2.3959561734125976,-0.1046848861572181,0.4838521822683046,0.463329314310286,9016.310246968073,1.8526214472019984,3.761631514059661,0.002513493909925487,34.22552902065253,152.5335083540881,148,147,148.0,4.777168871320178,0.07201906035468392,0.4035762876579203,0.013482135947877795,0.3842857142857143,0.44857142857142857,148.83231028720718,4.839077529558992,133.7579617834395,156.13382899628252,22.37586721284302,0.002888768219907541,0.013482135947877795,0,0.0,0.033406660302365276,2,1,1.0
S16,2400,2460,60,30,0.00046970287026516143,0.4509264887503358,-0.6727437148212856,1.6824231943743495,2.355166909195635,-0.09374448643609039,0.4260875238712366,0.4509267333808155,8540.06659285471,1.9103246101473803,4.2331616807363215,0.0023109929014193324,33.78466587073689,155.1639860361028,142,141,142.0,4.9398972670176455,0.07998510294025095,0.42180344478216814,0.017423110568459407,0.39571428571428574,0.4857142857142857,142.47538452644827,5.556007697889107,123.52941176470588,151.6245487364621,28.095136971756205,0.004072949948477001,0.017423110568459407,0,0.0,0.041306231098840886,2,1,1.0
S16,2430,2490,60,30,-0.0009700475444952009,0.44579341100417247,-0.8604134854700015,1.6760903602375414,2.536503845707543,-0.07304817042699045,0.4027688516901388,0.4457944664158289,8346.773664052893,1.9302915037870279,4.433916184634411,-0.0016729018530308158,33.36831973958996,155.26705776211088,138,137,138.0,5.013156881796591,0.09346520159017936,0.43558915537017734,0.01681868897682849,0.40714285714285714,0.4857142857142857,137.94453054145018,5.188006492903672,123.52941176470588,147.3684210526316,23.839009287925705,0.004482525762880335,0.01681868897682849,0,0.0,0.03861135836252728,2,1,1.0
S16,2460,2520,60,30,0.00034804426134422257,0.4569885680301325,-3.154398772123104,2.525209332064736,5.679608104187841,-0.04475300875506996,0.39506621157026395,0.4569887005660412,8771.224242691631,1.6238691837537578,5.147188998053219,-0.027088738463370864,32.42790175283562,155.34945377730776,131,130,131.0,4.890934204796475,0.2387572607536427,0.45662637362637365,0.024784156993325843,0.4257142857142857,0.5642857142857143,131.754201464273,6.578567709502302,106.32911392405063,140.93959731543623,34.6104833913856,0.00721886470255089,0.024784156993325843,0,0.0,0.05427666561722744,2,1,1.0
S16,2490,2550,60,30,0.00021153657711983748,0.4362987141165974,-0.6682001618208416,1.6501249872919606,2.3183251491128023,-0.04090135142022216,0.3840810893506428,0.4362987653976571,7994.977732875833,2.002029911274107,4.840061719723983,-0.00014278392465226055,31.78480859475208,154.3043674805382,128,127,128.0,5.071158173304028,0.09122480346642838,0.46812148481439814,0.020071942587481323,0.44,0.5642857142857143,128.38758400970767,5.045962089508112,106.32911392405063,136.36363636363637,30.034522439585743,0.007199323295413852,0.020071942587481323,0,0.0,0.04287763590991661,2,1,1.0
S16,2520,2580,60,30,-0.005721418610881842,0.44424841322269243,-1.9689200184479365,1.8100887597754662,3.7790087782234028,-0.04993482704924339,0.39067190522973877,0.44428525440509625,8290.354265835645,1.767230038194193,4.865473615627406,0.0013543395427599444,31.445073989998072,153.80898352728286,127,126,127.0,4.63552270030463,0.9924009647886154,0.4742176870748299,0.03137485470412768,0.38857142857142857,0.6114285714285714,127.06015446073782,8.185505625029313,98.13084112149532,154.41176470588235,56.280923584387025,0.040738288663925315,0.03137485470412768,27,0.216,0.06616129165839577,2,1,1.0
S16,2550,2610,60,30,-6.19907773744961e-05,0.43279340248388565,-0.6536738807649437,1.6664714263536178,2.3201453071185614,-0.045252583632546445,0.3832960861904924,0.4327934069234825,7867.025589210274,2.0295745313337537,4.9699656309377644,-0.0017389591597912679,30.97314907349796,151.79716585278987,124,123,124.0,5.057964167739059,0.09528777490726105,0.4847619047619047,0.016436943447440715,0.45571428571428574,0.5328571428571428,123.9101283069603,4.074180855056799,112.6005361930295,131.6614420062696,19.060905813240097,0.005733282241376577,0.016436943447440715,0,0.0,0.03390725072654765,2,1,1.0
S16,2580,2640,60,30,-9.735969633613345e-05,0.43143807510470383,-0.7789370282988635,1.9050209527276074,2.683957981026471,-0.04499549620542554,0.38707944518217957,0.43143808608995404,7817.830529416427,2.043930468858079,5.053913065697989,-0.0009185413931035817,30.558406157896904,151.52610178476732,122,121,122.0,5.052519421817632,0.10791128287609665,0.49356552538370724,0.020748454469154198,0.46285714285714286,0.5685714285714286,121.7688582095019,4.870763454810628,105.52763819095476,129.62962962962962,24.101991438674858,0.0072679522048305105,0.020748454469154198,0,0.0,0.042037892441989244,2,1,1.0
S16,2610,2670,60,30,0.0007298167014298581,0.42560102998267535,-0.6529534093042579,1.744311813977126,2.397265223281384,-0.03346190339115582,0.37681857303525496,0.42560165572367287,7607.744312898734,2.0725534470919653,5.241555981086121,-0.0009946088438292718,29.862281500674086,152.49936995406063,118,117,118.0,5.077109046382912,0.10038679107853268,0.5093040293040293,0.027333126177958973,0.4714285714285714,0.6114285714285714,118.12504872030101,5.925255602754684,98.13084112149532,127.27272727272728,29.141886151231958,0.011479259515089737,0.027333126177958973,0,0.0,0.05366760246391542,2,1,0.8561666666666666
S16,4320,4380,60,30,-0.0001515216365953988,0.32722495726117373,-0.5158648656581079,2.0229569199013686,2.5388217855594766,-0.03207391981179865,0.10617706086990647,0.32722499234224656,4497.200215762099,3.46660196422299,13.186951927315043,0.0076076476632576185,21.573045343679706,137.6172330687602,78,77,78.0,5.936631750275129,0.15236536576643436,0.7708719851576997,0.07154578725326657,0.6328571428571429,0.9714285714285714,78.49528559149739,7.177026919175603,61.76470588235294,94.80812641083521,33.04342052848227,0.04030795791820745,0.07154578725326657,15,0.19736842105263158,0.09281150259810028,3,0,0.9938333333333333
S16,4350,4410,60,30,-0.00039414055966424774,0.3285540121049525,-0.45978925397057263,1.6059645869375787,2.0657538409081515,-0.03815956533618976,0.10501477308451643,0.3285542485146738,4533.811557115765,3.4699822155737494,12.998048468619917,0.0013954972059246722,21.827455666010525,134.10004789627166,82,81,82.0,5.103281201784714,1.7537254256163353,0.735573192239859,0.09402899284799153,0.33714285714285713,0.9442857142857143,83.43972484903372,15.740148550723411,63.54009077155825,177.96610169491527,114.42601092335701,0.10275677146364931,0.09402899284799153,30,0.375,0.12783091314362383,3,0,1.0
S16,4380,4440,60,30,-9.236084414017496e-05,0.33532051667841856,-0.44263321495969876,1.6105432049483963,2.053176419908095,-0.04698978880034138,0.10692670546890336,0.3353205293983759,4722.474012312297,3.4230769725960966,12.45847342651614,0.002769792206928758,22.41614998033494,137.78269442738434,85,84,85.0,5.240044929865299,1.518947733782598,0.702295918367347,0.07749228553633855,0.33714285714285713,0.9442857142857143,86.93801215015863,14.489029006666238,63.54009077155825,177.96610169491527,114.42601092335701,0.08655227204081128,0.07749228553633855,15,0.18072289156626506,0.1103413582646012,3,0,1.0
S16,4410,4470,60,30,0.00015150315752462658,0.33856010620406696,-0.43594669864901775,1.610543205387661,2.0464899040366786,-0.05032766429255301,0.11843827453069691,0.33856014010233965,4814.164675576865,3.3796614568236185,12.11702792287614,0.002722640204183706,22.73765508140934,137.77841528165268,86,85,86.0,5.791664513253807,0.07785545127961853,0.6949915966386555,0.042795823656295404,0.5985714285714285,0.7842857142857143,86.66747491716373,5.465185863817955,76.50273224043715,100.23866348448688,23.735931244049723,0.022816715949605364,0.042795823656295404,1,0.011904761904761904,0.061577469228805776,3,0,1.0
S16,4440,4500,60,30,0.00010459029583167591,0.34290457471562114,-0.4359467560402237,1.6260176349696427,2.0619643910098664,-0.05352032588047045,0.13929451675748422,0.342904590666312,4938.509448601302,3.3261315347626073,11.711038230595618,0.0004838790750129516,23.018432722145338,137.54110806904004,88,87,88.0,5.739441366089617,0.07040532816990122,0.6804597701149425,0.040248171173354004,0.5985714285714285,0.7842857142857143,88.48061657664663,5.1713947637015085,76.50273224043715,100.23866348448688,23.735931244049723,0.018423896494263212,0.040248171173354004,1,0.011627906976744186,0.05914849479867903,3,0,1.0
S16,4470,4530,60,30,-0.00012016107701343909,0.3468392822478024,-0.46334813242637285,1.6292250923750387,2.0925732248014115,-0.05683512148518405,0.15427027630160922,0.3468393030624632,5052.495090251918,3.2829721463830404,11.372025971725556,0.0006528640624667415,23.38313337726228,137.92271325224928,90,89,90.0,5.675616538086502,0.08939417496365684,0.6685553772070626,0.026804509730548924,0.6071428571428571,0.7414285714285714,89.88889238197315,3.576997987514554,80.92485549132948,98.82352941176471,17.89867392043523,0.01555631937047499,0.026804509730548924,0,0.0,0.04009317798403875,3,0,1.0
S16,4500,4560,60,30,0.00010709450713552792,0.34263848629453564,-0.4643210864924203,1.6135801314953158,2.077901217987736,-0.053457368838010874,0.1488010682842373,0.34263850303117444,4930.848037896654,3.3184055427759844,11.701971681150761,0.00015852747029222977,23.183254938697896,137.9227132830364,88,87,88.0,5.736365395523399,0.09918493396498444,0.683136288998358,0.03890468397155497,0.6071428571428571,0.77,88.1163797729521,5.036512002304101,77.92207792207792,98.82352941176471,20.901451489686792,0.018289451445349814,0.03890468397155497,0,0.0,0.056950105854570526,3,0,1.0
S16,4530,4590,60,30,2.227596446900961e-05,0.3405615368562147,-0.4601349086992276,1.6258969253372968,2.0860318340365245,-0.0502110496117157,0.14742622927668436,0.3405615375847447,4871.25075704759,3.329845860464201,11.846277661095542,-0.0012018300393003612,23.08040757705434,136.65909363137504,87,86,87.0,5.7816850260269534,0.09525194062556781,0.692109634551495,0.04956561511201747,0.5971428571428572,0.8042857142857143,87.1397872172568,6.281035539067103,74.60035523978686,100.47846889952152,25.87811365973465,0.019459071462556328,0.04956561511201747,2,0.023529411764705882,0.07161526532445582,3,0,1.0
S16,4560,4620,60,30,0.00017955545779688268,0.34290907986767344,-0.477939964070429,1.6255314317563963,2.1034713958268254,-0.04999475574804361,0.16101425596426927,0.34290912687745256,4938.6401104259885,3.2949281720856596,11.611519932146024,0.0003038840832917848,23.28535986954782,136.55307731932797,88,87,88.0,5.75462736177528,0.09755935740003596,0.6837931034482759,0.04863071219627766,0.5971428571428572,0.8042857142857143,88.18364772610296,6.177133362753504,74.60035523978686,100.47846889952152,25.87811365973465,0.020653766559388165,0.04863071219627766,2,0.023255813953488372,0.07111904456339142,3,0,1.0
S16,4590,4650,60,30,0.0003169312110781177,0.33520648888010923,-0.4530258679030922,1.6238535020516742,2.0768793699547663,-0.045218769534415004,0.14356291896833243,0.3352066387062216,4719.2666065743815,3.3772918716485782,12.294278317280197,0.0012542981394296007,22.649348494439284,136.55307731935602,84,83,84.0,5.845669895483736,0.08753262259775316,0.7116867469879518,0.04914371000456417,0.61,0.7985714285714286,84.7179627668343,5.971378802902718,75.13416815742397,98.36065573770492,23.226487580280946,0.023105682708364446,0.04914371000456417,1,0.012195121951219513,0.06905244507159009,3,0,1.0
S16,4620,4680,60,30,0.000299709987014401,0.3421749055198202,-0.4497346191241869,1.6203227522188317,2.070057371343019,-0.04207677957772489,0.16018722754504808,0.3421750367773403,4917.517743330116,3.2832043828251343,11.61336756912666,0.0009664625112430003,23.14653780651292,139.38922494307462,87,86,87.0,5.744297014373639,0.10108799415907672,0.6901328903654484,0.06612023532949178,0.5928571428571429,0.7985714285714286,87.7413937602399,8.384086854854932,75.13416815742397,101.20481927710843,26.070651119684456,0.018388889594105506,0.06612023532949178,0,0.0,0.09580797590226268,3,0,1.0
