subject,start_sec,end_sec,window_sec,step_sec,eda_mean,eda_std,eda_min,eda_max,eda_range,eda_median,eda_iqr,eda_rms,eda_energy,eda_skew,eda_kurtosis,eda_slope,eda_derivative_mean,eda_derivative_std,eda_derivative_max,eda_tonic_mean,eda_tonic_std,eda_tonic_slope,eda_phasic_mean,eda_phasic_std,eda_phasic_max,eda_phasic_auc,eda_scr_count,eda_scr_rate_per_min,eda_scr_amplitude_mean,eda_scr_amplitude_std,eda_scr_amplitude_max,eda_scr_prominence_mean,original_label,label,label_purity
S2,300,360,60,30,1.3197616916666666,0.16483584241399055,0.874303,1.693073,0.81877,1.2849694999999999,0.25882925,1.3300157058227513,424.546026656446,0.25587227064097606,-0.722908462291957,-0.0064832082212438686,-0.002830573429909824,0.1559980038286797,0.9344908246391137,1.3201169269061093,0.14721475320498134,-0.006516028867484986,0.020503636898903593,0.04169371570293135,0.25307055891686137,1.2302182139342155,13,13.0,0.0832985018606103,0.05985606903370901,0.20904758946302238,0.0832985018606103,1,0,0.8908809523809523
S2,330,390,60,30,1.1124327749999998,0.14084270804648014,0.83192,1.436807,0.604887,1.122881,0.20052800000000004,1.1213132244400164,301.762403352976,-0.15633677549366234,-0.596048270540114,-0.006518709216366077,-0.0067780903874866275,0.10803575518816926,0.49422232685478296,1.1131736800514034,0.13040560573999457,-0.006548756868177276,0.012890554160347392,0.0333317718402572,0.20904758965292025,0.7734332496208435,10,10.0,0.0720386547694901,0.05793351572999954,0.20904758965292025,0.0720386547694901,1,0,1.0
S2,360,420,60,30,0.8888389958333333,0.1520557148490452,0.679441,1.19848,0.519039,0.84217,0.24707599999999974,0.9017514629498875,195.157368223743,0.49603009406848286,-1.023261915534658,-0.008576576919061904,-0.008472389792784274,0.018420319097391006,0.1057959749852797,0.8888709374315038,0.15168058152913502,-0.008576785850484336,0.0025494982070102543,0.006253286894369258,0.04714050853745855,0.15296989242061526,5,5.0,0.02449419069360459,0.01268046788688376,0.04714050853745855,0.02449419069360459,1,0,1.0
S2,390,450,60,30,0.7013574958333333,0.07683822302522997,0.570528,0.843452,0.27292399999999994,0.695458,0.12492975000000006,0.7055540018165011,119.473547875027,0.13074207740566285,-1.0092443254150303,-0.004389338578022909,-0.004503414418949488,0.011328075761481033,0.04641382971189678,0.7013075695925017,0.07651003423192779,-0.0043844163955491285,0.0015837189422438266,0.003923685494493065,0.026818483041282093,0.0950231365346296,2,2.0,0.024045590469336853,0.00277289257194524,0.026818483041282093,0.024045590469336853,1,0,1.0
S2,420,480,60,30,0.5811205666666666,0.06898680719918282,0.474428,0.720444,0.24601599999999996,0.5698875,0.112757,0.5852010702062369,82.190470216926,0.2927262584689745,-1.103897198831316,-0.0038519011578908345,-0.002401815105094899,0.020245252097566342,0.12144613054559272,0.5811191907104418,0.06845563223676396,-0.003852759494650623,0.0020044658464565476,0.005319646833192889,0.041252820422046144,0.12026795078739286,3,3.0,0.024191373937620757,0.012670560786365907,0.041252820422046144,0.024191373937620757,1,0,1.0
S2,450,510,60,30,0.5134395583333333,0.023343105147914604,0.474428,0.569247,0.09481899999999993,0.5045394999999999,0.032354250000000084,0.5139699219015399,63.399619348674,0.7234738527476814,-0.6244246029957341,-0.0007216169467576294,-0.0012223598048710798,0.028840434357285637,0.1378790201830431,0.5134442253279584,0.019687135459815215,-0.0007225970010661472,0.003318578111924238,0.007475157265259888,0.039519958362394414,0.1991146867154543,7,7.0,0.02921377823433518,0.008853078063413787,0.039519958362394414,0.02921377823433518,1,0,1.0
S2,480,540,60,30,0.5053095541666667,0.01522074683686927,0.468022,0.567966,0.09994399999999998,0.501336,0.016658000000000006,0.5055387390362756,61.336659999933,0.445531210183479,0.851646223414944,7.856978879702119e-05,-0.0012449963972035343,0.02524613694253958,0.1412548232235049,0.505465760559045,0.010636099591751894,6.739587850339476e-05,0.0026868238511687007,0.006627340190596556,0.042603385676011074,0.16120943107012203,5,5.0,0.02759964538214794,0.007489290090862513,0.03443141895981816,0.02759964538214794,1,0,1.0
S2,510,570,60,30,0.4807802458333334,0.031864951038621296,0.420543,0.539707,0.11916400000000005,0.48464450000000003,0.050612749999999984,0.4818350546486362,55.719604773181004,-0.24786456070566962,-0.9516214866435617,-0.0015293353820498914,-0.001244969197998909,0.012355380545730085,0.1412548232235009,0.48074394253534203,0.031150683228539793,-0.0015247557973541727,0.0012185816734739383,0.003814212977759596,0.03247428072498448,0.0731149004084363,1,1.0,0.03247428072498448,0.0,0.03247428072498448,0.03247428072498448,1,0,1.0
S2,540,600,60,30,0.423260925,0.037718191607446425,0.368009,0.493579,0.12557000000000001,0.420543,0.06470675000000004,0.42493819857714804,43.337393426398,0.20311974650573258,-1.1757908163582178,-0.0021646565290919756,-0.002080148958848236,0.0026212178480954466,0.017652288950305017,0.42322586406003393,0.037726626122958254,-0.002167250021045281,0.00046252989947520655,0.0009300016933017005,0.0067633678033363065,0.027751793968512392,0,0.0,0.0,0.0,0.0,0.0,1,0,1.0
S2,570,630,60,30,0.3761667541666667,0.02143204691096333,0.337257,0.420543,0.08328600000000003,0.373775,0.029791250000000047,0.3767768033930422,34.070582298019,0.1861675153700258,-0.8687909563615466,-0.0011278240288607677,-0.0013724669102167645,0.008817574880741254,0.02372030675310377,0.37618161655558446,0.020904582935857667,-0.0011251235099847805,0.0012133071330914901,0.0024397559600729773,0.01593500799078229,0.07279842798548941,1,1.0,0.01593500799078229,0.0,0.01593500799078229,0.01593500799078229,1,0,1.0
S2,600,660,60,30,0.3454735583333334,0.022445003090441548,0.297536,0.389792,0.092256,0.346226,0.028829749999999987,0.3462019030439102,28.765381841093998,-0.10911363826885936,-0.5042081609978677,-0.001165552827523954,-0.0012009162290526313,0.013648208700772721,0.03694702643283243,0.3453444859049666,0.021398359296852854,-0.0011669078169412193,0.0022185909278000246,0.0039415091570958434,0.020740961863686236,0.13311545566800148,4,4.0,0.017079783061851594,0.0035690512718054737,0.020740961863686236,0.017079783061851594,1,0,1.0
S2,630,690,60,30,0.3054906416666667,0.028565328971002543,0.257814,0.364165,0.10635100000000003,0.3020205,0.04997199999999996,0.30682325558068985,22.593722439632,0.1069079507887178,-1.1228042616347942,-0.001560560047786946,-0.0013724831324487127,0.01264065572431011,0.042181502510489244,0.3054421966538497,0.02769356576929471,-0.001560398552456532,0.0020934232777582674,0.0037240932782350135,0.019311350107670988,0.12560539666549606,3,3.0,0.01784812452723224,0.0019145198784698385,0.019311350107670988,0.01784812452723224,1,0,1.0
S2,660,720,60,30,0.26213349583333334,0.02296088714731313,0.2245,0.314193,0.089693,0.259096,0.037159000000000025,0.26313717330775566,16.617881274334998,0.222874652352582,-1.0456826132341768,-0.0012516625346077784,-0.000900685185483836,0.008546681817544234,0.03698973198760114,0.2621092501242765,0.022187876796215228,-0.0012447802669266733,0.001473282562505577,0.0029623331727769704,0.015143618500376377,0.08839695375033463,2,2.0,0.013714667067099576,0.001428951433276801,0.015143618500376377,0.013714667067099576,1,0,1.0
S2,690,750,60,30,0.2272492541666667,0.018896817539105167,0.196311,0.260377,0.06406600000000001,0.228344,0.03587699999999999,0.2280335791773056,12.479835175779,0.024265739596806904,-1.2815897167681571,-0.0010579296898075446,-0.001029339563011517,0.006378239169036776,0.02624896622413664,0.22724917142448825,0.01857658411661446,-0.0010578629762503734,0.0008205418581565205,0.002169114018916849,0.012285715633822775,0.04923251148939123,2,2.0,0.011871582496565475,0.00041413313725729983,0.012285715633822775,0.011871582496565475,1,0,1.0
S2,720,780,60,30,0.19854221666666666,0.015963543051373513,0.173247,0.247564,0.074317,0.1969515,0.024345000000000006,0.19918294732648842,9.521723161359999,0.5922355637650495,-0.19601752884817358,-0.000897688222319621,-0.001136588941793836,0.004069232717769537,0.021134403288049608,0.19856357990217105,0.015918779769322496,-0.0008987985476357702,0.00032933189488527947,0.0006580708573141968,0.0051267418575368096,0.01975991369311677,0,0.0,0.0,0.0,0.0,0.0,1,0,1.0
S2,750,810,60,30,0.1792368875,0.008885279047381898,0.162996,0.197592,0.03459599999999999,0.179653,0.014094999999999996,0.17945698655788664,7.729154405865,0.06828194410799782,-0.9928923688024098,-0.00040930813315991137,-0.0005575638512309104,0.006380714097328878,0.02736265806809335,0.17919801933603566,0.008249024959797839,-0.00041256209357498955,0.0009497353094375001,0.0020035968072956156,0.011069348796835049,0.056984118566250005,1,1.0,0.011069348796835049,0.0,0.011069348796835049,0.011069348796835049,1,0,1.0
S2,780,840,60,30,0.16474717916666665,0.010025890286174056,0.14762,0.192467,0.044847,0.162996,0.015376,0.16505196611795986,6.538116364657,0.45114646442710427,-0.5445117070291996,-0.0004893755421145113,-0.00040746375393246577,0.006388572879092099,0.02736265806809335,0.16472459053959587,0.009434045554278733,-0.00048816664293569297,0.000937957042790919,0.0019972639043872886,0.01121810861861297,0.05627742256745514,1,1.0,0.01121810861861297,0.0,0.01121810861861297,0.01121810861861297,1,0,1.0
S2,810,870,60,30,0.1518911125,0.005832847796446468,0.141213,0.164277,0.023064,0.150183,0.008969000000000005,0.15200306631744034,5.5451837207770005,0.41476349349176356,-1.0313915447535635,-0.00028133497553192016,-0.00032167536021893405,0.004358744418862808,0.03428782582491996,0.15189611557833646,0.005460372715527128,-0.00028168879180939224,0.00046469922536621517,0.0015103518018875193,0.014540374751306845,0.02788195352197291,1,1.0,0.014540374751306845,0.0,0.014540374751306845,0.014540374751306845,1,0,1.0
S2,840,900,60,30,0.14463552916666667,0.004672152586422663,0.127119,0.164277,0.037158,0.145057,0.005124999999999991,0.14471097161968233,5.025903673707001,-0.6845833684344025,5.829519391380881,-0.00018172373531358602,-0.00034311015520395964,0.004534367537818023,0.03428782582491996,0.1446185447784971,0.0041006162636044174,-0.0001834443518318256,0.0005361572234126669,0.0015993780845179172,0.014540374751306845,0.032169433404760014,1,1.0,0.014540374751306845,0.0,0.014540374751306845,0.014540374751306845,1,0,1.0
S2,870,930,60,30,0.13422468750000002,0.008514467655986705,0.120712,0.14762,0.026908,0.130963,0.016658000000000006,0.13449447161105732,4.341303094545,0.02071639083686101,-1.6422708246639923,-0.00046706778777826026,-0.00040744864670906237,0.0029991692384912965,0.010800182527908153,0.13421951759725356,0.008346382646400904,-0.0004669382196774417,0.00041731053110546934,0.0008466091140520234,0.00543798993169603,0.02503863186632816,0,0.0,0.0,0.0,0.0,0.0,1,0,1.0
S2,900,960,60,30,0.12184382083333332,0.005613731580276999,0.110461,0.133525,0.023064,0.121993,0.008969000000000005,0.12197307349378728,3.570583357805,0.07405121770480202,-1.1497622442497037,-0.00030814582396639605,-0.00023589790623571342,0.0032386374529834307,0.012427732178352524,0.12182874484802739,0.0054017568310754036,-0.00030881327055015033,0.00048059939025819887,0.0009105938469353093,0.005324832944854696,0.02883596341549193,0,0.0,0.0,0.0,0.0,0.0,1,0,1.0
S2,930,990,60,30,0.11276237916666668,0.005204153228630569,0.101492,0.125837,0.024345000000000006,0.111743,0.007688,0.1128824050335311,3.058184967877,0.10571837959006819,-0.7515157227981932,-0.0002841118353981118,-0.00025733885963304077,0.002825931928778882,0.012427732176374828,0.11277320054900786,0.004994838828965025,-0.0002851768137951629,0.0004376532561102236,0.0008305773235352244,0.005324655474630471,0.026259195366613416,0,0.0,0.0,0.0,0.0,0.0,1,0,1.0
S2,960,1020,60,30,0.10442305000000002,0.004714557088334669,0.096367,0.114305,0.01793800000000001,0.104055,0.008969000000000005,0.1045294237037671,2.622336100762,0.09059340286206835,-1.2155248826839786,-0.0002598546774930554,-0.00023589682186513775,0.002263659736189927,0.008645961227831012,0.10442686375869818,0.004547308143170468,-0.0002598013804088503,0.0002826533949555412,0.0004608509118031362,0.0027971227310054497,0.016959203697332472,0,0.0,0.0,0.0,0.0,0.0,1,0,1.0
S2,990,1050,60,30,0.09912691250000001,0.004974467504652509,0.091241,0.113024,0.021782999999999997,0.098929,0.006406999999999996,0.09925165040812922,2.3642136260969995,0.8857885401707261,0.446770763352498,-4.447526535217955e-05,0.00012866954594533021,0.002556227173149352,0.013228904035941347,0.09908828603403495,0.004673639504768205,-4.687706270067856e-05,0.0003927459109161504,0.0006967675815701988,0.004066785553989483,0.023564754654969024,0,0.0,0.0,0.0,0.0,0.0,1,0,1.0
S2,1020,1080,60,30,0.10569370833333333,0.009122146269195492,0.091241,0.116868,0.025626999999999997,0.111743,0.01922,0.10608663221070001,2.701049648114,-0.3738964088397643,-1.7138771857099224,0.00044868154671055024,0.00030023328055287966,0.00257573885167373,0.013228904035706368,0.10570893316903787,0.008994261879271957,0.0004489889415496461,0.0003466749695624781,0.0005825182163680979,0.0038567895556990694,0.020800498173748686,0,0.0,0.0,0.0,0.0,0.0,1,0,1.0
S2,1050,1110,60,30,0.11428928333333334,0.0014396483753758144,0.110461,0.118149,0.007688,0.114305,0.002562999999999996,0.1142983502605863,3.13538708935,-0.1513866294674133,-0.144655918750205,4.6247417215164665e-05,8.577173333414044e-05,0.0022021660947551367,0.0063773834871813095,0.11429241333162699,0.0009585417518575633,4.677995469441992e-05,0.00027730139212237426,0.00037540855653343797,0.0015536792690963724,0.016638083527342456,0,0.0,0.0,0.0,0.0,0.0,1,0,1.0
S2,1080,1140,60,30,0.11530908750000002,0.0012120919333300372,0.111743,0.118149,0.006406000000000009,0.115587,0.0012819999999999915,0.11531545788374384,3.191437158465,-0.3249922446737961,0.18304289493556336,1.874662242239289e-05,6.433367284438537e-05,0.0019815868256680544,0.005168631779876642,0.1153070851493523,0.000616977102143015,1.9586570692843367e-05,0.00026316464230495025,0.000363528825638677,0.0015016961990502592,0.015789878538297015,0,0.0,0.0,0.0,0.0,0.0,1,0,1.0
S2,1110,1170,60,30,0.11100060416666667,0.006421889959802797,0.098929,0.118149,0.01922,0.114305,0.012813999999999992,0.11118621675379027,2.966969951045,-0.6973432718452041,-1.3534459694191574,-0.00030997012905807886,-0.00021443972218415698,0.0027132758312122048,0.0057607057319836175,0.1109926046889815,0.0062438981821847685,-0.0003102588285027051,0.0003813955868731296,0.0007442018429955445,0.006024561765119826,0.022883735212387776,0,0.0,0.0,0.0,0.0,0.0,1,0,1.0
S2,1140,1200,60,30,0.10409738333333333,0.006613506994128674,0.092523,0.129681,0.037158,0.101492,0.0051250000000000046,0.10430725617908053,2.611200885986,1.0722980219339646,0.20627860466481174,-0.00015163076708622482,-0.0001930063213758246,0.007399568766771558,0.05792765992548565,0.10406331092758567,0.005762130032304009,-0.00015562703797632053,0.0007009268086866764,0.00198204228674078,0.02000840876207889,0.042055608521200584,1,1.0,0.02000840876207889,0.0,0.02000840876207889,0.02000840876207889,1,0,1.0
S2,1170,1230,60,30,0.10209532916666668,0.007198014336432141,0.091241,0.129681,0.03843999999999999,0.100211,0.0051250000000000046,0.1023487549901683,2.5140642355289997,2.0695892007402703,3.9496239695170683,1.3626165714164174e-06,-6.43310668816585e-05,0.009853657498160783,0.059177814039303445,0.10209020231119556,0.005515221082053824,1.5644675949839717e-06,0.0009661783926122796,0.0025596893667258315,0.020008249646447,0.05797070355673678,2,2.0,0.017482239232270103,0.0025260104141768963,0.020008249646447,0.017482239232270103,1,0,1.0
S2,1200,1260,60,30,0.10042958750000001,0.006198268571464972,0.091241,0.129681,0.03843999999999999,0.098929,0.002562999999999996,0.1006206766957178,2.429884938889,2.9449188745802437,9.23292761645906,-0.00013439388295037732,-0.00012866946077910328,0.0071470427430379855,0.05917781402548733,0.10054383361251085,0.005037061454699417,-0.0001442666855506103,0.000806785326546367,0.002086823947584993,0.01495663292929636,0.048407119592782016,1,1.0,0.01495663292929636,0.0,0.01495663292929636,0.01495663292929636,1,0,1.0
S2,1230,1290,60,30,0.0973169875,0.0021694740289627226,0.092523,0.101492,0.008969000000000005,0.096367,0.003844,0.09734116638728704,2.274072641673,0.19171584034547148,-0.9381505531684473,-5.953272644543856e-05,-2.1440433117341106e-05,0.0025982774893611397,0.00914556450824583,0.09730878570435927,0.0018406742589743381,-5.9938939616348345e-05,0.0003005229300981442,0.00045199712501346105,0.0023344294848625657,0.01803137580588865,0,0.0,0.0,0.0,0.0,0.0,1,0,1.0
S2,1260,1320,60,30,0.09431653333333334,0.005816575177790526,0.075865,0.10918,0.033315,0.095085,0.0051250000000000046,0.09449571951584192,2.143065841636,-1.344200493928327,2.6887460018061953,-0.00014658824622729212,-0.0003645689718039105,0.004538701121040597,0.028169294224921648,0.09436645181539127,0.005203988556242148,-0.00014277812570786215,0.0006059122028461208,0.0013663979170728028,0.009292883807671251,0.03635473217076725,0,0.0,0.0,0.0,0.0,0.0,1,0,1.0
S2,1290,1350,60,30,0.09516543333333335,0.009193115764194907,0.074584,0.10918,0.034596,0.098929,0.011532,0.09560843623328959,2.1938335389540002,-0.9032594106253993,-0.3110667022125111,0.00020177703930605805,0.00017156683275196412,0.006202147801919594,0.03524400696542662,0.0951647058830791,0.008682073059933256,0.00020253943891302494,0.0007758563752190604,0.001619960545821503,0.009292883807671251,0.04655138251314362,0,0.0,0.0,0.0,0.0,0.0,1,0,1.0
S2,1320,1380,60,30,0.10903585833333335,0.014556417014668498,0.074584,0.130963,0.056379,0.104055,0.023064,0.11000321667474851,2.90416984291,-0.4533926432768128,-0.2502626255354765,0.0007554355445580747,0.0007934729420126467,0.004898422590613157,0.03524400696586322,0.1090891580432804,0.014303137393984918,0.0007517093319997887,0.0005231840905898945,0.0011227548460125414,0.0075532701155873044,0.03139104543539367,0,0.0,0.0,0.0,0.0,0.0,1,0,1.0
S2,1350,1410,60,30,0.12103229166666667,0.006401827761657646,0.101492,0.130963,0.029470999999999997,0.121993,0.003844,0.12120148111625946,3.5255517659459996,-1.653195306607009,2.0344784207783624,0.0001304298775287911,0.0002787935435259535,0.00296940196177401,0.011545863746763807,0.12101383395432615,0.006231344824068093,0.00012949728772938755,0.0003857625462512076,0.0006049260534157546,0.0032479999088339123,0.023145752775072456,0,0.0,0.0,0.0,0.0,0.0,1,0,1.0
S2,1380,1440,60,30,0.11980966250000001,0.014011903717265798,0.077147,0.155308,0.07816100000000001,0.121993,0.006406000000000009,0.12062623543054733,3.4921652817949997,-1.1137041162608337,1.3795324369995052,9.634177654472676e-05,0.00032168387544385393,0.011363369203283414,0.07649857594232812,0.11980809643708387,0.012683687273959469,9.5983134583907e-05,0.0013261337366538063,0.002832438375196893,0.01752435184289089,0.07956802419922837,2,2.0,0.014401387592540886,0.0031229642503500035,0.01752435184289089,0.014401387592540886,1,0,1.0
S2,2280,2340,60,30,0.7121424416666665,0.03732589858592285,0.626838,0.769065,0.142227,0.726782,0.06054324999999994,0.7131199618074145,122.04961918277,-0.609663247979514,-0.8620812742767341,-0.002029835094952213,-0.0021015936559455445,0.009963999217438974,0.030500874787588117,0.712093138625473,0.036857073656312155,-0.0020260556315503503,0.00203028331820152,0.003280438552354331,0.01570699067217507,0.1218169990920912,3,3.0,0.014327788861312585,0.0016703281326749166,0.01570699067217507,0.014327788861312585,2,1,1.0
S2,2310,2370,60,30,0.6506010666666666,0.04096541623150625,0.587116,0.73447,0.14735399999999998,0.646058,0.06630899999999995,0.651889494680521,101.990379185958,0.2678862875318838,-0.910091284572955,-0.0020889350829084445,-0.0022731710860073736,0.012335054413341477,0.06007422829639397,0.6505045595034571,0.04003888875618611,-0.0020936181634713677,0.002651798063066043,0.005001024200368885,0.026994132838391915,0.1591078837839626,4,4.0,0.017407097160298313,0.005575003330277038,0.026994132838391915,0.017407097160298313,2,1,1.0
S2,2340,2400,60,30,0.6107142291666666,0.020508702113817834,0.579428,0.66784,0.08841199999999994,0.605055,0.032673749999999946,0.6110584886645706,89.61419437656699,0.7825334978214161,-0.269718354681753,-0.0005153638210036835,-0.0004503457446968122,0.013723546681997786,0.06007422829639131,0.6106088216654678,0.01775087855887334,-0.0005213071825489632,0.0029405626757686085,0.005639950780682199,0.026986621267226507,0.1764337605461165,5,5.0,0.018627924626157855,0.005426633194452707,0.026986621267226507,0.018627924626157855,2,1,1.0
S2,2370,2430,60,30,0.6053753291666666,0.014550974339512435,0.579428,0.64862,0.06919199999999992,0.602492,0.019220000000000015,0.6055501796035397,88.005844804291,0.7398107372656603,0.25767779513602074,2.3562841589143663e-06,-0.00021444539850482897,0.010703946161058558,0.04815210543308135,0.605538254056429,0.012282151710517095,-3.1692314995468526e-06,0.002230056157684811,0.004348422064651969,0.022435459423177595,0.13380336946108867,3,3.0,0.01837515740791107,0.0030238762127168233,0.022435459423177595,0.01837515740791107,2,1,1.0
S2,2400,2460,60,30,0.5937686875000001,0.020205264494841696,0.546114,0.64862,0.10250599999999999,0.593523,0.023063999999999973,0.5941123689747414,84.71268167250702,0.18089351876051687,0.028132961236165155,-0.0010195048301886306,-0.0006862346840174947,0.011765220538860026,0.04785435428153839,0.5938132617217244,0.019464282923075605,-0.0010307330179031248,0.0019828443468213166,0.0030353497065528736,0.01518289716921406,0.11897066080927898,1,1.0,0.01518289716921406,0.0,0.01518289716921406,0.01518289716921406,2,1,1.0
S2,2430,2490,60,30,0.614787925,0.04897489169567104,0.546114,0.722938,0.17682399999999998,0.593523,0.09385749999999993,0.6167355452237274,91.28705585817801,0.3999166505744259,-1.3947463616761753,0.00206895160643989,0.0012009087745269223,0.022437693508454808,0.1124805531937576,0.6147696472549815,0.0466370611542078,0.0020653722073031983,0.004544956548253844,0.008712175699901932,0.04978358040174846,0.27269739289523065,6,6.0,0.025885738586814793,0.013278596662131237,0.04978358040174846,0.025885738586814793,2,1,1.0
S2,2460,2520,60,30,0.6764626625000001,0.04689767292821603,0.552521,0.757534,0.205013,0.678091,0.052535,0.6780863702233447,110.35227011584101,-1.0113353801095615,0.9909824473555973,0.002129121340658164,0.0028521672228780806,0.023877804892901998,0.11248055318235739,0.6768965298782553,0.04346100702115779,0.0021092435934381986,0.005664537637306734,0.009353844649675785,0.04978360195926168,0.33987225823840406,9,9.0,0.022825369922030707,0.011896176717548897,0.04978360195926168,0.022825369922030707,2,1,1.0
S2,2490,2550,60,30,0.7251426083333334,0.03618373496436759,0.643495,0.831851,0.18835599999999997,0.726782,0.0361982500000001,0.7260448092896483,126.51385562314601,-0.16902773471852997,0.27498893637267674,0.0016411636033380333,0.0015440346402082834,0.018040870973552895,0.06376882334802492,0.7251600634510582,0.03393199852852064,0.0016270258574822558,0.004021265707898255,0.0060876658645835705,0.03691860770524713,0.24127594247389533,8,8.0,0.01753758624641842,0.008038604050709781,0.03691860770524713,0.01753758624641842,2,1,1.0
S2,2520,2580,60,30,0.809875975,0.0782469279989064,0.71525,0.995861,0.28061099999999994,0.7876445000000001,0.13998524999999995,0.8136471450349142,158.885202389632,0.4653381352406064,-1.1567087789871806,0.003888031582468534,0.0030451689529134547,0.031006113841063682,0.1558814931116137,0.8101971520441358,0.07491618023241951,0.003912520256531848,0.006997373316773139,0.01333915949016659,0.06775252381236563,0.41984239900638837,7,7.0,0.03639036067354825,0.018707666405711094,0.06775252381236563,0.03639036067354825,2,1,1.0
S2,2550,2610,60,30,0.91278005,0.06510164441431185,0.721656,1.058715,0.3370590000000001,0.921544,0.07470624999999997,0.9150987071258762,200.97735450802801,-0.8244283832991446,1.0730345632716487,0.002577799912920855,0.0028533215744549678,0.035091495676162245,0.15588136339928882,0.912902453606809,0.06022418875582996,0.0025674466005891016,0.007784515572077546,0.014467291047753385,0.06678387035818056,0.46707093432465274,9,9.0,0.035449897847676035,0.018447143173922844,0.06678387035818056,0.035449897847676035,2,1,1.0
S2,2580,2640,60,30,0.9784827708333333,0.060514010066071884,0.897268,1.159941,0.26267300000000016,0.9677065,0.08104425000000004,0.9803522215163049,230.661714775669,0.9500165425922066,0.6942963269811271,0.001718618919918661,0.002381536254540456,0.0321919541949986,0.1327986961803722,0.978730073150732,0.056404360674504765,0.0017245316444521822,0.006011205469234088,0.010711199788097089,0.05102010579078042,0.36067232815404526,8,8.0,0.03037184703637448,0.015423395655737424,0.05102010579078042,0.02833063408154378,2,1,1.0
S2,2610,2670,60,30,1.0285987708333333,0.06259384469193689,0.897268,1.159941,0.26267300000000016,1.0247600000000001,0.07079325000000003,1.0305015384525937,254.864020980759,-0.16736488707606423,-0.16533301922826915,0.0018096747337589105,0.002165928333336553,0.03150423070096017,0.1327986961803722,1.0282704734976327,0.05617208240493054,0.0017516459395610865,0.007391242819216695,0.012352460128211664,0.05618442542460844,0.44347456915300165,10,10.0,0.027982942530619847,0.015909766467612853,0.05618442542460844,0.026349972166755265,2,1,1.0
S2,2640,2700,60,30,1.0239272666666668,0.048565110875200886,0.94724,1.152253,0.205013,1.011306,0.06662900000000005,1.0250783469656315,252.18854818027,0.5271646141471478,-0.301695462003464,-0.0014848657127796408,-0.0011151337440789984,0.026244303710571626,0.11095486443260416,1.0237308642374356,0.043377342089284954,-0.0014828149483215789,0.006074240578022744,0.01137063037149488,0.06411985520099917,0.3644544346813646,8,8.0,0.026460629456430323,0.0182198901248272,0.06411985520099917,0.026460629456430323,2,1,1.0
S2,2670,2730,60,30,1.0100835875,0.03350053586089846,0.94724,1.102281,0.1550410000000001,1.010025,0.03876025000000005,1.010638975915652,245.133873513561,0.15221787765039607,-0.16928170116972474,0.000989425394284703,-0.0001715652755965732,0.021639712014376977,0.10689996918489886,1.0101119451964335,0.029537026447627283,0.0009881556977199433,0.00412812972007591,0.009289228911466609,0.06411985520482233,0.2476877832045546,6,6.0,0.024195238471389897,0.01870746536398854,0.06411985520482233,0.024195238471389897,2,1,1.0
S2,2700,2760,60,30,1.0258172541666668,0.02066152728296158,0.981836,1.107406,0.12556999999999985,1.022838,0.020821250000000013,1.0260253104362018,252.654705037369,0.7125287969109944,0.9065471797223252,0.0001205895487108422,0.0019514836678843793,0.01762589560637888,0.07686237947400176,1.02588193531211,0.017208897056329296,0.00013919324838794936,0.003606063294355899,0.005930910333024279,0.035640073754409585,0.21636379766135394,6,6.0,0.0170414396383554,0.005723718745145315,0.02751600198541082,0.0170414396383554,2,1,1.0
S2,2730,2790,60,30,1.0546098083333333,0.04011737659632789,0.997212,1.183004,0.18579199999999996,1.0452615,0.05637900000000018,1.055372565371036,267.314700417082,1.0399105224382117,0.6854161480841912,0.0015276536955411866,0.0012437977732084268,0.021472256972691506,0.1043622623740168,1.0547884106782102,0.036177524790214695,0.0015172056378282067,0.005146666503727133,0.009281431755186684,0.048335855504526126,0.308799990223628,7,7.0,0.02616228533161908,0.012869360919227248,0.048335855504526126,0.02616228533161908,2,1,1.0
S2,2760,2820,60,30,1.0856446791666667,0.030799324350428526,1.035651,1.183004,0.14735299999999985,1.077935,0.033635250000000116,1.0860814738238276,283.097512268001,1.04597634476107,0.7034843208861261,1.6886133586841293e-05,0.0008149131206438369,0.02178141338681982,0.1043622623740168,1.0858632526769294,0.026283281263901604,2.3005181607485195e-05,0.0042921319089351435,0.008118088956738358,0.04833585550452679,0.2575279145361086,5,5.0,0.024656027951716508,0.012952853969188867,0.04833585550452679,0.024656027951716508,2,1,1.0
S2,2790,2850,60,30,1.1105932791666666,0.0324179808569704,1.058715,1.184286,0.12557099999999988,1.116375,0.05669924999999987,1.111066315398416,296.272405731123,0.07993350017947846,-1.1395270532615054,0.0008031583432521883,0.0006004494418464313,0.01777543182213522,0.08286414726909097,1.110723834438054,0.029739788024336595,0.0008007539878573797,0.004039834797561301,0.007334586441612358,0.04101350565963435,0.24239008785367805,4,4.0,0.02549552559779178,0.009467972031523827,0.04101350565963435,0.02549552559779178,2,1,1.0
S2,2820,2880,60,30,1.1488623999999998,0.03674305365414893,1.093311,1.25604,0.16272900000000012,1.135595,0.04260425000000012,1.1494498101811979,317.096367870142,1.1680543211263918,0.5763994326927624,0.0007377242191051928,0.0001715527046442086,0.02437451822921141,0.1202379693649247,1.1487246827154671,0.0313835106878268,0.0007038600239096546,0.006007573747980204,0.010253746235599617,0.04893034531217477,0.36045442487881224,8,8.0,0.025671722254165974,0.013412880368240634,0.04893034531217477,0.025309336253745346,2,1,1.0
S2,4770,4830,60,30,0.2052210958333333,0.01979370217884928,0.160433,0.236032,0.075599,0.2110455,0.02562600000000001,0.20617344353960615,10.201797317035,-0.7883761815541471,-0.477220678371332,0.000661086402626785,0.00042890363274311036,0.006720365802903473,0.025966255377599667,0.2052325198186003,0.01922211004677867,0.0006591921195163391,0.0014124789570657058,0.002539788491344936,0.011667824203105082,0.08474873742394234,2,2.0,0.011040291741785502,0.0006275324613195798,0.011667824203105082,0.011040291741785502,3,0,1.0
S2,4800,4860,60,30,0.2046765875,0.014242708088726562,0.173247,0.236032,0.06278499999999998,0.202717,0.023063,0.20517153848510722,10.102886449043,0.36802030052994517,-0.8895840395854715,-0.0006858736519070062,-0.00036455322055295263,0.0077577589559271075,0.037441040627986366,0.2045204794087709,0.013296995729156168,-0.0006873532566590525,0.0015516986203971753,0.0031319033436852657,0.017372851966004993,0.09310191722383052,1,1.0,0.017372851966004993,0.0,0.017372851966004993,0.017372851966004993,3,0,1.0
S2,4830,4890,60,30,0.19990899583333335,0.011178591862908432,0.173247,0.242438,0.06919099999999997,0.196311,0.013133249999999985,0.20022129639758396,9.621256207471,1.0412263764140721,1.7319404945379855,0.00020749817301915843,-6.433335595385017e-05,0.010097242773732744,0.0374410416543739,0.19993889640720006,0.009181889739011018,0.0002046405159483283,0.002089966787532571,0.004132889648762983,0.02106149965893883,0.12539800725195424,3,3.0,0.01918493970633763,0.0019241981019777151,0.02106149965893883,0.01918493970633763,3,0,1.0
S2,4860,4920,60,30,0.20619280416666666,0.012085419076273245,0.187341,0.245001,0.05765999999999999,0.20528,0.016977500000000006,0.20654667715642994,10.238767162647,1.0549661896343243,0.9744981894955629,2.3881180287142546e-05,0.00023589082405518915,0.009302371557309987,0.037443990564948515,0.20624067223165948,0.010663589731814768,2.006802010377895e-05,0.0014966028477117093,0.0035316247226503785,0.021061798100729667,0.08979617086270256,3,3.0,0.01711212654303913,0.0030240418390288953,0.021061798100729667,0.01711212654303913,3,0,1.0
S2,4890,4950,60,30,0.19686050416666667,0.014406743023956383,0.171965,0.245001,0.07303599999999999,0.195029,0.018259250000000005,0.1973869609303322,9.350786962874999,0.9362749928881373,0.9151819865608939,-0.0004657921133200954,-8.577385653107485e-05,0.005912770308429658,0.037443990564948515,0.19685147999961392,0.013832120096107839,-0.0004644918553064583,0.000999958635934492,0.0024498089152337242,0.01655761273687248,0.05999751815606952,1,1.0,0.01655761273687248,0.0,0.01655761273687248,0.01655761273687248,3,0,1.0
S2,4920,4980,60,30,0.18029399166666668,0.011224169064267693,0.157871,0.20528,0.04740899999999998,0.180294,0.016658000000000006,0.18064303308537347,7.831657296548,0.12187604320029652,-0.78578483771209,-0.0005650426680608475,-0.0006647862636533387,0.00565205221914197,0.025831684909201846,0.18031199192465738,0.010875615435821629,-0.0005664598638545778,0.0006583172306102364,0.0014640557081054082,0.011496461670992525,0.039499033836614184,1,1.0,0.011496461670992525,0.0,0.011496461670992525,0.011496461670992525,3,0,1.0
S2,4950,5010,60,30,0.16094052083333335,0.014742150088817869,0.137369,0.20528,0.067911,0.1597925,0.023384249999999995,0.16161430083796988,6.2686037364830005,0.4910386432133958,-0.29983042945149707,-0.0008316532002242778,-0.0008363548821666611,0.005105517891859137,0.02583171892248226,0.16092489442416646,0.014546793979149288,-0.0008302092410122471,0.0004288683481699232,0.0012972970348098392,0.012080401315906153,0.02573210089019539,1,1.0,0.012080401315906153,0.0,0.012080401315906153,0.012080401315906153,3,0,1.0
S2,4980,5040,60,30,0.18465047083333333,0.06557314523129228,0.129681,0.361602,0.231921,0.151464,0.10891300000000001,0.19594803840430716,9.214952101079001,1.2778655051074517,0.18117491572060773,0.0025403899069144278,0.0014582412755889565,0.01513742529608158,0.08063285827031885,0.18465339712573953,0.06447163202814743,0.0025395661278083087,0.001388433688073344,0.0044528009775906385,0.0318794064835598,0.08330602128440065,1,1.0,0.0318794064835598,0.0,0.0318794064835598,0.0318794064835598,3,0,1.0
S2,5010,5070,60,30,0.23036719583333334,0.0560217828582402,0.129681,0.361602,0.231921,0.237313,0.027228250000000037,0.23708117822958696,13.489796416975002,-0.2509176842475771,-0.13079228064970927,0.0013427133707566324,0.0020801471225483713,0.01553893418793125,0.08063285827031885,0.2302819650744727,0.05470823773068289,0.0013396429690410577,0.0019445886842734826,0.004683205091895679,0.0318794064835598,0.11667532105640896,2,2.0,0.021511240705318457,0.010368165778241345,0.0318794064835598,0.021511240705318457,3,0,1.0
S2,5040,5100,60,30,0.24637845833333336,0.014612442379353649,0.2245,0.297536,0.07303600000000002,0.245001,0.018259249999999977,0.24681140209277205,14.619808368720001,1.2783318836626525,1.9854837181941036,0.00041038068087395114,0.0006219160327632337,0.009555855652163426,0.05101115465860784,0.24637329464827964,0.013109438556600942,0.0004111171153634227,0.0017450594819041173,0.00320515093813731,0.018555643016703927,0.10470356891424704,1,1.0,0.018555643016703927,0.0,0.018555643016703927,0.018555643016703927,3,0,1.0
S2,5070,5130,60,30,0.24604213333333336,0.0193743250512258,0.209124,0.297536,0.08841200000000002,0.247564,0.024665500000000007,0.24680375978985478,14.618903003138,0.1872748263471081,-0.10862975648397422,-0.0005677227706061154,-0.0008792289071615877,0.009181979955698404,0.05101118302212382,0.24604586780963006,0.01808483296380345,-0.00056718328035423,0.0016904060275478028,0.003497970407938497,0.01810113209210401,0.10142436165286817,1,1.0,0.01810113209210401,0.0,0.01810113209210401,0.01810113209210401,3,0,0.9257857142857143
S3,360,420,60,30,6.009887879166667,0.36127406867402095,5.416864,7.186026,1.7691619999999997,6.020671,0.37209299999999956,6.020736771596205,8699.825105484168,0.8698047997906486,1.4897653896872907,-0.019179067736742036,-0.02548097683034765,0.17592756318055447,0.8719603568475591,6.010419940235166,0.3508793158173218,-0.019224863041920358,0.015881983360122087,0.04664671010847806,0.37140372231908536,0.9529190016073252,8,8.0,0.11654986510462317,0.1118146643848578,0.37140372231908536,0.10742522533178989,1,0,1.0
S3,390,450,60,30,5.424180408333333,0.39432410630658027,4.599755,6.02964,1.4298849999999996,5.433904500000001,0.5600350000000001,5.438494700095023,7098.533904710796,-0.35692644173483346,-0.8499128655730743,-0.022121170816078593,-0.01867748702160657,0.09105625423253265,0.2728237516419476,5.423676331268185,0.39315727200306616,-0.022163671681831153,0.010825027592671533,0.025366827975961306,0.1827633896707841,0.6495016555602919,11,11.0,0.07048901901530424,0.04206961799436226,0.1827633896707841,0.06574002532803744,1,0,1.0
S3,420,480,60,30,4.906224575,0.2966887675720738,4.379379,5.492458,1.113079,4.8547245,0.5262644999999999,4.915187056983424,5798.175313232969,0.449642248948057,-0.9827529408393669,-0.015406995995640545,-0.016796685558828055,0.13303163692937764,0.6416658364087908,4.906249562755476,0.2907981118458328,-0.015421532406244574,0.017878269258109335,0.030401734822399717,0.18276338967080097,1.0726961554865602,21,21.0,0.06402245631833241,0.041017816439553066,0.18276338967080097,0.05785000343959778,1,0,1.0
S3,450,510,60,30,4.4212963458333325,0.3272103968068194,3.885672,4.9521,1.0664279999999997,4.3978865,0.5055252499999998,4.433387871758759,4717.182725149838,-0.08505783586472368,-1.2449862400497318,-0.01844607447527454,-0.01722629850509569,0.12369549983738025,0.6416658364090644,4.421665181086977,0.32304542832192124,-0.01847427211464221,0.014556353435372291,0.026034184937897303,0.13089048754109012,0.8733812061223375,13,13.0,0.06135544262898167,0.03927610854246456,0.13089048754109012,0.05659176841180129,1,0,1.0
S3,480,540,60,30,3.823543004166667,0.3577838270516092,3.243844,4.400449,1.1566049999999999,3.891438,0.6797390000000005,3.840246134248631,3539.397689186773,-0.005279596398577861,-1.326305929733465,-0.020470679732614117,-0.019357412115633653,0.07719588638724481,0.4115475980450398,3.823219979898782,0.35549598006879957,-0.020445063976282863,0.007165427610176052,0.0182743548921361,0.12292359418259036,0.42992565661056314,5,5.0,0.05447890486802702,0.037803159999542035,0.12292359418259036,0.05447890486802702,1,0,1.0
S3,510,570,60,30,3.2673568875,0.2881222484404548,2.784716,3.911298,1.126582,3.2412815000000004,0.46629649999999945,3.280035893148133,2582.072510481617,0.28217807234506354,-0.892178048657807,-0.01651676183756008,-0.018854939183803786,0.01544903762999056,0.0860298500759562,3.2674944020016023,0.28796359489474727,-0.016510761663616008,0.0012350196783162829,0.004379799787595138,0.04603647343955197,0.07410118069897698,1,1.0,0.04603647343955197,0.0,0.04603647343955197,0.04603647343955197,1,0,1.0
S3,540,600,60,30,2.827487475,0.22493589251790028,2.477215,3.238719,0.761504,2.8032934999999997,0.3880187500000001,2.836420557150279,1930.8675784859279,0.19272376820416437,-1.2641370866727044,-0.012828601901045344,-0.012744844280202089,0.0355283459863625,0.25763771423947546,2.8274789296703124,0.22395120003344554,-0.012828628786297029,0.0038397875294536496,0.015221219141043088,0.11066759187625319,0.23038725176721897,3,3.0,0.05789486130705882,0.039155952698567274,0.11066759187625319,0.05789486130705882,1,0,1.0
S3,570,630,60,30,2.5057196666666663,0.14749409061254698,2.28078,2.820591,0.5398109999999998,2.486623,0.25697349999999997,2.510056882758981,1512.0925331245758,0.2897400209326931,-1.0783091341075595,-0.008190401181655616,-0.007533451652460624,0.050347395557294235,0.25763771423947546,2.5058059236072276,0.1444154490212517,-0.00817838463298772,0.006733217905386611,0.021167457536122227,0.14226258171167006,0.40399307432319664,6,6.0,0.05541189047570949,0.05130939134547874,0.14226258171167006,0.05541189047570949,1,0,1.0
S3,600,660,60,30,2.3144995041666667,0.09429358393770307,2.056561,2.553688,0.4971270000000003,2.3121715,0.1156324999999998,2.316419485922091,1287.791816342295,-0.2501956853075978,0.1949434126053271,-0.004754891212641921,-0.007040225406924102,0.05243244104748408,0.2957614881039934,2.3145266069999866,0.0892178991676902,-0.004753652452761531,0.0073616972003912855,0.020633531561490955,0.14226258171167006,0.4417018320234771,9,9.0,0.041217052372026136,0.04375581338622862,0.14226258171167006,0.041217052372026136,1,0,1.0
S3,630,690,60,30,2.1599688541666664,0.10608472165675524,1.987373,2.396093,0.40871999999999997,2.134077,0.17969549999999979,2.162572407837262,1122.412660593373,0.2985233133969197,-1.2143720475210167,-0.004806773239492625,-0.0028090738070907953,0.04724513594379397,0.300185407146099,2.1601505014431677,0.10270602054634788,-0.004798461791941937,0.005686734962762215,0.015322788984173644,0.09786983170178676,0.3412040977657329,7,7.0,0.038066989988075485,0.03216566379177921,0.09786983170178676,0.03789173747374327,1,0,1.0
S3,660,720,60,30,2.0677506083333332,0.034061542551753754,1.987373,2.187249,0.19987599999999994,2.068092,0.033632499999999954,2.0680311329725853,1026.42066406653,0.43488365859454486,1.4613770978482945,1.738703898595611e-05,-0.000343060390037704,0.03965788035181978,0.3001854071459711,2.0678773014569947,0.028195758553048202,1.9984240778997564e-05,0.003995552360597439,0.008436577353882032,0.07761074642043031,0.23973314163584636,7,7.0,0.031927757885215895,0.019970357672774653,0.07761074642043031,0.03175250526117855,1,0,1.0
S3,690,750,60,30,2.0094053125,0.07871847708277588,1.834109,2.179561,0.3454520000000001,2.038623,0.07463324999999976,2.0109466200119424,970.5375140489891,-0.9098706007727854,-0.20450626636795421,-0.003917539164826002,-0.004387845323509896,0.03928415396733574,0.18818440179279783,2.0094228251820563,0.07715204154636826,-0.003917289003528101,0.004169765931099177,0.008120655627109454,0.05609529394650625,0.2501859558659506,10,10.0,0.028343357567072246,0.012828139146049229,0.05609529394650625,0.028343357567072246,1,0,1.0
S3,720,780,60,30,1.8506980125,0.1255733598763913,1.656014,2.057842,0.40182799999999985,1.862296,0.24743674999999987,1.8549533153645932,825.8044325237031,0.1269912049439373,-1.340390661465416,-0.007085826764886808,-0.006360617969783551,0.03305350851331916,0.18818440179279783,1.8507316575008208,0.12475475242344741,-0.007088545662156383,0.003942288581163161,0.00839678547536008,0.056095293946529345,0.23653731486978968,8,8.0,0.02797375034962085,0.01448780110992226,0.056095293946529345,0.02797375034962085,1,0,1.0
S3,750,810,60,30,1.6658750625,0.10302597523905607,1.421545,1.880234,0.4586889999999999,1.6566550000000002,0.13517200000000007,1.6690578406494299,668.580978104001,0.04342853992009618,-0.08485971829149852,-0.005663141910398927,-0.007594310738249956,0.031795950411585915,0.1354785220147594,1.6653800931681986,0.1016681895963743,-0.00566405077000673,0.004209879243584219,0.008869423701572253,0.04311753772976501,0.25259275461505315,8,8.0,0.026318362572396642,0.011391626913468643,0.04311753772976501,0.026318362572396642,1,0,1.0
S3,780,840,60,30,1.4757334458333333,0.1208266880392341,1.30347,1.657296,0.3538260000000002,1.440564,0.24043399999999981,1.4806715678007916,526.173190006477,0.14879274071821388,-1.6118790304517883,-0.006709968466144063,-0.005857438209729649,0.030862304246279854,0.135478522014715,1.475729758737458,0.11981194878140153,-0.006710069923268237,0.0037875595187660057,0.007894738706815025,0.04214933352598993,0.22725357112596034,8,8.0,0.026216460961526272,0.00978648076400192,0.04214933352598993,0.026216460961526272,1,0,1.0
S3,810,870,60,30,1.3234097791666666,0.059700638073128934,1.161251,1.47644,0.31518899999999994,1.3207675,0.07303199999999999,1.3247556792783732,421.19462634727296,-0.20487730018468825,0.5530544460852602,-0.003176301700320375,-0.003388098252126384,0.02882686427391675,0.15395408426820012,1.3234678690146089,0.05751399539893383,-0.003150318909954331,0.004367808003988933,0.009653267115112565,0.06346298569518671,0.262068480239336,7,7.0,0.028683053506089257,0.015030813449895004,0.05781465936715735,0.028683053506089257,1,0,1.0
S3,840,900,60,30,1.2230662625,0.07069163806875317,1.097188,1.370095,0.272907,1.2118605,0.114031,1.2251075014702026,360.213213638055,-0.0947724924381794,-1.1593612756935885,-0.0038452054082629464,-0.0034524266629021917,0.032477190285135134,0.15395408426820012,1.2230009352948905,0.06846341668967106,-0.003840774922603132,0.005047161170670525,0.01022507878554659,0.05781465936715602,0.3028296702402315,7,7.0,0.030998025056706697,0.014644143796224885,0.05781465936715602,0.030998025056706697,1,0,1.0
S3,870,930,60,30,1.1087517083333334,0.06682943937148206,0.95625,1.226595,0.27034500000000006,1.0965475,0.123,1.1107639374317082,296.11116592771,0.15133117111242858,-1.1638690915345753,-0.003693185535603384,-0.0026590320337573693,0.034666535185733593,0.24700019562671383,1.108671549930407,0.06508270083186203,-0.003698236084670297,0.003826448411769843,0.009943341904992313,0.049865700688181525,0.2295869047061906,4,4.0,0.041935725708631355,0.005735118068278523,0.049865700688181525,0.041935725708631355,1,0,1.0
S3,900,960,60,30,1.0192444125,0.044028196502268226,0.920276,1.097188,0.17691200000000007,1.0138574999999999,0.07470750000000004,1.0201949100538155,249.791437079931,-0.011082512741183,-1.0934688757620086,-0.002106537932807453,-0.0028107160002256515,0.05022043934852481,0.1813142856353429,1.0192487774841381,0.03842805646033865,-0.0021067454411635624,0.006458838622481856,0.013457935174255892,0.07527927814906743,0.38753031734891136,10,10.0,0.0429630225549833,0.017236145953772552,0.07527927814906743,0.0429630225549833,1,0,1.0
S3,930,990,60,30,0.9614637750000001,0.0586359769869663,0.861339,1.097188,0.2358490000000001,0.979214,0.10577775,0.9632501068956425,222.68418442427202,-0.3865990633799221,-1.0293384864583432,-0.002219102460349692,-0.0032396331706138963,0.04538470295732705,0.15755456314047844,0.9617212389277281,0.05436688983720825,-0.0022437714995451777,0.006807081273551865,0.01336243332592406,0.0752792780123619,0.40842487641311187,8,8.0,0.04231639671170294,0.019911861218687016,0.0752792780123619,0.04231639671170294,1,0,1.0
S3,960,1020,60,30,0.8807282875000001,0.0748393363405113,0.79087,1.025339,0.23446900000000004,0.860698,0.07879750000000008,0.8839022811751144,187.50797823997704,0.9540985319657598,-0.42079966646281486,-0.003881390868498284,-0.002251563249466534,0.0174843705015326,0.09375782621728312,0.88057959308794,0.07376811904025644,-0.0038681121609312878,0.0019219275298150832,0.005853650776758391,0.0443160556417056,0.11531565178890499,2,2.0,0.032406013250153076,0.011910042391552522,0.0443160556417056,0.032406013250153076,1,0,1.0
S3,990,1050,60,30,0.7913607999999999,0.038991770450335625,0.728088,0.860057,0.131969,0.790229,0.06694524999999996,0.7923208150361138,150.66534574547802,0.11061053175402526,-1.2355478260460857,-0.0022478587550679393,-0.002208688743495527,0.0018767094890908154,0.009470543180034596,0.7913649774774174,0.038982239729703994,-0.002247968225732045,0.0002388897880425118,0.0004465143532257964,0.003509017218348398,0.014333387282550708,0,0.0,0.0,0.0,0.0,0.0,1,0,1.0
S3,1020,1080,60,30,0.7292520083333333,0.03222128094908597,0.662744,0.789588,0.12684399999999996,0.728088,0.06021900000000002,0.7299634940215847,127.88320862500802,0.14810403413825052,-1.1966787273010993,-0.0018435799222883324,-0.0018655920299518536,0.004778989764765411,0.028768978037091664,0.7292397588188622,0.03215973468754156,-0.0018444750460290143,0.000510048462926016,0.0010060591385104092,0.005883355288175851,0.03060290777556096,0,0.0,0.0,0.0,0.0,0.0,1,0,1.0
S3,1050,1110,60,30,0.6680774208333333,0.03643668934378368,0.608932,0.728088,0.11915599999999993,0.670432,0.06278099999999998,0.6690703046449261,107.437217413837,-0.060037646888636685,-1.433100526960028,-0.002074161147022281,-0.0019513587188162904,0.0066884400536512435,0.025531425991235146,0.6680807735955615,0.03630260578296993,-0.002073431625582715,0.0007111356239145508,0.0016511742101500524,0.013233099628985556,0.04266813743487305,1,1.0,0.013233099628985556,0.0,0.013233099628985556,0.013233099628985556,1,0,1.0
S3,1080,1140,60,30,0.6091931583333334,0.030677109493751156,0.555119,0.685807,0.13068800000000003,0.610213,0.049008250000000086,0.6099650721205545,89.29377340968799,0.027503045344184684,-0.8981035080343416,-0.0017175924289761855,-0.0014796060350607699,0.008531894218601222,0.06035333258204645,0.609289759042173,0.030432431127128227,-0.001718323547179321,0.0008227697729849858,0.0021488371379247704,0.01705994989367987,0.04936618637909915,1,1.0,0.01705994989367987,0.0,0.01705994989367987,0.01705994989367987,1,0,1.0
S3,1110,1170,60,30,0.5900438083333335,0.01601870997578344,0.555119,0.649932,0.09481299999999993,0.594838,0.01793800000000001,0.5902612089759852,83.61799075723,-0.007460821083646252,1.2339262713377082,9.091556180954258e-05,-0.00036453549946574316,0.017044025696250357,0.10733817627263376,0.590067705017363,0.013283482589694022,8.962510165596354e-05,0.0016466073805726322,0.005332135971118668,0.040417074868838054,0.09879644283435793,2,2.0,0.026049774536033576,0.014367300332804478,0.040417074868838054,0.026049774536033576,1,0,1.0
S3,1140,1200,60,30,0.5885756666666667,0.012918925921126558,0.561525,0.649932,0.0884069999999999,0.589713,0.016656000000000004,0.5887174314041217,83.18117136937602,1.3128994718098037,4.2887308589642466,-0.0005527843811087266,-0.0012222834557965862,0.01298457567124214,0.04487669591926391,0.5887173066745057,0.011171347043353286,-0.0005662869418860259,0.0009853536307246969,0.0026849580056048693,0.020581356747748303,0.059121217843481816,2,2.0,0.01611730143525336,0.004464055312494941,0.020581356747748303,0.014096378157160194,1,0,1.0
S3,1170,1230,60,30,0.5621123833333334,0.025986036279504465,0.480806,0.593557,0.11275099999999999,0.568572,0.027227249999999925,0.5627127202918023,75.99494533876802,-1.4248673928840752,1.5205240921573369,-0.0013114119831451696,-0.001629693432052091,0.008554717717929101,0.0401883078822145,0.5621787266775932,0.0252776153426123,-0.001304779742120554,0.0012328779656119678,0.0023673695831549946,0.01260317695384966,0.07397267793671806,2,2.0,0.011386990378123546,0.0012161865757261137,0.01260317695384966,0.011386990378123546,1,0,1.0
S3,1200,1260,60,30,0.5183756666666667,0.032959795304869366,0.469275,0.569213,0.09993799999999997,0.510206,0.06541300000000005,0.5194224483969191,64.75192317567601,0.18986576222148538,-1.5343819019969274,-0.001718260573665228,-0.0016308818161543885,0.012827863030907929,0.1191417341578127,0.5182810587905821,0.03201103297964006,-0.0017112839321330453,0.0019089668795926982,0.0038124244255119187,0.02877677592467265,0.11453801277556189,3,3.0,0.01778742634831017,0.007961452591426936,0.02877677592467265,0.01778742634831017,1,0,1.0
S3,1230,1290,60,30,0.47273922083333336,0.024474840543513236,0.432049,0.537112,0.10506300000000002,0.470487,0.03715599999999997,0.473372357382365,53.779533296097,0.3470614165466965,-0.5950859186027864,-0.0013245621893853076,-0.0010090087690777388,0.010191333378694462,0.11914173872703282,0.47283555306137853,0.0240506529955182,-0.0013319800260134821,0.000916413785739163,0.0030562324549838447,0.026433383760962936,0.05498482714434978,1,1.0,0.026433383760962936,0.0,0.026433383760962936,0.026433383760962936,1,0,1.0
S3,1260,1320,60,30,0.43512981249999994,0.01980944212959257,0.406424,0.470487,0.06406299999999998,0.4314085,0.034914500000000015,0.4355804951140154,45.53528825370499,0.24890699489614196,-1.2966234145557005,-0.0011340951959545238,-0.0010721837571629493,0.002022576896864997,0.004092546771087502,0.4351271156360157,0.019784408249457243,-0.0011340197065260681,0.00024860027541696655,0.0003866370713018083,0.00229684280407888,0.014916016525017992,0,0.0,0.0,0.0,0.0,0.0,1,0,1.0
S3,1290,1350,60,30,0.41209924583333335,0.00778159864586958,0.401299,0.430768,0.029468999999999967,0.408987,0.010570499999999983,0.4121727085748006,40.772722006533,0.8999327251987828,-0.3698153738932515,-0.000391620652779145,-0.0004717469256417225,0.0018044128363690548,0.008479085556027721,0.41210097931199174,0.007720201032912667,-0.0003914980605563243,0.00022529779388400715,0.000310806633998996,0.0018245131900174738,0.013517867633040428,0,0.0,0.0,0.0,0.0,0.0,1,0,1.0
S3,1320,1380,60,30,0.39953761666666665,0.007972409892543296,0.384643,0.411549,0.026905999999999985,0.401299,0.014093000000000022,0.3996171498461684,38.326527948282,-0.39231475758323675,-1.183594033207935,-0.0004242864544218705,-0.00036453635966201067,0.00216424370299658,0.008479085556024613,0.3995302165341497,0.007891403142540712,-0.000423004791099356,0.00030401942653857165,0.00041913886720693446,0.001824513191120869,0.0182411655923143,0,0.0,0.0,0.0,0.0,0.0,1,0,1.0
S3,1350,1410,60,30,0.3854812583333333,0.008493271032603628,0.371831,0.401299,0.029467999999999994,0.384643,0.014093999999999995,0.3855748126876071,35.68030468298,0.15426577069565822,-1.08167234380485,-0.00048583569838137725,-0.0004717480247487631,0.0019163157471826376,0.00509309361398258,0.38547729194770536,0.008423556418713842,-0.000484916869586847,0.0002661991280971577,0.0003816255932452225,0.001651635021959641,0.015971947685829463,0,0.0,0.0,0.0,0.0,0.0,1,0,1.0
S3,1380,1440,60,30,0.3740247666666666,0.005489213283390942,0.36158,0.385924,0.024343999999999977,0.373112,0.008969000000000005,0.3740650445344032,33.58191781020601,0.43480927547493153,-0.8367616439011241,-0.00027276149917626223,-0.00025732247984475794,0.0027909923635293125,0.012458568770601586,0.3740297560973757,0.005323872952257279,-0.00027239252922474475,0.00033782584767543027,0.0005984776790000787,0.00326016314195976,0.020269550860525815,0,0.0,0.0,0.0,0.0,0.0,1,0,1.0
S3,1410,1470,60,30,0.3690225458333333,0.002084321523797609,0.36158,0.376956,0.015376,0.369268,0.0025620000000000087,0.36902843214246944,32.68367609508701,0.5080384837139065,1.608630091257675,-4.3950873488019014e-05,-8.577285477367025e-05,0.002809178176284315,0.012458568770601586,0.3690293103407792,0.0015829606056790052,-4.3975106401395044e-05,0.0003363856127279195,0.0005955705430453395,0.00326016314195976,0.02018313676367517,0,0.0,0.0,0.0,0.0,0.0,1,0,1.0
S3,1440,1500,60,30,0.36566984999999996,0.0031766406526129638,0.355174,0.371831,0.016657000000000033,0.366706,0.005124999999999991,0.3656836477679284,32.093887258766,-0.34459563578229335,-0.804442059032231,-0.00016918252455795868,-0.0002358824065662457,0.0020566909430808802,0.0040553863579917415,0.36566651238871584,0.003028989630833255,-0.00017055114515322046,0.0002642741564115263,0.0003577590751388962,0.001512707729445284,0.01585644938469158,0,0.0,0.0,0.0,0.0,0.0,1,0,0.8809047619047619
S3,2250,2310,60,30,0.3874510833333334,0.0520728963737508,0.321862,0.538394,0.21653200000000006,0.360299,0.08328100000000005,0.39093468573781603,36.679182843102,1.0304719754121312,0.28330610007363877,0.0026803132741597094,0.0030878849056854042,0.018851210040681403,0.11692879091648933,0.38736031972348806,0.05125746480982911,0.002673470532960296,0.002595170716347121,0.004896658349838518,0.03439103697512569,0.15571024298082725,5,5.0,0.019873601323893497,0.009301683734188127,0.03439103697512569,0.019873601323893497,2,1,1.0
S3,2280,2340,60,30,0.5555308708333333,0.1693168797610095,0.338518,1.057301,0.7187830000000001,0.507643,0.26554025,0.580760496436221,80.947861013003,0.9300988113397213,-0.2526043588553506,0.008974460094250547,0.011580704936368908,0.042315225464944706,0.20921462180719352,0.5558724604036888,0.16775560008156806,0.008991598076719638,0.006973306063203151,0.014456323857996561,0.09410929585250227,0.4183983637921891,10,10.0,0.03659614406754043,0.023255126612333935,0.09410929585250227,0.03415277010364863,2,1,1.0
S3,2310,2370,60,30,1.3905732958333334,0.8516798197495836,0.498675,3.161404,2.662729,0.983023,1.5697817500000002,1.6306601750375407,638.1726255488311,0.6128090013147564,-1.1999073360506258,0.045497029315764166,0.03102686606982099,0.1313037780621333,0.4849424788523322,1.3917480960290785,0.8503083266310314,0.045594707092666914,0.023015602683245467,0.04409777370643484,0.2288748190554304,1.380936160994728,13,13.0,0.0821676390052852,0.0625374871626304,0.2288748190554304,0.0821676390052852,2,1,1.0
S3,2340,2400,60,30,2.7464396625,0.8532661880012241,0.956151,4.330267,3.374116,2.8447335000000002,1.1115677499999999,2.8759335888262885,1985.038561761421,-0.43722608414124353,-0.4884103146769174,0.042794050224119216,0.035693112054535917,0.25498954257528933,1.1290959263406144,2.748238947410646,0.8320476914608972,0.042786069042239604,0.050253687432047535,0.080539611647645,0.34584789925086445,3.0152212459228522,13,13.0,0.18241074406946595,0.09751726358633257,0.34584789925086445,0.17540716767349762,2,1,1.0
S3,2370,2430,60,30,3.5161632499999995,0.37940130635190117,2.444781,4.330267,1.8854860000000002,3.4930079999999997,0.41449524999999987,3.536573108520746,3001.763844458902,-0.16360281314612812,-0.07981828075562136,0.01024826185756616,0.023750766879352507,0.2844616186209099,1.1290959263406144,3.5143374101493468,0.31980266363544585,0.010090997630935124,0.06479015768941984,0.10070447958850448,0.3840900405085934,3.887409461365191,15,15.0,0.20571713929338423,0.12109478211573134,0.3840900405085934,0.1988957042511584,2,1,1.0
S3,2400,2460,60,30,3.8779627583333327,0.3656640474403382,3.113156,5.059725,1.9465690000000002,3.8972035,0.45574600000000043,3.8951643547622896,3641.353284146574,0.46562481520642734,0.8981245744102373,0.01176102936997925,0.012500346840848293,0.26717546063080055,1.3743248938048858,3.879497787139499,0.3171576272180871,0.01164950390030889,0.061255961924566484,0.11565985296660515,0.6213742977389272,3.675357715473989,12,12.0,0.22271015426410187,0.1662589614601029,0.6213742977389272,0.22271015426410187,2,1,1.0
S3,2430,2490,60,30,4.136200604166667,0.2415389174368128,3.783172,5.059725,1.2765530000000003,4.085261,0.3162539999999998,4.143247094555821,4119.959156770859,1.3257046157036707,2.1220312058235526,-0.0018903594503720776,0.0003858533160630536,0.24314164831695845,1.3746296002344138,4.132625488197082,0.16528624754496168,-0.0017078894164465684,0.05821940460288447,0.1052224124812884,0.6123941186827988,3.493164276173068,14,14.0,0.19039997923002402,0.14425496297646362,0.6123941186827988,0.18665663381789913,2,1,1.0
S3,2460,2520,60,30,4.377366975,0.4218870422915152,3.776766,5.509115,1.7323490000000006,4.2718264999999995,0.5780212500000008,4.397650544355945,4641.439274465793,0.7028939103096985,-0.24187267341890806,0.013849512088662549,0.009077749542115163,0.287160835689672,1.168467010914032,4.374756442000722,0.3650648735047999,0.013903241388269667,0.07373529440110792,0.11097223155871529,0.5133538710891514,4.424117664066475,14,14.0,0.24499582177313242,0.11979317548902929,0.5133538710891514,0.23579690917180135,2,1,1.0
S3,2490,2550,60,30,4.742717233333334,0.3951207640610069,3.776766,5.55524,1.7784740000000006,4.7678840000000005,0.4067987500000001,4.759147736049926,5435.876921651794,-0.6970373454079695,0.5878793688731077,0.008754501419689226,0.012229935758660066,0.28752441048212,1.168467010914032,4.745155176220904,0.32969679040762273,0.008523220433743182,0.06430545361023648,0.1111818401927325,0.5133538710956502,3.8583272166141893,14,14.0,0.21014796372155958,0.156749083255005,0.5133538710956502,0.2028164631356789,2,1,1.0
S3,2520,2580,60,30,4.714678408333333,0.2608692862989367,4.297949,5.55524,1.2572910000000004,4.6830365,0.37124299999999977,4.721890011270768,5351.0988668492755,0.7698347983618259,0.25078368506011106,-0.010880000664330215,-0.0042578322189946415,0.16427076522971953,0.9117055014893936,4.715681573545122,0.2368508337626597,-0.010978224553575975,0.033671195903768845,0.06856139249048383,0.39565748639142306,2.0202717542261306,15,15.0,0.10235333727273956,0.10867121178033265,0.39565748639142306,0.10011342155034259,2,1,1.0
S3,2550,2610,60,30,4.282444841666668,0.31547143441106507,3.722953,5.063569,1.3406160000000003,4.3248555,0.5135342499999993,4.294048910742263,4425.325451483235,0.03411959298500153,-0.7035268106023191,-0.0165129523863291,-0.013902564440821016,0.09105945323660683,0.5069811172272409,4.283231075049857,0.30756312500230043,-0.01658253309826411,0.018069417152511758,0.04533955324134352,0.2918282179644178,1.0841650291507055,9,9.0,0.0701690948713953,0.08681979440668733,0.2918282179644178,0.0701690948713953,2,1,1.0
S3,2580,2640,60,30,3.737074816666667,0.3264670033823603,3.192594,4.358168,1.1655739999999999,3.71975,0.5339752500000001,3.7513076239708276,3377.354133518798,0.18368462207987052,-1.1381315592777255,-0.018656996261029686,-0.018413820425546377,0.03487810953966741,0.18279665087740682,3.7368978027834756,0.32542244271642895,-0.01864710149704479,0.006114414044504042,0.014217125875159288,0.08245759113029871,0.36686484267024255,6,6.0,0.037908561721752054,0.029537188526587856,0.08245759113029871,0.037908561721752054,2,1,1.0
S3,2610,2670,60,30,3.2196811125,0.2664878542700708,2.779591,3.716547,0.9369559999999999,3.1913125,0.46411450000000043,3.230690675794064,2504.966938239049,0.11029083535824817,-1.2652145744585819,-0.01524105520999264,-0.01568127951347446,0.02692514468098014,0.1469118575103998,3.2196915289768486,0.26575877466192355,-0.015240211378931456,0.004153195209937788,0.01153741254002781,0.08245759113029871,0.24919171259626727,5,5.0,0.03133084658798291,0.0256998328940864,0.08245759113029871,0.03133084658798291,2,1,1.0
S3,2640,2700,60,30,2.8161706333333334,0.19518398152255959,2.500277,3.190031,0.6897539999999998,2.777669,0.35118275,2.8229264642728595,1912.539317446096,0.2381052347548356,-1.1733671356172328,-0.01119164573931397,-0.01154400293489198,0.012299714212239798,0.04212905077309337,2.8161391092502033,0.1949358451156589,-0.011185688071499677,0.002125303345438778,0.004322303411967244,0.022646673489031155,0.1275182007263267,4,4.0,0.017054991680881426,0.004976223915319113,0.022646673489031155,0.017054991680881426,2,1,1.0
S3,2670,2730,60,30,2.5309779000000003,0.13484942496240018,2.312812,2.775747,0.4629349999999999,2.5086055,0.21661399999999986,2.5345677141676646,1541.768039448264,0.1662239814046154,-1.1665998086470666,-0.007672407166884821,-0.007704989033074312,0.016463708532609502,0.059063068145412956,2.5309884380563377,0.13428799115785925,-0.007673226323937391,0.002922592044807056,0.007245356760919348,0.053196258721469825,0.17535552268842336,3,3.0,0.028768036542402786,0.017638542494377116,0.053196258721469825,0.028768036542402786,2,1,1.0
S3,2700,2760,60,30,2.321366416666667,0.11042280895906299,2.125749,2.530625,0.40487600000000024,2.315374,0.19443024999999992,2.3239912300106145,1296.2244569199,0.005917672843348498,-1.1323784488970932,-0.006284983432186594,-0.006225379626695465,0.016166417738957457,0.059063068145412956,2.321422601096819,0.10986754272628735,-0.00628946504061917,0.0028357321892573525,0.007082866860738713,0.053196258721469825,0.17014393135544115,4,4.0,0.0253298166227528,0.01629551857966346,0.053196258721469825,0.0253298166227528,2,1,1.0
S3,2730,2790,60,30,2.1335963916666665,0.10898282546165212,1.956623,2.320499,0.36387599999999987,2.125108,0.17393024999999973,2.1363779672096004,1095.3865965068699,0.05626223780643377,-1.1969281538218728,-0.006267830310372852,-0.005896978954326538,0.01103295523070217,0.06115392364117511,2.1335198566848863,0.10871437184548034,-0.006261135052219875,0.0016321998206039476,0.003647769283524129,0.02285069419037189,0.09793198923623686,3,3.0,0.01939184565962811,0.002629084878813655,0.02285069419037189,0.01939184565962811,2,1,1.0
S3,2760,2820,60,30,1.9604451666666667,0.09314948282593355,1.798234,2.124467,0.326233,1.956623,0.1728034999999999,1.9626568924948227,924.4852986377841,0.047474482735878114,-1.131820284221451,-0.005359916903488856,-0.005395651564950265,0.009320266927465662,0.06115392364093353,1.960529711885474,0.09298201753402048,-0.005356649155152678,0.0014198414248888607,0.0024965989302606364,0.018843709619420057,0.08519048549333164,1,1.0,0.018843709619420057,0.0,0.018843709619420057,0.018843709619420057,2,1,1.0
S3,2790,2850,60,30,1.8005847708333333,0.09221002819746153,1.649608,1.957904,0.3082960000000001,1.798234,0.1601570000000001,1.8029443159058198,780.145969501705,0.06041751326873014,-1.316067308526225,-0.005310831362889305,-0.0051597665389925135,0.006828554725681015,0.022376736728471514,1.8006098771245174,0.09219614523886235,-0.0053148477060816915,0.0013457865398376965,0.001974127573023363,0.008294961257371725,0.08074719239026179,0,0.0,0.0,0.0,0.0,0.0,2,1,1.0
S3,2820,2880,60,30,1.6520585625,0.0797764893108412,1.509951,1.798234,0.28828300000000007,1.649608,0.11883599999999994,1.6539836100083727,656.5588277223189,-0.01985609717690136,-1.0417359592727982,-0.0045876473603970675,-0.004803364382658579,0.0064546962342353935,0.023472768765392615,1.6521082326308958,0.07974147198880645,-0.004590318965027336,0.0011529879844924466,0.0016847473443202122,0.008219288823407389,0.0691792790695468,0,0.0,0.0,0.0,0.0,0.0,2,1,1.0
S3,5010,5070,60,30,0.40428544999999994,0.10162273772519695,0.348768,1.316184,0.967416,0.3878465,0.005124999999999991,0.4168619746444459,41.705737417072,6.697629751599207,46.889701830596636,-0.0014225233046841947,0.00017154469192506305,0.15852976285107329,1.5295105348744986,0.40360870863589005,0.0550513781863576,-0.00136581215623563,0.01195511772626247,0.06772724584173125,0.6405307882369586,0.7173070635757481,3,3.0,0.2351029297272366,0.28713477165736073,0.6405307882369586,0.2351029297272366,3,0,1.0
S3,5040,5100,60,30,0.3923947375,0.010238426686276577,0.375674,0.417956,0.042281999999999986,0.388487,0.015375000000000028,0.3925282861128662,36.978829295689,0.7605634289444779,-0.5039911164718345,0.00037388168860896846,0.00021442593372441573,0.0035741330146891437,0.012927930260065112,0.39238636263767557,0.010036685532968052,0.0003748477137072436,0.0005588838448826102,0.0009879294252727407,0.005468323332449343,0.033533030692956614,0,0.0,0.0,0.0,0.0,0.0,3,0,1.0
S3,5070,5130,60,30,0.39568325,0.008903954910366142,0.376956,0.417956,0.04099999999999998,0.3942525,0.010250000000000037,0.39578341898519237,37.594683538466,0.2314032470264363,-0.038521161069133836,-2.9728454931932753e-05,6.433477610014037e-05,0.003304243342043492,0.012927930260091092,0.39567037700068675,0.008682214317007933,-3.189868222740323e-05,0.0005163059876673568,0.0009231074812436278,0.005468323332449454,0.030978359260041402,0,0.0,0.0,0.0,0.0,0.0,3,0,1.0
S3,5100,5160,60,30,0.38482995833333333,0.014090363967321681,0.360299,0.489706,0.129407,0.3904085,0.020500000000000018,0.38508782788808926,35.590232445016,1.688320173632803,11.968453534840325,-0.0006088123015156197,-0.0006433139483344074,0.018058064945195858,0.1622617180882,0.38483194696664214,0.012073520360703116,-0.0006097640332559057,0.0010121240674982495,0.005691059268482188,0.06497340331699852,0.06072744404989497,1,1.0,0.06497340331699852,0.0,0.06497340331699852,0.06497340331699852,3,0,1.0
S3,5130,5190,60,30,0.39215442083333335,0.02273612154558027,0.360299,0.489706,0.129407,0.389768,0.038437,0.3928129593102327,37.032485040495004,0.4648378319965189,-0.30018499129653353,0.0005884143128140421,0.00032172845108864806,0.021633683825797227,0.16226136632516175,0.3920640843605944,0.020074791321709525,0.0005976156567822556,0.0022712890687713355,0.006839514059075881,0.06707118916385968,0.13627734412628012,4,4.0,0.030742075715730233,0.020991251272671842,0.06707118916385968,0.030742075715730233,3,0,1.0
S3,5160,5220,60,30,0.40555948333333336,0.012483347096220718,0.36158,0.432049,0.070469,0.406424,0.010250000000000037,0.4057515600417637,39.512238834318,-1.173589341713567,2.6639761078832738,-0.00017133218971568802,0.0006433168905482709,0.012197600708652636,0.07379303706112483,0.405468217681101,0.009985416196105447,-0.00016338826973165809,0.0016318794800728395,0.003509164000197906,0.019959667912624712,0.09791276880437037,3,3.0,0.01689683287090893,0.0028830384359440795,0.019959667912624712,0.01689683287090893,3,0,1.0
S3,5190,5250,60,30,0.39590745,0.008753141839124587,0.371831,0.411549,0.039717999999999976,0.398737,0.016656000000000004,0.3960042000504014,37.636638349814,-0.31872595934564457,-1.100736928775035,-0.0004289093857487444,-0.00038597779563808625,0.006252186422941752,0.03859274374073607,0.39589855232125143,0.008370794824529838,-0.00042918045918314846,0.0007604634870891136,0.001308547162439763,0.007602167543549476,0.045627809225346816,0,0.0,0.0,0.0,0.0,0.0,3,0,1.0
S3,5220,5280,60,30,0.38050578749999997,0.010015262497009769,0.362862,0.400018,0.03715599999999997,0.382081,0.015374999999999972,0.3806375701423589,34.772390352931,0.13047012713376063,-0.968721384373318,-0.0005614855602804257,-0.000557539273168937,0.005737576882291111,0.03859274374073607,0.38051075765131065,0.009795801862489774,-0.0005618403381171053,0.00048722561730969217,0.0009996044625599707,0.007602167530024184,0.02923353703858153,0,0.0,0.0,0.0,0.0,0.0,3,0,1.0
S3,5250,5310,60,30,0.37179857083333334,0.004220235727418865,0.362862,0.382081,0.019218999999999986,0.371831,0.005445249999999957,0.371822521726837,33.180477039193,0.334069170726664,-0.45724440095504937,-0.00011927835115055203,-0.00023588268636057287,0.0022684749404319536,0.009535787999198853,0.37179578029821486,0.004021614734072987,-0.00011894898971257261,0.0003290030453317304,0.0006426220945187678,0.0048112605557998345,0.019740182719903826,0,0.0,0.0,0.0,0.0,0.0,3,0,1.0
S3,5280,5340,60,30,0.36805092083333335,0.003899753583826285,0.36158,0.375674,0.014093999999999995,0.367987,0.007688000000000028,0.3680715805441642,32.514405217027004,0.27075120024573857,-1.1422007824695466,-0.00020336071584857457,-2.144105739520273e-05,0.0021282539480985923,0.008540743245268878,0.3680450638001369,0.003714805728839197,-0.00020214280726636174,0.0002802131015468126,0.0005579327060791127,0.0043978067443913305,0.016812786092808757,0,0.0,0.0,0.0,0.0,0.0,3,0,1.0
S3,5310,5370,60,30,0.36209835416666664,0.0039281626180356416,0.350049,0.367987,0.01793800000000001,0.362862,0.003844000000000014,0.3621196605429792,31.471355652423,-0.9198652428810659,0.2936298515326494,-0.00020470465776289103,-0.00025731951293496896,0.0020196541766612703,0.0056942704762836804,0.36210310079153346,0.003807814163753312,-0.00020451778855045376,0.00025410876401345955,0.0003825122155982909,0.0019029275205495466,0.015246525840807573,0,0.0,0.0,0.0,0.0,0.0,3,0,1.0
S4,270,330,60,30,0.20839875833333335,0.010837071346767565,0.190863,0.234355,0.043492,0.207493,0.01918800000000001,0.20868034068941427,10.45139630166,0.3657749834382996,-0.9437797938284387,-0.0005581354745614861,-0.0004067608850455252,0.006471470672363108,0.03694543803871131,0.2084033595954854,0.010172366437872908,-0.0005570036868722683,0.0011361393630070686,0.0018991902375992897,0.010939944577412042,0.06816836178042411,1,1.0,0.010939944577412042,0.0,0.010939944577412042,0.010939944577412042,1,0,0.7451190476190476
S4,300,360,60,30,0.19330981666666666,0.0076693769738088195,0.175513,0.21133,0.03581699999999999,0.19278250000000002,0.01055275,0.1934618943432186,8.982601095088,0.14452513405441322,-0.716879105109574,-0.00042206008093065636,-0.00040677866993529994,0.003618897408382903,0.014684864927985597,0.1932945763043881,0.0074196279709296525,-0.00042212946497450495,0.0005892551348897853,0.0009219599354915724,0.004728298565781025,0.03535530809338712,0,0.0,0.0,0.0,0.0,0.0,1,0,1.0
S4,330,390,60,30,0.18317775416666665,0.005112637658495463,0.171676,0.193422,0.021746000000000015,0.181909,0.007994749999999995,0.1832490891801944,8.059254884489,0.44746382973563587,-0.8468069769094595,-0.0002703931858168755,-0.00023550347211155067,0.003193077385591263,0.010081563057804943,0.1831794033850621,0.004877875552716607,-0.00027042474021185363,0.0003792053977740546,0.0005146259009051446,0.0026641389205515065,0.022752323866443276,0,0.0,0.0,0.0,0.0,0.0,1,0,1.0
S4,360,420,60,30,0.17566797916666668,0.004501047061006955,0.164001,0.183188,0.019186999999999982,0.176793,0.008954000000000018,0.175725633671203,7.411079598995,-0.30408837100570385,-1.1169567437883106,-0.0002404078747428777,-0.0002355033318594042,0.0027483946979697743,0.01008156305783281,0.17566564059079742,0.0042528154066424715,-0.00023966143168714388,0.00036487462064613583,0.0004892422718626085,0.002170483097563819,0.02189247723876815,0,0.0,0.0,0.0,0.0,0.0,1,0,1.0
S4,390,450,60,30,0.16782230833333334,0.00516514568816123,0.155047,0.178072,0.023025000000000018,0.167838,0.006395999999999985,0.16790177457164748,6.765841417033999,0.12494533451662106,-0.8746535756205809,-0.0002853107343004994,-0.00027832465339015273,0.002450953974043808,0.00948101999057227,0.16781573397642985,0.004983465495050434,-0.00028485666151162054,0.0003174154132067713,0.00043951837318746435,0.0020318087424332776,0.019044924792406277,0,0.0,0.0,0.0,0.0,0.0,1,0,1.0
S4,420,480,60,30,0.16049905416666668,0.003899523705048177,0.148651,0.169117,0.020465999999999984,0.160163,0.006396000000000013,0.1605464190616559,6.186036641644999,0.23034910015295887,-0.5552187859011348,-0.00020640103199696388,-0.00021407405366756637,0.0026869131988695757,0.009481019990570605,0.16049576161014265,0.003671689863832428,-0.00020714849140462106,0.000325596706921859,0.00045819312957994494,0.0020318087424332776,0.01953580241531154,0,0.0,0.0,0.0,0.0,0.0,1,0,1.0
S4,450,510,60,30,0.15544632916666667,0.0028406865389343154,0.144813,0.161442,0.016629000000000005,0.156326,0.003838000000000008,0.1554722829040732,5.801191380337,-0.3668407870015567,-0.12187533325119038,-0.0001396330917257997,-0.00014985773559276694,0.0027867823865247803,0.010709932416585244,0.15544724386295267,0.0024945332818747654,-0.00013949072780408952,0.0003294336969785387,0.0004864201299906176,0.00250209800039522,0.019766021818712322,0,0.0,0.0,0.0,0.0,0.0,1,0,1.0
S4,480,540,60,30,0.15098528750000004,0.0032451030191418774,0.140976,0.158884,0.017908000000000007,0.151209,0.005115999999999982,0.1510201567177789,5.473701056415001,-0.13257577421384306,-0.14823522635184627,-0.00016549742683053667,-0.00014985516114743872,0.002825873506436939,0.010709932808682043,0.1509888999428672,0.0029066186454079048,-0.00016561793682575338,0.00036223838847249335,0.0004919309718874074,0.0025020980144174754,0.0217343033083496,0,0.0,0.0,0.0,0.0,0.0,1,0,1.0
S4,510,570,60,30,0.14643887083333335,0.002833320520311107,0.137138,0.152488,0.015350000000000003,0.146092,0.003838000000000008,0.14646627801686127,5.1485689430670005,-0.2655009375732054,-0.38086176586432474,-0.00013792652669385576,-0.00014985505409365076,0.002708773979760139,0.007675502247225907,0.1464319197732791,0.0024241763904362165,-0.0001383432145864336,0.0003500747895098389,0.00046368299192309085,0.0021215395240114787,0.02100448737059033,0,0.0,0.0,0.0,0.0,0.0,1,0,1.0
S4,540,600,60,30,0.14266522916666666,0.002452597582492757,0.13458,0.14993,0.015350000000000003,0.142255,0.003837000000000007,0.14268630925242676,4.886251883539,-0.08531077650575333,0.08348354540708725,-0.00011261218140681647,-0.00010703881585596811,0.0027653529677229326,0.009246095696286538,0.1426638341369869,0.002052179698471815,-0.00011304078418846677,0.00030699433690576175,0.00044254407181740875,0.0021213347252072856,0.018419660214345705,0,0.0,0.0,0.0,0.0,0.0,1,0,1.0
S4,570,630,60,30,0.13984566250000002,0.002007001751849524,0.130742,0.143534,0.012791999999999998,0.139696,0.002558999999999978,0.1398600635495917,4.694600970263,-0.808025612862975,1.336829442866149,-7.8586949651719e-05,-8.56404965038462e-05,0.002773103930954736,0.009239850712613129,0.1398476044617592,0.001507406014704788,-7.781916144498106e-05,0.00032424157784771793,0.0004297128920261817,0.0019827099432745687,0.019454494670863076,0,0.0,0.0,0.0,0.0,0.0,1,0,1.0
S4,600,660,60,30,0.13723932083333334,0.0023287714950661472,0.128184,0.142255,0.014071,0.137138,0.0025580000000000047,0.1372590775120933,4.521613046273,-0.6724830028391634,1.7229007299388055,-9.809853153228949e-05,-4.281549516959812e-05,0.002841330095118224,0.009775314576455085,0.1372407259814281,0.0018018161712202577,-9.786583259895792e-05,0.0003340350130465087,0.0004720026400981594,0.002441553551625203,0.02004210078279052,0,0.0,0.0,0.0,0.0,0.0,1,0,1.0
S4,630,690,60,30,0.13240522916666667,0.004311362045222217,0.11923,0.138417,0.01918700000000001,0.13458,0.007675000000000015,0.13247540357878704,4.211935812807001,-0.5250138922411048,-0.8610612223587197,-0.00019857728213402257,-0.0001498536155374937,0.003331829242237511,0.013558993134550168,0.13239818450263857,0.00393583756066599,-0.00019922198538922627,0.0004015752590207932,0.0006235974499413309,0.003101242914884478,0.024094515541247592,0,0.0,0.0,0.0,0.0,0.0,1,0,1.0
S4,660,720,60,30,0.12850377916666667,0.002712248860336994,0.11923,0.137138,0.017908000000000007,0.128184,0.0025580000000000047,0.12853239884945677,3.9649386129590005,0.7566182863158281,2.4847911191829803,-5.062312252117358e-05,-6.423471295867264e-05,0.0030794645500575213,0.013558993134550168,0.12849130504537498,0.0021439888238533717,-4.927038852366058e-05,0.00038858485173536863,0.000602892602950793,0.003101242914884478,0.023315091104122117,0,0.0,0.0,0.0,0.0,0.0,1,0,1.0
S4,690,750,60,30,0.12738456666666667,0.001724546342439722,0.117951,0.130742,0.012790999999999997,0.128184,0.0012790000000000024,0.12739623968132524,3.8951524523859997,-1.7234000725380407,5.638523576247616,-2.9380021903141325e-05,-6.421682283009418e-05,0.0031340746235382438,0.010538492879106687,0.127386427740821,0.0008169602710137248,-2.8801004165146175e-05,0.0003521994453403392,0.0004494649190430807,0.001804418924253176,0.02113196672042035,0,0.0,0.0,0.0,0.0,0.0,1,0,1.0
S4,720,780,60,30,0.12606812916666668,0.001929949469325375,0.117951,0.129463,0.011511999999999994,0.126905,0.0012790000000000024,0.12608290088881002,3.8152554951689988,-1.530830535240471,3.7003557454503673,-4.669888970255403e-05,-2.1405110620694522e-05,0.003636992472331768,0.014298977822824799,0.12607018014204072,0.0009280352158683178,-4.661987361620344e-05,0.0003866477612021604,0.0004711191977937498,0.0019067512723623392,0.023198865672129622,0,0.0,0.0,0.0,0.0,0.0,1,0,1.0
S4,750,810,60,30,0.12532194583333334,0.0016504221812108043,0.116671,0.128184,0.011512999999999995,0.125626,0.0012799999999999895,0.1253328129454899,3.7699953601989984,-2.136345017648321,6.958550847696669,-4.657460633246127e-06,1.3099121991655881e-09,0.0031467587227425333,0.009932827776550135,0.1253214095915668,0.0004973963324776192,-3.889716951709201e-06,0.00036001972801216807,0.0004490123650153311,0.0023517717983360525,0.021601183680730083,0,0.0,0.0,0.0,0.0,0.0,1,0,1.0
S4,780,840,60,30,0.12518866666666667,0.0015536706125244863,0.116671,0.128184,0.011512999999999995,0.125626,0.0012799999999999895,0.12519830731343773,3.761907876995999,-2.185035907315002,7.5434053545450634,-1.0736904994814045e-05,6.624594387694045e-10,0.0031549851678865535,0.012072405157745547,0.1251858386411026,0.0004012731596583025,-1.0334123308972103e-05,0.0003413015887434581,0.0004709840730725225,0.0022208979132886802,0.020478095324607485,0,0.0,0.0,0.0,0.0,0.0,1,0,1.0
S4,810,870,60,30,0.12363759166666667,0.003403864125264677,0.107717,0.126905,0.019187999999999997,0.124346,0.0015997499999999831,0.12368443864980212,3.6714816873879994,-1.790620400890124,2.926347999794146,-0.00011822878816209621,-0.00017126532618142167,0.0030864455972479427,0.012072405157745547,0.12363116128955778,0.003123742188383862,-0.00011932963522189879,0.00033324436532673724,0.00048660648632751997,0.0022208979444346827,0.019994661919604233,0,0.0,0.0,0.0,0.0,0.0,1,0,1.0
S4,840,900,60,30,0.12011455416666665,0.004057919739685915,0.107717,0.126905,0.019187999999999997,0.11923,0.007675000000000001,0.1201830804866926,3.4665534804649996,-0.16040742025294755,-0.715984625406878,-0.00012551893879557427,-0.00010705112993215781,0.0027390268305629967,0.009030645909560764,0.12011890243516457,0.003837399175155982,-0.00012566050997701037,0.00030311051852176897,0.00042578054313957163,0.0018427510569844624,0.01818663111130614,0,0.0,0.0,0.0,0.0,0.0,1,0,1.0
S4,870,930,60,30,0.11898467083333332,0.0024399317143756235,0.111555,0.123067,0.011511999999999994,0.11923,0.0025580000000000047,0.11900968515245933,3.3991932384209997,-1.184257529611146,0.7637988011529568,7.816839545659697e-05,0.00012845451172259975,0.003030784757125157,0.008470465971095131,0.11899555191724116,0.001899704181363645,7.807854404326678e-05,0.0003228904844324204,0.00046598058292066015,0.0025943534343177005,0.019373429065945223,0,0.0,0.0,0.0,0.0,0.0,1,0,1.0
S4,900,960,60,30,0.12063152916666665,0.0017646594121291403,0.112834,0.123067,0.010232999999999992,0.120509,0.0012789999999999885,0.12064443564428973,3.493219164463,-1.6483399661322824,4.542076032393752,3.4677957404700434e-05,6.421680987871456e-05,0.003044103116592198,0.009273395801431494,0.12063017325321541,0.0008263163934490043,3.458234080994794e-05,0.0003324733503002879,0.00046241807783376735,0.002594353434317645,0.019948401018017276,0,0.0,0.0,0.0,0.0,0.0,1,0,1.0
S4,930,990,60,30,0.12139893749999998,0.001533136963959975,0.114113,0.124346,0.010232999999999992,0.121788,0.0012789999999999885,0.12140861804286864,3.537612608419,-1.7223467413005196,4.955465797359235,5.844727547281227e-06,2.14031488078826e-05,0.0029682692694566787,0.011337310189823202,0.1213997782877517,0.0006075958522846578,5.973866411835047e-06,0.0003401926379391702,0.0004422745192775576,0.00208464853870112,0.020411558276350213,0,0.0,0.0,0.0,0.0,0.0,1,0,1.0
S4,960,1020,60,30,0.12105786249999999,0.0016027175131404397,0.114113,0.124346,0.010232999999999992,0.121788,0.0012789999999999885,0.12106847143866908,3.5178179463589996,-1.6506351821990763,4.63219173378364,-2.682044212573245e-05,9.540884748915346e-11,0.002994410376896212,0.009112656345296455,0.12106322961841685,0.0006634627289530978,-2.6351255879429318e-05,0.00035894144250542086,0.0004659015149302005,0.0020830261059641003,0.02153648655032525,0,0.0,0.0,0.0,0.0,0.0,1,0,1.0
S4,990,1050,60,30,0.12097259583333334,0.0015257339788276652,0.114113,0.124346,0.010232999999999992,0.121788,0.0012789999999999885,0.1209822169032671,3.512807233639,-1.8756767579869242,5.562855593276941,2.1311773776262973e-05,-1.724828850179351e-10,0.0030088661908920654,0.009317461907645708,0.12097363416945742,0.0004858558825799706,2.178163555272675e-05,0.00035509945549777095,0.0004766771515794868,0.002583314082896096,0.021305967329866258,0,0.0,0.0,0.0,0.0,0.0,1,0,1.0
S4,1020,1080,60,30,0.12098326249999998,0.001557839246711207,0.114113,0.124346,0.010232999999999992,0.121788,0.0012789999999999885,0.1209932918316652,3.513450400383,-1.926936428701699,5.9740906341786335,-2.1992200274254607e-05,-2.1406557500188702e-05,0.003033159951560133,0.010545698193723196,0.12098266995401726,0.0005871573067083855,-2.1764024432347283e-05,0.000350592857477696,0.00047712733670203375,0.0025846638371905956,0.02103557144866176,0,0.0,0.0,0.0,0.0,0.0,1,0,1.0
S4,1050,1110,60,30,0.12059955833333331,0.0015264679262698404,0.114113,0.123067,0.00895399999999999,0.120509,0.0012789999999999885,0.12060921844753408,3.4911800578859995,-1.96104376824073,5.990421705247085,-7.344397690322586e-06,2.1407275982279354e-05,0.0030407500095377955,0.010545698193723196,0.1206005969419474,0.00042909905161306333,-7.30464582630218e-06,0.00033964662248075177,0.0004655476354971738,0.0026642600815052486,0.020378797348845106,0,0.0,0.0,0.0,0.0,0.0,1,0,1.0
S4,1080,1140,60,30,0.12100989166666666,0.0016537794229976826,0.114113,0.124346,0.010232999999999992,0.121788,0.0012789999999999885,0.12102119181184068,3.5150709282139996,-1.426720560101535,3.404664055574007,1.7969263858211122e-05,2.1403872667041174e-05,0.003338049976662739,0.010570840363432477,0.12101016745423904,0.0004859883784188116,1.8141708485795626e-05,0.0003690878499175645,0.00047666134275793593,0.0018523738259355188,0.022145270995053867,0,0.0,0.0,0.0,0.0,0.0,1,0,1.0
S4,1110,1170,60,30,0.12110049583333332,0.0016002969099459738,0.115392,0.124346,0.008954000000000004,0.121788,0.0012789999999999885,0.12111106902871911,3.5202938499069996,-1.3833542892699184,3.0972189230104776,-1.9278340786526105e-05,6.743722879051958e-10,0.0031979294345281174,0.010570840363432477,0.12109678034195583,0.0005157237397205701,-1.9540194711350117e-05,0.00036203175060959154,0.0004663938048101348,0.0018725674061326886,0.021721905036575492,0,0.0,0.0,0.0,0.0,0.0,1,0,1.0
S4,1140,1200,60,30,0.11972010416666666,0.0032786249813475093,0.111555,0.132021,0.020465999999999998,0.120509,0.002557999999999991,0.11976498955640515,3.4424766536269997,-1.0528618444505775,1.1561653516891912,-9.735629233634032e-05,-0.0001712654578650099,0.0033568701846374126,0.014290731978939708,0.11972295493034575,0.002842413789945609,-9.777035653070076e-05,0.0003855463618689599,0.0007696030614712978,0.006927343355459012,0.023132781712137594,0,0.0,0.0,0.0,0.0,0.0,1,0,1.0
S4,1170,1230,60,30,0.11313763333333333,0.006542072728925867,0.098763,0.132021,0.033257999999999996,0.111555,0.012792000000000012,0.11332661996132389,3.082301470046,0.2759298899687034,-1.1528581781565181,-0.00033747092485535287,-0.00038535938408278396,0.0038573972149144424,0.014290731978939708,0.11311181642095598,0.006265966780201748,-0.0003392355122108414,0.000474622100326516,0.0009184920414753411,0.006927343355459331,0.028477326019590958,0,0.0,0.0,0.0,0.0,0.0,1,0,1.0
S4,1200,1260,60,30,0.10694425,0.002955674833406633,0.098763,0.116671,0.017907999999999993,0.106438,0.003836999999999993,0.10698508597829574,2.746994069228,0.3398723211723285,0.9471674689276908,-3.0552424494054296e-05,-2.1420174898914997e-05,0.004109329748917638,0.020757045229604254,0.10694757093352257,0.0020521883546404138,-3.0034545561116107e-05,0.0005653950352940615,0.0010837620945927183,0.007447100505992163,0.03392370211764369,0,0.0,0.0,0.0,0.0,0.0,1,0,1.0
S4,1230,1290,60,30,0.11131477083333333,0.007379146682938072,0.100042,0.128184,0.028141999999999986,0.108996,0.011832750000000003,0.11155908753412172,2.986903202747,0.7167429430208947,-0.764656327544079,0.0003147642585288884,-2.8533728750304913e-09,0.005068432533048257,0.02912095778046392,0.11129886405563676,0.0067429022074961915,0.00031151368440744096,0.0008538397092921668,0.0016046581775901365,0.008813980003683705,0.051230382557530006,0,0.0,0.0,0.0,0.0,0.0,1,0,1.0
S4,1260,1320,60,30,0.1148218833333333,0.005286666758117905,0.10388,0.128184,0.024303999999999992,0.114113,0.0067157500000000064,0.11494352412217489,3.1708832970299996,0.5887643476799607,-0.20462514376015806,-1.9579153281517e-05,0.00012845752481452797,0.004222113518119711,0.02912095778046392,0.11482384131144086,0.0046053531250569565,-1.9555181821969798e-05,0.0006886982889302881,0.0013881706834261783,0.008813980003666247,0.04132189733581729,0,0.0,0.0,0.0,0.0,0.0,1,0,1.0
S4,1290,1350,60,30,0.11428881249999998,0.0019477039073424577,0.107717,0.11923,0.01151300000000001,0.114113,0.002557999999999991,0.11430540762873309,3.135774291161,-0.8347948120958477,0.7667367759976509,6.355129511303147e-05,8.563999100123223e-05,0.003012370844067206,0.010309311857889414,0.11428763682640476,0.0012760079352992534,6.361579763010492e-05,0.0003401261123619019,0.0004751088098835903,0.0021573862526129695,0.020407566741714116,0,0.0,0.0,0.0,0.0,0.0,1,0,1.0
S4,1320,1380,60,30,0.1159837083333333,0.0017895533399698437,0.107717,0.11923,0.01151300000000001,0.116671,0.0012790000000000024,0.11599751333502081,3.229301543978,-1.4613616471634796,4.654492685513179,4.97003817249658e-05,8.563879034902116e-05,0.0031711583720950903,0.011131350473523094,0.1159815401083561,0.0010035848986924862,5.0399277124465746e-05,0.0003535371486639527,0.00048047639509289706,0.0017650587310716198,0.02121222891983716,0,0.0,0.0,0.0,0.0,0.0,1,0,1.0
S4,1350,1410,60,30,0.1178333958333333,0.002029372359248702,0.108996,0.123067,0.014071,0.117951,0.0025590000000000057,0.11785086985587971,3.3333186061889997,-0.6197166060853353,1.4741309003457461,8.184458421657321e-05,0.0001284455002529351,0.003092814202554711,0.01094364185627894,0.11784639649186181,0.0014671449852515304,8.20056150071033e-05,0.0003342287961992891,0.00045937615138579106,0.0018981036475909097,0.020053727771957346,0,0.0,0.0,0.0,0.0,0.0,1,0,1.0
S4,1380,1440,60,30,0.12003996666666666,0.002062053169510641,0.111555,0.123067,0.011511999999999994,0.120509,0.002557999999999991,0.12005767639184231,3.4593229585459997,-1.291214489756889,2.802619809594618,6.824854706323217e-05,4.281322425179401e-05,0.003336293211493424,0.010943641856301978,0.12003382502285706,0.001337128564508919,6.81679804105257e-05,0.0003536841563340262,0.00048687305431457554,0.0022425623251287885,0.02122104938004157,0,0.0,0.0,0.0,0.0,0.0,1,0,1.0
S4,1830,1890,60,30,0.16858434583333334,0.002590644696383371,0.160163,0.174234,0.014071,0.167838,0.0025590000000000057,0.16860424994642284,6.822574343998999,-0.1825799522906681,0.43853791447815826,7.700805887968656e-05,-8.564240615519725e-05,0.0032804701964253952,0.011616484617101519,0.1685868330461905,0.002029232477293246,7.626353603883307e-05,0.00039466802189745963,0.0005061873278379225,0.0021340992325007413,0.02368008131384758,0,0.0,0.0,0.0,0.0,0.0,3,0,0.9617619047619047
S4,1860,1920,60,30,0.17041792083333332,0.0028793522951465977,0.161442,0.178072,0.016630000000000006,0.170397,0.003838000000000008,0.1704422436216909,6.9721340185909995,-0.15890836074917758,0.8929171262719664,2.6157696203712065e-05,-1.4583570329965864e-09,0.004008020129649667,0.014748107280279199,0.17040405638432965,0.002095497621048439,2.5501219444853648e-05,0.0005854244296193924,0.0008732681519308519,0.004746913426762117,0.03512546577716354,0,0.0,0.0,0.0,0.0,0.0,3,0,1.0
S4,1890,1950,60,30,0.17286969166666666,0.005216336158000549,0.161442,0.188305,0.026862999999999998,0.171676,0.0067160000000000275,0.17294837512923233,7.178673710362,0.697634307551455,0.0908460782851308,0.0001456077807418163,0.00010704570773273846,0.0055636932295961205,0.019050193899391887,0.1728443639745253,0.004438205193708646,0.00014625089145151631,0.00082505025165424,0.001336384679149866,0.008384015205938622,0.0495030150992544,0,0.0,0.0,0.0,0.0,0.0,3,0,1.0
S4,1920,1980,60,30,0.17555063333333332,0.006710478971893307,0.161442,0.197259,0.03581699999999999,0.174234,0.008954000000000018,0.1756788416166462,7.407133294024,1.0342883709516844,0.9288873520889656,0.0001606281078537674,0.0005138050354113992,0.004918068129335356,0.019050193899391887,0.17553183365529587,0.006258621365518768,0.00016104435952600757,0.0006137672720589782,0.0011835776429735116,0.008384015205938622,0.03682603632353869,0,0.0,0.0,0.0,0.0,0.0,3,0,1.0
S4,1950,2010,60,30,0.18138159583333333,0.00917841249703978,0.164001,0.207493,0.043492,0.1812695,0.010233999999999993,0.1816136739428298,7.916046375122999,0.9982818910193572,0.6497104192775986,0.00022664393365721524,6.423447263065898e-05,0.003340679172979899,0.011893239239230025,0.18139582450804587,0.008911885898862354,0.00022613988805556353,0.000445988535368807,0.0007985429977157024,0.004966829567790404,0.02675931212212842,0,0.0,0.0,0.0,0.0,0.0,3,0,1.0
S4,1980,2040,60,30,0.1815521708333333,0.008004846230564498,0.169117,0.207493,0.03837600000000002,0.18063,0.00895499999999999,0.18172855663728482,7.926064391393,1.5530807710522407,2.382141668015743,-0.0003150914213083617,-0.00017126593275458132,0.003298604699737484,0.013108591115241763,0.18145849974857348,0.007533052791344964,-0.00031207658442068697,0.0006315752093632509,0.00129138379445538,0.007138085298689173,0.03789451256179505,0,0.0,0.0,0.0,0.0,0.0,3,0,1.0
S4,2010,2070,60,30,0.17674458333333334,0.0035445096959554534,0.166559,0.187026,0.020466999999999985,0.175513,0.003838000000000008,0.1767801212994785,7.500290708798001,0.7932516322140868,0.5834943759125593,-9.885454853358806e-06,-0.00010704716080189115,0.002949121763668486,0.010680359398594463,0.17673664362640762,0.0031202190831611004,-9.222346545285094e-06,0.00041885741488197173,0.0006216745018691014,0.0030494784864166236,0.025131444892918305,0,0.0,0.0,0.0,0.0,0.0,3,0,1.0
S4,2040,2100,60,30,0.1748737833333333,0.0031289723743942255,0.166559,0.184468,0.01790899999999998,0.174234,0.003838000000000008,0.1749017740488453,7.341751335704002,0.889945565826039,0.5723661175918715,-0.0001357625177811957,-0.00017126091454118465,0.002583270320023631,0.00927173351161703,0.17487205324658994,0.002821809555813393,-0.00013551353226179164,0.00033360226163044274,0.00047722571056704977,0.002456390175818002,0.020016135697826565,0,0.0,0.0,0.0,0.0,0.0,3,0,1.0
S4,2070,2130,60,30,0.17232079583333332,0.0014205030696256785,0.16528,0.175513,0.010232999999999992,0.172955,0.0012790000000000024,0.17232665059590802,7.127153881345,-1.325180386989346,4.6617060313569105,-2.5911133369403947e-05,2.476491564119698e-10,0.0025757568446456358,0.008257463787478048,0.17231540779947702,0.0006837338182887618,-2.579317557517947e-05,0.0003111956958986698,0.0004280901660901826,0.0016477537176365076,0.01867174175392019,0,0.0,0.0,0.0,0.0,0.0,3,0,1.0
S4,2100,2160,60,30,0.172267475,0.0017312882509011415,0.16528,0.175513,0.010232999999999992,0.172955,0.0012790000000000024,0.1722761745044373,7.1229792724520005,-1.3729480906524998,3.0485992767181758,2.6476209881233597e-05,2.1399600379714612e-05,0.003154923990616086,0.014538012052590421,0.17228347740707595,0.000748730100806053,2.7446899539725135e-05,0.00034968255334982855,0.0004897607131217458,0.0021033943438002467,0.020980953200989715,0,0.0,0.0,0.0,0.0,0.0,3,0,1.0
S4,2130,2190,60,30,0.17357319166666668,0.001925718114089017,0.166559,0.178072,0.011512999999999995,0.174234,0.0012790000000000024,0.17358387383512425,7.2315267013460005,-1.411472486147411,3.67442433366244,4.986217950882906e-05,8.564084782503591e-05,0.0029526806034293114,0.009567505594094472,0.17357372611492822,0.0010495133875177533,5.0009523857100726e-05,0.0003499489513525668,0.0005237801681464618,0.002302964295470167,0.020996937081154007,0,0.0,0.0,0.0,0.0,0.0,3,0,1.0
S4,2160,2220,60,30,0.1753748,0.001877938105121327,0.166559,0.179351,0.012791999999999998,0.175513,0.0025590000000000057,0.17538485432490078,7.382363310376,-1.0844104151799663,2.6574837877625237,6.58714787069869e-05,0.000149858677165916,0.0029183992025556744,0.015519970761160296,0.17535586993834276,0.0012274856425720825,6.643576279794658e-05,0.00035297235543661396,0.000488860232714105,0.0027217144766895074,0.021178341326196837,0,0.0,0.0,0.0,0.0,0.0,3,0,0.7382380952380952
S4,3600,3660,60,30,1.6599315833333335,0.4065704399387348,0.499144,2.379898,1.8807539999999998,1.66464,0.52183175,1.708997479219757,700.9613721550761,-0.8904926162026371,0.9016191888309959,0.02010129813393872,0.023577235524284867,0.12658041361235925,0.5672039440834773,1.661272687121065,0.39472535422010796,0.019990495187511795,0.030345229391886917,0.05111086955364925,0.254050407534693,1.820713763513215,11,11.0,0.10652549837120179,0.06573085372209246,0.254050407534693,0.10652549837120179,2,1,0.7784285714285715
S4,3630,3690,60,30,2.005703141666667,0.1754356087528411,1.581494,2.45409,0.8725959999999999,1.991569,0.16405475000000003,2.013361056867351,972.869458874404,-0.18801254771764744,0.7030838424863952,0.004577274969943033,0.0071665816094380955,0.12336134503007821,0.5672039440834773,2.005465994305611,0.15315940638531064,0.004585231810059528,0.026698635344707344,0.05127477957878547,0.2540504075346921,1.6019181206824407,12,12.0,0.0943451059817223,0.0735524370205092,0.2540504075346921,0.0943451059817223,2,1,1.0
S4,3660,3720,60,30,2.2423359916666668,0.26956635966410625,1.905324,2.996245,1.090921,2.15898,0.44208550000000013,2.2584810651821483,1224.17681322871,0.8170610576368481,-0.3579523220717955,0.012646719635500354,0.007762714827066389,0.1419152851776809,0.6205768541250372,2.242234189253318,0.24996865106683158,0.012649069069677632,0.03395407194873637,0.06363323809764156,0.2966908183277117,2.0372443169241823,12,12.0,0.12400763578546968,0.09299414910746412,0.2966908183277117,0.12307196375466621,2,1,1.0
S4,3690,3750,60,30,2.4150663625,0.22966933287111804,1.996904,2.996245,0.999341,2.384494,0.33290500000000023,2.4259623941315427,1412.470449057707,0.4197869383790298,-0.40729040362352764,0.004432065392070225,0.008199546310364188,0.15907296789066722,0.6205768541250531,2.4131961691082253,0.19256762545231235,0.004302913938460421,0.04732393295555905,0.07068040162502494,0.29669126392408796,2.839435977333543,12,12.0,0.1538547107542431,0.0834542160964418,0.29669126392408796,0.1479605797661524,2,1,1.0
S4,3720,3780,60,30,2.5028748750000003,0.19520396609809454,2.117147,2.992407,0.8752599999999999,2.518808,0.24751974999999993,2.510475498443809,1512.5969347888058,0.15823155690993865,-0.22747833613188018,0.0073952086154663805,0.0037944598161871387,0.1270868164314628,0.541009540476665,2.5033704144430358,0.1732067916348111,0.007531571370209956,0.03526379633084107,0.05289556386256874,0.2107523332137906,2.115827779850464,12,12.0,0.11452777860805434,0.058345989761108746,0.2107523332137906,0.10956931965076992,2,1,1.0
S4,3750,3810,60,30,2.6005911,0.11223403448686292,2.434382,2.992407,0.5580250000000002,2.559254,0.12312000000000012,2.603011822465739,1626.1609314951381,1.3213876953060586,1.2741267654375008,0.0003111664628370194,0.004607991864410697,0.10363415069972166,0.49638244860930847,2.6010220109960387,0.08428195713277786,0.00029771981657691497,0.02455323772161512,0.0424386837409414,0.21075237310748474,1.4731942632969073,12,12.0,0.08864521495193574,0.05788070039792366,0.21075237310748474,0.08864521495193574,2,1,1.0
S4,3780,3840,60,30,2.615987475,0.14871171711177542,2.410078,3.111371,0.7012930000000002,2.5702795,0.19091674999999997,2.6202109922987518,1647.7213545991701,1.0768914346674268,0.8079872011683316,0.0021214834083785414,0.0007493133344223861,0.09941109598004264,0.46554428191550024,2.616196557368864,0.12754221323372822,0.0020382084683818057,0.02265799749473376,0.04600538640272034,0.281583240642755,1.3594798496840257,11,11.0,0.07781559713485751,0.07753018742197117,0.281583240642755,0.07740895261591886,2,1,1.0
S4,3810,3870,60,30,2.549456529166667,0.16112938299600776,2.335886,3.111371,0.7754850000000002,2.4908185,0.16276025000000027,2.5545432609715615,1566.1659053220528,1.476377261250349,1.7359999195734641,-0.0034677445583682774,-0.004565167169679449,0.08566844002004174,0.46554428191550024,2.5497677701638537,0.14854856435956929,-0.003462265802040877,0.01643736252377492,0.04006524380367523,0.28158324064269546,0.9862417514264952,11,11.0,0.06475473474768524,0.07252564610560651,0.28158324064269546,0.06434809022874659,2,1,1.0
S4,3840,3900,60,30,2.4389659041666665,0.08182204652742833,2.284719,2.635518,0.35079899999999986,2.43822,0.11672474999999993,2.440337994824787,1429.2598869565109,0.22147840668034516,-0.5715547135231533,-0.0029691394558443002,-0.005100375292885496,0.052861451097457116,0.26281829102460996,2.4389871814662465,0.07239356298760839,-0.0029571935937579407,0.01279367674259445,0.020464804228839454,0.10849405307558335,0.7676206045556669,12,12.0,0.04530193487297821,0.02387864920748412,0.10849405307558335,0.04530193487297821,2,1,1.0
S4,3870,3930,60,30,2.382522291666667,0.10553162985411021,2.213085,2.614746,0.4016609999999998,2.3768190000000002,0.17076974999999983,2.384858359565249,1365.01185484518,0.20371186753420262,-0.9644493683920765,-0.0011032620116394113,0.00021407476428972954,0.07036820531523529,0.26281829102460996,2.381999020997129,0.09046401955400589,-0.001113940479068163,0.01821135436680467,0.030285379344238035,0.11918458320359182,1.0926812620082802,12,12.0,0.06029723068232188,0.04033444226824854,0.11918458320359182,0.06029723068232188,2,1,1.0
S4,3900,3960,60,30,2.4498281916666667,0.1703880661562646,2.213085,2.896164,0.6830790000000002,2.4458945,0.2868547499999998,2.4557463757019455,1447.365662825578,0.4439239266714897,-0.6652053677026912,0.007455698110954308,0.005073888711269147,0.08727238222983708,0.373151558530866,2.450634549328612,0.15511007191151024,0.0074771330232292765,0.021209938846189394,0.036605717537104863,0.18653751247733652,1.2725963307713637,12,12.0,0.07195620544287396,0.048542196021204014,0.18653751247733652,0.07066839469654973,2,1,1.0
S4,3930,3990,60,30,2.678944895833333,0.20536572717252907,2.262973,3.119045,0.8560719999999997,2.691496,0.26670775000000013,2.686804949528077,1732.5410008340573,-0.03664831034663105,-0.4006390316697326,0.00957990410121883,0.009360702551017426,0.10043756135881879,0.373151558530866,2.678335977448962,0.18835088868830746,0.009569764421886442,0.024769595502882588,0.0433929708100703,0.18846881652508918,1.4861757301729552,12,12.0,0.0831229305412442,0.057361844279713095,0.18846881652508918,0.08295184042631436,2,1,1.0
S4,3960,4020,60,30,2.7457690458333333,0.14630526206204525,2.517833,3.119045,0.6012119999999999,2.724115,0.2046827499999999,2.749664139993017,1814.5566918632492,0.7123797615754931,-0.13877305244302907,-0.0027740293723277462,-0.0007441520205065317,0.09180847107523792,0.32668706645824486,2.744791310861142,0.12738450804781684,-0.0027891732184856443,0.023246530323167095,0.03925262271200447,0.18846881652508918,1.3947918193900257,11,11.0,0.08209804811452233,0.05327506949093155,0.18846881652508918,0.08209804811452233,2,1,1.0
S4,3990,4050,60,30,2.6102823375,0.11693193425831226,2.384494,3.035899,0.651405,2.593305,0.1375877499999998,2.612900105000927,1638.539270091325,0.7610616686569147,0.8177995694776259,-0.005162689533814494,-0.010902182631684078,0.0638312163947917,0.2290880351352751,2.6102161176784495,0.1058347122999708,-0.005165139939406622,0.015290270962439524,0.025798548702772043,0.11460170928114621,0.9174162577463715,9,9.0,0.06500185999978678,0.03333866434925927,0.11460170928114621,0.06500185999978678,2,1,1.0
S4,4020,4080,60,30,2.413259533333333,0.15001465573955505,2.138893,2.714521,0.575628,2.3992044999999997,0.23217050000000006,2.4179176934215265,1403.11823331861,-0.018309951156147027,-0.999887856168284,-0.008110573860697167,-0.006641825239265041,0.04452310398004984,0.1493567421445796,2.41264432474285,0.14523661434885649,-0.008066418418258286,0.010964147970430407,0.020320130441270588,0.09421227494674689,0.6578488782258244,8,8.0,0.05164260928120534,0.02594726453445187,0.09421227494674689,0.05164260928120534,2,1,1.0
S4,4050,4110,60,30,2.2524089,0.126967764133224,2.067259,2.672309,0.6050499999999999,2.2572165,0.20019050000000016,2.255984633353738,1221.4719998227679,0.6951672050780636,0.46707382466316183,-0.001183975720827778,-0.0020766426853255898,0.060773884830630474,0.3291444595489459,2.253062278207776,0.11979165103736313,-0.001107091631340687,0.010376587953664888,0.025143630076498922,0.17993512018989755,0.6225952772198933,8,8.0,0.05008955243102886,0.050148981317385044,0.17993512018989755,0.05008955243102886,2,1,1.0
S4,4080,4140,60,30,2.193486925,0.11632591764385974,2.031442,2.672309,0.6408669999999996,2.161918,0.09529874999999999,2.196569281689435,1157.979986222794,2.0634177494685217,4.653394199885593,1.862332574842245e-05,0.00010703827583914002,0.06403348697906394,0.32914445954894767,2.1935909400787654,0.10658304143022303,-8.500346042916356e-06,0.011883698694553,0.024923386624856176,0.17993512048621696,0.71302192167318,12,12.0,0.04282852781268006,0.04221158117747378,0.17993512048621696,0.04282852781268006,2,1,1.0
S4,4110,4170,60,30,2.1018434916666666,0.08125717900171404,1.961088,2.250181,0.28909300000000004,2.113309,0.13935900000000023,2.103413604738935,1061.8437102242021,-0.17735225854429543,-1.1828944879671075,-0.003926733627851747,-0.0020465411217115968,0.04129279642724243,0.22527382984076816,2.1024505097977086,0.0775756596372072,-0.003915376196828304,0.006969593695821983,0.012560217910444055,0.1054582682165428,0.418175621749319,11,11.0,0.028667060768584426,0.010203798681237282,0.04147352430080309,0.028445679745984685,2,1,1.0
S4,4140,4200,60,30,2.092227275,0.08898968274997411,1.961088,2.388852,0.42776400000000003,2.0860675000000004,0.09849625000000017,2.094118939766762,1052.4801921335682,0.965894443154258,1.196480381126877,0.0015752577245547227,0.002877510879344241,0.0569826741675838,0.27733348339381436,2.0929055869545508,0.07692724031585686,0.0016244695817972908,0.01045464329077442,0.02316597647875154,0.1437204097990601,0.6272785974464652,11,11.0,0.03562764878935664,0.03570398849960892,0.1437204097990601,0.03485446752457441,2,1,1.0
S4,4170,4230,60,30,2.15671915,0.07413706305251443,2.039637,2.388852,0.34921500000000005,2.14325,0.08634450000000005,2.15799300186418,1117.664111062746,0.9769499857369172,0.6478872065970398,-4.1178369790234456e-05,-0.0011346839639605143,0.07073639637509249,0.493606594823655,2.1564110116325255,0.05999316360156145,-1.7436958791531697e-05,0.013150558002084142,0.025543096259244568,0.15306680519509275,0.7890334801250485,10,10.0,0.05788836262681274,0.0444498958486554,0.15306680519509275,0.057281382355226285,2,1,1.0
S4,4200,4260,60,30,2.169478941666667,0.056733584215068446,2.071617,2.365827,0.2942100000000001,2.15988,0.07803000000000004,2.170220628856202,1130.365818699122,0.6752155542787271,0.1592831909811263,0.00028020429712930823,-0.003917819900839211,0.06482661797398422,0.493606594823655,2.1695937705970465,0.039697841001479474,0.00020344917544042222,0.013134036469232392,0.023251226948420863,0.1530668051945101,0.7880421881539436,9,9.0,0.059517057599182355,0.03908989890241816,0.1530668051945101,0.059517057599182355,2,1,0.8049047619047619
S5,270,330,60,30,1.2452184541666669,0.12249642568747152,0.696081,1.395762,0.699681,1.272983,0.14973500000000017,1.251229144842554,375.737849496823,-1.542688778213981,3.0662404152824676,-0.003517746314792838,0.0017535850326409477,0.16373530725952373,0.8759767730700512,1.244744519017423,0.09905655727485768,-0.003502154967327969,0.01774305061360287,0.030572471897351627,0.19432700891073384,1.0645830368161722,19,19.0,0.060322406554763244,0.048036367620826415,0.19432700891073384,0.049445034460314376,1,0,0.8438095238095238
S5,300,360,60,30,1.1296800666666664,0.12542047243494137,0.696081,1.361132,0.6650510000000001,1.135398,0.18097050000000015,1.1366210221220654,310.05776350315404,-0.8157406835115069,1.3759346297058004,-0.0038988514140327305,-0.00530842883250509,0.15158412983237005,0.8759767730700743,1.12937172871267,0.1030326262412631,-0.003853896392533239,0.017227895551434284,0.03176751541738773,0.19432700872856956,1.033673733086057,15,15.0,0.06944824786297656,0.055962192321133294,0.19432700872856956,0.060948468348492116,1,0,1.0
S5,330,390,60,30,1.075191775,0.08402349558669711,0.703754,1.224285,0.5205310000000001,1.0931925,0.09975800000000001,1.0784698887026278,279.14335220118204,-1.4538733856241361,4.28025254543233,-0.0007052795379303431,-0.002311735324469358,0.0984664599479655,0.2852512733591652,1.075069006833767,0.06398792903186279,-0.0006924078006031706,0.014202646292182186,0.025743851730497525,0.13576705169999403,0.8521587775309312,9,9.0,0.06710290152544986,0.04209214304670948,0.13576705169999403,0.05948536637024068,1,0,1.0
S5,360,420,60,30,1.0556239625,0.04444154446389205,0.861065,1.156501,0.29543600000000003,1.0522665,0.07226025000000003,1.0565590381415217,267.91608025884904,-0.3619849537029624,1.0368767163623493,-0.0011081101787900095,-0.0004923198201811297,0.05806924305608487,0.20778221533223107,1.0558652017528694,0.03308621521845777,-0.001131727549327058,0.00677053747409106,0.015284071493940777,0.07091016545082485,0.4062322484454636,4,4.0,0.046201642999943004,0.021562558947470573,0.07091016545082485,0.046201642999943004,1,0,1.0
S5,390,450,60,30,1.0030646958333334,0.04216111262134792,0.859786,1.082322,0.22253599999999996,0.99983,0.05435550000000011,1.0039503690146678,241.89992242672503,-0.679578325577225,0.8522446387194673,-0.001813614625783476,-0.0014983477830422796,0.024118873712100447,0.09859279955197353,1.0031112305489303,0.0393175695213663,-0.0018119678949067354,0.0033385402757580744,0.007629157491771881,0.0364372108550417,0.20031241654548446,3,3.0,0.029441154484206367,0.006374539019449133,0.0364372108550417,0.029441154484206367,1,0,1.0
S5,420,480,60,30,0.9678138291666667,0.02587504341928691,0.859786,1.000469,0.140683,0.972333,0.03964699999999999,0.9681596592495453,224.95995019156697,-1.3208877205348761,2.4154602599905894,-0.00031310685002416787,-0.0008776063648288861,0.02412849312180907,0.09859279955197353,0.9678222723831996,0.020905989527406892,-0.00031371206961233104,0.0033050852900710303,0.007633027296326149,0.0364372108550417,0.19830511740426182,3,3.0,0.02944115448434433,0.006374539019856854,0.0364372108550417,0.02944115448434433,1,0,1.0
S5,450,510,60,30,0.9379504375000001,0.030973050582930324,0.885364,0.994075,0.108711,0.940359,0.05403575000000005,0.9384616950461293,211.370484736525,0.1428429890552793,-1.148176146490054,-0.0017759016269347978,-0.0016695905077034042,0.004764979957710756,0.012650218209342867,0.9379370603038844,0.030807701081446613,-0.0017721068245279232,0.0006052754505191077,0.0009458662308116132,0.005452819323154445,0.03631652703114646,0,0.0,0.0,0.0,0.0,0.0,1,0,1.0
S5,480,540,60,30,0.8928036541666667,0.024922463677732574,0.777933,0.941638,0.163705,0.89048,0.03229274999999998,0.8931514396165529,191.45267858138902,-0.7434613050011507,2.6065887162421433,-0.0012871369137612615,-0.0011558665262111603,0.015292882423181057,0.12060626659296991,0.8927831389454625,0.02314692138026072,-0.0012868107155740434,0.0018098386613065898,0.004894675096189125,0.026574540265023372,0.10859031967839539,2,2.0,0.023515284632674105,0.003059255632349267,0.026574540265023372,0.023515284632674105,1,0,1.0
S5,510,570,60,30,0.85950845,0.022867244801735517,0.777933,0.891759,0.11382599999999998,0.86618,0.037089999999999956,0.859812588013356,177.426644761494,-0.6814385887872039,-0.33089011839413285,-0.0011132695074670986,-0.001241493763172192,0.016079138319481254,0.12060626875036107,0.8595105533755933,0.020666025129598375,-0.0011122549809966095,0.0021772019512887927,0.00492637898335979,0.02583238571219737,0.13063211707732755,3,3.0,0.019236180077999803,0.005946573507681656,0.02583238571219737,0.019236180077999803,1,0,1.0
S5,540,600,60,30,0.8245240374999999,0.02485433841980296,0.78177,0.872575,0.09080500000000002,0.8182195,0.03836799999999996,0.8248985553106439,163.309830372861,0.31672001257012294,-1.0104811790581545,-0.0013948372118790572,-0.001519747395434174,0.007637512319028131,0.031119691992485876,0.824489504078296,0.02455780871875822,-0.001395937520344492,0.0011939148176222441,0.0019553079862827576,0.011420316958834609,0.07163488905733464,2,2.0,0.0107111350275092,0.0007091819313254089,0.011420316958834609,0.0107111350275092,1,0,1.0
S5,570,630,60,30,0.7900458291666667,0.016647996332641638,0.760028,0.831649,0.07162099999999993,0.783049,0.02813700000000008,0.7902212145757272,149.867896311729,0.3223705087826364,-1.1103853900009872,-0.0009183439295065934,-0.0008990142859866214,0.006239177457283063,0.01998748271819073,0.7900280111755682,0.01634936257885014,-0.000918716604573931,0.0009167493987075239,0.0015706729357619455,0.010001953095344684,0.05500496392245144,1,1.0,0.010001953095344684,0.0,0.010001953095344684,0.010001953095344684,1,0,1.0
S5,600,660,60,30,0.7745279208333334,0.008375873236936714,0.753633,0.793281,0.03964800000000002,0.777933,0.010231000000000101,0.7745732085496422,143.991277296693,-0.9074600610204322,-0.15046796737250911,-4.779056698532223e-05,-0.00012843047040433,0.006884469401978803,0.05549177570074182,0.7745235706363119,0.007520821983664415,-4.843739590641157e-05,0.0009206932116945986,0.001960467769146778,0.01650279588932113,0.05524159270167592,1,1.0,0.01650279588932113,0.0,0.01650279588932113,0.01650279588932113,1,0,1.0
S5,630,690,60,30,0.7742720583333332,0.00767565004553994,0.753633,0.793281,0.03964800000000002,0.775375,0.00767400000000007,0.7743101032011388,143.89347262064598,-0.9983584277499081,0.5975641326910757,0.00014228932089310693,0.0001498232286525152,0.006719855618613591,0.05549177570074182,0.7741973318947868,0.006905792074385931,0.00014780809222664346,0.001024670757897496,0.0019149851170553575,0.016502795889979827,0.061480245473849754,1,1.0,0.016502795889979827,0.0,0.016502795889979827,0.016502795889979827,1,0,1.0
S5,660,720,60,30,0.7718581458333332,0.005054632749557509,0.760028,0.786886,0.026857999999999937,0.7721775,0.006394000000000011,0.7718746961790522,142.989731184361,0.40374622874361943,0.19653983357992066,-0.0002177840341558039,-0.00010701375096355919,0.004217873002642294,0.022492052060820278,0.7718596684688258,0.00449159173497363,-0.00021888742735214236,0.0005829041735159107,0.0008387538254505317,0.003682316469772351,0.034974250410954644,0,0.0,0.0,0.0,0.0,0.0,1,0,1.0
S5,690,750,60,30,0.7704513916666668,0.0045008258377321345,0.760028,0.779212,0.01918399999999998,0.77026,0.007673000000000041,0.7704645380251611,142.467745045038,-0.01097746061137516,-0.9170104343257455,0.00011218212591759865,-8.561819961810401e-05,0.004384496191797866,0.015784298764877303,0.7704359691786141,0.003919527829219614,0.00011188440060143819,0.0005304706932353123,0.0007661219933891588,0.004046865991372939,0.031828241594118734,0,0.0,0.0,0.0,0.0,0.0,1,0,1.0
S5,720,780,60,30,0.7737924333333335,0.0037499435778718363,0.760028,0.779212,0.01918399999999998,0.775375,0.0038369999999999793,0.7738015197457021,143.704510070582,-1.2672265262780864,1.4304160953123493,0.00010294743288596251,0.00012841825461129832,0.004429432880747277,0.015784681198571793,0.7737648785587178,0.003049521727868887,0.00010480651089347096,0.0005857139233713328,0.0008167977502557128,0.0035474476901394825,0.03514283540227997,0,0.0,0.0,0.0,0.0,0.0,1,0,1.0
S5,750,810,60,30,0.7729345000000001,0.0030127698938573755,0.762586,0.779212,0.01662600000000003,0.772817,0.005115000000000092,0.7729403716152258,143.384836337444,-0.319966843875032,0.07516536687731756,-0.00011911405901066576,-0.0001070133514714192,0.003596315723194305,0.010479881453559159,0.7729324053365875,0.002410721960457583,-0.00011900255812807003,0.0004485716471021269,0.0006396540590239675,0.0032612446722269928,0.026914298826127614,0,0.0,0.0,0.0,0.0,0.0,1,0,1.0
S5,780,840,60,30,0.769780075,0.002423927895869628,0.760028,0.776654,0.01662599999999992,0.77026,0.0038359999999999506,0.7697838912925172,142.216137430428,-0.2434308545661839,1.3123715281290975,-7.695392532782602e-05,-6.420178681193187e-05,0.003844925514606291,0.010479881452977846,0.7697648826637755,0.0015503984301457922,-7.647719648428752e-05,0.00044711050276292306,0.0006225332063971731,0.0032612094712652917,0.026826630165775384,0,0.0,0.0,0.0,0.0,0.0,1,0,1.0
S5,810,870,60,30,0.7558289625,0.02072184165486811,0.705033,0.774096,0.06906299999999999,0.766423,0.014068999999999998,0.7561129646259187,137.20963566609498,-1.4243272490489374,0.3778743931744777,-0.0004863048878096134,-8.562868568621453e-05,0.006830493346592109,0.032318010348652226,0.7558378750044416,0.02025841682041333,-0.00048602944279143234,0.0009344100442672883,0.0018111831612387722,0.010035540357208439,0.0560646026560373,1,1.0,0.010035540357208439,0.0,0.010035540357208439,0.010035540357208439,1,0,1.0
S5,840,900,60,30,0.7567827375,0.021591052168130367,0.705033,0.78177,0.07673699999999994,0.765144,0.01438874999999995,0.7570906717901897,137.564708474813,-1.283425183727293,0.21039152811314255,0.0009141668983132917,0.0001284108124947686,0.006886363354783445,0.032318010348652226,0.7567166153382047,0.02127752028331873,0.0009182520841608895,0.0010128112543929869,0.002053695649768972,0.012168251537776786,0.06076867526357921,1,1.0,0.012168251537776786,0.0,0.012168251537776786,0.012168251537776786,1,0,1.0
S5,870,930,60,30,0.77711795,0.007760798087020437,0.758749,0.790723,0.03197399999999995,0.779212,0.015347,0.7771567011865432,144.953409167796,-0.3291447945655147,-1.231213569072851,0.00042020867315558486,0.0003638837453058872,0.0038858416753087105,0.011241179915149058,0.7771331229393158,0.007526059818779765,0.0004213731070714154,0.00043949968282084396,0.0005849923182406464,0.0024759132460636657,0.02636998096925064,0,0.0,0.0,0.0,0.0,0.0,1,0,1.0
S5,900,960,60,30,0.7758176291666667,0.014011776664350939,0.710149,0.790723,0.08057399999999992,0.783049,0.02589874999999997,0.7759441498014398,144.501437666659,-1.2791386458918734,1.335941999234004,-0.0005402441319672435,-0.0004495045341897897,0.014201602741353462,0.08810219485420179,0.7758228721174643,0.012188011879668658,-0.0005404865936004829,0.0013603383291423275,0.0029960691963619645,0.017089771600497294,0.08162029974853965,2,2.0,0.015338085554650438,0.0017516860458468564,0.017089771600497294,0.015338085554650438,1,0,1.0
S5,930,990,60,30,0.7668863125000001,0.013220693194061744,0.710149,0.790723,0.08057399999999992,0.766423,0.02046300000000001,0.7670002627303194,141.189456726811,-0.08716660628418364,0.3872960014729667,-0.00012207080189763356,-0.00012843276381797124,0.015948424007311116,0.08810219485420179,0.7669426741320623,0.010985581769558994,-0.00012875235451590105,0.0019405099702642142,0.003363618613913925,0.017089771600497072,0.11643059821585286,3,3.0,0.013679196587052486,0.0027476222187649254,0.017089771600497072,0.013679196587052486,1,0,1.0
S5,960,1020,60,30,0.7581522416666666,0.012800485137287985,0.734449,0.785607,0.05115800000000004,0.756191,0.01918399999999998,0.7582602943343015,137.990081751346,0.07343497886739586,-1.0090272749813272,-0.00042420602608211037,-0.0002996634009508325,0.008406000375824856,0.04916116021069694,0.7581462388957072,0.012262850661792368,-0.0004236491913993092,0.0010279473639626003,0.0018932808930808716,0.010361418416224177,0.061676841837756013,1,1.0,0.010361418416224177,0.0,0.010361418416224177,0.010361418416224177,1,0,1.0
S5,990,1050,60,30,0.7456239583333333,0.010551095502281449,0.726775,0.775375,0.04860000000000009,0.743402,0.01151000000000002,0.7456986072515938,133.45593908567201,1.0375541370217483,0.7368386457734744,-0.0003434148948974189,-0.0005351143049470004,0.008073557816688557,0.04921789567166268,0.7456224251865583,0.009925519900603419,-0.00034150776593665065,0.000880739433248795,0.002251441145439897,0.020733123207754778,0.0528443659949277,1,1.0,0.020733123207754778,0.0,0.020733123207754778,0.020733123207754778,1,0,1.0
S5,1020,1080,60,30,0.7431513916666667,0.006633213273363864,0.726775,0.763865,0.03709000000000007,0.743402,0.0063949999999999285,0.743180994411478,132.556317709064,0.3630499250165631,0.44555534624224036,0.00020746214329033934,0.000278270025366873,0.00881193377418219,0.04921789567166268,0.7431319927761781,0.0051812343621174236,0.00020613744812705208,0.001114790942137651,0.002486850787271935,0.020733123207754556,0.06688745652825906,2,2.0,0.015696902755467923,0.005036220452286633,0.020733123207754556,0.015696902755467923,1,0,1.0
S5,1050,1110,60,30,0.7598735041666667,0.01832378767385852,0.685849,0.795838,0.109989,0.753633,0.03453099999999998,0.7600944043533315,138.658440847019,0.15114314845915466,-0.45646878539479685,0.0008307783347189584,0.0004708934227919989,0.017622604795014565,0.13448833538824934,0.7598783722704106,0.016661294388692918,0.0008316172777980582,0.0015469232029711867,0.003274383380792988,0.019620587466287476,0.0928153921782712,3,3.0,0.014764909910724988,0.0038059673140230696,0.019620587466287476,0.014764909910724988,1,0,1.0
S5,1080,1140,60,30,0.7694495208333334,0.012455164906893015,0.685849,0.795838,0.109989,0.77026,0.01790499999999995,0.7695503208000788,142.129847098441,-1.1164028985281753,7.174459749323981,-0.0002241292988566627,6.421402301010094e-05,0.01728075633644206,0.13448833538824978,0.7694100970797788,0.010049445807915941,-0.0002223937251975377,0.001337758506374465,0.0031535805973879646,0.019619406060290556,0.0802655103824679,2,2.0,0.01698383271291659,0.002635573347373965,0.019619406060290556,0.01698383271291659,1,0,1.0
S5,1110,1170,60,30,0.7518108,0.01595960632743385,0.719102,0.775375,0.05627300000000002,0.75747,0.02461975000000005,0.7519801779507002,135.713805127384,-0.5237777729360515,-1.0034606139830582,-0.0008877362029374815,-0.0007919817988653564,0.0040532535377391194,0.011933314320743182,0.7518011584882751,0.015809539637795262,-0.0008866720125908101,0.0005539238876896016,0.0007924033681628262,0.0046021855926425825,0.033235433261376096,0,0.0,0.0,0.0,0.0,0.0,1,0,1.0
S5,1140,1200,60,30,0.7305856958333334,0.012823120715917112,0.703754,0.758749,0.054995000000000016,0.726775,0.01662600000000003,0.7306982218270214,128.14077393148102,0.647561017008899,-0.5081819830440479,-0.0006393894669312493,-0.000770579343507696,0.004873240090732715,0.026451350463871037,0.7305950342248444,0.01255698498794734,-0.0006405521617026741,0.0006794465696724044,0.001161694161373196,0.0069001420913942235,0.04076679418034426,0,0.0,0.0,0.0,0.0,0.0,1,0,1.0
S5,1170,1230,60,30,0.6964128374999999,0.04932696822930056,0.505518,0.738286,0.23276799999999997,0.711428,0.02046300000000001,0.6981575681961026,116.98175760707899,-2.4325802088420656,5.088426813163796,-0.0019766840917889023,-0.002676777623022779,0.024877656161222197,0.12807486705424287,0.6968728901322075,0.045250324103257356,-0.001946563371809661,0.002915535662886479,0.007697912452487153,0.056050042164319525,0.17493213977318875,2,2.0,0.04232863283095123,0.013721409333368295,0.056050042164319525,0.04232863283095123,1,0,1.0
S5,1200,1260,60,30,0.6822140041666667,0.08424650790762278,0.493939,0.781701,0.28776199999999996,0.703754,0.09617074999999997,0.6873961169338577,113.403221178179,-0.9370762217591844,-0.41660352479015383,0.00121584285001861,0.0011118997139859573,0.033337264413957256,0.18158081183514163,0.6822054441929694,0.08110706564952835,0.0012156705023543917,0.00451248502668195,0.010391027653962196,0.057144162957311284,0.27074910160091703,4,4.0,0.041946888869123344,0.014684554879036027,0.057144162957311284,0.041946888869123344,1,0,1.0
S5,1230,1290,60,30,0.7391815541666666,0.0853190896515178,0.493939,0.791933,0.297994,0.779143,0.035810999999999926,0.7440891862399375,132.88049209901098,-1.9834756600669048,2.301883142731654,0.003570021524764395,0.0038742898574888776,0.022276839276918904,0.1815808118351594,0.7390674812464632,0.08433975459509399,0.0035774839120882576,0.0023762944270692287,0.007376431882848428,0.05714416301400571,0.14257766562415372,2,2.0,0.03757482964669556,0.01956933336731015,0.05714416301400571,0.03757482964669556,1,0,1.0
S5,1260,1320,60,30,0.7874405000000001,0.004327781395626786,0.770191,0.797048,0.02685700000000002,0.788096,0.005116000000000009,0.7874523926765721,148.81950497569397,-0.7646296020620013,0.7806870464379623,0.00020118751917243917,0.00014983876893073615,0.004659852892528672,0.015299478310620618,0.787441680279919,0.0037468580564984683,0.00020158722636612618,0.0005152788866771622,0.0007532709946653048,0.0038808701988632954,0.030916733200629737,0,0.0,0.0,0.0,0.0,0.0,1,0,1.0
S5,1290,1350,60,30,0.7895082124999999,0.002886457296700762,0.776585,0.797048,0.02046300000000001,0.789375,0.0038369999999999793,0.7895134889542235,149.599571817761,-0.7037788143189813,1.5039620633216764,-6.432478247516932e-05,-0.00010702992101310214,0.00446526256014358,0.01527457685997291,0.7895154207485383,0.0019155999332400807,-6.342141250571962e-05,0.0005329299492386105,0.0007446678942262421,0.0038808701988632954,0.031975796954316626,0,0.0,0.0,0.0,0.0,0.0,1,0,1.0
S5,1320,1380,60,30,0.7850317916666666,0.0076208958292270715,0.739496,0.794491,0.054994999999999905,0.785538,0.005116000000000009,0.7850687816877046,147.919918075348,-3.1398913312154644,12.538220366936496,-0.0002657251522265604,-0.00014984766395287946,0.00763968777981923,0.02997265011592054,0.7851224989905989,0.005388491266407568,-0.0002586604323988363,0.0010658701423161175,0.002525498671113295,0.015402342569146854,0.06395220853896705,2,2.0,0.015042238505845573,0.00036010406330128086,0.015402342569146854,0.015042238505845573,1,0,1.0
S5,1350,1410,60,30,0.7805872833333333,0.006872006877765441,0.739496,0.793212,0.053715999999999986,0.781701,0.005116000000000009,0.7806175320733205,146.24729553125798,-2.826025477440703,11.095133943144367,-0.00012165709330977339,-0.00014984230009307777,0.007910794799291706,0.029966289249775624,0.7805832956302071,0.004551025000967545,-0.00012235098738096588,0.00128914169995559,0.002878918262882556,0.017954274111560697,0.0773485019973354,2,2.0,0.01667810315892082,0.0012761709526398768,0.017954274111560697,0.01667810315892082,1,0,1.0
S5,1380,1440,60,30,0.7781571583333334,0.00402958519886731,0.767633,0.789375,0.02174200000000004,0.777864,0.005115999999999898,0.7781675916036874,145.330752149348,0.07103080244641356,-0.3558614155052853,-7.778640688042837e-05,6.421568139906034e-05,0.005247570850865907,0.025046471243327595,0.7781429590281341,0.0030804447360527013,-7.845989674688076e-05,0.0006868873390232543,0.0009470752181610151,0.005093544094198266,0.04121324034139526,0,0.0,0.0,0.0,0.0,0.0,1,0,1.0
S5,1410,1470,60,30,0.7802994291666666,0.005918100333861301,0.767633,0.800885,0.03325199999999995,0.780422,0.007673999999999959,0.7803218714539453,146.136533536653,0.9187979247037996,1.5930722435042908,0.00016522393870681154,-2.1407549771447585e-05,0.005386365784207602,0.018108470331679616,0.7803041726824792,0.005062777382201862,0.0001640204356598343,0.0007093055586882525,0.0012612838853986418,0.007148207914226767,0.04255833352129515,0,0.0,0.0,0.0,0.0,0.0,1,0,1.0
S5,1860,1920,60,30,1.5594075458333336,0.07258774060070038,1.44692,1.723371,0.276451,1.548155,0.11894099999999996,1.5610960489628607,584.8850097809891,0.41556962523211605,-0.9793687159377984,-0.004092012410747887,-0.003899015226306533,0.012442080947203824,0.05798536782462982,1.5594219918716865,0.07201979522569642,-0.004088807801961742,0.0023511856653837667,0.006153318405593565,0.042172128635799,0.141071139923026,2,2.0,0.03216487426937742,0.01000725436642158,0.042172128635799,0.03216487426937742,3,0,0.9604761904761905
S5,1890,1950,60,30,1.4881082291666667,0.0553441711704432,1.397041,1.634924,0.23788300000000007,1.485487,0.08391974999999996,1.4891370249228566,532.2069789590631,0.33350941896478103,-0.5848045018177044,-0.000279832691731492,-0.0007525062344964009,0.02199238492125155,0.15702231165511282,1.4880170760693077,0.052541743996202275,-0.0002843754725174642,0.003200579499467038,0.009750599248331032,0.07183300756461453,0.19203476996802227,3,3.0,0.03306099805329521,0.027473096350569538,0.07183300756461453,0.03306099805329521,3,0,1.0
S5,1920,1980,60,30,1.4686884541666667,0.05328300806947026,1.397041,1.634924,0.23788300000000007,1.453314,0.053715999999999875,1.4696546718026668,518.372365044337,1.2026281344128376,0.8087192987819165,0.00011300383152124474,0.00019263816043562756,0.02255827571666742,0.15702231165511282,1.4686008672343134,0.050435782123575044,0.00011108588725106126,0.0034602991419072815,0.009769966590813788,0.07183300756535083,0.20761794851443688,4,4.0,0.027801655797424885,0.025475163542958052,0.07183300756535083,0.027801655797424885,3,0,1.0
S5,1950,2010,60,30,1.4287161291666668,0.04044758072776602,1.359951,1.513425,0.1534740000000001,1.431572,0.07321975000000003,1.4292885588738589,490.28778828665094,-0.08492159759960932,-1.1020097497985835,-0.002136483372408,-0.0025257984868858776,0.008747601238881906,0.028285731380519152,1.4286758141893279,0.040229998411124505,-0.0021405821894597723,0.0011987600804953592,0.00204043702300082,0.012071175269795953,0.07192560482972155,1,1.0,0.012071175269795953,0.0,0.012071175269795953,0.012071175269795953,3,0,1.0
S5,1980,2040,60,30,1.3653231208333334,0.039103982803518865,1.302399,1.459709,0.15730999999999984,1.362509,0.05787175000000011,1.3658829912379649,447.75272298076095,0.461084071523477,-0.6425145723247505,-0.0021039447137892577,-0.002375953022686893,0.008623074135881167,0.03524703745902791,1.3654365411612253,0.0386317727597833,-0.0020993061570426003,0.001675998311679914,0.0033948060545159198,0.019912042510696892,0.10055989870079485,2,2.0,0.01575851005041795,0.004153532460278941,0.019912042510696892,0.01575851005041795,3,0,1.0
S5,2010,2070,60,30,1.3053566166666666,0.03402224600198702,1.24101,1.367625,0.12661500000000014,1.311352,0.05531474999999997,1.3057999118925023,409.227218375632,-0.059097191180148674,-1.0852369653549507,-0.0018481615704613234,-0.0019478334000439502,0.007834378314378946,0.03524703745901814,1.3053619633556623,0.033578130125622,-0.0018521797351910827,0.0014567942476154765,0.003087075887081732,0.019912098015134605,0.08740765485692858,2,2.0,0.015632450311082735,0.00427964770405187,0.019912098015134605,0.015632450311082735,3,0,1.0
S5,2040,2100,60,30,1.2471700166666664,0.03472904377690315,1.191131,1.317746,0.12661500000000014,1.244847,0.05659275000000008,1.2476534602821376,373.593397668958,0.19822791311719262,-1.0758338748170084,-0.00199367748145822,-0.0020762870842335342,0.0044695253680001445,0.009960472671386,1.2471411582695062,0.03464587953084576,-0.0019937019492010737,0.0005951108686577499,0.0009178320755728819,0.005443217065870032,0.035706652119465,0,0.0,0.0,0.0,0.0,0.0,3,0,1.0
S5,2070,2130,60,30,1.2140826791666666,0.022357150347287837,1.171947,1.272983,0.1010359999999999,1.210315,0.03197299999999981,1.2142885135025212,353.879182565799,0.4533186600662641,-0.2897519861342963,-0.0007097026731939412,-0.0011772505823940066,0.01360607118579695,0.11773248936920311,1.2140978323127007,0.021172321683088344,-0.0007094214983815364,0.0013316662691845633,0.00390895208000847,0.036768212820331714,0.0798999761510738,2,2.0,0.02358585264756652,0.013182360172765195,0.036768212820331714,0.02358585264756652,3,0,1.0
S5,2100,2160,60,30,1.1867666041666667,0.0318753398730505,1.142531,1.272983,0.130452,1.179621,0.04284449999999995,1.187194596541487,338.263442413753,0.9152124119311847,0.17283798336546585,-0.0016572737243361214,-0.00044950850878280147,0.01384961376247223,0.117583076253303,1.186708323109849,0.030916985076517474,-0.0016461242055593166,0.0014155725111279992,0.0037603057442965877,0.034840211093818185,0.08493435066767996,2,2.0,0.022985216203972203,0.011854994889845982,0.034840211093818185,0.022985216203972203,3,0,1.0
S5,2130,2190,60,30,1.149671945833333,0.017358723915548414,1.114394,1.183457,0.06906299999999987,1.150205,0.02685800000000005,1.149802986746938,317.29125799972303,0.09407163059689279,-0.9434822089263402,-0.0009305831984292529,-0.000856202829698523,0.005676990475285456,0.025758894740041782,1.1496282589066638,0.016991058501105823,-0.0009299812054106595,0.0009860262107055872,0.0017605723537290386,0.010294153812519413,0.059161572642335236,1,1.0,0.010294153812519413,0.0,0.010294153812519413,0.010294153812519413,3,0,1.0
S5,2160,2220,60,30,1.1216683250000001,0.01896403535035133,1.086258,1.166831,0.080573,1.1227075000000002,0.030694,1.1218286259251344,302.039871826818,0.06269235485940025,-0.8343603290226271,-0.0010605460029380687,-0.0010060303460961372,0.0055604912664478446,0.025758855685521276,1.1216967434983127,0.018715898416579065,-0.0010586359578400948,0.0007770940143002391,0.001340159899192816,0.00872900472278526,0.04662564085801435,0,0.0,0.0,0.0,0.0,0.0,3,0,1.0
S5,2190,2250,60,30,1.0982476333333333,0.01530602808750709,1.065794,1.1323,0.06650600000000018,1.09521,0.02429900000000007,1.098354286475035,289.53171326834,0.15311599840272982,-0.7490593966867798,-0.0007700021375682225,-0.0009418259537638369,0.005229804606294614,0.019731455414650156,1.0982168225296753,0.014889636801947888,-0.0007673370157277235,0.0007774611344379336,0.0012209774192498291,0.005686581784775324,0.046647668066276016,0,0.0,0.0,0.0,0.0,0.0,3,0,0.7728571428571429
S5,3600,3660,60,30,2.4840032125000002,0.10717438365945481,2.261286,2.710195,0.448909,2.488938,0.12373800000000035,2.4863142014281108,1483.621993973545,-0.22205892800144486,-0.4990444175808575,0.005257939338213819,0.0050302096672706536,0.059861498001687746,0.22569823247822995,2.483438933562568,0.09903976299464591,0.005244457286498424,0.014408955095127705,0.023737407779471247,0.12025191827814652,0.8645373057076623,13,13.0,0.051974278456168345,0.029266755925933162,0.12025191827814652,0.051974278456168345,2,1,0.9604761904761905
S5,3630,3690,60,30,2.6473776333333334,0.1140508337977656,2.456964,2.876458,0.4194939999999998,2.6647925,0.17585525000000013,2.6498331883655557,1685.1878222792561,0.08957047808500676,-0.9991020179030587,0.005294187880582027,0.005629512772559096,0.0661548463585214,0.22300055640845784,2.6478314241139524,0.10426142162143914,0.00537072475528396,0.018042540334750088,0.0274460145829962,0.10935483786169442,1.0825524200850052,12,12.0,0.06221022870654713,0.028847813778699574,0.10935483786169442,0.06221022870654713,2,1,1.0
S5,3660,3720,60,30,2.758848254166667,0.07182304417517796,2.591253,2.936568,0.3453149999999998,2.758795,0.10199625000000001,2.7597830058164092,1827.9365374063332,0.22460574566504768,-0.4684647815551908,0.0011764898167058034,0.002547156539288797,0.0725704010110298,0.25420595542211544,2.758678982806634,0.04839999754989487,0.0012580990913232627,0.01936071152513501,0.029585373727257523,0.11507849994713171,1.1616426915081006,13,13.0,0.06434614998821311,0.03219617324890633,0.11507849994713171,0.06434614998821311,2,1,1.0
S5,3690,3750,60,30,2.904357516666667,0.15180067510497022,2.648806,3.24382,0.5950139999999999,2.8854105,0.2676047500000003,2.9083218579759174,2030.000647099318,0.12738159102937854,-1.2704338633323748,0.007040197855586315,0.0034084723202300964,0.08263399136463452,0.2801975548238964,2.90419798036005,0.14155186693406455,0.007044677367553246,0.01971434023102563,0.03192631178786546,0.12950736253784134,1.1828604138615377,11,11.0,0.08216078831744293,0.031257374641198245,0.12950736253784134,0.08216078831744293,2,1,1.0
S5,3720,3780,60,30,3.1082084458333337,0.11998685846370317,2.746006,3.369156,0.6231499999999999,3.1114490000000004,0.15251375000000023,3.110523523292125,2322.085581348877,-0.5215954195081228,0.8434088155493829,0.00492089630852456,0.009744400030023135,0.08280432708083617,0.29037314966397965,3.1088966056548957,0.10837015924551391,0.004936546490243207,0.017136474320296708,0.02913083733633921,0.12950491434076916,1.0281884592178026,14,14.0,0.06161122104405527,0.03541805441368796,0.12950491434076916,0.058741778878173445,2,1,1.0
S5,3750,3810,60,30,3.2934696791666664,0.17174363242505158,2.998262,3.637361,0.6390989999999999,3.2214385,0.18160975000000024,3.2979445724373138,2610.3452166884967,0.7296415285325681,-0.6942974047837653,0.00794940860688926,0.010161098163619356,0.07174759777279682,0.4739822925980466,3.293957371550897,0.1651179256138646,0.00791835396014623,0.014064341321764115,0.021672746154747447,0.10745440377269544,0.8438604793058468,14,14.0,0.05321294913878871,0.024797457116308968,0.10745440377269544,0.04682274448251419,2,1,1.0
S5,3780,3840,60,30,3.5592820499999998,0.21459033362465135,3.190104,3.940471,0.7503670000000002,3.5894005,0.3791532499999999,3.565745044550625,3051.4890534569618,-0.4010342768796511,-0.9353296665255213,0.011320294491522815,0.006479442993944043,0.07136694341426997,0.4739822925980466,3.5597203554012613,0.20930571315630578,0.011286927074623828,0.014010592508022569,0.022986816659673406,0.10745440377269544,0.8406355504813542,12,12.0,0.056478202107871356,0.02889308233984189,0.10745440377269544,0.05595725274480734,2,1,1.0
S5,3810,3870,60,30,3.7321627458333335,0.08634183937735267,3.551672,3.940471,0.3887990000000001,3.734561,0.10135575000000019,3.7331613512696276,3344.758481907185,-0.23863603608110087,-0.3323136016814865,0.0017094243347648096,0.0006635316744206415,0.06098660803211039,0.2349294636898982,3.732472681574912,0.07596274308922944,0.0016480877662190653,0.015020845432557418,0.024025756406612375,0.10596414347150773,0.9012507259534451,12,12.0,0.05729114400298537,0.02562715206705107,0.10596414347150773,0.05729114400298537,2,1,1.0
S5,3840,3900,60,30,3.6760437416666663,0.09417150613716231,3.473656,3.888034,0.41437800000000014,3.697471,0.1457989999999998,3.67724976894619,3245.3198071715537,-0.30388206301108023,-0.6379272176269932,-0.004709568434249894,-0.004088288844804994,0.04356190597983232,0.1636318852123555,3.6758918362819175,0.08936946225321785,-0.004670448229714688,0.008896970977690287,0.016502150427411384,0.07867007950310967,0.5338182586614172,10,10.0,0.04369415502120706,0.02085828469613782,0.07867007950310967,0.04369415502120706,2,1,1.0
S5,3870,3930,60,30,3.5544321624999995,0.08792131055245421,3.396919,3.781882,0.38496299999999994,3.5433585,0.12053975000000028,3.5555193930934603,3034.012357119285,0.40818872285878516,-0.5071426676033339,-0.0029107338846092157,-0.0021619180182388047,0.042338224135429904,0.1814093179018954,3.554664636453548,0.08344121683747803,-0.002900468563943143,0.008402689585072783,0.015831085687421288,0.08813470006439506,0.504161375104367,9,9.0,0.03871449860730339,0.021537400150128373,0.08813470006439506,0.037967060847692205,2,1,1.0
S5,3900,3960,60,30,3.4728142333333327,0.0722631456100703,3.288209,3.706424,0.418215,3.465982,0.09336300000000008,3.473565986339694,2895.7585587494523,0.3125791212503708,0.8488438867699277,-0.00048449399254706104,0.0003638626362903159,0.04526965028024045,0.1814093179018954,3.4725281089706264,0.06441326431445302,-0.00047801872531763004,0.01039100394305405,0.017228185129624388,0.08812533695256608,0.6234602365832429,10,10.0,0.04385649819537485,0.02197548287495553,0.08812533695256608,0.04318380421171901,2,1,1.0
S5,3930,3990,60,30,3.460435145833333,0.08283145255964809,3.174383,3.636082,0.46169899999999986,3.467901,0.09112550000000041,3.46142636033929,2875.553387532409,-0.6223399137281064,0.9117479562299651,0.0005356533231197063,0.0013056672606957152,0.05570689475214277,0.24988123142791174,3.4606720311159123,0.07345097903745837,0.0005356868144821176,0.01050631836756908,0.015802918205378543,0.07644452081191444,0.6303791020541448,11,11.0,0.03949082671403703,0.01642234090939258,0.07644452081191444,0.036529696267056384,2,1,1.0
S5,3960,4020,60,30,3.550755220833333,0.1064911336922253,3.174383,3.776766,0.6023829999999997,3.5612635,0.13844474999999967,3.5523517562074605,3028.608719959255,-0.8600235097346138,1.3167022738213259,0.0029078483791382427,0.0018622012205063109,0.0622450307061024,0.24988123443145405,3.5511387305882947,0.09742011009409372,0.0029761956506738586,0.012742881767103885,0.020304364611457456,0.10631379433909505,0.7645729060262331,12,12.0,0.04502380023990923,0.02417508416660385,0.10631379433909505,0.042020967766586294,2,1,1.0
S5,3990,4050,60,30,3.7099172499999997,0.16586417785574586,3.444241,4.054443,0.6102020000000001,3.6546265,0.31124975000000044,3.713623153652417,3309.8392625623983,0.3672682242451358,-1.226513889149045,0.006450655463183425,0.003983760142328764,0.07787751449385465,0.47612556562455666,3.709856859898307,0.1560827748917119,0.0064840318881374814,0.018006093835965388,0.031284706339137415,0.17602736948468234,1.0803656301579232,10,10.0,0.07135518013118354,0.04428782143472981,0.17602736948468234,0.07135518013118354,2,1,1.0
S5,4020,4080,60,30,3.8919310625,0.18049468180838069,3.444241,4.246285,0.8020440000000004,3.9163180000000004,0.1346087500000004,3.896114182799766,3643.129374099237,-1.0652602419547892,0.7697391766199653,0.0077827666269660875,0.007772429932944399,0.09041166162136052,0.47612556562455666,3.890256292300946,0.1689944341503107,0.007733799665229999,0.02539125189382058,0.03946464395282087,0.17602736949967124,1.5234751136292348,12,12.0,0.08416006842011566,0.05212988771250723,0.17602736949967124,0.08416006842011566,2,1,1.0
S5,4050,4110,60,30,4.08671615,0.18418618900108705,3.842139,4.738588,0.896449,4.041654,0.18894075000000043,4.09086463267725,4016.4416262934965,1.5265166799945855,2.6129368896363925,0.007516587541083358,0.005092852166482824,0.10582676247341091,0.6383208441642765,4.086444802695002,0.1694603062262867,0.0075561859915444585,0.024064355946722737,0.0396635324020415,0.18131866689382825,1.4438613568033642,14,14.0,0.07695891620441915,0.05216701216601638,0.18131866689382825,0.07065776979075371,2,1,1.0
S5,4080,4140,60,30,4.135489454166667,0.1530800203275166,3.990406,4.738588,0.7481819999999999,4.08249,0.14765100000000064,4.138321703075679,4110.169564355325,2.15119235504763,4.769056427466386,-0.000858963244156835,0.00106874019615587,0.09686360641614328,0.6383208441642765,4.13505347683182,0.13869985269314794,-0.0008794428396240898,0.018891403156095384,0.03380180411059058,0.18131866690448106,1.133484189365723,13,13.0,0.06743044900234643,0.045804639427220455,0.18131866690448106,0.06064459909050403,2,1,1.0
S5,4110,4170,60,30,4.150579375,0.13331999275834203,3.899601,4.68871,0.7891090000000003,4.117661,0.18065074999999986,4.1527199964173445,4138.820008474673,1.3508964977092333,2.280380120320606,0.0045844877401134765,0.0003424387753610362,0.09094514749891024,0.38831889333044245,4.150394886448781,0.11877897254857343,0.004549008472461277,0.016718167372254827,0.033694099488686874,0.2381772228325696,1.0030900423352895,14,14.0,0.06395804892521761,0.05407151187120018,0.2381772228325696,0.06291214037009432,2,1,1.0
S5,4140,4200,60,30,4.258778008333333,0.12453255885262803,3.899601,4.68871,0.7891090000000003,4.271774,0.09055274999999963,4.260598371411932,4356.647635794723,0.09804098814912153,1.0668196710462947,0.003568417146013383,0.004302371783972499,0.08913511344430627,0.38831889333044245,4.258150194254959,0.10958516583645092,0.0036023917619748447,0.016264114458112617,0.034584252393859025,0.2381772228325696,0.9758468674867571,12,12.0,0.06858598182867182,0.058530320819436606,0.2381772228325696,0.066919639375648,2,1,1.0
S5,4170,4230,60,30,4.299979875,0.07258686767126714,4.094001,4.517331,0.4233300000000009,4.292237,0.07353949999999987,4.3005924915950065,4438.822986903202,0.5965096077236756,0.9296132527581205,0.00022732225608197622,0.0004923018086125843,0.06329143610654737,0.28443705956081544,4.301131464787873,0.06124444862441982,0.0002335159927197359,0.012150550121834932,0.022954559740012766,0.11250288233792194,0.7290330073100959,10,10.0,0.05179161405622281,0.03521611760846072,0.11250288233792194,0.05179161405622281,2,1,1.0
S5,4200,4260,60,30,4.28840545,0.06999550381195328,4.094001,4.517331,0.4233300000000009,4.2749714999999995,0.07194075000000044,4.288976646490815,4414.876961794462,0.9065719997372157,1.5013786017557855,-0.00023129138876164192,-0.0018622297174171467,0.05761280463095631,0.28443705956081544,4.2885495556874575,0.060180937062020066,-0.00022702408663851357,0.009397283939423759,0.01928124610819656,0.11250288068487446,0.5638370363654255,10,10.0,0.03947033546623526,0.03444866188797529,0.11250288068487446,0.03947033546623526,2,1,0.7895238095238095
S6,630,690,60,30,2.6009185041666663,0.19197060911966443,2.322675,3.027678,0.705003,2.5952425,0.2541752500000003,2.607993439424713,1632.3911472197628,0.5229486001544079,-0.6136122425638821,-0.007898341274679675,-0.002274008610673991,0.07317953590139145,0.2788838814828374,2.6005915649294185,0.1861738605631797,-0.007920263005812262,0.013597002280320156,0.024525329573882745,0.11893715329563115,0.8158201368192094,10,10.0,0.05832455975328732,0.036189378271403845,0.11893715329563115,0.05832455975328732,1,0,0.7884047619047619
S6,660,720,60,30,2.37332715,0.11475237027901647,2.12316,2.656479,0.5333190000000001,2.3783095000000003,0.13876525000000006,2.3760997174806815,1355.003968178826,-0.12024719838131025,-0.12676052252197678,-0.0052044752172542815,-0.007068750528362158,0.05278066702933017,0.27888387861008823,2.3734051516411254,0.11009323521452401,-0.0052110441787083465,0.008889006294381366,0.02033751009558213,0.11974416486925898,0.533340377662882,10,10.0,0.052764625393177986,0.035189700921842024,0.11974416486925898,0.04379495498721488,1,0,1.0
S6,690,750,60,30,2.1497176916666665,0.1800711316546092,1.818012,2.479985,0.6619730000000001,2.126997,0.2947962500000001,2.1572463388125227,1116.8908239168081,-0.04810963893068442,-1.0578548453332925,-0.010301984496769105,-0.011079049149891104,0.026138782137119194,0.2018690766582889,2.1497718004424344,0.17957050051911785,-0.01030637426576016,0.0036592475047559497,0.009283306321166154,0.08435246588433554,0.21955485028535698,4,4.0,0.03993751520256916,0.026127897108708623,0.08435246588433554,0.03993751520256916,1,0,1.0
S6,720,780,60,30,1.8845116249999998,0.13969981063916198,1.65175,2.128276,0.476526,1.853823,0.2373639999999999,1.8896825399661072,857.016024444662,0.29083021530731795,-1.1511630391526708,-0.007175974971126676,-0.007397372322900363,0.03637107997433719,0.17616473378230957,1.884600517582538,0.137727648458581,-0.007168066364332247,0.0053302344935970275,0.012629235793641298,0.0783990624480615,0.31981406961582165,5,5.0,0.04929523751616105,0.024189001206741303,0.0783990624480615,0.04929523751616105,1,0,1.0
S6,750,810,60,30,1.6457189916666664,0.14360483574190064,1.402157,1.890912,0.48875499999999983,1.6626205,0.2714557500000001,1.6519725628414075,654.963203611394,-0.11461752145404441,-1.3317849135861624,-0.007504481559550434,-0.00691711202190178,0.0348040593381435,0.17616473378247832,1.6455487184502124,0.1417644534275799,-0.007487815705839704,0.004336583691264572,0.012467856024364931,0.07839906244805661,0.2601950214758743,3,3.0,0.06860283500064734,0.011115046881347644,0.07839906244805661,0.06860283500064734,1,0,1.0
S6,780,840,60,30,1.4213727166666665,0.11958154540191972,1.221826,1.673492,0.4516659999999999,1.402157,0.17829174999999986,1.426394106018772,488.304034964422,0.2948152062725774,-0.8137076951832318,-0.006831404888152289,-0.007559267853248463,0.0075494158333896545,0.038226797094370824,1.42136789611408,0.11953293118801266,-0.006832664747956684,0.001052276246880235,0.0018548644233101548,0.010338152003642076,0.0631365748128141,1,1.0,0.010338152003642076,0.0,0.010338152003642076,0.010338152003642076,1,0,1.0
S6,810,870,60,30,1.2132193958333333,0.12323767649602596,1.0108,1.402157,0.3913570000000002,1.220547,0.22637300000000016,1.2194625157561578,356.90131856024095,-0.044554895740116035,-1.379457583092641,-0.007087425401326401,-0.006549910048077813,0.008186356910950977,0.03822679746966884,1.2132940194494186,0.12326922198112919,-0.007095012235251286,0.0011847985645029673,0.002337639948640636,0.013185421490891303,0.07108791387017804,2,2.0,0.011758543721798187,0.0014268777690931156,0.013185421490891303,0.011758543721798187,1,0,1.0
S6,840,900,60,30,1.0364506958333333,0.08227493743704692,0.918617,1.219268,0.300651,1.0145875,0.1295917499999999,1.0397111186400148,259.439810453681,0.5256074189734469,-0.784337312708351,-0.0046387518666381996,-0.005010410327312427,0.008631164099810166,0.06095226507042906,1.0363950055183182,0.08204045748086682,-0.004634451529771453,0.00112171470598222,0.002472836053382044,0.015778674706600215,0.0673028823589332,2,2.0,0.014485881912491116,0.0012927927941090989,0.015778674706600215,0.014485881912491116,1,0,1.0
S6,870,930,60,30,0.9241739166666666,0.052378113627908125,0.835486,1.015817,0.18033100000000002,0.919896,0.09272349999999996,0.9256570072301213,205.641814808214,0.10020837653295575,-1.211127148662328,-0.0030028138570557554,-0.0028913165708152255,0.006222880129034149,0.06095226509228091,0.9242649166182317,0.05235878301043892,-0.0030090906140966185,0.0006811661120011354,0.001829411748427107,0.015780052417860624,0.040869966720068124,1,1.0,0.015780052417860624,0.0,0.015780052417860624,0.015780052417860624,1,0,1.0
S6,900,960,60,30,0.8393491625,0.046454658255060136,0.758749,0.922454,0.163705,0.8361255,0.07705675000000001,0.840633720393755,169.599612447131,0.08831871511919331,-1.1739776358037797,-0.002679231584723144,-0.0027184281552968597,0.002737100635177996,0.005428190366254082,0.839339150314564,0.046450976231401556,-0.0026800633145308344,0.00035376562757112644,0.0005001275196448199,0.0022506333399143763,0.021225937654267585,0,0.0,0.0,0.0,0.0,0.0,1,0,1.0
S6,930,990,60,30,0.7595164333333334,0.045590318685592546,0.679455,0.836765,0.15730999999999995,0.760028,0.08217174999999999,0.76088349283004,138.94648551869798,-0.03897799808973031,-1.2440403506370028,-0.002630238163760099,-0.0026328046345915884,0.002570702250277895,0.004186356047334527,0.759519123259259,0.045577314056242865,-0.002630621753184461,0.000332678397196975,0.0004911244457623938,0.0022447608866107416,0.0199607038318185,0,0.0,0.0,0.0,0.0,0.0,1,0,1.0
S6,960,1020,60,30,0.6916471916666667,0.03417971981935971,0.633413,0.761307,0.12789399999999995,0.681373,0.05051849999999991,0.6924912208738221,115.09058183695599,0.3322286301400509,-0.9067314218032849,-0.0019269378813599122,-0.0020976922726807746,0.004613033563539773,0.03007172660797197,0.6916519274022863,0.034080131760161426,-0.0019265736495305927,0.0006041724017913645,0.0012092383159115114,0.009433392901239901,0.036250344107481874,0,0.0,0.0,0.0,0.0,0.0,1,0,1.0
S6,990,1050,60,30,0.6330982125,0.035036913765232575,0.570744,0.685849,0.11510500000000001,0.63597,0.06426674999999993,0.6340669775322536,96.48982367925299,-0.2073913671043826,-1.272742015607755,-0.00198962820887633,-0.001798025940586937,0.0049505673168228825,0.030071726603092763,0.6331478595949711,0.03495739057593787,-0.0019920362804694658,0.0007271571759657508,0.0012899031322713061,0.009433473865494535,0.04362943055794505,0,0.0,0.0,0.0,0.0,0.0,1,0,1.0
S6,1020,1080,60,30,0.5751140458333333,0.03240683173360826,0.524702,0.637249,0.11254699999999995,0.570744,0.053715999999999986,0.5760263609052938,79.63352842987099,0.27301323106887204,-1.1003968766229044,-0.0018574475452548087,-0.001669593215541109,0.003776539093266578,0.02182959693548492,0.5751032526690575,0.03232698772809954,-0.0018560818007033791,0.0004694454898461167,0.0007139901777521231,0.004245985062733992,0.028166729390767004,0,0.0,0.0,0.0,0.0,0.0,1,0,1.0
S6,1050,1110,60,30,0.5437706083333332,0.02180993349286659,0.504239,0.580907,0.07666799999999996,0.5445255,0.03959625,0.5442078166345709,71.07891544468,0.006662084824782448,-1.3514269038624944,-7.825018179522352e-05,-0.00021519759282664466,0.012817861866482396,0.14585564970867226,0.5437821693967373,0.020577759314982704,-7.725959648140696e-05,0.0012285956073648282,0.003854689341028297,0.03335253811540839,0.0737157364418897,1,1.0,0.03335253811540839,0.0,0.03335253811540839,0.03335253811540839,1,0,1.0
S6,1080,1140,60,30,0.539281125,0.020821281538993746,0.504239,0.580907,0.07666799999999996,0.537423,0.03357275000000004,0.5396829231559876,69.901837811086,0.4515596073311085,-0.9724125217341082,0.0001154766307248637,-0.00010816767430683214,0.013779285350866836,0.14585564970867226,0.5392818728504044,0.01938925800834765,0.00011960720924842122,0.0016516455431206491,0.004047553407415153,0.03335253811540806,0.09909873258723895,2,2.0,0.022738843584828583,0.010613694530579476,0.03335253811540806,0.022738843584828583,1,0,1.0
S6,1110,1170,60,30,0.5371722875000001,0.012812848803246056,0.511844,0.594975,0.08313100000000007,0.536144,0.01662700000000006,0.5373250743753147,69.292376532585,1.2177427412488178,2.1761736079628253,-0.0003624930656060802,-0.0005565335846241419,0.011905408751549246,0.09658034308358054,0.5371856465880878,0.010894168178960712,-0.0003634576465651565,0.0016800728361192558,0.004191372437385624,0.03602497374544056,0.10080437016715535,3,3.0,0.01949487884451336,0.01171137970203655,0.03602497374544056,0.01949487884451336,1,0,1.0
S6,1140,1200,60,30,0.5231199375000001,0.018621280506459822,0.482428,0.594975,0.11254700000000001,0.524633,0.015347,0.5234512595244223,65.760293063449,0.41063607268675095,1.4992753796051241,-0.0009627457634670977,-0.0005993499592611538,0.010840952293826844,0.09687868430872815,0.5229611407320359,0.017384135843441964,-0.0009505751394379366,0.0013318538905971059,0.003947489789636312,0.03420365448710594,0.07991123343582635,2,2.0,0.022269084110477844,0.011934570376628095,0.03420365448710594,0.022269084110477844,1,0,1.0
S6,1170,1230,60,30,0.49313407500000006,0.02457716740006955,0.429992,0.529749,0.09975700000000004,0.493939,0.03229375000000001,0.49374614234798503,58.50846074004401,-0.720920575207118,-0.057994284304268895,-0.0011530882259123986,-0.0008776084285108786,0.01570327626769036,0.13825560647331137,0.49299494059307336,0.023055309508591255,-0.0011645936185999777,0.002578546126868944,0.00627841302717353,0.05024938521271216,0.15471276761213662,3,3.0,0.02731343757930667,0.016241677839975183,0.05024938521271216,0.02731343757930667,1,0,1.0
S6,1200,1260,60,30,0.4594232166666667,0.02537676324356048,0.418481,0.514402,0.09592100000000003,0.460686,0.04636174999999998,0.4601235400683893,50.811281310016,0.07027471751601766,-1.0705297223877726,-0.0011804789471218371,-0.0010702429843087139,0.01572309628322678,0.13825568461227244,0.45941176623635255,0.023464631228910477,-0.0011790291501627692,0.002406573578364486,0.005570672324960408,0.04365778358517741,0.14439441470186917,3,3.0,0.02511586588082389,0.013140220800532381,0.04365778358517741,0.02511586588082389,1,0,1.0
S6,1230,1290,60,30,0.42500362499999994,0.02227766422210166,0.390344,0.476034,0.08568999999999999,0.418481,0.031974,0.42558709518303456,43.46985014072,0.6801687143676932,-0.7534874280247936,-0.001232577336977057,-0.0013699276360691214,0.0036501099047593862,0.01767711801709937,0.42501631808735496,0.022216988387933848,-0.001233202133407925,0.0004743289572048312,0.0008253121239427834,0.004699611294900041,0.02845973743228987,0,0.0,0.0,0.0,0.0,0.0,1,0,1.0
S6,1260,1320,60,30,0.3981084708333333,0.010971366115521618,0.380113,0.418481,0.03836800000000001,0.396739,0.01918399999999998,0.3982596206291768,38.066574101686996,0.12863996078972023,-1.2804472403587732,-0.0005104957589323979,-0.0004281037389333945,0.005674300493893076,0.04731133553779876,0.39808340552192095,0.01055798521732946,-0.0005109746995998175,0.0006945463253748922,0.0015434285092438716,0.01379242863141672,0.04167277952249353,1,1.0,0.01379242863141672,0.0,0.01379242863141672,0.01379242863141672,1,0,1.0
S6,1290,1350,60,30,0.3872534958333333,0.012437685242170905,0.368602,0.478591,0.109989,0.386507,0.010231000000000046,0.38745317917049127,36.028791851837,3.400497945213284,18.322508391269352,-4.275454431277912e-05,-0.000385283705899134,0.014320235934903242,0.10755352798824225,0.38705157757325453,0.008436678583452099,-6.049379834598117e-05,0.0016510992477509708,0.006330430314367274,0.049340105853017846,0.09906595486505824,2,2.0,0.03156626724224543,0.01777383861077242,0.049340105853017846,0.03156626724224543,1,0,1.0
S6,1320,1380,60,30,0.3902697166666666,0.017446936337164057,0.367323,0.478591,0.11126799999999998,0.385229,0.021102500000000024,0.39065950306454,36.627563360311996,1.782209348295212,4.1684526821631875,0.00024123583109900303,-0.00025685680792773087,0.020369843368136593,0.10755287544322001,0.3902634082878346,0.013587933925938279,0.0002448939942298047,0.002604164055683175,0.007373517022139865,0.0462282090548759,0.1562498433409905,4,4.0,0.030927507965548398,0.012809160900274098,0.0462282090548759,0.030927507965548398,1,0,1.0
S6,1350,1410,60,30,0.38166871666666663,0.018561757480854434,0.357092,0.45557,0.09847799999999995,0.374997,0.021102500000000024,0.3821198085977202,35.043731549461995,1.2246502378983266,1.1468496023263164,-0.0007172715220002801,-0.0001712368901145613,0.016248631985886053,0.10334960923821401,0.381630746683305,0.017167209132734833,-0.0007174476743666607,0.0019864044952874085,0.004839784404249751,0.03856293006705008,0.11918426971724451,4,4.0,0.02246227104505205,0.010954779321924846,0.03856293006705008,0.02246227104505205,1,0,1.0
S6,1380,1440,60,30,0.3604968458333333,0.010749848467400177,0.334071,0.386507,0.05243599999999998,0.363486,0.016625999999999974,0.36065708796286555,31.217648423484995,-0.3673156275859848,-0.7910960820023569,-0.0005035063805914785,-0.0005565180903240061,0.006790521864801025,0.02009574249151047,0.36050214553847915,0.010091458370384141,-0.0005028769906627734,0.0011384995001462526,0.0021860204361923378,0.012836792835664135,0.06830997000877516,2,2.0,0.0118748521115154,0.0009619407241487354,0.012836792835664135,0.0118748521115154,1,0,1.0
S6,1410,1470,60,30,0.3387495416666667,0.016297557128751864,0.314887,0.380113,0.065226,0.337908,0.028137000000000023,0.3391413604203145,27.604046963457996,0.35289318386311663,-0.891706416115083,-0.0009191005404216466,-0.000727767209207255,0.004534973967283782,0.019229638953068617,0.3387199829595085,0.016011840989010467,-0.0009151816536723515,0.0006730776227063875,0.0015236656771188677,0.011461344282646113,0.04038465736238325,1,1.0,0.011461344282646113,0.0,0.011461344282646113,0.011461344282646113,1,0,1.0
S6,1440,1500,60,30,0.31709285833333334,0.009026822785265988,0.303376,0.339187,0.03581100000000004,0.3155265,0.01406799999999997,0.3172213175932538,24.151047440543998,0.4796545142315688,-0.7141219836470798,-0.0005057199247791192,-0.0005779420086095813,0.002610956851492466,0.006441580852090345,0.31708777466628113,0.008901049154324964,-0.0005051606177717963,0.00035473350594370233,0.000504073745385461,0.002343220776073185,0.02128401035662214,0,0.0,0.0,0.0,0.0,0.0,1,0,1.0
S6,1470,1530,60,30,0.30323224583333336,0.009657348374100035,0.27396,0.316166,0.04220600000000002,0.304655,0.007674000000000014,0.30338599059736726,22.090334229779,-1.3885291527507704,1.3636276246831107,-0.00047683617445823135,-0.0006635649619318668,0.0034450045215866786,0.009069454204052363,0.3032492491974837,0.009469641843121884,-0.0004767788166218203,0.00046320014022578095,0.0008062804600901114,0.004289829214549956,0.027792008413546856,0,0.0,0.0,0.0,0.0,0.0,1,0,1.0
S6,1500,1560,60,30,0.27886824583333336,0.02004699791474356,0.248382,0.308492,0.06011,0.275239,0.04348400000000002,0.27958787645310046,18.760651358293,0.06663325303456454,-1.5649927571455844,-0.0011236346427976284,-0.0008990129817367826,0.0037028511569964116,0.009069454100621321,0.27886309056295694,0.019960302611811087,-0.0011240212622266375,0.0004933821103688306,0.000822340038339033,0.004289829214549956,0.029602926622129835,0,0.0,0.0,0.0,0.0,0.0,1,0,1.0
S6,1530,1590,60,30,0.25286854583333335,0.009907266273527017,0.23815,0.276518,0.038367999999999985,0.24966,0.01406799999999997,0.2530625523400868,15.369757295250999,0.730232665539655,-0.567963394201084,-0.0005417764336994665,-0.0005779243907846729,0.0029764330448039038,0.007748593141847948,0.25286415142613977,0.009811604738651992,-0.0005423806801129571,0.00034673998148418477,0.0004673725034017456,0.0019181076923312501,0.020804398889051084,0,0.0,0.0,0.0,0.0,0.0,1,0,1.0
S6,1560,1620,60,30,0.24064931666666667,0.005065333910486282,0.230476,0.253497,0.023020999999999986,0.240708,0.008953000000000017,0.2407026198855308,13.905060292741998,0.17716140857716015,-0.9564834490876408,-0.0002690325450954685,-0.00027825749444364457,0.002739170490975625,0.008221450124709984,0.240639895508936,0.0048476304173096,-0.0002691198352730074,0.0003946644316106468,0.0006370750470875845,0.0046516070684542166,0.023679865896638806,0,0.0,0.0,0.0,0.0,0.0,1,0,1.0
S6,1590,1650,60,30,0.23521362916666666,0.0023984743310382388,0.227918,0.244545,0.016627000000000003,0.234313,0.0012790000000000024,0.23522585747504635,13.279488965968998,1.0123441257469787,1.7465655028566287,-8.306249415560253e-05,-8.562409153077584e-05,0.0023673219709335904,0.008221450124709984,0.23523569077358175,0.001952367642899497,-8.316047805173913e-05,0.0003840292318148707,0.0006220000183409527,0.004651607064040053,0.023041753908892244,0,0.0,0.0,0.0,0.0,0.0,1,0,1.0
S6,1620,1680,60,30,0.23219202083333332,0.0029766244828775333,0.225361,0.236871,0.011509999999999992,0.233034,0.003837000000000007,0.23221109971743203,12.941278759674999,-0.7217992084788146,-0.5815517230757821,-0.00012870994434912238,-0.00014982567207186026,0.0021674260267122588,0.005609687828068366,0.23217813846752997,0.002647696468966973,-0.000128682103720527,0.0003901453167968002,0.000500098732394727,0.001922281529028208,0.023408719007808013,0,0.0,0.0,0.0,0.0,0.0,1,0,1.0
S6,1650,1710,60,30,0.2261705208333333,0.005235250173063934,0.212571,0.236871,0.02429999999999999,0.226639,0.007672999999999985,0.22623110382614461,12.283322961215,-0.11313158443341655,-0.48548125958279,-0.0002875171528530861,-0.0002782591831987873,0.0024105767427635184,0.007074475083031162,0.22619014797990225,0.005034405238819107,-0.0002880273162456444,0.00037296754609196986,0.00047794540213670216,0.0018544706296788616,0.022378052765518193,0,0.0,0.0,0.0,0.0,0.0,1,0,1.0
S6,1680,1740,60,30,0.21748977916666667,0.005377874885931489,0.206176,0.227918,0.02174200000000001,0.217687,0.010231999999999991,0.21755625842584755,11.359374139260998,0.02284258095687382,-1.1402188641087245,-0.00029751401468751875,-0.0002782598762808774,0.002999899872925553,0.009873321210681518,0.2174878454349181,0.005174695983109523,-0.0002966414600949223,0.0003486353001733322,0.0004541782243033672,0.0018999791708178282,0.02091811801039993,0,0.0,0.0,0.0,0.0,0.0,1,0,1.0
S6,1710,1770,60,30,0.2124804125,0.005217424402168539,0.198503,0.225361,0.026857999999999993,0.211292,0.006394999999999984,0.2125444593810022,10.842035331254998,0.5979804364780231,-0.27145455735355917,1.3291165070165517e-05,0.00010702721722610496,0.0037663279091138145,0.01921880528119635,0.2125071348303139,0.00495844167463427,1.5228943304864868e-05,0.00046510974870979973,0.0007431399426518947,0.004734454735054655,0.027906584922587983,0,0.0,0.0,0.0,0.0,0.0,1,0,1.0
S6,1740,1800,60,30,0.21372209583333332,0.005954283952470632,0.198503,0.231755,0.033251999999999976,0.212571,0.008952999999999989,0.21380502273047552,10.971021058746999,0.4299043838736593,-0.5741318378217479,0.0001101180307406965,6.421446250046554e-05,0.0039041241349733937,0.01921880528119635,0.2137169935064114,0.005638656434136718,0.00010971478412616873,0.000495554079904663,0.0010272747700631943,0.008300317502190846,0.02973324479427978,0,0.0,0.0,0.0,0.0,0.0,1,0,1.0
S6,1770,1830,60,30,0.21402052083333334,0.0039968119899363875,0.204897,0.231755,0.026857999999999993,0.212571,0.005115999999999982,0.21405783761370234,10.996981882524999,1.1615356555498697,2.2580090962184,-0.00010114811149069163,-2.1403091790328046e-05,0.0034487581652240936,0.017989125194555422,0.2139986242353034,0.003549383725728927,-9.936952587534493e-05,0.0004388730394585919,0.0009192510112842917,0.008591685500654977,0.026332382367515512,0,0.0,0.0,0.0,0.0,0.0,1,0,0.8782619047619048
S6,2430,2490,60,30,8.242372666666666,0.3548910137048845,6.63404,8.808207,2.1741669999999997,8.309629000000001,0.2740177500000005,8.250009382286924,16335.037153877343,-1.500874283103679,3.0723682377029267,0.006844699933467849,0.008963072108767014,0.2863886952807362,1.4974008743174814,8.242815230250455,0.3233799039688904,0.0069301295693518766,0.05122413098545938,0.07879141159498271,0.4579549652992263,3.0734478591275627,15,15.0,0.15406979655016115,0.10369038785157726,0.4579549652992263,0.15309352674271412,2,1,0.8217380952380953
S6,2460,2520,60,30,8.179207420833333,0.32664722312225014,7.348423,8.936101,1.5876780000000004,8.246532,0.2873417500000013,8.185727361779682,16081.471785933252,-0.45657049138998834,0.07732686821097623,-0.005571433615042299,0.0010702009152749694,0.22748801202907357,1.1349724380015118,8.174768790406672,0.2849007824626014,-0.005825813950619208,0.05215990712241521,0.08331566584638167,0.4389905192477954,3.1295944273449123,15,15.0,0.1413390978781908,0.1179920560173621,0.4389905192477954,0.14056482175531554,2,1,1.0
S6,2490,2550,60,30,8.5124192,0.5681018026820046,7.348423,9.352974,2.0045509999999993,8.5933445,0.9053442500000006,8.53135512651649,17468.164870737404,-0.31729892906944823,-1.1126530321805472,0.02656787241025615,0.01268498058381539,0.2734118716232661,1.13497243796116,8.512274530976837,0.5397372412830478,0.02644509483553357,0.05810767662538751,0.08985903016288588,0.39822179714729344,3.4864605975232505,16,16.0,0.1648942188417194,0.1171487600027936,0.39822179714729344,0.1648942188417194,2,1,1.0
S6,2520,2580,60,30,8.980040995833333,0.31044396053252643,8.232682,9.861891,1.6292089999999995,9.0217595,0.37728800000000007,8.985405485534775,19377.002817474826,-0.030185445378127826,0.1302306471123198,0.005193536780025743,0.010252074566321033,0.3444765910489102,1.0920176522877298,8.977904900689536,0.22371819891381556,0.005140177698816243,0.07386050861996594,0.1216533667881671,0.5813552522212255,4.431630517197957,17,17.0,0.21520097474942954,0.15307741572605815,0.5813552522212255,0.20298171380508492,2,1,1.0
S6,2550,2610,60,30,9.019314420833332,0.27735191145635485,8.232682,9.861891,1.6292089999999995,9.012775,0.30758550000000007,9.023577821720197,19541.98960911375,0.20632292590606136,1.0006223747363983,0.0037589401123665307,0.008089352487639158,0.3304122717734361,1.0920176522965264,9.023347884687473,0.19688456648492184,0.0036110312945574685,0.06852634305671129,0.11125282081590572,0.5813285884555679,4.111580583402677,20,20.0,0.18154585314999938,0.1376369782124819,0.5813285884555679,0.1459983319944799,2,1,1.0
S6,2580,2640,60,30,9.118466691666667,0.1959831462431483,8.710944,9.700745,0.9898009999999999,9.1310265,0.31272699999999887,9.120572580745455,19964.362608154992,0.2545874515515035,-0.4236364991309407,0.005087397650838317,0.0024827770912653523,0.19870778577122214,0.6936147006361111,9.119757411315907,0.15594142667984912,0.00513751096685535,0.042007894205778676,0.06363476150842667,0.3064978635353839,2.5204736523467206,20,20.0,0.12437509408722933,0.07337058961245449,0.3064978635353839,0.09706276342486815,2,1,1.0
S6,2610,2670,60,30,9.236347320833334,0.17268600523860617,8.771054,9.719929,0.948875000000001,9.2409645,0.2061787500000012,9.237961478999054,20481.58374899289,0.32626611923716325,0.48542350931595024,0.0012820090102948684,-0.004495087799360191,0.1866380047212673,0.8025631209374708,9.237785253879732,0.13071556181656938,0.0011544755268542062,0.03873383948557871,0.06128595805990063,0.3064978635353448,2.3240303691347224,16,16.0,0.12011808826908088,0.08035243395791286,0.3064978635353448,0.11179537158005559,2,1,1.0
S6,2640,2700,60,30,9.108313070833335,0.2405030297334093,8.498639,9.719929,1.2212899999999998,9.138009,0.35927999999999827,9.111487732726435,19924.610088869835,0.06673451934572523,-0.23194032792802854,-0.008955865735371315,0.0018838918345856735,0.17877199330426458,0.8025825167785072,9.11051700979191,0.2094620186719255,-0.008936684933183904,0.037263988655099244,0.05753422993515387,0.3186417258354446,2.2358393193059545,13,13.0,0.10403697954073433,0.06606337943505872,0.23322567176006892,0.102387908518655,2,1,1.0
S6,2670,2730,60,30,8.905519166666666,0.19100653830293932,8.269772,9.321,1.051228,8.874649,0.2490742499999996,8.907567295594339,19042.741230130043,-0.122360975267833,-0.06988255512412556,-0.0024570000423881177,0.0007293701746062325,0.229168320898601,0.6994422712436403,8.906326933689282,0.12296487056250696,-0.002311796572737888,0.04735328999468103,0.07485327149975027,0.3200350196049069,2.841197399680862,13,13.0,0.1393669619654701,0.0904809749128043,0.3200350196049069,0.13524760386979567,2,1,1.0
S6,2700,2760,60,30,9.016919870833334,0.25744431992559896,8.269772,9.647029,1.3772570000000002,9.0645205,0.35738800000000026,9.020594300537574,19529.069168373833,-0.14004116480539963,-0.21571894311000195,0.007785662304957844,-0.004496757818526702,0.24834555554002727,0.6994422712436403,9.01732554136517,0.20636916496789354,0.007696567778370343,0.050716867769193714,0.08348292183507584,0.3512083569807043,3.043012066151623,15,15.0,0.14590675113649912,0.09725159075058898,0.3512083569807043,0.13971351646245592,2,1,1.0
S6,2730,2790,60,30,9.084619962500001,0.18685811375491415,8.373303,9.647029,1.273726,9.072783000000001,0.1671964999999993,9.086541466241682,19815.656596255092,0.11991431328360123,1.7326873215734118,-0.0047661239328257885,-0.008583493107710848,0.16661989541858685,0.578650501581599,9.086468799430266,0.15189042959099186,-0.004961785769172336,0.030321336942941892,0.05373948126155593,0.22936274099899379,1.8192802165765136,15,15.0,0.10343245706445572,0.07414446465825027,0.22936274099899379,0.09355124059118095,2,1,1.0
S6,2760,2820,60,30,8.963421320833334,0.09748556932926651,8.74036,9.154635,0.41427499999999995,8.9660425,0.12939049999999952,8.963951428415765,19284.58205063929,-0.29802671865802893,-0.43969188060651954,-0.0029747635078212543,-0.004322023272125846,0.07949846075558996,0.23595177404557433,8.962957138688875,0.08380671757679943,-0.003014779173581105,0.018643128450104126,0.026504843255565725,0.10181980375970134,1.1185877070062475,15,15.0,0.06602865645761753,0.021913401933539266,0.10181980375970134,0.06092123903680194,2,1,1.0
S6,2790,2850,60,30,8.756473375,0.1942174897152487,8.446203,9.093349,0.6471459999999993,8.7678575,0.37249275000000104,8.758626970044745,18411.251136094845,-0.07200310974974163,-1.466136166080564,-0.009053084326340175,-0.0009193101691564759,0.08882152687114446,0.3552568397973417,8.756916163814534,0.18694797446742883,-0.009044798977733125,0.017086600239697932,0.027224652535494994,0.15400984704279885,1.025196014381876,16,16.0,0.056132836368399275,0.02806919992153841,0.10047472377936728,0.0513413592121712,2,1,1.0
S6,2820,2880,60,30,8.598507120833334,0.11527802749815146,8.386155,8.911738,0.5255829999999992,8.580555,0.1687727499999987,8.599279837907671,17747.427295354897,0.656960210828835,-0.10438827312766108,-0.0006908006023621995,-0.002824399691108568,0.09758013394425301,0.3558989437598825,8.597799017330715,0.09480143959343834,-0.0007684568368897339,0.01973553548223009,0.033969719626115204,0.17048788667178094,1.1841321289338054,14,14.0,0.07027824479896186,0.04350614409864394,0.17048788667178094,0.06966589666909519,2,1,1.0
S6,2850,2910,60,30,8.7268229375,0.2174982787457759,8.386155,9.563897,1.1777420000000003,8.6898725,0.2206020000000013,8.729532867441046,18289.138580096038,1.2931953349092415,2.4882208397077505,0.005950954236870888,0.00132604280914866,0.13978323402987597,0.43768476907465725,8.725790753296204,0.19633343491282348,0.005970228114968995,0.029911835404777057,0.05122832711481518,0.3015310205508026,1.7947101242866235,16,16.0,0.08844311597236643,0.07070282546568035,0.3015310205508026,0.08362145313072755,2,1,1.0
S6,2880,2940,60,30,8.796408175,0.236384172479785,8.349003,9.563897,1.214894000000001,8.7665785,0.2663397500000002,8.799583754826461,18583.841821969385,0.762369026610983,0.553979994862547,-0.0016585162183049653,0.009866675199160697,0.19676471760900952,0.6847045790016395,8.794836748869503,0.18337263519354421,-0.0016055941646059082,0.05230767477639032,0.08551988277010945,0.3784285403918375,3.138460486583419,13,13.0,0.15136907728801183,0.1202397510901511,0.3784285403918375,0.1469124336210705,2,1,1.0
S6,2910,2970,60,30,8.811207445833334,0.202312261361751,8.349003,9.26089,0.9118870000000001,8.8062255,0.2995927500000004,8.813529764209461,18642.79365710546,0.05807718109370749,-0.5619235026276712,0.004127643841659882,-0.0007491771252601365,0.19536868561284676,0.6847045790016395,8.808225078747704,0.14501485782078197,0.004179514844783706,0.05311028250716819,0.08589360034833776,0.3784285403924539,3.1866169504300914,12,12.0,0.16768673447914764,0.10532984001565245,0.3784285403924539,0.16768673447914764,2,1,1.0
S6,2940,3000,60,30,8.836482504166668,0.19217255917798634,8.260818,9.249379,0.9885609999999989,8.846512,0.2672360000000005,8.838571906079887,18748.88480134671,-0.3792296611432026,-0.09585145009331208,-0.004143483532259875,-0.00873221019442148,0.18010149123304497,0.6070761830458977,8.836625222323153,0.16015211726039094,-0.004210644999671712,0.04049906031827977,0.0640814680643296,0.279407948463378,2.429943619096786,15,15.0,0.1276110827097681,0.08046284388095444,0.279407948463378,0.1272077358692292,2,1,1.0
S6,2970,3030,60,30,8.6321972375,0.2507547321979642,8.062582,9.249379,1.1867969999999985,8.5684045,0.3273469999999996,8.635838528065603,17898.64969987735,0.41151637801431146,-0.39916758940117436,-0.009941374191279098,-0.006291856726846905,0.16827794649974434,0.6070761830458977,8.631100700819824,0.2270142296245543,-0.00977131595378491,0.034332890759453734,0.06287494894086425,0.33659385480304493,2.059973445567224,15,15.0,0.11758641906108877,0.0929516249631724,0.33659385480304493,0.11123755696026419,2,1,1.0
S6,3000,3060,60,30,8.312310029166667,0.2161249183688567,7.646068,8.768559,1.1224910000000001,8.287037000000002,0.29287799999999997,8.315119241557795,16593.889920317924,-0.4205448091127721,-0.02298233850585696,-0.00911993201823565,-0.008640493041493004,0.12131772407329564,0.39142920919216095,8.31186044682258,0.2039436573102674,-0.008952226003088795,0.019866781761773193,0.04401725909335264,0.28602007138029606,1.1920069057063916,15,15.0,0.07608600118387514,0.07181452136223818,0.28602007138029606,0.06112054723350831,2,1,1.0
S6,3030,3090,60,30,7.997655091666667,0.20064302838598688,7.646068,8.453939,0.8078710000000004,7.9536535,0.3864592499999997,8.000171535042337,15360.658701624398,0.363700114385246,-1.3068576604168005,-0.010158402180245584,-0.006457168529340966,0.09306183417546957,0.39723547785077074,7.998253002347993,0.19487749646600488,-0.010119234550724212,0.013737596523933618,0.02097725064966206,0.10610495601235215,0.8242557914360171,18,18.0,0.044479086863615444,0.02672755725315537,0.10610495601235215,0.03973957301778583,2,1,1.0
S6,5550,5610,60,30,2.1676656624999997,0.1355862125485058,1.956138,2.488938,0.5328000000000002,2.173039,0.23436650000000014,2.1719019419427785,1132.117930899555,0.19505886401390182,-0.9132200383284257,-0.007100698362184614,-0.0060274863659593066,0.024597327097744905,0.16398336497692334,2.1675711773521584,0.13432626918459487,-0.007101133294566849,0.002997994669384693,0.01007884429628252,0.08181764719502738,0.1798796801630816,2,2.0,0.049094790366974284,0.03272285682805309,0.08181764719502738,0.049094790366974284,3,0,0.9884047619047619
S6,5580,5640,60,30,1.9944369791666665,0.08230102281763413,1.788597,2.17176,0.3831629999999999,1.982996,0.11778149999999998,1.996134344733412,956.292557333829,0.19093631415765297,-0.3158106254918276,-0.0032863299180160353,-0.0005050566685248369,0.03976488894711666,0.23732365168172187,1.9946203699022327,0.07898295505266564,-0.0032678091450342485,0.004327718269619591,0.012617983278582986,0.09153228282804116,0.2596630961771755,3,3.0,0.045182552135963526,0.033855279851621,0.09153228282804116,0.045182552135963526,3,0,1.0
S6,5610,5670,60,30,2.0438365666666667,0.11429999008648495,1.788597,2.211927,0.4233300000000002,2.101938,0.22861125000000015,2.047030141199088,1005.6797757546141,-0.28635421098328734,-1.4197385002919234,0.00550241998345151,0.0025043795833799456,0.04387431802065971,0.24363946966827044,2.0437419015142537,0.11147449384499418,0.005498949267653995,0.0056885722208161555,0.013009278663183087,0.09153228281339931,0.3413143332489693,7,7.0,0.03962989524387745,0.026410004673769298,0.09153228281339931,0.03962989524387745,3,0,1.0
S6,5640,5700,60,30,2.1040801208333333,0.050550018825560955,2.020086,2.211927,0.19184100000000015,2.1012985,0.09815925000000014,2.1046872592595034,1063.1300302294271,-0.01565936068299969,-1.4044680041335047,-0.0025625865770094376,-0.0011986778487153792,0.022712915382784263,0.1691241750570498,2.104008519899498,0.04822639413029781,-0.002536042013600696,0.004042643289957245,0.0077618020561306756,0.04890262019704572,0.24255859739743468,5,5.0,0.030062920884865108,0.011238034272246353,0.04890262019704572,0.030062920884865108,3,0,1.0
S6,5670,5730,60,30,2.0534445875,0.06284581399478684,1.962533,2.246459,0.2839260000000001,2.043107,0.07833574999999993,2.0544060626540492,1012.9402248647311,0.8355718463495388,0.4933118544502899,0.0003940960608660441,0.00019264789474036687,0.026060924155317175,0.12536635560875453,2.0537998698986306,0.060686933992961656,0.00042420204681922606,0.004286377525347192,0.008660667689057414,0.04742958059290592,0.25718265152083153,5,5.0,0.029712596375046686,0.011575832692604428,0.04742958059290592,0.027527445960934527,3,0,1.0
S6,5700,5760,60,30,2.0325658041666665,0.06696007573838918,1.962533,2.246459,0.2839260000000001,2.009854,0.06938274999999994,2.033668458724425,992.593776002539,1.3827188790097273,1.099146250155509,-0.000423237786402051,-0.0006635460348378538,0.02363151286455232,0.12536635560875453,2.0326532546604676,0.06448314234611617,-0.0004162197606284141,0.0029006517037716097,0.006923546840747892,0.047429581471760685,0.1740391022262966,4,4.0,0.02487360102864139,0.013898621500048168,0.047429581471760685,0.022142163004533366,3,0,1.0
S6,5730,5790,60,30,1.9913358666666665,0.042952948320018995,1.920328,2.104496,0.1841680000000001,1.9874725,0.065226,1.991799058550452,952.1432375141919,0.350241480300271,-0.48899988577593856,-0.0021722849881474137,-0.0030823099222168603,0.01222713369846417,0.053543076023608194,1.991362842319217,0.04198032058173969,-0.0021722444693808842,0.0024410906439560464,0.004994832206811861,0.02864100872269537,0.14646543863736278,3,3.0,0.02134659665153434,0.005600898634948619,0.02864100872269537,0.02134659665153434,3,0,1.0
S6,5760,5820,60,30,1.8616989499999999,0.11661105543628429,1.617218,2.045664,0.4284459999999999,1.9209675000000002,0.20239275,1.8653474525356037,835.085068483456,-0.3397360155408321,-1.1257977093123528,-0.0052743698165912505,-0.00440942665365222,0.036938375148094754,0.15252189547190653,1.862101929136476,0.11409081770472491,-0.0052778736743835705,0.005275937221139355,0.011344099083862668,0.06852331050228866,0.3165562332683613,7,7.0,0.036275963776391196,0.021491363193543122,0.06852331050228866,0.03555134071899773,3,0,1.0
S6,5790,5850,60,30,1.7831025625,0.05678426782477778,1.617218,1.928002,0.31078399999999995,1.798828,0.06938275000000016,1.7840065026413057,763.8430083519511,-0.9676739986794677,1.0625240825124953,0.0013406839284238342,-0.0026328222527234714,0.04022742183484626,0.1525218954718417,1.7834879152847072,0.051049104041727016,0.0013040433623183257,0.005126270355615702,0.010276184864052629,0.06848782577190393,0.3075762213369421,10,10.0,0.030570789248662078,0.016306260540968166,0.06848782577190393,0.029150965773972536,3,0,1.0
S6,5820,5880,60,30,1.7579872875000002,0.05635653424046328,1.661981,1.852544,0.19056300000000004,1.76046,0.11158774999999999,1.7588903780404292,742.486886871169,-0.01324206010072011,-1.4556602954260347,-0.0030914496991130886,-0.0011344580018242672,0.021346380246433812,0.11282214724294093,1.7577540024684457,0.055240263722875625,-0.003077974224560777,0.0028819070907658683,0.005789150725910495,0.03293110999350879,0.1729144254459521,6,6.0,0.020651266655270357,0.00841914203925184,0.03293110999350879,0.020651266655270357,3,0,1.0
S6,5850,5910,60,30,1.6522180166666667,0.07223493383011705,1.426457,1.766855,0.340398,1.661981,0.08984575000000006,1.6537963176471808,656.41014246321,-1.0438550568148564,0.9850176869988472,-0.00386763645616094,-0.0039632369948023,0.025403966223398494,0.12484071065778313,1.652622516522188,0.069812257928977,-0.003839538287924242,0.0026470964930441995,0.006618734383966841,0.0410881692042,0.15882578958265198,4,4.0,0.025434377421385157,0.013206340291379258,0.0410881692042,0.023898350124425816,3,0,1.0
S6,5880,5940,60,30,1.4739723708333334,0.13484104526753585,1.299841,1.661981,0.3621399999999999,1.4622670000000002,0.2790079999999999,1.4801272436749753,525.786397792531,0.06187404501922854,-1.7278875962901696,-0.007274159959019973,-0.003620753556066389,0.030004150647738273,0.12483768430539843,1.4740929572895287,0.13348198781216117,-0.007264638045573302,0.0038175533649776484,0.00791712374817623,0.04258649239418677,0.2290532018986589,7,7.0,0.021934765970716592,0.012860246740606455,0.04258649239418677,0.021934765970716592,3,0,0.7115952380952381
S7,90,150,60,30,5.989608108333333,0.16887009668506026,5.743731,6.39487,0.6511389999999997,5.946492,0.3223712499999998,5.991988184314688,8616.94137623204,0.313194118000001,-1.0875378479986233,-0.007833641151588569,-0.007236596879952893,0.09146597165491187,0.35405274162632594,5.989377833094815,0.15954922615734823,-0.007819583540717339,0.01659722830092615,0.031474669404429244,0.15517593843980926,0.9958336980555691,11,11.0,0.07183024633816631,0.04683071040421937,0.15517593843980926,0.06997866822385447,1,0,0.8228095238095238
S7,120,180,60,30,5.712734141666667,0.16090450152902788,5.383298,6.054589,0.6712910000000001,5.762919,0.2605682499999995,5.714999705334751,7838.69319167431,-0.31183743268422714,-1.0101962247835157,-0.006959721317348646,-0.006610334319571692,0.08235586259045873,0.43983383926170916,5.712848609621816,0.15386368523716357,-0.006923492575285155,0.013254112560796276,0.0245140877101178,0.13344571655271675,0.7952467536477765,11,11.0,0.06179862122575211,0.03937592322437539,0.13344571655271675,0.059240044303345195,1,0,1.0
S7,150,210,60,30,5.500675270833333,0.11695929653917701,5.333407,5.782108,0.4487009999999998,5.481801,0.16782275000000002,5.50191856648245,7265.065898929033,0.7050726438164381,-0.3194919800521272,-0.004684595564716903,-0.007081415718062595,0.0697816361044737,0.43983383926170205,5.500167541941416,0.11046656297538181,-0.004648524190818882,0.009269210233151085,0.023141266254918434,0.13344571737516464,0.5561526139890651,7,7.0,0.0679371325553736,0.0442743626479274,0.13344571737516464,0.06549577962671053,1,0,1.0
S7,180,240,60,30,5.357388141666666,0.07817061806419512,5.24258,5.540646,0.2980659999999995,5.3378844999999995,0.12632650000000023,5.357958412119224,6889.852403039798,0.5741367802717696,-0.8331948048372593,-0.004310672363490969,-0.004881495229682851,0.013288014365851017,0.04007399188288119,5.357410551141982,0.07787616465713763,-0.004316532346461114,0.0020909194579029214,0.0034096598432644615,0.018870849370911102,0.1254551674741753,3,3.0,0.014092117957504572,0.0033893610077892597,0.018870849370911102,0.014092117957504572,1,0,1.0
S7,210,270,60,30,5.166338016666667,0.18284937927430794,4.782682,5.341083,0.5584009999999999,5.245779,0.2830339999999998,5.169572748105618,6413.875775509505,-1.0819351438261575,-0.5533756647382329,-0.009079365260006059,-0.009217161094209782,0.03523196843317834,0.0724926323508015,5.16634767927926,0.18170263368217762,-0.009087670710835632,0.004756997012312066,0.012019781503802495,0.10799533490398883,0.28541982073872396,7,7.0,0.02835550841338108,0.032866285969601165,0.10799533490398883,0.02835550841338108,1,0,1.0
S7,240,300,60,30,4.861312466666667,0.22518501509325367,4.576722,5.251535,0.6748129999999994,4.7814025,0.3246179999999992,4.86652516582328,5683.936125501912,0.7059175659617448,-1.0018145377592806,-0.012251897317436127,-0.011037021321770852,0.03395161187691025,0.0724926323508015,4.861320700948886,0.22426277934766634,-0.012254428714869415,0.004086853552353183,0.01182483671356967,0.10799533490398883,0.245211213141191,4,4.0,0.03899277822203362,0.04021638486146329,0.10799533490398883,0.03899277822203362,1,0,1.0
S7,270,330,60,30,4.6125199875,0.08466642135549181,4.482058,4.780123,0.29806499999999936,4.5895145,0.13304200000000055,4.613296981334732,5107.802169118115,0.3852617011507451,-0.9544708840259788,-0.004793894040080032,-0.0032757335244765627,0.018825385468363234,0.16128804719026846,4.612622868110609,0.08404859117306739,-0.004781178275173406,0.0018803248935722271,0.005196821140373242,0.06788606229826666,0.11281949361433363,1,1.0,0.016066457923691324,0.0,0.016066457923691324,0.016066457923691324,1,0,1.0
S7,300,360,60,30,4.680362995833334,0.15381008564765017,4.482058,4.918283,0.4362249999999994,4.595271,0.2699222500000005,4.682889633037801,5263.069275651099,0.3117124674253897,-1.5121772978000503,0.0076586460350390635,0.005288282305999657,0.02503042009590436,0.17721035652911965,4.680388159250971,0.1531109800739741,0.007654944625358395,0.0027275302894083048,0.00506017691380356,0.03343713867550857,0.1636518173644983,5,5.0,0.019467807191651865,0.00834530701881057,0.03343713867550857,0.019467807191651865,1,0,1.0
S7,330,390,60,30,4.887281875,0.09545443067973698,4.557534,4.986083,0.4285489999999994,4.913166,0.15350925000000082,4.888213955427883,5734.712561769578,-1.2230770783503937,0.9526662809977635,0.004955182075922789,0.006829815415631493,0.020019707945095135,0.11952176297338468,4.887014467955854,0.09506910309683392,0.004968283682601428,0.0028652178481697508,0.005030783352225455,0.03343713867550857,0.17191307089018504,3,3.0,0.021302683443082948,0.009459237625206677,0.03343713867550857,0.021302683443082948,1,0,1.0
S7,360,420,60,30,4.937199308333334,0.03701067519700588,4.868392,4.996317,0.1279250000000003,4.9317145,0.07291699999999945,4.937338027751967,5850.553632068564,-0.0745614564084845,-1.6238718317257357,-0.0010855767523199355,-0.00023552367095516094,0.016598356821430387,0.04732803385564921,4.937221979011384,0.0356817463150825,-0.0010835547965830435,0.002382370110768302,0.004321383107159152,0.03817752811549191,0.14294220664609814,3,3.0,0.02092656321995327,0.012287667309504863,0.03817752811549191,0.02092656321995327,1,0,1.0
S7,390,450,60,30,4.898784445833333,0.042418829804860655,4.781403,4.996317,0.21491400000000027,4.897814,0.015350999999999893,4.898968095819834,5759.973216926546,-0.3484534224847761,1.5295635855667529,-0.0017408037856115615,-0.0031044585671970546,0.0199684813556203,0.04732769252283475,4.899090564136196,0.04067253922100813,-0.0017302648762956196,0.0031026220979347746,0.006091253562590214,0.038177540337528626,0.18615732587608647,3,3.0,0.029220293435747575,0.010743721115203447,0.038177540337528626,0.029220293435747575,1,0,1.0
S7,420,480,60,30,4.819401554166666,0.06623293068630637,4.731512,4.913166,0.18165399999999998,4.7833215,0.13592074999999948,4.819856651541763,5575.44435393873,0.27804624103443487,-1.783055672669447,-0.0034467470242670077,-0.0025692017865609888,0.015436555778904402,0.030121136485131927,4.819435035223699,0.06566779273051966,-0.0034497800708544408,0.0019621774411530345,0.004625694250668862,0.03537558213443859,0.11773064646918208,1,1.0,0.03537558213443859,0.0,0.03537558213443859,0.03537558213443859,1,0,1.0
S7,450,510,60,30,4.743328758333333,0.020392843483272888,4.688017,4.783961,0.09594399999999936,4.745584,0.028463750000000232,4.743372595284644,5399.90005864737,-0.40443921461389026,-0.6349726049350815,-0.0010735595644999114,-0.0012632031947759138,0.009218165507337239,0.03376086296986003,4.743333636339928,0.019704709649086848,-0.001076792002093522,0.0011327836821415694,0.0015832248471211812,0.0077651524146631346,0.06796702092849416,0,0.0,0.0,0.0,0.0,0.0,1,0,1.0
S7,480,540,60,30,4.752656683333332,0.041405588646740155,4.688017,4.933633,0.24561600000000006,4.739187,0.047972500000000196,4.752837044587599,5421.470393377004,1.4818148241053979,2.4400226328292165,0.0007277120133043958,-0.00019268177503413588,0.035064204223042024,0.21066958155233806,4.752682561301659,0.03866818528431542,0.0007256276726714477,0.002830714557578625,0.007398122789701293,0.06371547020612045,0.1698428734547175,5,5.0,0.03484424102117138,0.01698250753917962,0.06371547020612045,0.03484424102117138,1,0,1.0
S7,510,570,60,30,4.751254845833333,0.041888496554110595,4.694413,4.933633,0.23922000000000043,4.73535,0.05564750000000007,4.75143949305874,5418.2825414875915,1.5546471028414706,2.359767047205379,-0.001785929823549378,0.00010704378531593857,0.03781691435621192,0.21066958155234516,4.751276447120298,0.03927961018178171,-0.001790160092414986,0.0032842288146198865,0.008230174286459292,0.06371547031954528,0.1970537288771932,8,8.0,0.03095404077141939,0.016825257421824828,0.06371547031954528,0.03095404077141939,1,0,1.0
S7,540,600,60,30,4.7072698875,0.02155129650314593,4.667549,4.806987,0.13943800000000017,4.711044,0.037737500000000423,4.707319221398229,5318.125020514855,0.20553513968182044,0.4362239461339388,-0.001071595740463166,-0.00014987401048005417,0.01989633896913808,0.12370739002972542,4.707348529883958,0.019708935592098163,-0.0010702611841482313,0.0020499658878310695,0.005117708556678314,0.04583153670353912,0.12299795326986418,3,3.0,0.025363022291694588,0.014604597051156484,0.04583153670353912,0.025363022291694588,1,0,1.0
S7,570,630,60,30,4.6391817374999995,0.07038626208159225,4.476941,4.799312,0.3223709999999995,4.675225,0.08954700000000049,4.639715661486525,5166.470740666401,-0.8158191264827686,-0.3528492692441376,-0.002418750195575953,-0.0022480613007996746,0.05142074971036431,0.35395869276643666,4.6393299312278105,0.06453194487589044,-0.002406848167606008,0.006276282690367933,0.01907970245371115,0.15331860223968974,0.376576961422076,5,5.0,0.06670730615667733,0.04987885578709944,0.15331860223968974,0.06670730615667733,1,0,1.0
S7,600,660,60,30,4.607648166666666,0.05427190937351679,4.476941,4.799312,0.3223709999999995,4.620217,0.04253499999999999,4.607967780696144,5096.008096304098,-0.37441659883990647,1.0188458034129875,0.0013573163886901776,-0.002740490614432737,0.05736825465813914,0.35395869276643666,4.607957438951155,0.04520650474336107,0.0013357427330131278,0.007491778350638885,0.019851594610607776,0.15331860223968974,0.4495067010383331,9,9.0,0.04392316207772831,0.04233299594259184,0.15331860223968974,0.04392316207772831,1,0,1.0
S7,630,690,60,30,4.672394241666667,0.06023067415009505,4.575443,4.76861,0.19316699999999987,4.634289,0.1138539999999999,4.672782434874151,5240.374964080416,0.30086460427899625,-1.631627239597453,0.0029517431959650954,0.002933194227650582,0.02998931500221688,0.18453592730347168,4.67256425928702,0.05783463047991297,0.0029346552481281834,0.004156243739222232,0.010318467145070176,0.06355067921445379,0.2493746243533339,5,5.0,0.03252319129111125,0.019484436382233607,0.06355067921445379,0.03252319129111125,1,0,1.0
S7,660,720,60,30,4.728835900000001,0.04333060708184997,4.608704,4.771169,0.16246500000000008,4.744304,0.017909000000000397,4.729034416309411,5367.303962553335,-1.5560895282813176,0.8963693939124058,0.0011053602864951816,0.0019269228308355412,0.031238402363345956,0.16742964197790045,4.728908342434135,0.03852114327233194,0.0010986845493506728,0.0050399568040434255,0.010431341496100626,0.05328079958300247,0.3023974082426055,5,5.0,0.038553371686985825,0.013817181342027302,0.05328079958300247,0.038553371686985825,1,0,1.0
S7,690,750,60,30,4.731410425000001,0.03175572466439781,4.638126,4.771169,0.1330430000000007,4.741745,0.02942200000000028,4.73151699097104,5372.940728603435,-1.4604455806058363,1.2648323641609478,-0.0006344105519513416,-0.0007493483651844168,0.03501302339077318,0.17394405860282447,4.731576097214434,0.023886910581052495,-0.000637645224856956,0.00566137756799463,0.011297797598573894,0.058524768228411794,0.3396826540796778,6,6.0,0.041593026132802656,0.015383069936987135,0.058524768228411794,0.041593026132802656,1,0,1.0
S7,720,780,60,30,4.711688641666667,0.027978806853073586,4.638126,4.757097,0.11897100000000016,4.7142415,0.03358100000000075,4.711771712386287,5328.190240714464,-0.7705299577328878,0.1540010023982803,-0.000697827834299197,-0.00042820871720361807,0.0282721401759344,0.17394405860282447,4.711683063300405,0.0226934530320265,-0.0007050700250036254,0.0043094702963238475,0.008210622888568104,0.058524768228279456,0.25856821777943084,7,7.0,0.027463021985397264,0.01608281586016937,0.058524768228279456,0.027283418952052836,1,0,1.0
S7,750,810,60,30,4.709215429166666,0.018079088857802406,4.638126,4.744304,0.10617799999999988,4.711044,0.01822974999999971,4.709250132638457,5322.488834821277,-1.521324928531844,3.328755502823374,0.00037838454815563075,-0.00012847389190181826,0.018430867433665326,0.11494896943576549,4.709252128427486,0.013780635974128343,0.00037199505937681484,0.003012509538760762,0.005001063626694146,0.02666245257556632,0.18075057232564573,6,6.0,0.017153731273189088,0.006091846860008136,0.02666245257556632,0.017153731273189088,1,0,1.0
S7,780,840,60,30,4.720025095833333,0.01033577584388241,4.686738,4.748142,0.06140399999999957,4.719998,0.012152750000000268,4.720036412312808,5346.898496054104,0.35550291395271016,0.4317787747492421,0.00013391119535107303,0.00014988066345056526,0.010601108355431443,0.029927032401474207,4.720039505792053,0.008437751539185597,0.00012642967706974736,0.0016943175489842958,0.002545716778497943,0.011683099413118292,0.10165905293905775,1,1.0,0.011683099413118292,0.0,0.011683099413118292,0.011683099413118292,1,0,1.0
S7,810,870,60,30,4.4998462041666665,0.27816277167669734,4.055328,4.758376,0.7030479999999999,4.711044,0.5664867500000001,4.508435470171445,4878.237693288005,-0.5155843127342941,-1.6195005163963903,-0.013998782694955613,-0.0108886901817183,0.03871065110680508,0.044501412989177425,4.499847459687783,0.2769414774986031,-0.014001103419541252,0.0043447594163107985,0.014634075764247596,0.12552583243542514,0.2606855649786479,4,4.0,0.04234928656001258,0.04807760339270989,0.12552583243542514,0.04133736837609203,1,0,1.0
S7,840,900,60,30,4.1872543,0.19559257205677572,3.979852,4.758376,0.778524,4.148714,0.0985017500000005,4.191820013682872,4217.125206506946,1.925269689574314,2.76433908951869,-0.006718097712070198,-0.008961771363816127,0.04782354070630907,0.268496527497188,4.1867298514538405,0.19153300730505837,-0.006660270680164335,0.006735966150322742,0.018949175609262448,0.12537461174490439,0.4041579690193645,7,7.0,0.04186795261669829,0.041739093147656094,0.12537461174490439,0.04094800023144694,1,0,1.0
S7,870,930,60,30,4.169528241666667,0.08988080006249904,3.979852,4.300945,0.3210929999999994,4.1851725,0.11961050000000029,4.170496890812389,4174.330635906193,-0.519217570735821,-0.8806796105156987,0.00486782146016924,0.004067918544322141,0.03292206642028772,0.268496527497188,4.169585021503198,0.08790083698346263,0.004870962410273633,0.004455620724943114,0.012657204496831003,0.08567325867784792,0.26733724349658683,6,6.0,0.03458525823542091,0.02850923099773245,0.08567325867784792,0.03458525823542091,1,0,1.0
S7,900,960,60,30,4.255707120833334,0.04100458191559692,4.162786,4.325251,0.16246500000000008,4.2568105,0.06939975000000054,4.255904659887204,4347.053873771907,-0.3249585253165801,-0.9829660875737085,0.0007607567000385485,-0.000727918806785647,0.024682894738776055,0.09848957637956701,4.255938265317784,0.038912589412232905,0.000757996823411623,0.003385440884992119,0.006520276905426493,0.043007010449474414,0.20312645309952715,8,8.0,0.020304844551103374,0.01095379436695917,0.043007010449474414,0.02001827676357648,1,0,1.0
S7,930,990,60,30,4.2551900625000005,0.07293363588010628,4.106498,4.368745,0.26224699999999945,4.263846,0.10393875000000019,4.255815055103011,4346.870827977947,-0.3672517280760255,-0.9696960358763547,0.0001747637811952052,0.0008563994011547103,0.02502819751845819,0.1161234624924461,4.255206993745246,0.0714333500328114,0.00016274540776619058,0.0038354428964148756,0.007129963301539932,0.04808936843844158,0.23012657378489254,9,9.0,0.01990965619901619,0.012516650453506344,0.04808936843844158,0.019654929277391,1,0,1.0
S7,960,1020,60,30,4.297805125,0.08796550681247758,4.106498,4.42759,0.32109200000000016,4.341881,0.11065550000000002,4.298705249591444,4434.92803748761,-0.9372676374552223,-0.6091323872481675,0.004301691151300008,0.003147295287403733,0.03252924311744525,0.11843174703696846,4.297683282504464,0.08647601413496948,0.0042935300643056505,0.004418654876066693,0.009176959725910186,0.04808936843770617,0.2651192925640016,9,9.0,0.031904470546249404,0.011441582302632702,0.04808936843770617,0.031904470546249404,1,0,1.0
S7,990,1050,60,30,4.358404308333333,0.02099267531100464,4.317575,4.42759,0.11001500000000064,4.355952,0.014072000000000529,4.358454864664228,4559.070913755666,1.000681642633878,1.620414131644818,0.0004960823004627409,0.00027832841294342066,0.03382171882319262,0.1305334783378811,4.358484305429909,0.014958666555316165,0.0005154781844281394,0.004503942368801306,0.009653366309404998,0.04641906558951714,0.27023654212807835,8,8.0,0.03576309492381491,0.00725884372117222,0.04641906558951714,0.03576309492381491,1,0,1.0
S7,1020,1080,60,30,4.368281183333333,0.02002065194866843,4.334205,4.440383,0.10617799999999988,4.361069,0.011833000000000204,4.368327062293815,4579.747517560444,1.6011972148830393,1.740515316772445,0.00047412262439600804,0.00017124032916137618,0.03343792221847922,0.13053347833788465,4.368229348801117,0.012809974936399779,0.00048554115842353295,0.004691306854524864,0.009544665349235764,0.04880477213741141,0.28147841127149187,8,8.0,0.0326803115497839,0.011821066695431339,0.04880477213741141,0.0326803115497839,1,0,1.0
S7,1050,1110,60,30,4.3922565166666665,0.031087478561977154,4.34316,4.457013,0.11385299999999976,4.387934,0.039655999999999914,4.3923665306442885,4630.292097485794,0.6809524731853264,-0.7164784523926873,0.0013320290454363647,0.0016057496702114524,0.0319334269401448,0.12642471445160552,4.39230256268496,0.026973168891506003,0.0013333320269689872,0.004452014439083115,0.00872016360401157,0.04880477215801271,0.2671208663449869,9,9.0,0.02869910121372153,0.011279393314684532,0.04880477215801271,0.0278989557250757,1,0,1.0
S7,1080,1140,60,30,4.385758991666666,0.055537201521667114,4.251054,4.457013,0.205959,4.39433,0.05468824999999988,4.38611061348638,4617.11191529709,-0.9018300012710541,-0.12641557583318486,-0.00174696239605559,-0.0020981664735646548,0.030083286621057283,0.12642471445161263,4.385729082713171,0.05347631846612978,-0.00175221205639383,0.0044714734908480915,0.008452145035315717,0.05791401346878633,0.2682884094508855,9,9.0,0.027437354601735464,0.012302484470794768,0.05791401346878633,0.026538060688576337,1,0,1.0
S7,1110,1170,60,30,4.285572283333334,0.09009809827480482,4.165344,4.457013,0.29166899999999973,4.254891,0.1832527500000003,4.2865192712721605,4409.819391117027,0.4926630533594157,-1.2286125590231298,-0.004988202116645686,-0.004260617977108358,0.02546848476866578,0.08435938474007187,4.285759690519276,0.0894476226414125,-0.005003050652273659,0.003318850716708599,0.007292792893977052,0.05791401346878633,0.19913104300251594,5,5.0,0.030915670026055154,0.015153147745614735,0.05791401346878633,0.030737251393192545,1,0,1.0
S7,1140,1200,60,30,4.192256220833333,0.026292796712003293,4.152552,4.258729,0.10617699999999974,4.184533,0.03230175000000024,4.192338670989585,4218.168847745933,0.8600247237687256,-0.33912684495345635,-0.0013601269736708479,-0.0016699650777336735,0.00911293461426208,0.024088650301315795,4.192273906967715,0.025792924352665333,-0.001360471918422082,0.001375947396850145,0.001888321693655726,0.008625674068921008,0.0825568438110087,0,0.0,0.0,0.0,0.0,0.0,1,0,1.0
S7,1170,1230,60,30,4.174890416666667,0.0392523583960428,4.089868,4.346998,0.2571300000000001,4.164065,0.022066999999999837,4.175074938107677,4183.500177315558,2.531703303046892,7.40850076922584,0.00015328687299358116,-0.0018198653233211213,0.028781848817875925,0.14866728839158228,4.174889078585002,0.034359329561226615,0.00014781621198195282,0.003488083409646488,0.009099587846223193,0.05343655882438103,0.2092850045787893,4,4.0,0.03639179232264578,0.015185247255258556,0.05343655882438103,0.029317467292303334,1,0,1.0
S7,1200,1260,60,30,4.0654573208333336,0.12358124919289426,3.863531,4.346998,0.4834670000000001,4.0905075,0.2100277500000005,4.067335190597084,3970.371732640661,0.05292541626165506,-1.0098202963864449,-0.006045651978409037,-0.004944219904451082,0.028895145373315445,0.14866728839123766,4.065443522585917,0.12184457515320196,-0.006049970871278702,0.0033438678143733803,0.00843133807328588,0.053370675732827166,0.2006320688624028,5,5.0,0.0322637980932992,0.01648036288144502,0.053370675732827166,0.02640674704891559,1,0,1.0
S7,1230,1290,60,30,3.898949145833334,0.08450476227605695,3.776542,4.093706,0.317164,3.895512,0.14133424999999988,3.8998648049184745,3650.146919194035,0.4335933611354796,-1.048771713490799,-0.003279917042550454,-0.00038389355968201537,0.030471395247522282,0.2952695860914005,3.898771230558678,0.08376955247409727,-0.0033037720936443427,0.003074519384304869,0.008616125214085566,0.08016425071366884,0.18447116305829214,2,2.0,0.045509898828746786,0.03465435188492205,0.08016425071366884,0.045509898828746786,1,0,0.9438571428571428
S7,1560,1620,60,30,4.624957675,0.06399533734599504,4.529931,4.820321,0.2903899999999995,4.6111629999999995,0.06396200000000007,4.625400404153508,5134.638935698424,1.2990409134919223,1.470509148046136,-0.00011809793355206832,-0.0007279433865266752,0.03821576186187251,0.19878287269478534,4.625871042935131,0.056927140487959015,-5.098617851572261e-05,0.007893275402620392,0.016486147447167403,0.10667942419498111,0.47359652415722353,6,6.0,0.03452356190400948,0.025212499329639725,0.08124301701454595,0.03452356190400948,3,0,1.0
S7,1590,1650,60,30,4.633278166666666,0.058833290496939084,4.529931,4.820321,0.2903899999999995,4.6303515,0.0729179999999996,4.633651683691894,5152.974702187374,0.7243948877047099,0.9538333981340044,0.001177813008899494,0.0007493361207493498,0.04138563899138907,0.19878287269478534,4.633260459301969,0.04761514414738295,0.0011472488100916494,0.00927480892605809,0.01643580041557002,0.08124300719333544,0.5564885355634854,9,9.0,0.037834542415751474,0.02151979845184438,0.08124300719333544,0.037422361897625635,3,0,1.0
S7,1620,1680,60,30,4.633512708333333,0.040096277922103914,4.533768,4.730773,0.19700499999999987,4.634829,0.05021074999999975,4.6336861924163255,5153.05145514953,-0.27597291001216034,-0.07511786294569589,-0.0014401700132113376,-0.0013060129622656687,0.03064566188526985,0.11608329050921995,4.6334944585373865,0.034094922704509256,-0.0014385179113108662,0.0062983005020085725,0.012399443881643806,0.07073573672657307,0.37789803012051437,9,9.0,0.03067832807459641,0.01608352289451003,0.07073573672657307,0.03064742794503091,3,0,1.0
S7,1650,1710,60,30,4.569331583333334,0.05553975605614766,4.469806,4.689837,0.22003099999999964,4.5561555,0.08379075000000036,4.56966911088213,5011.650187908068,0.27030576983257115,-0.9224541772514265,-0.0028588640326389788,-0.002269456034662769,0.01845439441662374,0.07809620735680411,4.56913098052246,0.05419153757949399,-0.002862050673403913,0.0037618651766826807,0.00689886242134547,0.030930834632811433,0.22571191060096085,5,5.0,0.02343427585066209,0.0068901146399891425,0.030930834632811433,0.02343427585066209,3,0,1.0
S7,1680,1740,60,30,4.4853646708333335,0.04732777885365861,4.41096,4.572146,0.16118599999999983,4.485157,0.0924257500000003,4.485614355805795,4828.9766757626485,0.039188233759917895,-1.3507357142073806,-0.00253648074870956,-0.001969731646321736,0.01346063606236097,0.04198894642791373,4.485321255718537,0.046420058588898465,-0.0025317188143893945,0.002434902264000253,0.004355595325005317,0.022570857028950897,0.14609413584001518,3,3.0,0.017999747698470497,0.003474616893862075,0.022570857028950897,0.017999747698470497,3,0,1.0
S7,1710,1770,60,30,4.428779100000001,0.034850868629275215,4.361069,4.508183,0.1471140000000002,4.42887,0.043814750000000124,4.428916221790724,4707.671735913846,-0.040519907698164444,-0.5018886909887699,-0.0016812479761394892,-0.0022266515089730534,0.010138470687857816,0.03210147160279675,4.4287868050045045,0.0343563385994017,-0.0016799619082780274,0.0014053972515338613,0.002403077007312423,0.015440727507595398,0.08432383509203167,1,1.0,0.015440727507595398,0.0,0.015440727507595398,0.015440727507595398,3,0,1.0
S7,1740,1800,60,30,4.384058633333333,0.03773020941344244,4.331646,4.476202,0.14455599999999968,4.3693845,0.05436849999999982,4.3842209877248335,4613.13448060966,0.8452459132088396,-0.44265854111132574,-0.0019954511749921237,-0.0016485606857031658,0.00997064468731255,0.029853953362621866,4.384073424873246,0.03725091910382535,-0.0019922592954729,0.0014555956111398372,0.0022595132426052886,0.010234419848258014,0.08733573666839023,1,1.0,0.010234419848258014,0.0,0.010234419848258014,0.010234419848258014,3,0,1.0
S7,1770,1830,60,30,4.339780566666667,0.0225279737706751,4.29071,4.387934,0.09722399999999976,4.3425205,0.03453999999999979,4.339839038077319,4520.208690340769,-0.15480741576608353,-0.7725678976029524,-0.0011367051983124053,-0.0012417649970431499,0.0100978320178892,0.026378297579434218,4.339734610279795,0.0216016589239435,-0.0011361650289314425,0.0015981027646009764,0.002536948278087154,0.013587648290391385,0.09588616587605858,1,1.0,0.013587648290391385,0.0,0.013587648290391385,0.013587648290391385,3,0,1.0
S7,1800,1860,60,30,4.310309820833334,0.01995631769048926,4.263846,4.370024,0.10617799999999988,4.304782,0.03198100000000004,4.31035601849639,4459.000561485132,0.6113926920974834,-0.22702499677166976,-0.000770418005836331,-0.0001284493142647398,0.011328036656764165,0.031058469058489635,4.310241988309858,0.018764823131929082,-0.0007665744609939156,0.0018749143944239174,0.0028916426804749705,0.01358764829063297,0.11249486366543504,2,2.0,0.013247072232279056,0.00034057605835391414,0.01358764829063297,0.013247072232279056,3,0,1.0
S7,1830,1890,60,30,4.306344129166666,0.016911496674229757,4.263846,4.348277,0.08443100000000037,4.302224,0.023027000000000797,4.3063773357113035,4450.772581806716,0.6833137489315747,-0.2230577063040191,0.0003048876593381758,8.563905228693417e-05,0.011731743183421807,0.0338241368607477,4.306400969466252,0.015215686551722165,0.0002991003407938628,0.0019749740241703875,0.00343213310068589,0.021953128174152958,0.11849844145022326,3,3.0,0.01539186539827527,0.004644965623023359,0.021953128174152958,0.01539186539827527,3,0,1.0
S7,1860,1920,60,30,4.2985886791666665,0.02305258172474903,4.253613,4.348277,0.09466400000000075,4.300945,0.03454000000000068,4.298650492210783,4434.815053004161,0.029849774650144902,-0.6816999808703126,-0.0012182006570206703,-0.0012417823770069574,0.010462831755179133,0.03383175157102869,4.298614383061093,0.022358638048482152,-0.0012186547039299022,0.001452528493619735,0.002308432826241472,0.015120083794017525,0.0871517096171841,1,1.0,0.012386790806628412,0.0,0.012386790806628412,0.012386790806628412,3,0,1.0
S7,3090,3150,60,30,6.302607624999999,0.14136194850934736,5.988068,6.610621,0.6225529999999999,6.3195915,0.21395475000000008,6.304192737789233,9538.28305804668,-0.03891106882979809,-0.7159028985633822,0.0029582301833820184,0.0005706981149829317,0.22452656245849253,0.6223585014083284,6.302624228406521,0.09156122646565419,0.0028660421322842028,0.037950106221485196,0.05523540975396305,0.23671177731909587,2.2770063732891117,23,23.0,0.1233111644557114,0.06285954981551058,0.23671177731909587,0.11051188857417645,2,1,0.8894761904761905
S7,3120,3180,60,30,6.380163933333333,0.14083010474073793,6.109155,6.757735,0.6485799999999999,6.3547709999999995,0.21459449999999958,6.38171802374633,9774.317984306103,0.4203994841329315,-0.7204370428272644,0.0022757678063918953,0.007557891865679727,0.23197777925021398,0.7998814206275959,6.381617788180093,0.08348601150609575,0.002204652520604395,0.04148416969819999,0.05994179626160592,0.22148555256753433,2.4890501818919994,21,21.0,0.13217631199637628,0.06026046709775238,0.22148555256753433,0.12092784743226181,2,1,1.0
S7,3150,3210,60,30,6.462647233333333,0.20189904069283546,5.991464,7.115355,1.1238910000000004,6.391869,0.3294075000000003,6.465800220014818,10033.57739643448,0.45777980182855377,-0.5264541583292743,0.004704273366041302,0.01226780689390991,0.312524987880377,1.2185167584458654,6.463283630012159,0.14120474464567775,0.004861447654329559,0.052035200671952456,0.07709240409285101,0.5472626155573286,3.1221120403171474,24,24.0,0.1373133981306007,0.10792736232195244,0.5472626155573286,0.1258897017350057,2,1,1.0
S7,3180,3240,60,30,6.574640416666667,0.21959933170344892,5.991464,7.115355,1.1238910000000004,6.5543335,0.38025800000000043,6.578306809122803,10385.788913988345,-0.04978110872344879,-0.8691268215700942,0.0026258751216395454,-0.002975954396279761,0.28756426186952727,1.2185167584458654,6.572616448283468,0.16992099481567743,0.0027218097429854878,0.044729567376294396,0.07079237662736583,0.5472626155573082,2.6837740425776637,22,22.0,0.12150376528953527,0.10742192131061197,0.5472626155573082,0.10235072513205858,2,1,1.0
S7,3210,3270,60,30,6.607999020833334,0.20084034477496973,6.315114,7.115355,0.8002409999999998,6.52747,0.3661859999999999,6.6110504387293565,10489.437096821668,0.6479293859383719,-0.8789464296857035,-0.0011487938301010649,-0.006166423118515187,0.28637684852777423,0.8643998127694132,6.608141692339591,0.15221105020212025,-0.0012098175862775508,0.039670765219599155,0.06807374225031519,0.3684238448684667,2.3802459131759495,21,21.0,0.13146537776290024,0.09941115363733379,0.3684238448684667,0.1152390661404749,2,1,1.0
S7,3240,3300,60,30,6.613343645833334,0.20966072209491712,6.290808,7.115355,0.8245469999999999,6.5466584999999995,0.33345625000000023,6.616666214663808,10507.265231105637,0.5731499097443157,-0.8002920610813993,0.0027145007558816454,-0.0011991066265730802,0.3484648426414182,0.8643998118048337,6.614629939158425,0.1326640423930451,0.002840274565889782,0.05555914843647188,0.08763496475805158,0.34999395232593944,3.333548906188313,24,24.0,0.1648952880338684,0.10373061651650149,0.34999395232593944,0.14984479143878168,2,1,1.0
S7,3270,3330,60,30,6.703406241666666,0.23087564124162877,6.134739,7.299567,1.164828,6.7101175,0.3416287499999999,6.707380919743142,10797.350112608245,0.013183264918259378,-0.6770765617613868,0.002510274168396249,0.0008354073047229616,0.3446067956520139,1.2999519876892762,6.704759368899788,0.15974564754229825,0.0024790500858284967,0.05531801501085485,0.07737067293690497,0.338728065787107,3.319080900651291,24,24.0,0.1591075078821322,0.07380995279400446,0.338728065787107,0.14360914132882333,2,1,1.0
S7,3300,3360,60,30,6.7039512666666665,0.24035425011392847,6.063102,7.299567,1.236465,6.677142,0.34653475,6.70825854834095,10800.175860333464,0.04606935267654742,-0.5609908851841201,-0.001490128968195213,0.009988911560208692,0.3546158485276514,1.4024721267550682,6.701254773845107,0.17206876403168558,-0.0013344145032824872,0.05522408515474358,0.08027468014028372,0.433784895621077,3.313445109284615,21,21.0,0.15521284376024946,0.09552780107263102,0.433784895621077,0.13621450816722425,2,1,1.0
S7,3330,3390,60,30,6.656848558333333,0.2613187389228046,5.739893,7.221533,1.4816399999999996,6.6470795,0.39450675000000057,6.6619756988371535,10651.660850855227,-0.3947292856731031,0.2877544239049361,0.0013017806185291975,0.005685620969556449,0.40818459786000766,1.4024720546505058,6.655610011892298,0.18699634364105153,0.0012024186958520071,0.061158597443632036,0.08595859080736837,0.433784895621077,3.669515846617922,20,20.0,0.17799767798514776,0.09901338643616504,0.433784895621077,0.17558948263699126,2,1,1.0
S7,3360,3420,60,30,6.635579595833334,0.23190185791206117,5.739893,7.126868,1.3869749999999996,6.608063,0.21747300000000003,6.639630640656356,10580.326810642255,-0.5806136473105806,1.6105998281682998,-0.001814158895735769,-0.00367316800008507,0.34800771341809,1.2618600423148507,6.635454050744452,0.17782056155943105,-0.001802745153182607,0.043027654779975055,0.06838430389787513,0.2800960928262617,2.5816592867985033,24,24.0,0.12552951289843448,0.0908606989412996,0.2800960928262617,0.12433286393510834,2,1,1.0
S7,3390,3450,60,30,6.760022895833333,0.22433030482499827,5.890403,7.474824,1.5844209999999999,6.743093,0.3228680000000006,6.763744054726921,10979.576073084903,0.3716333904614781,1.0314115952194394,0.00850385087432787,-0.002098023271306733,0.39038657901858914,1.2503343372319726,6.76014715550396,0.17462542603867412,0.008400685804677456,0.04009704718279397,0.07332435729711724,0.4949710481568923,2.4058228309676384,31,31.0,0.13280380004466893,0.10285294951418301,0.4949710481568923,0.13230370872227853,2,1,1.0
S7,3420,3480,60,30,6.929538466666667,0.16225829847337203,6.631798,7.474824,0.843026,6.911954,0.22930649999999986,6.9314378823182485,11530.759467944757,0.5807457873584093,0.21342226523776642,0.0011096988768337906,0.002645017343241863,0.4238609812568364,1.2503343372319726,6.929242153513339,0.07107462421053333,0.0011918107098382723,0.04492867410801373,0.07539843473482731,0.4949710481568923,2.695720446480824,44,44.0,0.12569554772051997,0.09037969976175922,0.4949710481568923,0.12476479900771276,2,1,1.0
S7,3450,3510,60,30,6.9120177625,0.1237431128125498,6.631798,7.341782,0.7099840000000004,6.8895665,0.14615375000000075,6.913125335699046,11469.912457700171,0.7540102176812038,0.6476243785109972,-0.0017538576464327152,-0.00329723830722631,0.24980549577979688,0.6774840276646863,6.912615410496756,0.07345628909771229,-0.0018235842987958744,0.027625995716125444,0.04747616482769737,0.2672664326083707,1.6575597429675266,32,32.0,0.09301763928311094,0.05839094048873938,0.2672664326083707,0.08921501657572375,2,1,1.0
S7,3480,3540,60,30,6.910834466666667,0.07799830873828115,6.682968,7.341782,0.6588140000000005,6.911954,0.08123199999999997,6.911274611953571,11463.772022840156,0.6795437186013967,3.8344415804337384,0.001565223555862312,-0.0004066650994900853,0.11731988388503496,0.3164720449031897,6.910831613127149,0.05625382924999783,0.0015405646780705037,0.01613832709580332,0.027288519794717456,0.16753685920043893,0.9682996257481993,17,17.0,0.06456919958182356,0.04210034752932725,0.16753685920043893,0.06257285885506433,2,1,1.0
S7,3510,3570,60,30,6.940475745833334,0.07805592936359523,6.762281,7.169083,0.4068019999999999,6.940737,0.10489900000000052,6.940914659222485,11562.3111135863,0.42111942144855513,0.36788810043738307,0.00024180671026525187,0.0022052887654575794,0.09620940635024648,0.5255380727354648,6.939594358411896,0.06456803052442793,0.00018648889043180095,0.014814625508844447,0.02087417942212109,0.09932357520450186,0.8888775305306669,20,20.0,0.05004073407524632,0.02325382960115624,0.09932357520450186,0.04831504181046955,2,1,1.0
S7,3540,3600,60,30,7.006991466666666,0.10326327048648787,6.762281,7.197227,0.43494600000000005,7.0315635,0.15990724999999983,7.007752329882318,11786.062252073054,-0.5769883549333504,-0.7936820814112235,0.0035689105763825903,0.002826162228174979,0.10219709434698639,0.525538072340531,7.007358459432425,0.09382085913554133,0.003593486542416513,0.013087151500152583,0.01975397348508067,0.09932357520450275,0.785229090009155,23,23.0,0.04310973984599727,0.024096749657100208,0.09932357520450275,0.04286623366301098,2,1,1.0
S7,3570,3630,60,30,7.082547275,0.054741591493345995,6.906837,7.218974,0.3121369999999999,7.085932,0.07675500000000035,7.082758822976338,12039.713410667799,-0.13556444731774844,0.00396558430872318,0.0009648200153630623,0.001841256694429336,0.08980150763392909,0.261212294660659,7.081912990355719,0.03547816259701126,0.0009971466838179961,0.014923487541544855,0.02099005673848829,0.09326511866305331,0.8954092524926913,22,22.0,0.04571324061851379,0.022536986948282184,0.09326511866305331,0.043728759823986565,2,1,1.0
S7,3600,3660,60,30,7.1358067875,0.0711140430710349,6.906837,7.308522,0.4016849999999996,7.14094,0.10457925000000046,7.136161132965888,12221.950971756716,-0.40836402241607417,-0.24716707120681658,0.002800787444494428,0.0001927828681854588,0.11303099545926248,0.2637085745360679,7.136214408725887,0.05309685192822916,0.0027434359381920655,0.016566375081040467,0.021861255011873065,0.08191661321826693,0.993982504862428,27,27.0,0.04513038452027443,0.020643527807561103,0.08191661321826693,0.0432767303305769,2,1,1.0
S7,3630,3690,60,30,7.1703732166666665,0.05023039452938882,7.043717,7.308522,0.26480499999999996,7.172921,0.07611550000000022,7.170549153225663,12340.026038118063,-0.13236432888081665,-0.3405248221566808,-0.0009076215217270179,-0.001006352587103631,0.10923337119325673,0.26370857452105056,7.17030485880115,0.031446897572252,-0.0009076333525735397,0.013550158596908623,0.019138710351332952,0.08257341903768012,0.8130095158145174,30,30.0,0.04003680087523558,0.018750893593512136,0.08257341903768012,0.03901456859758072,2,1,1.0
S7,3660,3720,60,30,7.145848895833333,0.05920903574252823,6.922188,7.27782,0.35563199999999995,7.149255,0.07035800000000059,7.146094188575744,12255.998916479046,-0.8234529004024024,1.4975358785619743,-0.001085212077327515,-0.002226784276154009,0.09434765022524096,0.24773100048973618,7.145868408363091,0.04622647926805353,-0.0010906259808108794,0.011678558377552394,0.01664936712941377,0.06673906568597143,0.7007135026531437,27,27.0,0.03633777491916178,0.016736656134721764,0.06673906568597143,0.03611199359846241,2,1,1.0
S7,3690,3750,60,30,7.1275342625,0.05925871840386524,6.922188,7.299567,0.37737899999999946,7.135823,0.07227774999999959,7.1277805983923415,12193.26150211639,-0.40178817347560164,0.8815246203842002,-7.553979157412742e-05,0.002997417161844976,0.08562874148744598,0.22735412586135695,7.128023931047277,0.044185102554047735,-1.1693456617605519e-05,0.012339569060321668,0.017751751640282455,0.07651226797312649,0.7403741436193001,21,21.0,0.03981681829442848,0.01644787809231768,0.07651226797312649,0.0392148509664878,2,1,0.7771904761904762
S8,150,210,60,30,0.5968663041666668,0.03997091078807582,0.537621,0.682176,0.144555,0.588791,0.06811975000000003,0.5982031918661118,85.88329410211301,0.43199686467611936,-0.9805459525930247,-0.002275629345576193,-0.002397923765766657,0.0035272202464186895,0.0066009090708640805,0.5968562053300607,0.0399461429927357,-0.0022764749621509753,0.0004410247598689354,0.0006262288965143908,0.003146346862245575,0.026461485592136125,0,0.0,0.0,0.0,0.0,0.0,1,0,0.8578095238095238
S8,180,240,60,30,0.5433188916666667,0.023241656331465074,0.508198,0.59135,0.083152,0.540179,0.03837799999999991,0.5438157708552824,70.976542231422,0.3061075380131479,-1.0578029273346299,-0.001329234215650498,-0.0013702620751437219,0.0035205041550012126,0.013132670705276794,0.543321378714545,0.023171152813441582,-0.001328828672215513,0.0004055185530099814,0.0005854808713640832,0.0031246280137117166,0.024331113180598885,0,0.0,0.0,0.0,0.0,0.0,1,0,1.0
S8,210,270,60,30,0.5217786833333333,0.014841311838908387,0.499243,0.577209,0.07796599999999998,0.519642,0.02046800000000004,0.5219897115060474,65.39358214035998,1.3318798547781487,2.311477187144324,-0.00019437118375229464,-0.00047218380862482567,0.012463257645995113,0.12905382976856972,0.5217823467302665,0.01270457898446733,-0.0001944138675527363,0.0014013088760670088,0.004028276479425686,0.02711008864759734,0.08407853256402054,2,2.0,0.025528650621777504,0.0015814380258198368,0.02711008864759734,0.018911997216568277,1,0,1.0
S8,240,300,60,30,0.5065797666666666,0.019542670003837474,0.479986,0.577209,0.09722299999999995,0.503081,0.019828499999999916,0.5069565819149933,61.68119422726399,1.4630095102491627,2.5112994478150323,-0.0007511409479402881,-0.0004507638344310531,0.01246333229940726,0.12905382976856972,0.5065752952510375,0.01797950194780842,-0.0007514034875973623,0.0014401779663048555,0.004020286331588609,0.027110088647606556,0.08641067797829133,2,2.0,0.025528650621782112,0.0015814380258244443,0.027110088647606556,0.018911997216572773,1,0,1.0
S8,270,330,60,30,0.4818139125,0.014423702116245229,0.448004,0.508129,0.06012500000000004,0.482544,0.02334575,0.4820297599332388,55.764645470711,-0.33539499382587956,-0.7665085488804548,-0.0008072692845857954,-0.0008564032327434238,0.004075645350372382,0.017042762172127413,0.48181423898165276,0.014286932637028349,-0.0008076181217833901,0.0005323549750427647,0.0006914055389893399,0.0040358090878632735,0.031941298502565885,0,0.0,0.0,0.0,0.0,0.0,1,0,1.0
S8,300,360,60,30,0.456703275,0.01645558285201029,0.426257,0.485103,0.05884600000000001,0.454401,0.026865000000000028,0.4569996363266879,50.123680224654,0.21877515562999836,-1.161460704326728,-0.000930865284966114,-0.0008349941522714439,0.004133759856013293,0.01705760612588403,0.45669444998078246,0.016312292017246502,-0.0009297012192119414,0.0005870074374191068,0.0009309169471616602,0.00631644465401987,0.035220446245146406,0,0.0,0.0,0.0,0.0,0.0,1,0,1.0
S8,330,390,60,30,0.43166727499999996,0.013126712955180678,0.407068,0.458238,0.05116999999999999,0.430095,0.02174699999999996,0.43186681615856215,44.762147255744,0.07952873253795639,-1.1389461895419022,-0.0007476267723666245,-0.0007493538532156792,0.0036570818543022287,0.01522066932083943,0.4316593081591755,0.012991780542670296,-0.000747056064881207,0.0004829014327569529,0.0008442096002536837,0.006316444659380749,0.028974085965417173,0,0.0,0.0,0.0,0.0,0.0,1,0,1.0
S8,360,420,60,30,0.41044240000000004,0.011544439399843835,0.389159,0.431374,0.042215,0.409627,0.02046800000000004,0.4106047220853855,40.463097071716,0.12586434115501202,-1.2533423208039005,-0.0006589562926577701,-0.0006208864019880307,0.0032391575858854433,0.009404788339890224,0.41044179676602394,0.011439084115002565,-0.0006588560453798093,0.000335462043600347,0.0004918988745242996,0.0030260812717444185,0.02012772261602082,0,0.0,0.0,0.0,0.0,0.0,1,0,1.0
S8,390,450,60,30,0.3942172583333334,0.0074237379909492945,0.380204,0.410906,0.030702000000000007,0.392997,0.01279199999999997,0.39428715253430247,37.310966076865995,0.48116128958405446,-0.8753140578733523,-0.0003993991504165896,-0.0004067925044892617,0.003000527929238183,0.00869355455785814,0.3942181288434623,0.007286265369151775,-0.00040004243757341796,0.00033998350279190785,0.0004992212999548858,0.0025502591521140427,0.02039901016751447,0,0.0,0.0,0.0,0.0,0.0,1,0,1.0
S8,420,480,60,30,0.384329725,0.006067914352645531,0.367412,0.394276,0.026864,0.3866,0.0067167499999999936,0.3843776230520796,35.45907770475999,-1.0522278185259273,0.12296528876708157,-0.00028756268304748245,-0.0004067925195699032,0.0032373291824584734,0.009894425832708276,0.3843364803321265,0.00586120278928545,-0.0002875999713138563,0.000411780874261652,0.000607690284058074,0.003199356683379395,0.02470685245569912,0,0.0,0.0,0.0,0.0,0.0,1,0,1.0
S8,450,510,60,30,0.37021002500000005,0.011856520203361032,0.350781,0.389159,0.03837799999999997,0.368691,0.02302599999999999,0.3703998375834327,32.927049523639994,0.15330492117577432,-1.395598414001787,-0.0006733666567175578,-0.0006208871807112811,0.003194607936993633,0.009899884934664982,0.3702091473637888,0.011761499542287793,-0.0006738880502568748,0.00042827429688651675,0.0006573383101114629,0.004178289393477974,0.025696457813191007,0,0.0,0.0,0.0,0.0,0.0,1,0,1.0
S8,480,540,60,30,0.3525563500000001,0.00861995811489244,0.33671,0.36997,0.03326000000000001,0.35334,0.014072000000000029,0.35266171269819613,29.848868064774003,0.05679060706406768,-1.0730923758025832,-0.0004863281481878095,-0.0004924352004485927,0.0033151271240820937,0.009222724667890647,0.35256433464202747,0.008458634672038239,-0.0004856918694787875,0.00039521908504154497,0.0006563102715691488,0.004881888667370826,0.0237131451024927,0,0.0,0.0,0.0,0.0,0.0,1,0,1.0
S8,510,570,60,30,0.33910822083333336,0.007776193829914433,0.3188,0.355898,0.03709800000000002,0.339268,0.010553750000000028,0.3391973682492675,27.613165110535004,0.053574473750302214,-0.6561648223007821,-0.0004340605747465808,-0.00047103486207652605,0.0036892415563197114,0.012598982811941273,0.3391275907016844,0.007601171948285878,-0.0004353246051240247,0.0004378974099716236,0.0006814060610229219,0.004881809662939551,0.026273844598297416,0,0.0,0.0,0.0,0.0,0.0,1,0,1.0
S8,540,600,60,30,0.3252070541666666,0.010484775555993845,0.295773,0.340547,0.04477399999999998,0.327755,0.014391749999999981,0.3253760264651052,25.408694063573,-0.7156183437216627,-0.44001284129345697,-0.000561249510376625,-0.0006208804386763768,0.005237309629616547,0.024849610651734633,0.3251953078228933,0.010213052711673432,-0.0005606335930899502,0.000648858232522681,0.0012276213770304539,0.008165138050471532,0.03893149395136086,0,0.0,0.0,0.0,0.0,0.0,1,0,1.0
S8,570,630,60,30,0.31348589583333336,0.008045613226679245,0.295773,0.33671,0.040937,0.311125,0.012792000000000026,0.31358912413956713,23.601153306869,0.6074304408341774,-0.5041403731414404,-0.0002781714320169658,-0.00021411414436578224,0.0051360764437471396,0.024849701951979553,0.3134803861609923,0.007686840234608121,-0.0002788319466860436,0.0006525822148698817,0.0012692561619571392,0.008139347934867092,0.039154932892192906,0,0.0,0.0,0.0,0.0,0.0,1,0,1.0
S8,600,660,60,30,0.3103303625,0.004137428810798693,0.295773,0.316242,0.020469000000000015,0.311125,0.00671575000000002,0.31035794207099937,23.117292529570996,-0.6879840725977947,-0.4248833740679214,4.3134853884585344e-05,-1.8606437302097413e-09,0.0036215220939045745,0.013196694254047792,0.31033540280243405,0.003698998385647602,4.58452194019097e-05,0.0004885812811639167,0.0008134495107495106,0.005083328203608184,0.029314876869835,0,0.0,0.0,0.0,0.0,0.0,1,0,1.0
S8,630,690,60,30,0.30707362499999996,0.006853888592814177,0.295773,0.326476,0.03070299999999998,0.30664749999999996,0.01279199999999997,0.30715010493158446,22.641884870276,0.267821090080645,-1.1705746520852773,-0.00028796218914118357,-0.00023551648118942328,0.005393964928526829,0.039990608558462704,0.3070850241959356,0.006180776089652594,-0.0002881509662203676,0.0006930484574997946,0.0014345296788443828,0.009139848563664399,0.041582907449987674,0,0.0,0.0,0.0,0.0,0.0,1,0,1.0
S8,660,720,60,30,0.30209527083333326,0.004912531154013101,0.291936,0.326476,0.034540000000000015,0.300891,0.002558999999999978,0.3021352108282055,21.908564549329007,2.7184675262054188,8.185291079910632,-8.932927585225965e-05,2.1406563512729936e-05,0.005850310161872048,0.03999060855665104,0.3021203085528492,0.0038416873523551168,-9.186504997629822e-05,0.0007183616487655332,0.0015993866899342386,0.00913976152561835,0.04310169892593199,0,0.0,0.0,0.0,0.0,0.0,1,0,1.0
S8,690,750,60,30,0.29736192499999997,0.004888120814216343,0.28426,0.314962,0.030702000000000007,0.298332,0.007676000000000016,0.2974020984539282,21.227521959552,-0.132343135831792,-0.31514646149369385,-0.00025551296561202865,-0.00019270874035316794,0.0037803529685681183,0.021576742478679023,0.2973390319106541,0.0045328496283100605,-0.00025419910066974563,0.00040786403526751685,0.0009836625537039268,0.009252719419372668,0.02447184211605101,0,0.0,0.0,0.0,0.0,0.0,1,0,1.0
S8,720,780,60,30,0.2887215416666667,0.005591969138708106,0.276585,0.299611,0.02302599999999999,0.288098,0.00895499999999999,0.28877568931824055,20.013935697894,0.13022323060036514,-1.0137274981140412,-0.0003083488564533822,-0.00027832541831107664,0.0029192171147755684,0.009735033867235066,0.288716215004893,0.005392739151985161,-0.0003088774840269636,0.0003350396777589672,0.0004667321344523259,0.001918878298856952,0.02010238066553803,0,0.0,0.0,0.0,0.0,0.0,1,0,1.0
S8,750,810,60,30,0.2847185291666667,0.0055891248039518044,0.272747,0.317521,0.04477399999999998,0.28426,0.006396999999999986,0.2847733821249875,19.463011000056998,1.6175071873871103,6.336545721399384,6.477718388754033e-05,4.2827818099051355e-05,0.010587222700831393,0.06254519946575754,0.28471730290448555,0.003801577475032466,6.35855101120189e-05,0.0008080458077163465,0.0025363150421947637,0.023639117770646256,0.048482748462980785,2,2.0,0.020659754680529413,0.0029793630901168433,0.023639117770646256,0.020659754680529413,1,0,1.0
S8,780,840,60,30,0.28656811249999997,0.00648622683845113,0.272747,0.317521,0.04477399999999998,0.286819,0.011513999999999969,0.28664150823007556,19.719205017698997,0.6762194368364054,1.718000431555299,8.405245459364631e-05,2.140695789989535e-05,0.011476740438520714,0.06254519946575754,0.28653201114116417,0.004721788312925683,8.173363376847424e-05,0.0010969471912485801,0.0028036559803758417,0.023639117770714424,0.06581683147491481,3,3.0,0.01783207937670143,0.004680729807424477,0.023639117770714424,0.01783207937670143,1,0,1.0
S8,810,870,60,30,0.28150975833333336,0.007530526742860057,0.26763,0.300891,0.03326100000000004,0.280422,0.014072000000000029,0.2816104629979445,19.03306868878,0.4079858976729527,-1.0096743991058181,-0.0003244861862655415,-0.00029974810696294405,0.00571425890283391,0.029691508143627088,0.2814784544907036,0.006806322269931878,-0.0003266017839025021,0.0008542977947769142,0.0016279546560280145,0.010762939125050719,0.05125786768661485,1,1.0,0.010762939125050719,0.0,0.010762939125050719,0.010762939125050719,1,0,1.0
S8,840,900,60,30,0.28052366666666667,0.0071079663246404155,0.26763,0.299611,0.03198100000000004,0.279143,0.013112750000000006,0.2806137037733249,18.898572178892,0.5983825601959595,-0.8645074374583563,0.00021620870651310465,2.1422120881293025e-05,0.006485301490229659,0.03278965767086306,0.2805170715278697,0.006463571018434355,0.00021528373171383834,0.0007600741093478529,0.0014498886730357028,0.010967221987250253,0.045604446560871176,1,1.0,0.010967221987250253,0.0,0.010967221987250253,0.010967221987250253,1,0,1.0
S8,870,930,60,30,0.2840416416666667,0.004824811140165372,0.272747,0.299611,0.026864,0.282981,0.00543674999999999,0.28408261651011546,19.368703920776,0.6225326862307797,-0.18335938587510903,-0.00013732171396808423,0.00012845529561556027,0.00618447063743323,0.033318582729415125,0.28402710923656616,0.004178340759743656,-0.000135152201233133,0.0005886117893648869,0.0011632642396830883,0.010967221987250253,0.03531670736189321,1,1.0,0.010967221987250253,0.0,0.010967221987250253,0.010967221987250253,1,0,1.0
S8,900,960,60,30,0.2758331166666667,0.008744482392422597,0.256117,0.289377,0.03326000000000001,0.281702,0.015351000000000004,0.2759716909799959,18.278489813366,-0.6099951536567881,-1.221164778858619,-0.00042573771566971027,-0.0003853731719549752,0.003392836125862717,0.011808005877206762,0.2758350700660665,0.008560329894165476,-0.0004264278461693411,0.00043594343334726687,0.0007399994025432883,0.005708685162602811,0.02615660600083601,0,0.0,0.0,0.0,0.0,0.0,1,0,1.0
S8,930,990,60,30,0.26415458333333336,0.007841952114092651,0.248441,0.289377,0.040936,0.261234,0.00895499999999999,0.2642709596398489,16.761393626152,1.3476650280090048,1.1256395828453885,-0.0003900917819297165,-0.000406778271269401,0.0033404762827384865,0.017160380521164198,0.2641427892997413,0.0075847889315584695,-0.00038780793195305227,0.0003877552481440315,0.0007304943719371376,0.005780443752260278,0.02326531488864189,0,0.0,0.0,0.0,0.0,0.0,1,0,1.0
S8,960,1020,60,30,0.25629252916666667,0.0038185303007155402,0.244603,0.262513,0.01791000000000001,0.257396,0.007675000000000043,0.2563209739375695,15.768106003273001,-0.3239015230194025,-0.8749418641254452,-0.00014066257311360925,2.6635221225243475e-09,0.003051896410407041,0.021068621301668866,0.25627783740754717,0.0035009219567740937,-0.0001413547282928411,0.00034530754479441953,0.0006144896768168375,0.004436907552932967,0.020718452687665173,0,0.0,0.0,0.0,0.0,0.0,1,0,1.0
S8,990,1050,60,30,0.2565430083333334,0.0038601202280409137,0.244603,0.262513,0.01791000000000001,0.258675,0.007675000000000043,0.25657204768425507,15.799011756694,-0.459793057846288,-0.9467464618477881,0.00016483234170275516,8.563928343570236e-05,0.0034480354213632983,0.02106862130192888,0.2565416103792996,0.003463638992239207,0.00016455585655187203,0.0003873113595785786,0.000648773079255537,0.0044370052563316165,0.023238681574714717,0,0.0,0.0,0.0,0.0,0.0,1,0,1.0
S8,1020,1080,60,30,0.2583872791666667,0.0020657233965932294,0.248441,0.262513,0.014072000000000001,0.258675,0.0025580000000000047,0.25839553643262525,16.024380779593,-1.2000425418177303,3.5031291342168176,-6.642997559095412e-05,-4.283156538525933e-05,0.003400541744933377,0.011112856294529072,0.2583952420586855,0.0012342628906211917,-6.682099549167142e-05,0.00036445199366597856,0.0004965323745669377,0.002628626338140705,0.021867119619958714,0,0.0,0.0,0.0,0.0,0.0,1,0,1.0
S8,1050,1110,60,30,0.25712942916666665,0.0018419185636131283,0.247162,0.261234,0.014072000000000029,0.257396,0.0025580000000000047,0.2571360262731981,15.868544641816996,-2.0030734586617407,7.038378233248585,-1.866855817487163e-05,3.5290807003810827e-10,0.0037498091524325967,0.012915040460346416,0.2571367867819213,0.0005548512435777694,-1.819673878433122e-05,0.00042002140636621436,0.0006047587748501483,0.0037912466419363633,0.02520128438197286,0,0.0,0.0,0.0,0.0,0.0,1,0,1.0
S8,1080,1140,60,30,0.25598339999999997,0.0026788035168087048,0.244603,0.261234,0.016631000000000035,0.256117,0.0025590000000000335,0.2559974161272759,15.728322495321997,-1.1145082838521674,1.3763964268332227,-8.225827024973605e-05,-2.140777870430817e-05,0.003955627272460689,0.012915040460346416,0.2560074434298496,0.001814337565750599,-8.113290355486718e-05,0.0005201235030399198,0.000754906013621937,0.0037912466419378066,0.031207410182395187,0,0.0,0.0,0.0,0.0,0.0,1,0,1.0
S8,1110,1170,60,30,0.2515113083333333,0.004400255790473688,0.240766,0.261234,0.020468000000000014,0.251,0.006395999999999985,0.25154979719842085,15.186552112935999,0.06854084948062618,-0.7959783031305268,-0.00020274560342969683,-0.0002141057272508646,0.0038059267392659977,0.009995229280249651,0.25151330034747044,0.003948651013753963,-0.00020350077683619743,0.0005207346091955806,0.0007883926470174936,0.00364357919394942,0.031244076551734834,0,0.0,0.0,0.0,0.0,0.0,1,0,1.0
S8,1140,1200,60,30,0.24526427499999998,0.005184462370812906,0.231811,0.256117,0.024305999999999994,0.247162,0.007674999999999987,0.24531906416206223,14.443546377924001,-0.7099073833595119,-0.3691286583021909,-0.0002059689996478065,-0.0002569205181593911,0.003993477769038202,0.013230004810785179,0.2452435849677571,0.004843763570215423,-0.0002073213026106831,0.0005943249186407559,0.0009621823225025583,0.005556374962143451,0.03565949511844536,0,0.0,0.0,0.0,0.0,0.0,1,0,1.0
S8,1170,1230,60,30,0.23977951249999999,0.005139869088784631,0.227973,0.256117,0.028143999999999975,0.238207,0.00511700000000001,0.23983459481273234,13.804951888557,0.9064480214994253,0.2811349299933714,-0.00022534316917729208,-0.00019268554906560584,0.003895847369674137,0.013230004810785179,0.23978223960750106,0.004757575263695657,-0.00022457110888740827,0.0005079769476934817,0.0008895619027727786,0.00555637496241243,0.030478616861608902,0,0.0,0.0,0.0,0.0,0.0,1,0,1.0
S8,1200,1260,60,30,0.2369065708333333,0.002951962463624721,0.227973,0.248441,0.020467999999999986,0.236928,0.004157750000000016,0.23692496150974857,13.472024972735,0.3946509547387517,0.8210011446751091,4.7326006013843075e-06,4.2829557128669946e-05,0.004165390134896898,0.017716371469054026,0.23689769553699488,0.0022503211128884195,5.530387680010407e-06,0.0004927947207977291,0.0008550632209202828,0.007093772854625813,0.029567683247863748,0,0.0,0.0,0.0,0.0,0.0,1,0,1.0
S8,1230,1290,60,30,0.23569659999999995,0.003521510278275507,0.225415,0.248441,0.02302599999999999,0.234369,0.00511700000000001,0.2357229057308602,13.335669188688,0.6332968855977905,0.2474543779692322,-4.659309022567184e-05,-1.5556357685051519e-09,0.004004853787562493,0.017716371469054026,0.23569863133810245,0.0029810249684612904,-4.575135732827814e-05,0.0005213002340226611,0.0009425757095440909,0.007093772855194191,0.031278014041359666,0,0.0,0.0,0.0,0.0,0.0,1,0,1.0
S8,1260,1320,60,30,0.23431071666666664,0.0033343287872357316,0.225415,0.248441,0.02302599999999999,0.23309,0.0028787500000000132,0.2343344398361204,13.179031126394,1.0822573823095627,3.120059436929849,-4.624752892879362e-05,-6.42359626410228e-05,0.004585403528040603,0.02657463861140863,0.23431312924180256,0.0024072536525995164,-4.575949757521496e-05,0.0006265213073862494,0.0013322015024285836,0.01061931994565149,0.03759127844317496,1,1.0,0.01061931994565149,0.0,0.01061931994565149,0.01061931994565149,1,0,1.0
S8,1650,1710,60,30,0.24606916250000002,0.004056990724181376,0.23309,0.254837,0.02174699999999999,0.247162,0.006395999999999985,0.24610260442991558,14.535958057725,-0.9219524033420037,0.5909047146908986,4.2165516050667334e-05,4.2828345484583166e-05,0.003953413665736163,0.013739245213058138,0.24609412453130658,0.0035323754341036184,4.050151300657656e-05,0.0004723667236758344,0.000818931772630571,0.005323402843940922,0.028342003420550065,0,0.0,0.0,0.0,0.0,0.0,3,0,0.7911428571428571
S8,1680,1740,60,30,0.24410768333333335,0.003813672273289292,0.234369,0.252279,0.01790999999999998,0.243324,0.006395999999999985,0.2441374718443996,14.304745238058,0.06797661468896526,-0.9425434954327856,-0.00013098768941595057,1.553607157381345e-09,0.0033772211736432084,0.009415409286365972,0.24413159988314817,0.003408643986762706,-0.0001293862836805998,0.0004331350957660376,0.0006612889467827056,0.0037800971993493526,0.025988105745962255,0,0.0,0.0,0.0,0.0,0.0,3,0,1.0
S8,1710,1770,60,30,0.24173572499999998,0.005351516295970857,0.229252,0.252279,0.023026999999999964,0.240766,0.007675999999999988,0.24179495335498974,14.031551872306,0.1821396654501042,-0.7675843830011284,-6.471460228829612e-05,-0.00014987763459046064,0.003158235294542061,0.007767692685553551,0.24171811251769046,0.005082436073178976,-6.49328737782029e-05,0.0004230936190651884,0.0006209068201381735,0.003422108245901584,0.025385617143911306,0,0.0,0.0,0.0,0.0,0.0,3,0,1.0
S8,1740,1800,60,30,0.24525900833333333,0.007150273180091131,0.226694,0.254837,0.028142999999999974,0.248441,0.014072000000000001,0.24536321561146854,14.448745818048,-0.6803688213148765,-0.9642478795282678,0.00014058717514695953,0.00010704614113722371,0.004907542926845542,0.037866991002912465,0.24525759988200443,0.006780583156828756,0.0001394535641189342,0.0005465425495762439,0.0010037041401927966,0.008123631326490494,0.03279255297457463,0,0.0,0.0,0.0,0.0,0.0,3,0,1.0
S8,1770,1830,60,30,0.2510102541666666,0.004543822597538254,0.226694,0.256117,0.029422999999999977,0.252279,0.003838000000000008,0.2510513772529689,15.126430564946999,-2.7014065293250065,8.961423231450272,0.0001710050307210631,0.00027833690386190596,0.004551666278019452,0.037863550164140336,0.25100424573573726,0.004066682872672173,0.0001715745604181863,0.0004759634478170313,0.0008931364707790337,0.007540414589732591,0.02855780686902188,0,0.0,0.0,0.0,0.0,0.0,3,0,1.0
S8,1800,1860,60,30,0.25460815,0.002920964962274173,0.243324,0.261234,0.01791000000000001,0.254837,0.005117000000000038,0.25462490467888904,15.560122099855997,-0.3734307247582148,0.7303814583061601,9.711134338083402e-05,8.563963911913858e-05,0.0037394075255336944,0.014633470369130541,0.25460371802627985,0.0023018287675691564,9.676941583840849e-05,0.00045296835109366466,0.000648089971586118,0.0028244732303103204,0.02717810106561988,0,0.0,0.0,0.0,0.0,0.0,3,0,1.0
S8,1830,1890,60,30,0.2575451125,0.003068292631879134,0.243324,0.262513,0.019188999999999984,0.258675,0.0012789999999999746,0.2575633890759952,15.921335854154997,-1.5235631987143692,3.4223918333525907,0.00011207112619159036,8.563779830568618e-05,0.0036642927532550247,0.014633470369578627,0.25752979100850953,0.0025457876207980535,0.00011277509685561766,0.0004808766525976343,0.0007108816034994507,0.0028760699778760945,0.028852599155858055,0,0.0,0.0,0.0,0.0,0.0,3,0,1.0
S8,1860,1920,60,30,0.2594906125,0.0019427030105869949,0.248441,0.262513,0.014072000000000001,0.259954,0.0025590000000000335,0.25949788452049566,16.161396496947,-1.7007485396712596,6.582730996843509,2.35988062368957e-05,0.00010705070395935407,0.003643935701243434,0.02463651915043541,0.2594795714816885,0.0008587478211339278,2.471444415117255e-05,0.00043672849230067836,0.0006631666467627826,0.003336684397800771,0.0262037095380407,0,0.0,0.0,0.0,0.0,0.0,3,0,1.0
S8,1890,1950,60,30,0.26026887083333333,0.001898435541215273,0.248441,0.265071,0.016630000000000006,0.259954,0.0012800000000000034,0.260275794461111,16.258437403767,-2.39980827784619,10.891502470347696,2.24371331328925e-05,4.2829376453404405e-05,0.0035400525212917412,0.02463651915043541,0.2602646727218571,0.0007578821193655019,2.2791703693191068e-05,0.0004198056213145026,0.0006110773583092984,0.003336684397800771,0.025188337278870154,0,0.0,0.0,0.0,0.0,0.0,3,0,1.0
S8,1920,1980,60,30,0.26145222500000004,0.0018830176046375686,0.252279,0.26763,0.015351000000000004,0.261234,0.002558999999999978,0.2614590057977541,16.406594811060003,-0.7823050009826212,2.9684525766189234,3.7341051923077214e-05,8.563852369328833e-05,0.0033095125154938214,0.012620800544421051,0.2614527984599869,0.0008716946661487847,3.692444554224666e-05,0.0003780688279041921,0.0006013544388488307,0.003966042987324503,0.022684129674251527,0,0.0,0.0,0.0,0.0,0.0,3,0,1.0
S8,1950,2010,60,30,0.26204925,0.0017622315102827264,0.252279,0.26763,0.015351000000000004,0.262513,0.0012789999999999746,0.2620551752693664,16.481499572510003,-1.5880809836269985,6.107328638038693,-1.2220290611632606e-05,-2.1406650811402177e-05,0.00354556778338442,0.011496484759688563,0.2620476452569636,0.0004378688331172493,-1.249626048266487e-05,0.0004012200039662318,0.0005990234776856517,0.003966042987281704,0.024073200237973907,0,0.0,0.0,0.0,0.0,0.0,3,0,1.0
S8,1980,2040,60,30,0.26196932083333335,0.0014600303482802358,0.254837,0.265071,0.01023400000000002,0.262513,0.0012789999999999746,0.26197338938620435,16.471213619159002,-1.3874762722769896,4.592602828485127,2.702888363947291e-06,1.9543272393237037e-09,0.0028515259723040066,0.010783917782847485,0.26196646457986217,0.0004954121810242007,2.1374969563793258e-06,0.0003270941389291885,0.0004404458385363174,0.001968793754551501,0.01962564833575131,0,0.0,0.0,0.0,0.0,0.0,3,0,0.8755
S8,3300,3360,60,30,0.5933699708333332,0.057135683447707614,0.483823,0.691062,0.20723899999999995,0.576569,0.1061780000000001,0.5961144257689017,85.284578066349,0.22251573696579438,-1.5110820943461851,0.003024144613236238,0.0027190719524027894,0.025890170450202917,0.09015258327698472,0.5934707460832845,0.05555792553949274,0.0030326051047026748,0.004399268724630862,0.0075324957663815036,0.03992152237729174,0.2639561234778517,11,11.0,0.023009184723394607,0.0077264519666515015,0.03992152237729174,0.022540745138434393,2,1,1.0
S8,3330,3390,60,30,0.6887488083333333,0.051639886967068366,0.555462,0.784447,0.228985,0.684666,0.09242574999999997,0.690681981020613,114.489983737574,-0.3451867822667856,-0.7649061919422291,0.0026049137177985406,0.002890348842830355,0.02598338330657085,0.0868820981180849,0.6886605120745336,0.04922526268657103,0.002617039981150606,0.00468996815261352,0.00800166098320274,0.04478070929137545,0.2813980891568112,10,10.0,0.022606031542869533,0.011146977775229302,0.04478070929137545,0.022606031542869533,2,1,1.0
S8,3360,3420,60,30,0.759576675,0.041197332427529515,0.680828,0.84841,0.167582,0.7518265,0.06428274999999994,0.7606930691173674,138.876946896768,0.1896671269116838,-0.8755102752764876,0.0018778005149136818,0.0023551034820669054,0.027225684289055658,0.10970207887324168,0.7593462890712616,0.03785891566043188,0.0018883084928106016,0.005132239127596091,0.008106726975598664,0.044780709291371235,0.30793434765576544,11,11.0,0.022572793713810047,0.009908431610896324,0.044780709291371235,0.022075592925189548,2,1,1.0
S8,3390,3450,60,30,0.7872245208333334,0.0363976757824759,0.696179,0.84841,0.152231,0.7940415000000001,0.04125600000000007,0.7880655029904795,149.051336880873,-0.7078273153476993,-0.26610668116477854,0.0002511394483039019,0.00036396174949937754,0.04273479575681234,0.23007186433822202,0.7872298554667775,0.02878236431458536,0.00023024326986022768,0.007587404532801891,0.010684600276193598,0.04614790272525804,0.45524427196811346,12,12.0,0.02931585724967703,0.008672974305445828,0.04614790272525804,0.02886008986012541,2,1,1.0
S8,3420,3480,60,30,0.7701571458333334,0.0356662703534385,0.696179,0.845852,0.14967300000000006,0.770376,0.060124999999999984,0.770982562785353,142.659386908577,0.08672299714798193,-1.120729179030782,-0.0009151624788237813,-0.0007279437684870985,0.043057723191866897,0.22968107710732166,0.7698946355361308,0.028432860856044028,-0.0009089937489660346,0.0074509268024816385,0.01027599659014504,0.05683053260876936,0.44705560814889833,14,14.0,0.025251179647043837,0.01136948345010415,0.05683053260876936,0.02505213270936661,2,1,1.0
S8,3450,3510,60,30,0.7478714833333332,0.02868179572175916,0.673153,0.804916,0.13176299999999996,0.744791,0.04125599999999996,0.7484212724054715,134.432256237366,0.048762237527119306,-0.6543468631317753,-0.00015650880773479666,0.00040680050734917344,0.03691320395204129,0.13816084782041793,0.7479107778398677,0.021427570970529945,-0.0001486944095299797,0.006550500089527631,0.010399332530108456,0.05874783816917639,0.39303000537165783,11,11.0,0.026014878282818153,0.014110828597031706,0.05874783816917639,0.026014878282818153,2,1,1.0
S8,3480,3540,60,30,0.7663247083333332,0.0362180595912674,0.673153,0.839455,0.16630199999999995,0.769096,0.053728,0.7671801003954188,141.255673546254,-0.2860739317640387,-0.7456285525947854,0.0009326094089410163,-2.14060669166881e-05,0.03915430815621341,0.13816084782042148,0.7662344655663562,0.030237816389319497,0.0009579109300389476,0.007512760025626368,0.01074039766211148,0.05874783810681039,0.45076560153758205,14,14.0,0.024957563795111232,0.01321851644344482,0.05874783810681039,0.02456541402611714,2,1,1.0
S8,3510,3570,60,30,0.83748845,0.056546922820175045,0.715368,0.939237,0.22386899999999998,0.8273025,0.10106099999999996,0.8393952932700024,169.10027000732,-0.04616730700066872,-1.1843693603898884,0.0023577881049987102,0.0027618747541839263,0.0340954444364783,0.16860686181336115,0.8374139669287464,0.05340983509782827,0.0023554050524337354,0.005660147361499714,0.008301510330696985,0.037083699140631254,0.33960884168998284,12,12.0,0.022957993574226187,0.009017397218502393,0.037083699140631254,0.022523928815081983,2,1,1.0
S8,3540,3600,60,30,0.8800822250000001,0.029957644160259134,0.761421,0.939237,0.17781599999999997,0.8848685000000001,0.035819000000000045,0.8805919504541154,186.1061239691,-0.9939527772222234,2.042529471765601,-0.00014131575019233649,0.002162433116959993,0.035625423865640014,0.16833757347024214,0.8798762116975964,0.0231528827652383,-0.00011809793015174278,0.005706983290259206,0.009469461793898817,0.04166751688025239,0.3424189974155524,12,12.0,0.02639152468722576,0.008976354011786886,0.038153263588683095,0.02603776799979171,2,1,1.0
S8,3570,3630,60,30,0.8462247333333333,0.039055028028781254,0.757583,0.920048,0.16246499999999997,0.8375365,0.06396299999999999,0.8471254892395813,172.229182684656,-0.06885615599433806,-0.8869374650858193,-0.0014172035942853318,-0.0022694764397354766,0.033311902261377,0.1241937825435162,0.8463748191332227,0.0348362238827133,-0.0014390506431770581,0.005651990246208665,0.009155115594563005,0.04045569730233545,0.33911941477251994,12,12.0,0.02525136339662763,0.009885331358829151,0.04045569730233545,0.02525136339662763,2,1,1.0
S8,3600,3660,60,30,0.7952465166666667,0.04060911010885433,0.716647,0.890625,0.17397799999999997,0.803636,0.06812074999999995,0.7962826898120415,152.175869302632,0.022546449961467315,-0.8472666832497868,-0.0009760066243492826,-0.0017984442171226152,0.026773925571046946,0.1241937825435162,0.7955138032800962,0.037463023463283215,-0.0009860027667777595,0.004450606188244411,0.007778760591210904,0.03929478525801455,0.2670363712946646,6,6.0,0.02510318092185441,0.008745435174118191,0.03929478525801455,0.02510318092185441,2,1,1.0
S8,3630,3690,60,30,0.7702583958333332,0.028435949863201027,0.716647,0.867599,0.15095199999999998,0.7646189999999999,0.02974275000000004,0.7707831080118209,142.585583903127,1.1964605043912058,1.8022048181128518,0.00017631931862629874,-0.00023550123534361663,0.01748828560300513,0.10033326795809572,0.7701574274849271,0.026071660610773352,0.00017189838273822932,0.0026767916011514173,0.004880079902889503,0.0269347422531524,0.16060749606908503,5,5.0,0.019010471556285834,0.005647690737541076,0.0269347422531524,0.019010471556285834,2,1,1.0
S8,3660,3720,60,30,0.7633291,0.013199656345526575,0.737115,0.787006,0.04989100000000002,0.7627,0.02302700000000002,0.7634432171644792,139.882931000268,-0.02541579000054413,-1.1893025479757175,-0.0002453051569438461,-0.0004068009560882203,0.012085435366969892,0.05868623378997384,0.7634247904829895,0.010323158774180899,-0.00023160363094229717,0.0025562825215025365,0.0040758418727079426,0.021489731230459275,0.1533769512901522,4,4.0,0.017062563130330888,0.0027938203714437306,0.021489731230459275,0.017062563130330888,2,1,1.0
S8,3690,3750,60,30,0.7706421874999999,0.022974339566365708,0.735836,0.833059,0.09722299999999995,0.765259,0.033260999999999985,0.7709845662743814,142.660128343991,0.6411136909289392,-0.29729226444790147,0.0009079876082908181,0.000535259358741018,0.013743092028388764,0.0586860365999784,0.7704795190055744,0.02061299943848272,0.0009034897369640931,0.00338819752152597,0.005308302946000723,0.021989623625273236,0.2032918512915582,5,5.0,0.019696742646028876,0.0021533731307087174,0.021989623625273236,0.019696742646028876,2,1,1.0
S8,3720,3780,60,30,0.8026661583333333,0.03833241532143429,0.735836,0.937958,0.2021219999999999,0.795321,0.04349499999999995,0.803580945392539,154.978160591512,0.8988072225590197,0.8487681118652612,0.0014813743924880073,0.0007921623228972283,0.022778244176918188,0.097066602372057,0.802622532430266,0.03585256902718535,0.001474467237195871,0.004248872092961326,0.007490795226071713,0.04803439357421235,0.2549323255776796,8,8.0,0.024764269556130578,0.009484022320199426,0.04803439357421235,0.024764269556130578,2,1,1.0
S8,3750,3810,60,30,0.8504695625,0.07632036906403881,0.765259,1.065883,0.3006239999999999,0.820267,0.06588150000000004,0.8538871561705402,174.989586113523,1.3135666959122632,0.42796343122306224,0.0026684858349698805,0.003790709019312183,0.03384245789705972,0.23175757745901615,0.8506060332137316,0.07377358125337513,0.0026683090301522923,0.005197506603461132,0.009092242553027048,0.05274761828945351,0.3118503962076679,10,10.0,0.026548729124579683,0.012958163451182027,0.05274761828945351,0.026548729124579683,2,1,1.0
S8,3780,3840,60,30,0.8874690916666665,0.07256192814635369,0.784447,1.065883,0.2814359999999999,0.8727849999999999,0.1295409999999999,0.8904305824038026,190.287989299194,0.5166089474182142,-0.9142241600708392,0.0010238625835498998,0.0012857694870248473,0.029295923918997786,0.23175757745901615,0.8873643622808867,0.07035650959916832,0.0010134209723907455,0.004595276688795213,0.008023273666369197,0.052747618282562025,0.2757166013277128,9,9.0,0.0225463853559862,0.01304918168147869,0.052747618282562025,0.021735251955903572,2,1,1.0
S8,3810,3870,60,30,0.8514160333333332,0.05855803399661646,0.762769,0.996872,0.23410299999999995,0.8478395,0.09562424999999997,0.8534273871646121,174.801193239028,0.44141491369255614,-0.6899387887526265,-0.003167604665446889,-0.0038966350663551847,0.011304525302930296,0.05018240020992426,0.8513859310542333,0.058220214928119185,-0.0031738572087598588,0.002051720658236527,0.0035139150264815373,0.023500411882088845,0.12310323949419161,2,2.0,0.01748415094891259,0.006016260933176254,0.023500411882088845,0.01748415094891259,2,1,1.0
S8,3840,3900,60,30,0.7871976291666667,0.03371189582896988,0.733346,0.879181,0.14583499999999994,0.785796,0.04349400000000003,0.7879191578366426,148.995983828641,0.5832466527121142,-0.07315940563455392,-0.0011399436659502455,-0.0016485745247980252,0.00863156471805925,0.044878815894447754,0.7872253747288395,0.033236138841905176,-0.0011450513590858477,0.0016218363447206424,0.0028987375401215475,0.018656422042079956,0.09731018068323855,1,1.0,0.018656422042079956,0.0,0.018656422042079956,0.018656422042079956,2,1,1.0
S8,3870,3930,60,30,0.7738934083333333,0.01884983260425047,0.733346,0.808822,0.07547599999999999,0.77812,0.024625750000000002,0.7741229383314977,143.823917676238,-0.4126356879974074,-0.6272328319275702,0.0004839674222986783,0.00021410910272679032,0.008334632269636048,0.044878815894447754,0.7738792564710452,0.01789004082582022,0.0004833421671949048,0.001498619818190372,0.0029027949169159357,0.018656422042098053,0.08991718909142232,1,1.0,0.018656422042098053,0.0,0.018656422042098053,0.018656422042098053,2,1,1.0
S8,3900,3960,60,30,0.8398441458333333,0.09099309137923367,0.757652,1.065952,0.3083,0.7838769999999999,0.11129499999999992,0.8447590970029686,171.268303672625,1.1827033111154546,-0.011017199495149121,0.004307972481052734,0.004174952497705273,0.019519643585271276,0.11790091049604268,0.8401450737592875,0.09060481012471132,0.0043410019315125925,0.004234132442782758,0.00841624410327026,0.04366288753809133,0.2540479465669655,4,4.0,0.026236918408470367,0.011043201102241171,0.04366288753809133,0.026236918408470367,2,1,1.0
S9,60,120,60,30,0.41164360833333336,0.01865830325453694,0.376344,0.449257,0.072913,0.4089625,0.031019749999999957,0.412066247783078,40.751662214886004,0.39221170842203196,-0.99313911544604,-0.0010055473268671543,-0.0008777529396509696,0.008373562004385784,0.0236946559926956,0.4116084252556311,0.01826084081941008,-0.0010100859575268369,0.0012975233131697814,0.0016720435159943083,0.008903881178267181,0.07785139879018689,0,0.0,0.0,0.0,0.0,0.0,1,0,0.745904761904762
S9,90,150,60,30,0.39228008333333336,0.008203877526392966,0.364831,0.414719,0.04988799999999999,0.390415,0.008955000000000046,0.39236585909897287,36.948232172754004,0.5016545029381304,0.8276691274930905,-0.00030949473497717656,-0.0002997273320929226,0.007534852067921616,0.03515438491235856,0.39225298044330076,0.00720445289534297,-0.00030720613753146736,0.001016786218267568,0.0014743414954229703,0.01053453543969951,0.06100717309605408,1,1.0,0.01053453543969951,0.0,0.01053453543969951,0.01053453543969951,1,0,1.0
S9,120,180,60,30,0.3805649625,0.009678127856293305,0.349481,0.395531,0.046050000000000035,0.384019,0.016629000000000005,0.3806880045935637,34.781605641943,-0.6401395913648391,-0.7285042809688673,-0.00045029029728231536,-0.0004067586986713045,0.006213738056779951,0.03515438491235856,0.3805645858252028,0.009170850264958232,-0.0004504536755120495,0.000718071096037452,0.0011113637514138716,0.005337986027413533,0.04308426576224712,0,0.0,0.0,0.0,0.0,0.0,1,0,1.0
S9,150,210,60,30,0.36361060833333336,0.012001540187128647,0.337968,0.389135,0.05116700000000002,0.362273,0.01918700000000001,0.3638086192758495,31.765610750256002,0.27868682933721645,-0.8982208841976638,-0.0006744086847333933,-0.000706479078097806,0.0042985435878151864,0.015409329897615232,0.3635969784612366,0.011803357052608739,-0.0006754398827580519,0.0005972404217551378,0.0008494786920170298,0.003336420665618567,0.03583442530530827,0,0.0,0.0,0.0,0.0,0.0,1,0,1.0
S9,180,240,60,30,0.3477755125,0.007764850040396384,0.329014,0.363552,0.03453800000000001,0.346923,0.011512999999999995,0.3478621853418211,29.041943997789005,0.07185880585243823,-0.5887564651950545,-0.00038091007658559186,-0.0003853546233422291,0.004687889081679298,0.015409329287469742,0.34776918926516476,0.007303096363785457,-0.00038117071212272755,0.000761802305306528,0.0011275861868656387,0.004671177709643759,0.04570813831839168,0,0.0,0.0,0.0,0.0,0.0,1,0,1.0
S9,210,270,60,30,0.33528756666666665,0.00885575656069103,0.316223,0.349481,0.03325800000000001,0.337968,0.015349999999999975,0.3354044972648946,26.999082428524,-0.5009988086056498,-1.0667430752826408,-0.0004345952391488871,-0.0005138056363609524,0.004120064156555193,0.015033973540971024,0.3352673447988651,0.008502594022894905,-0.0004337485248939868,0.0006792710130913674,0.0010405800783875507,0.004671177709505259,0.04075626078548204,0,0.0,0.0,0.0,0.0,0.0,1,0,1.0
S9,240,300,60,30,0.32036386666666666,0.0103912321100799,0.298314,0.341806,0.043491999999999975,0.318781,0.014071,0.32053234590347246,24.657836344892,0.41025536929155615,-0.8311050796276165,-0.0005818525279017397,-0.0005994432064946636,0.0033797902542789305,0.01621057031749351,0.3203697545784289,0.010282999194301612,-0.0005835112985191935,0.00042576677444793596,0.000574679262505663,0.002710498506352188,0.02554600646687616,0,0.0,0.0,0.0,0.0,0.0,1,0,1.0
S9,270,330,60,30,0.3070604333333333,0.006100593468034258,0.293197,0.32006,0.026863000000000026,0.305989,0.010233000000000048,0.3071210298229619,22.637598470284,0.3114379022022279,-0.9278553554522677,-0.00032799147883430643,-0.0003425411808536213,0.003611351354555988,0.010270063506877314,0.30705680052097784,0.005830701277050528,-0.00032711213772586,0.00043919696120975143,0.0006756027285484995,0.004971475723579755,0.026351817672585084,0,0.0,0.0,0.0,0.0,0.0,1,0,1.0
S9,300,360,60,30,0.29971587083333334,0.003946782351378053,0.288081,0.307268,0.01918700000000001,0.300872,0.005116999999999983,0.2997418561367639,21.562843276874997,-0.28994366896877033,-0.4200781344935858,-0.00018467822889973757,-0.00012845171156726179,0.0038140231533047952,0.01273585167509017,0.29970753934305056,0.0034617712601182227,-0.00018441953778676665,0.0005111032168132595,0.0007846361251886517,0.004971475758533295,0.03066619300879557,0,0.0,0.0,0.0,0.0,0.0,1,0,1.0
S9,330,390,60,30,0.2944126166666667,0.003966311491136597,0.284243,0.30471,0.020466999999999957,0.294477,0.005116999999999983,0.2944393324258128,20.806684915046,0.44927446746053207,-0.26235433052394486,-0.00019632185110815586,-0.00021407572199386217,0.0033284023599858166,0.012735851675089283,0.29440664064006533,0.0036002284750717437,-0.0001950495418905962,0.00042282586348809265,0.0005895845709244856,0.0028171236041050762,0.02536955180928556,0,0.0,0.0,0.0,0.0,0.0,1,0,1.0
S9,360,420,60,30,0.28869896249999993,0.003614203892665768,0.276568,0.295756,0.01918800000000004,0.2887205,0.006396000000000013,0.288721584607653,20.006436820404996,-0.27072815532821565,-0.429965401549127,-0.00018678429901165726,-0.00012845282958787697,0.0028934560384227177,0.012732388334160127,0.2886927570391874,0.003308389766888514,-0.0001867017286914092,0.00033518122328418757,0.0004720576042599334,0.0020812505335323084,0.020110873397051254,0,0.0,0.0,0.0,0.0,0.0,1,0,1.0
S9,390,450,60,30,0.28237771666666667,0.004487518991943719,0.268893,0.290639,0.021745999999999988,0.282964,0.006396000000000013,0.28241337202155165,19.14175504718,-0.45370879339641673,-0.5844977632253547,-0.0002248597811655891,-0.0002569003208561405,0.00400349797951048,0.02385421925145481,0.282381805679287,0.004057549543395586,-0.00022424777733012205,0.00045577003098591846,0.0006875801214259485,0.004464411667628121,0.02734620185915511,0,0.0,0.0,0.0,0.0,0.0,1,0,1.0
S9,420,480,60,30,0.27737823333333333,0.0037727426368477494,0.266335,0.295756,0.02942100000000003,0.277847,0.005116000000000009,0.2774038895079249,18.468700299389997,0.4210908148694623,1.9564805597617454,-0.00011772426471387849,-0.00023549527978276324,0.005860387354037616,0.03937032021461495,0.2773804465606296,0.002762758168412968,-0.00011894405777712768,0.0005878329018835698,0.0011341320714602793,0.010478961120876817,0.03526997411301419,1,1.0,0.010478961120876817,0.0,0.010478961120876817,0.010478961120876817,1,0,1.0
S9,450,510,60,30,0.27373795833333336,0.003916744915308782,0.262497,0.295756,0.03325900000000004,0.27401,0.005116999999999983,0.27376597802362757,17.987474573575998,0.5146415972206063,3.461299132146144,-0.00014007694756998452,-8.563822704521635e-05,0.005543795335368767,0.0393703216931085,0.27375024144801874,0.0029261463346834018,-0.00014074385899401497,0.0006473258573381023,0.0012363700464295554,0.01038020664775463,0.03883955144028614,1,1.0,0.01038020664775463,0.0,0.01038020664775463,0.01038020664775463,1,0,1.0
S9,480,540,60,30,0.2654659916666667,0.00733269309212269,0.249705,0.279126,0.029420999999999975,0.266335,0.014390750000000008,0.2655672440636269,16.926230668692,-0.23766979507166422,-1.202949929833016,-0.0003971464968148301,-0.0003211356310604385,0.0035791740938422682,0.008127367878361769,0.26544078237181007,0.007075197418280934,-0.00039660568694556235,0.0005354589227070566,0.0008506343489315452,0.005374153327475595,0.032127535362423396,0,0.0,0.0,0.0,0.0,0.0,1,0,1.0
S9,510,570,60,30,0.25428917500000003,0.0062614627892403595,0.240751,0.267614,0.026863000000000026,0.253543,0.007995750000000024,0.25436625255415013,15.528525705226002,0.41083257318047933,-0.707406715787938,-0.00034145591281549735,-0.0003425456739297537,0.0034119625092460235,0.01171316142259804,0.2542861977111149,0.006060086472670836,-0.0003419205725466721,0.00039187644898794317,0.0005184894573509926,0.0022298187157560045,0.02351258693927659,0,0.0,0.0,0.0,0.0,0.0,1,0,1.0
S9,540,600,60,30,0.2490179333333333,0.006233735255625013,0.236914,0.305989,0.069075,0.248426,0.007674999999999987,0.24909594652832406,14.891709738442003,3.734319735357516,29.113122976022083,2.121544527450994e-05,0.00010704669704879896,0.010479087745472546,0.08341817206864466,0.24904423066123754,0.004623614765411395,2.2884301043414033e-05,0.0008143097285383734,0.0029404059060613164,0.030456288066539938,0.04885858371230241,2,2.0,0.023392897375766483,0.007063390690773455,0.030456288066539938,0.023392897375766483,1,0,1.0
S9,570,630,60,30,0.25159764166666665,0.009365776176498343,0.236914,0.322618,0.085704,0.250985,0.00895399999999999,0.2517719028319417,15.213381853348,3.502833975075803,20.222455697103573,0.00016163750474241462,6.422477330258282e-05,0.016980406620940445,0.09920402861899502,0.2516250106368454,0.006000342655581426,0.00016298210388045542,0.00147899136095263,0.004694623879612912,0.0362862079898566,0.0887394816571578,4,4.0,0.027373036060336843,0.007277119206462254,0.0362862079898566,0.027373036060336843,1,0,1.0
S9,600,660,60,30,0.25185334583333335,0.007302887348021965,0.24203,0.322618,0.08058800000000002,0.249705,0.0038379999999999803,0.25195920298941754,15.236025593055002,5.626461224360293,44.834679808448804,-0.00018136171901677822,-0.00012845249988515438,0.013950073952650063,0.0992040286189999,0.2518324215676254,0.004132788764898038,-0.00017956427731835633,0.0011366462094700852,0.0037904571857762166,0.03628620827526735,0.06819877256820511,2,2.0,0.03135272680642581,0.0049334814688415385,0.03628620827526735,0.03135272680642581,1,0,1.0
S9,630,690,60,30,0.24839420416666666,0.0032569133079982317,0.236914,0.261218,0.024303999999999992,0.248426,0.003837000000000007,0.24841555536617974,14.810469155493003,0.6870527413358546,2.974061373246882,-2.5761693076649528e-05,2.1427356742458856e-05,0.005198622966680334,0.032551648359832486,0.24837644751490703,0.002403042493720802,-2.6415139841515304e-05,0.0005706920270494172,0.0009487027720538654,0.007728770379591993,0.03424152162296503,0,0.0,0.0,0.0,0.0,0.0,1,0,1.0
S9,660,720,60,30,0.24462602916666665,0.00549994003179271,0.229239,0.261218,0.03197900000000001,0.245868,0.006396000000000013,0.24468784907756286,14.369314436689002,0.16249591544770253,0.651224369124237,-0.0001758387284351438,-8.562479347090112e-05,0.00678697124449658,0.035681274338224434,0.24460964206385938,0.0045719955792537835,-0.00017599093269058752,0.0007931185666246772,0.0015770111027781884,0.013256590684910446,0.04758711399748063,1,1.0,0.013256590684910446,0.0,0.013256590684910446,0.013256590684910446,1,0,1.0
S9,690,750,60,30,0.24059130416666666,0.004484869899077263,0.229239,0.259939,0.030699999999999977,0.240751,0.003837000000000007,0.24063310183478326,13.897029527671002,0.4892977690601503,1.4915304368684694,-0.00011287573946767979,-0.00012845210322033623,0.006591808027170247,0.035681274338224434,0.2405939574343459,0.0033584773555321613,-0.00011083582809452281,0.0008817305460752765,0.0015705165982513943,0.013256590684909947,0.052903832764516594,1,1.0,0.013256590684909947,0.0,0.013256590684909947,0.013256590684909947,1,0,1.0
S9,720,780,60,30,0.23737746666666665,0.0037905313401363043,0.225401,0.244589,0.01918800000000001,0.236914,0.005435999999999996,0.23740772904209545,13.526983154142002,-0.3299087565528006,-0.20750257420318885,-0.00014259051705127674,-0.00012845094788292054,0.005273521200767202,0.01928188070863368,0.2373483029070808,0.00285053069153624,-0.00014016302461575413,0.000870004186609345,0.0011736749653698786,0.005175918092677756,0.0522002511965607,0,0.0,0.0,0.0,0.0,0.0,1,0,1.0
S9,750,810,60,30,0.233145575,0.003372539544276441,0.224122,0.24203,0.017908000000000007,0.233076,0.00511700000000001,0.23316996625864647,13.048375959614,0.1432300278971337,-0.4987395923649314,-0.0001364239166613694,-0.00019266582416466264,0.00417320064066916,0.019281886992509323,0.23315146346625332,0.002755294978500267,-0.00013736309199240945,0.0005617684809282226,0.0008097132537505655,0.004215347029939892,0.033706108855693355,0,0.0,0.0,0.0,0.0,0.0,1,0,1.0
S9,780,840,60,30,0.23054463333333336,0.0037301697156057454,0.222843,0.257381,0.03453800000000001,0.230518,0.0025580000000000047,0.23057480808819583,12.759538109978001,3.0917029292649,17.2916239370799,-5.172104550039092e-06,-2.1412063739996602e-05,0.005604402724467461,0.04849126992453756,0.23052571984646886,0.0022188973301247054,-1.0158563928933195e-05,0.0007250607268640335,0.0018873915697123899,0.018377950940772853,0.04350364361184201,1,1.0,0.018377950940772853,0.0,0.018377950940772853,0.018377950940772853,1,0,1.0
S9,810,870,60,30,0.22812481666666667,0.0044412419790402,0.215168,0.257381,0.04221300000000003,0.22796,0.004157750000000016,0.2281680446721597,12.494557586284,2.395443852972221,12.80078467705523,-0.00010469937534074145,-2.1402382749013774e-05,0.005920047424386024,0.04849126682588678,0.22813849977498254,0.0032811729706786093,-0.0001040273974501264,0.0007495879986346537,0.0018623099239592782,0.018172642541590456,0.044975279918079224,1,1.0,0.018172642541590456,0.0,0.018172642541590456,0.018172642541590456,1,0,1.0
S9,840,900,60,30,0.22567828750000002,0.010892028316457426,0.213889,0.346923,0.13303399999999999,0.2247615,0.005115999999999982,0.22594097842086805,12.251838175147,8.289642008239689,79.96167574165725,-0.0001419700536822014,-0.00012845261537708746,0.023172313026647125,0.21759332334524628,0.22568379135676275,0.0053981613490895995,-0.00014195340372139713,0.0014071433232439833,0.007484447609007692,0.08425989166655953,0.084428599394639,1,1.0,0.08425989166655953,0.0,0.08425989166655953,0.08425989166655953,1,0,1.0
S9,870,930,60,30,0.2205882,0.01178806447577379,0.207493,0.346923,0.13942999999999997,0.219005,0.006396000000000013,0.22090294801863783,11.711546986398002,7.5614848490915625,69.72999964709521,-0.0003428200975861883,-0.00023549989123953615,0.023058664656752586,0.21681913060230862,0.2205391289888239,0.007538392114831766,-0.00034070005634773885,0.001306909037220251,0.006874746723469585,0.07895967271722398,0.07841454223321506,1,1.0,0.07895967271722398,0.0,0.07895967271722398,0.07895967271722398,1,0,1.0
S9,900,960,60,30,0.2149012375,0.003033331140197813,0.203655,0.221564,0.017909000000000008,0.215168,0.00511700000000001,0.2149226441695651,11.086018314441,-0.5163856344257592,0.3287436904699037,-7.295870936608752e-05,-6.42113738023756e-05,0.004330952280990112,0.012916734682092756,0.21489957128780104,0.002175068378463528,-7.366722877283858e-05,0.0006684334493089633,0.0009718304351181981,0.003731381596244504,0.0401060069585378,0,0.0,0.0,0.0,0.0,0.0,1,0,1.0
S9,930,990,60,30,0.21415517916666665,0.002403927745461438,0.203655,0.220284,0.016629000000000005,0.213889,0.0025590000000000057,0.21416867098740774,11.008372711803,-0.9769010800082413,2.1153660543692414,2.1151810110472914e-05,2.1406438815959126e-05,0.004173510130917033,0.012916735753445874,0.21416018563135836,0.0012409329754849978,2.0468622281374055e-05,0.00068513033109434,0.0009422488445745541,0.0037313815850320564,0.0411078198656604,0,0.0,0.0,0.0,0.0,0.0,1,0,1.0
S9,960,1020,60,30,0.21313179999999995,0.0028268023162223424,0.203655,0.219005,0.015350000000000003,0.213889,0.003838000000000008,0.2131505453489974,10.903957195818,-0.5575903064787521,0.26709943883000653,-5.536556315617971e-05,1.879687277516005e-09,0.0037051751453324455,0.017774662329253288,0.21312808998636246,0.0020210977085571937,-5.518305376098809e-05,0.0005758663761861829,0.0008551358382544912,0.00482532152359752,0.034551982571170974,0,0.0,0.0,0.0,0.0,0.0,1,0,1.0
S9,990,1050,60,30,0.21222029999999997,0.0028205094046407047,0.202376,0.219005,0.016629000000000005,0.212609,0.003838000000000008,0.21223904213266623,10.810898641294001,-0.22985588644228236,0.6086040605445984,4.895667352967537e-05,3.0839003303608978e-09,0.0041569911338653525,0.017774662329253288,0.21223199181503508,0.0019026343476323372,5.0817595768777646e-05,0.0005780030922415817,0.0008220294573951011,0.00482532152359752,0.0346801855344949,0,0.0,0.0,0.0,0.0,0.0,1,0,1.0
S9,1020,1080,60,30,0.21330232916666664,0.002740567650289987,0.202376,0.219005,0.016629000000000005,0.213889,0.003838000000000008,0.21331993422784198,10.921294641353,-0.5670079228242868,1.0577867188290435,3.841124593294381e-05,6.423287824393547e-05,0.00464470742444765,0.02272057007226258,0.21331464632144617,0.0016415454326989907,3.8143704630991654e-05,0.0006248116886614955,0.0008393645076611312,0.003912757173928333,0.03748870131968973,0,0.0,0.0,0.0,0.0,0.0,1,0,1.0
S9,1050,1110,60,30,0.2154715833333333,0.002830853051888937,0.203655,0.220284,0.016629000000000005,0.216447,0.003837000000000007,0.21549017832183212,11.144644068762,-0.8896198679392348,1.0106852775344182,7.584579840343008e-05,8.564238868603817e-05,0.00387764615447971,0.01562130469484957,0.21545280328014027,0.0019191113789879615,7.724274933021095e-05,0.0005886671308176449,0.0008281474822055498,0.003739141265178353,0.035320027849058695,0,0.0,0.0,0.0,0.0,0.0,1,0,1.0
S9,1080,1140,60,30,0.21624974166666666,0.0021071239561537996,0.210051,0.220284,0.01023300000000002,0.216447,0.0025580000000000047,0.2162600072650204,11.224413778144001,-0.6479804051296578,0.4448607094953734,-5.031003143058509e-05,4.281300042281611e-05,0.0030662424757741447,0.008708661408637464,0.21625251723660047,0.0012903334979454091,-4.9877540291904624e-05,0.000424433535061475,0.0005631426161554619,0.0023499415480756625,0.0254660121036885,0,0.0,0.0,0.0,0.0,0.0,1,0,1.0
S9,1110,1170,60,30,0.2148427125,0.0021618493830153304,0.206214,0.220284,0.01407,0.215168,0.0025580000000000047,0.21485358900216794,11.078895529707001,-0.4372983894354069,1.064887106453881,-4.242719444297748e-05,-4.2825848057870494e-05,0.0032317048057476532,0.012801837710978314,0.2148438783110098,0.0014089639482129052,-4.3421104714731084e-05,0.00043177434601741324,0.0006072748670502847,0.0026554809880250663,0.025906460761044796,0,0.0,0.0,0.0,0.0,0.0,1,0,1.0
S9,1140,1200,60,30,0.21652692499999998,0.0034679940231169717,0.206214,0.224122,0.01790799999999998,0.215168,0.005116000000000009,0.21655469570641964,11.255024695800001,0.16229949059956386,-0.5626716255976523,0.00014256201431589859,8.562317867411018e-05,0.0036836624397085034,0.012801837710984754,0.2165161427745442,0.002929971770555981,0.0001416544687649707,0.0005016867196158317,0.0007060201148438321,0.0038220432424977413,0.0301012031769499,0,0.0,0.0,0.0,0.0,0.0,1,0,1.0
S9,1170,1230,60,30,0.2364553625,0.02730934101437505,0.210051,0.291918,0.08186700000000002,0.221564,0.0479695,0.238027180300162,13.597665254795,1.0648791447973394,-0.7290350924253235,0.0012891632389012198,0.0013059233569979445,0.006752332736862129,0.0339482362588559,0.2364754783809966,0.02704217615492487,0.0012888430286127097,0.000928426918265829,0.0016527504489686326,0.009737862385957696,0.05570561509594974,0,0.0,0.0,0.0,0.0,0.0,1,0,1.0
S9,1200,1260,60,30,0.2704228333333333,0.026536321555977235,0.213889,0.294477,0.08058799999999999,0.284243,0.019827499999999998,0.2717217053342445,17.719844435939997,-1.1652274829830591,-0.49085348881271607,0.0011913847362904784,0.0010704449640924804,0.006823777681414288,0.0339482362588559,0.2704065152324705,0.026283907127078565,0.0011918902288489625,0.0009140092359378088,0.001628758877715622,0.009737862385957696,0.054840554156268526,0,0.0,0.0,0.0,0.0,0.0,1,0,0.9207619047619048
S9,1860,1920,60,30,0.9413813833333333,0.040549665273830825,0.871453,1.06205,0.1905969999999999,0.927737,0.04988799999999993,0.9422543097489127,213.08236421769598,1.0940598474031085,0.46354844218232705,-0.0019885414134192133,-0.0008135416021223963,0.017073088387194763,0.05757109300861796,0.9413472873637238,0.03907189790836832,-0.0019774258886031577,0.0032513540765235437,0.004769412776903785,0.022062451314617926,0.19508124459141263,5,5.0,0.01655528822969814,0.0041779380002944875,0.022062451314617926,0.01655528822969814,2,1,0.7959047619047619
S9,1890,1950,60,30,0.9246135583333334,0.02043366480398456,0.871453,0.980183,0.10873,0.921341,0.026862000000000053,0.9248393195096919,205.278664058676,0.3850304118423144,-0.0567715985071775,0.0006841319565161512,0.00034255774341084656,0.01701044721460236,0.047733424725550755,0.9245543012506005,0.017073860173282548,0.000667834358660101,0.004239997423497379,0.006504535658516163,0.031243013799232222,0.25439984540984273,8,8.0,0.017413893353952645,0.0070715715232138815,0.031243013799232222,0.017413893353952645,2,1,1.0
S9,1920,1980,60,30,0.9434387791666665,0.018331361729889733,0.893199,0.981462,0.08826299999999998,0.944366,0.020786749999999965,0.9436168549037065,213.69906452600702,-0.27874634875599147,-0.1735908005632587,0.0006884617406018113,0.00044958537773194513,0.016077592550910808,0.04773343234239302,0.9434541560389079,0.014963461274369708,0.0006808010602793292,0.0037757694967863395,0.005851733033604142,0.027234005344573764,0.22654616980718037,7,7.0,0.017407751041092552,0.005767521490181699,0.027234005344573764,0.017407751041092552,2,1,1.0
S9,1950,2010,60,30,0.9643106583333333,0.019033882285499824,0.920062,1.014721,0.09465899999999994,0.963554,0.029740749999999982,0.9644984885680874,223.26176026803,0.2615628507679984,-0.4456162908052117,0.0008866769139378993,0.0006422643961983575,0.013109837131077195,0.04810943142141921,0.9642388742815619,0.01712250890887811,0.0008878118493316298,0.002831003268505715,0.0044068623146895905,0.02202146237990643,0.1698601961103429,5,5.0,0.016833409642342433,0.0034388600766446344,0.02202146237990643,0.016833409642342433,2,1,1.0
S9,1980,2040,60,30,0.995773025,0.024315899423683843,0.949483,1.059492,0.11000900000000013,0.9948935,0.034856999999999916,0.9960698671691828,238.117243267784,0.4007629554259477,-0.5351763902073183,0.0011593900650192382,0.0015842512520596514,0.015219334563234934,0.06909989725275167,0.9957387181761707,0.022165729061507794,0.001164665525193932,0.003052835374885747,0.005890114508490059,0.0311005740538981,0.18317012249314482,5,5.0,0.02236511906263714,0.0047316569589136185,0.0311005740538981,0.02236511906263714,2,1,1.0
S9,2010,2070,60,30,1.0307157708333332,0.02679934041215658,0.977625,1.104263,0.12663800000000003,1.026233,0.03869475000000011,1.0310641128906968,255.142369173859,0.42143456828790843,-0.3909108236678218,0.0010894884914014727,0.001263108651152124,0.018904609392564043,0.06909989725275167,1.0307560755403862,0.022989338569390106,0.0010907733249466316,0.004263663684203948,0.007661588461581041,0.04082988993212111,0.2558198210522369,7,7.0,0.021985440478086975,0.010078501816119759,0.04082988993212111,0.021985440478086975,2,1,1.0
S9,2040,2100,60,30,1.0375646791666666,0.024747283491013027,0.978904,1.104263,0.125359,1.035188,0.03229875000000004,1.0378597648499592,258.516693958659,0.12676825657483934,-0.15559072656497097,-0.0005445674637928728,-0.00027832033767597754,0.020139090777251838,0.04884575547622916,1.037473198024726,0.021113846074316895,-0.000539998655643482,0.004431519224633212,0.006634187633696339,0.03236804869052312,0.26589115347799275,10,10.0,0.017927081523866482,0.006244253578160489,0.03236804869052312,0.017927081523866482,2,1,1.0
S9,2070,2130,60,30,1.0391689791666667,0.025428442413212536,0.958437,1.099146,0.14070899999999997,1.040304,0.03229975000000018,1.0394800493255532,259.32450550700503,-0.1592319961291133,0.05448982110745648,0.0006191021704596464,-0.00042818945214877983,0.023771491152725727,0.0939854804821989,1.0392683603020878,0.0219019683471866,0.0006245592406755147,0.004411107208822988,0.006107977772817604,0.022893845530330914,0.26466643252937927,12,12.0,0.016260990291491268,0.00335721815257025,0.022893845530330914,0.016260990291491268,2,1,1.0
S9,2100,2160,60,30,1.0530000291666666,0.018846428740700888,0.958437,1.099146,0.14070899999999997,1.053096,0.02302599999999999,1.0531686708696186,266.199419832307,-0.5753726894473339,2.422363691535894,0.000357263195296565,0.00027832163314395593,0.023402178886920918,0.09398548048220512,1.0530148983638223,0.014658215447789448,0.00035454937080454626,0.003705557338881204,0.005070951797882307,0.022574887016740153,0.22233344033287222,11,11.0,0.014776766500040834,0.0034769346402857716,0.022574887016740153,0.014776766500040834,2,1,1.0
S9,2130,2190,60,30,1.0853738333333334,0.03731458472296352,1.027513,1.168222,0.1407090000000002,1.072284,0.06395899999999988,1.0860150718649082,283.062896716258,0.38600217734043696,-1.1495043279691093,0.0018052956523605596,0.0015628354544575567,0.019861122660386515,0.06880919994247847,1.0853713387781918,0.03506372526169349,0.0018185188360870389,0.004463735976096184,0.007536240928049291,0.04167340986040946,0.267824158565771,8,8.0,0.021427325137503672,0.009530631189404214,0.04167340986040946,0.021427325137503672,2,1,1.0
S9,2160,2220,60,30,1.1290416541666668,0.03017897335261587,1.050538,1.215551,0.16501300000000008,1.1279275000000002,0.03069999999999995,1.1294449199832723,306.154998546245,-0.008930170017577883,1.4829855452204068,0.0011078330347809077,0.0026546862156815983,0.020918583835760958,0.07391699218303582,1.1292574489675717,0.026648853032801692,0.0010844368438313518,0.00523099230340759,0.008488371323219982,0.04167298952720189,0.3138595382044554,9,9.0,0.021962136119680058,0.009029122782970439,0.04167298952720189,0.021962136119680058,2,1,1.0
S9,2190,2250,60,30,1.156597183333333,0.0283877688865831,1.074842,1.234739,0.15989699999999996,1.151592,0.039654999999999996,1.1569455086204181,321.24549838007,0.4654976175838883,-0.1537503562643101,0.0006741648972464275,0.0004924032340505889,0.01932502115888242,0.07391670583069221,1.156719782932657,0.02626634769765742,0.0006771294263247902,0.0035590516199678467,0.005351380123844873,0.023829542590347863,0.2135430971980708,7,7.0,0.017403223441809428,0.004970655724519953,0.023829542590347863,0.017403223441809428,2,1,1.0
S9,2220,2280,60,30,1.1592088541666667,0.022621921664605898,1.12473,1.234739,0.11000900000000002,1.154151,0.031020000000000048,1.1594295661738991,322.626460540367,0.9053998106558476,0.5585105841120312,-0.000862959071401022,-0.0013915680814487771,0.01658763637179989,0.05365205609496915,1.1592272410570876,0.02012228444745889,-0.0008665241572932059,0.003739208588425778,0.005511610889313987,0.024113199829015386,0.22435251530554667,7,7.0,0.016877393644890906,0.004606366076244822,0.024113199829015386,0.016877393644890906,2,1,1.0
S9,2250,2310,60,30,1.1362849958333332,0.01726052986355911,1.099146,1.183572,0.08442600000000011,1.1343234999999998,0.019507750000000046,1.136416084736189,309.94596423531107,0.5429894763776125,0.11491941734536137,-0.0006685415876204231,-0.0005352332624779373,0.013202166442329081,0.05365205609331447,1.136475575100426,0.01464426182773644,-0.0006747494743420158,0.003384946156783149,0.00514896668488101,0.024113158501927856,0.20309676940698895,6,6.0,0.016025017835134252,0.004264651981580256,0.024113158501927856,0.016025017835134252,2,1,1.0
S9,2280,2340,60,30,1.1171453249999999,0.012957996825102841,1.082517,1.150313,0.06779599999999997,1.1176944999999998,0.019507750000000046,1.1172204736984885,299.563580844258,0.08993934391240058,-0.5450694160201399,-0.0004865322554503797,-0.00021408564906743167,0.009556093617172242,0.02762230088356077,1.1170022009354996,0.011014108376437702,-0.0004848591768899484,0.002345214597438447,0.003702120818913188,0.01649692262175928,0.14071287584630682,5,5.0,0.013239434162832131,0.002250128324199014,0.01649692262175928,0.013239434162832131,2,1,1.0
S9,2310,2370,60,30,1.1149760708333334,0.012672412821722216,1.082517,1.146476,0.0639590000000001,1.113217,0.019187999999999983,1.1150480835271914,298.399734858639,0.4084625200095461,-0.2143487518769973,0.0003611873827870504,8.563823648957796e-05,0.009189421886544213,0.0284482253854339,1.115012948018254,0.011141606782137058,0.00036847764473199574,0.0018203003381202186,0.0032978051786657653,0.01610060807313296,0.10921802028721311,5,5.0,0.012026233456401459,0.002119543647573017,0.01610060807313296,0.012026233456401459,2,1,1.0
S9,2340,2400,60,30,1.1359864916666667,0.026345021090962595,1.09275,1.220668,0.12791799999999998,1.129846,0.025903750000000114,1.1362919384495451,309.878248652502,1.419582007025575,1.959913728258181,0.0011240754762212508,0.001049010954816059,0.013347432686900794,0.06148527793487357,1.1361276375298806,0.025028608153643935,0.0011291150100944843,0.0029285966956016903,0.005053928998804036,0.03335587299730469,0.1757158017361014,6,6.0,0.01441578865185992,0.003442284315266996,0.01997981208188726,0.01441578865185992,2,1,1.0
S9,2370,2430,60,30,1.1593207166666668,0.025368270916863618,1.119613,1.220668,0.10105500000000012,1.156709,0.040934000000000026,1.1595982378659537,322.720337582838,0.4607055689768302,-0.6128010529476131,0.0007526398096458967,0.000770736646179462,0.014942595025595229,0.061485277934862914,1.159378405004562,0.02312570681238826,0.0007507040380052355,0.0032300108307279844,0.004854859532547822,0.02052508545694609,0.19380064984367906,6,6.0,0.015382213065633255,0.003733385045020797,0.02052508545694609,0.015382213065633255,2,1,1.0
S9,2400,2460,60,30,1.178753525,0.025915660015539674,1.123451,1.284627,0.16117599999999999,1.177176,0.019507750000000046,1.1790383768707307,333.63155859215203,1.231655260483073,3.6478607498974815,0.0006658462441152499,0.00029972583168517015,0.015995656287592197,0.07242157270943128,1.1787593257471418,0.023139727107503883,0.0006757802687233947,0.003142761335637221,0.006629149324343493,0.04252569391272787,0.18856568013823327,5,5.0,0.019585185546416195,0.011994137163080981,0.04252569391272787,0.019585185546416195,2,1,1.0
S9,2430,2490,60,30,1.1951322875000001,0.027816616159917387,1.15543,1.284627,0.129197,1.184851,0.03709600000000002,1.195455958519414,342.987587702297,1.028992687846635,0.26908027470872,8.066071447262319e-05,-8.563820270935062e-05,0.02011488876296566,0.09424594171732181,1.1951093011053786,0.02358347007637983,7.705970460781548e-05,0.0039111475710805355,0.007349050734106692,0.04252569391272765,0.23466885426483214,6,6.0,0.021632582070841733,0.011388106220854196,0.04252569391272765,0.02149461013387662,2,1,1.0
S9,2460,2520,60,30,1.1716221416666666,0.035338344075002505,1.129846,1.253926,0.12408000000000019,1.1586275000000001,0.05244599999999999,1.1721549562261595,329.74733793733196,0.8325252190388499,-0.5654810084586854,-0.0015890922008892664,-0.0008563494322087345,0.016964907644542653,0.09424594171732181,1.171576884735577,0.03359795620609723,-0.0015914362170798746,0.0031700005368244864,0.005213600472855151,0.030366735301664116,0.19020003220946918,5,5.0,0.017286485733498003,0.0071247333912221695,0.030366735301664116,0.017120919409139866,2,1,0.9540952380952381
S9,4050,4110,60,30,0.3833578208333333,0.006651860250867121,0.364831,0.396811,0.03198000000000001,0.385298,0.010232999999999992,0.3834155266012048,35.281791849331,-0.1435754357072028,-0.9689605482364052,5.2391309412883634e-05,2.5374723716920095e-09,0.00545789239437627,0.03405888986171468,0.38333804634611646,0.005965067480126739,5.367637830638361e-05,0.0007150067418149479,0.0013956394026665504,0.010433368804582621,0.04290040450889687,1,1.0,0.010433368804582621,0.0,0.010433368804582621,0.010433368804582621,3,0,0.8625714285714285
S9,4080,4140,60,30,0.3876323958333333,0.005870467511690702,0.364831,0.39809,0.03325899999999998,0.389135,0.003838000000000008,0.3876768456953495,36.070400805191,-1.45503313631051,1.9593495179795104,0.00020459784166480452,0.00029971731500002315,0.004987746382033884,0.03405888986185812,0.38766569411017726,0.005154299400588962,0.0002024025691611921,0.0006433853104550173,0.0013284961591204522,0.010433367957873751,0.038603118627301036,1,1.0,0.010433367957873751,0.0,0.010433367957873751,0.010433367957873751,3,0,1.0
S9,4110,4170,60,30,0.3923440583333333,0.0033884430797831906,0.38146,0.399369,0.017908999999999953,0.392973,0.005116000000000009,0.39235869004773555,36.946881997434005,-0.39532587945541214,-0.17827464512447522,0.00012333118921924427,8.563787994157067e-05,0.0037616015550136894,0.011092963092626196,0.3923507610985022,0.002728311728405668,0.00012207786904896946,0.0004978698206949457,0.0007254903740428336,0.0032966081869266195,0.02987218924169674,0,0.0,0.0,0.0,0.0,0.0,3,0,1.0
S9,4140,4200,60,30,0.39369251666666666,0.0022808827804285735,0.384019,0.399369,0.015349999999999975,0.394252,0.003837000000000035,0.3936991238313741,37.199760025342,-0.4639226422943328,0.9749958931947074,-2.7672442196727188e-05,4.281258286410047e-05,0.0035956254150602794,0.009931440651676393,0.3936845210411535,0.0015259942707859214,-2.720608798224053e-05,0.0004325144388810658,0.0006585768137719974,0.003296608142918267,0.025950866332863948,0,0.0,0.0,0.0,0.0,0.0,3,0,1.0
S9,4170,4230,60,30,0.393244825,0.0026191117185746403,0.384019,0.401927,0.01790799999999998,0.392973,0.0025580000000000047,0.3932535468822564,37.115604512514004,0.18996442869064112,1.7234967499144869,2.7371820366171238e-05,0.00010705018643854403,0.0036617864689758362,0.01024719525007245,0.39324935952029527,0.0017747319311040117,2.7089726041691003e-05,0.0004925316508777734,0.0007591297932357522,0.003480717234037811,0.029551899052666405,0,0.0,0.0,0.0,0.0,0.0,3,0,1.0
S9,4200,4260,60,30,0.3954514416666666,0.003881738746566701,0.380181,0.404486,0.02430500000000002,0.395531,0.005116999999999983,0.39547049271967394,37.535258546866004,-0.2652491498481614,0.682705804664927,0.00010418236710215966,6.421756968499799e-05,0.0043536874172623525,0.02322529866372558,0.39546486054014285,0.003213689350745123,0.00010295855358782356,0.0005346330272768006,0.0008150540669995116,0.005161932771631905,0.032077981636608036,0,0.0,0.0,0.0,0.0,0.0,3,0,1.0
S9,4230,4290,60,30,0.3964214833333333,0.0032850244024546,0.380181,0.404486,0.02430500000000002,0.396811,0.003838000000000008,0.3964350940993053,37.71858812004601,-0.7695833705646693,3.616971323681738,-9.504857150795672e-05,-0.00017125505080931873,0.004392360118246708,0.023392545920901897,0.39641086633887224,0.0025006932307162764,-9.458049601390849e-05,0.0005226510270056067,0.0006782316703269725,0.0031211813454603,0.0313590616203364,0,0.0,0.0,0.0,0.0,0.0,3,0,1.0
S9,4260,4320,60,30,0.39355930833333325,0.0031589283040187165,0.384019,0.400648,0.016629000000000005,0.39361250000000003,0.003837000000000035,0.39357198579655245,37.175737920922,-0.12932660315328956,-0.11199659126637673,-9.678707346190071e-05,-4.280948128667137e-05,0.003689608971143511,0.009929807079541941,0.39354523513397816,0.00239600425238529,-9.7227947847028e-05,0.0004996752973000631,0.0007317809366359291,0.004252879789231834,0.02998051783800379,0,0.0,0.0,0.0,0.0,0.0,3,0,1.0
S9,4290,4350,60,30,0.3914806416666667,0.002578722355792478,0.38274,0.39809,0.015349999999999975,0.391694,0.0025580000000000047,0.3914891347262825,36.783298226096,-0.36991400322247553,0.5417221189026895,1.1032995430529415e-06,1.9113931042295032e-09,0.0042008570535961645,0.013058378934165615,0.391470232913841,0.0014600597318075012,6.502894433037689e-07,0.0005620892506376172,0.0008965136818451017,0.004961903904020459,0.033725355038257035,0,0.0,0.0,0.0,0.0,0.0,3,0,1.0
S9,4320,4380,60,30,0.39159794166666667,0.002676437887055087,0.380181,0.399369,0.019187999999999983,0.391694,0.0025580000000000047,0.39160708782826353,36.805466696959996,-0.3782992488443313,2.3352736870987396,9.50685506107695e-06,4.2823946224692336e-05,0.004344380434292523,0.013058378934165615,0.39158413986138796,0.0016666336968833668,1.0700351163493245e-05,0.0005437807815675879,0.0008568287500530493,0.004961903904022569,0.032626846894055275,0,0.0,0.0,0.0,0.0,0.0,3,0,1.0
S9,4350,4410,60,30,0.3914859875,0.002643149189384466,0.380181,0.399369,0.019187999999999983,0.391694,0.0025580000000000047,0.39149491011568405,36.784383515157,-0.19864384555706058,2.1420285502157146,-3.905468598507483e-05,-2.1403573608412313e-05,0.0035978028832568242,0.011956153338121833,0.39148741467500653,0.0018990529622000714,-3.925902031608028e-05,0.0004551743653804332,0.0006835779335138412,0.0030027623923635227,0.02731046192282599,0,0.0,0.0,0.0,0.0,0.0,3,0,1.0
S9,4380,4440,60,30,0.39242402083333333,0.004289589885649441,0.373785,0.401927,0.028142,0.392973,0.005116000000000009,0.3924474649024854,36.963603050013,-0.8863249388248917,2.06282536984937,0.00010276059880326852,0.00010704609923364129,0.004391106474517333,0.019639923372068324,0.392416105218117,0.0032694204806524973,0.00010267266379421662,0.0007266916827776232,0.0011663087920888034,0.005893509442457312,0.043601500966657394,0,0.0,0.0,0.0,0.0,0.0,3,0,0.8374285714285714
S10,90,150,60,30,0.3994755041666666,0.044102560044079635,0.363286,0.654937,0.291651,0.3805545,0.03006074999999997,0.4019026178462317,38.766171415597,2.8978677232560255,9.914231276313322,-0.0004976621579938684,0.0001712818096948501,0.05934827315617646,0.38228318524090765,0.3995246170992652,0.03061645799482773,-0.0005013279294946021,0.005867869744106413,0.019171758712042363,0.12798147320055897,0.3520721846463848,5,5.0,0.0737040602570985,0.048829317163634756,0.12798147320055897,0.0737040602570985,1,0,0.9523809523809523
S10,120,180,60,30,0.38308072499999996,0.013742436732291752,0.368402,0.431082,0.06268000000000001,0.378636,0.0038379999999999526,0.38332714022603026,35.265527144128,2.3549722194055818,4.335754006165091,-0.0004646466939745717,-0.0009848003133215157,0.006384334352541935,0.022310299947935208,0.3830349718544928,0.013264836748338232,-0.00046215071004166775,0.0008740330752762266,0.0016051430851907736,0.009180260056046219,0.0524419845165736,0,0.0,0.0,0.0,0.0,0.0,1,0,1.0
S10,150,210,60,30,0.37881152916666666,0.003917150124663246,0.370961,0.401661,0.030700000000000005,0.378636,0.002558999999999978,0.3788317815266923,34.443244486725,2.4601202331924603,9.507747202180417,1.253927493902322e-05,-2.1408028928796437e-05,0.005661825951132118,0.04080459101810141,0.3788352135806455,0.002295054835738728,1.1553012598649557e-05,0.0007615929780734432,0.0018471922364520067,0.014168845278686892,0.04569557868440659,1,1.0,0.014168845278686892,0.0,0.014168845278686892,0.014168845278686892,1,0,1.0
S10,180,240,60,30,0.37888084583333337,0.0039038132828128377,0.369681,0.401661,0.03198000000000001,0.378636,0.002558999999999978,0.3789009568443041,34.455824423407,2.0970861515671655,9.268151399080029,-7.77613930074145e-05,-0.00010703174022521177,0.005431497987011587,0.04080443395555933,0.37884974161454327,0.0025536140640402822,-7.708284193202748e-05,0.0006635100225620284,0.0016104162737314576,0.013967268646449094,0.039810601353721706,1,1.0,0.013967268646449094,0.0,0.013967268646449094,0.013967268646449094,1,0,1.0
S10,210,270,60,30,0.377473675,0.0025610728079670645,0.369681,0.385032,0.015351000000000004,0.377356,0.003838000000000008,0.3774823630475116,34.198304258864,-0.32838022137200523,0.26925834458115494,-4.774906199422801e-05,2.3520479789759554e-09,0.0038556555886216717,0.011416013954249404,0.3774785797001615,0.0018097279213250073,-4.781531138741718e-05,0.0004313752012144354,0.000656005326201326,0.004554175550182837,0.025882512072866126,0,0.0,0.0,0.0,0.0,0.0,1,0,1.0
S10,240,300,60,30,0.3811726541666667,0.007077036815261455,0.369681,0.417011,0.04733000000000004,0.378636,0.00895499999999999,0.3812383463590013,34.882242416291,2.007723634800023,5.649579991928135,0.0002753979622505985,0.00014985634243214058,0.010995055182475358,0.06387979901029062,0.3811493291100019,0.005242205786762855,0.00027310535334263976,0.0011025568857849957,0.0034552491159131585,0.030018725305228977,0.06615341314709974,3,3.0,0.019548370860364594,0.008145964173619567,0.030018725305228977,0.019548370860364594,1,0,1.0
S10,270,330,60,30,0.39011091249999996,0.007398556425401092,0.373519,0.417011,0.04349200000000003,0.391427,0.010232999999999992,0.39018106398025326,36.537903045303,0.06912417708010524,0.20170713800281614,0.0002728897357762161,0.00032113919222151444,0.011012449610233772,0.06387987099534853,0.39006918129266416,0.005701442653931287,0.0002764310116682239,0.001162936690905362,0.0035379370837965393,0.030734118591548565,0.06977620145432173,3,3.0,0.019788626752448746,0.008451601227058392,0.030734118591548565,0.019788626752448746,1,0,1.0
S10,300,360,60,30,0.390564,0.0053769247112080715,0.376077,0.408057,0.03198000000000001,0.390148,0.008953999999999962,0.3906010105150139,36.616595859684,0.11830067246721428,-0.7059386626276551,-0.000218194674938037,-0.00014985946728481101,0.005659077376158681,0.028811583591435763,0.39057412477406483,0.004739376595885277,-0.00022049030774023206,0.0005404760973989969,0.0010328367345010634,0.009541572398643283,0.03242856584393981,0,0.0,0.0,0.0,0.0,0.0,1,0,1.0
S10,330,390,60,30,0.38498895833333335,0.00361598941023485,0.376077,0.408057,0.03198000000000001,0.385032,0.003838000000000008,0.3850059394580816,35.57509762032,1.3221333042272763,6.6665241023752255,-0.00012002566019291087,-0.00019268351991062835,0.005170995927382793,0.028808769364256914,0.38498885107471587,0.0026552706272789215,-0.00011980572794518764,0.00048685487951131653,0.0008835642047969578,0.008979033777484602,0.029211292770678993,0,0.0,0.0,0.0,0.0,0.0,1,0,1.0
S10,360,420,60,30,0.3800533958333333,0.007115061468871225,0.364565,0.447711,0.08314600000000005,0.379915,0.007674999999999987,0.3801199912976877,34.677889868197,3.674335933186487,33.27260446022663,-0.00022104158920429356,-0.00010704364722599555,0.013085238970863711,0.09035441555836332,0.38003865094238226,0.004139217074621087,-0.00021616465341423984,0.0008502911127936272,0.002749868883536806,0.026030817716370003,0.051017466767617634,2,2.0,0.02483861595074796,0.0011922017656220418,0.026030817716370003,0.02483861595074796,1,0,1.0
S10,390,450,60,30,0.375592275,0.006668527033714042,0.364565,0.447711,0.08314600000000005,0.374798,0.005116000000000009,0.375651469173854,33.867366310194,6.016582771695513,57.952898858723735,-7.828379269672609e-05,-2.1407670973823476e-05,0.01361122470495306,0.07789925118544483,0.375571037498342,0.0025523088513153243,-7.691341568453866e-05,0.0011571489807787536,0.003376882390460021,0.03110931257063121,0.06942893884672521,3,3.0,0.022020451499972542,0.008166161265648952,0.03110931257063121,0.022020451499972542,1,0,1.0
S10,420,480,60,30,0.375517575,0.0034433020868116803,0.367123,0.393986,0.026863000000000026,0.376077,0.003837000000000035,0.3755333613184609,33.846073311154,1.105306161234438,5.4378342810153235,4.707488233498544e-05,2.140111042824481e-05,0.006627824349620828,0.029582793972002586,0.37553402233997474,0.002151591072062409,4.7556118430133766e-05,0.0006030954861966473,0.0012205145933519498,0.011305628684925573,0.03618572917179884,1,1.0,0.011305628684925573,0.0,0.011305628684925573,0.011305628684925573,1,0,1.0
S10,450,510,60,30,0.38721136249999993,0.012472848535496095,0.370961,0.409336,0.03837499999999999,0.379915,0.025583999999999996,0.38741219805227584,36.021170687927,0.3633156310625447,-1.693719646130052,0.0006411198999864795,0.0004924032781838773,0.006507989108984088,0.06173754841463763,0.3872156271616849,0.01210611033821811,0.0006411664897116897,0.0006418975892120357,0.001372462856703454,0.012998660778103632,0.03851385535272214,1,1.0,0.012998660778103632,0.0,0.012998660778103632,0.012998660778103632,1,0,1.0
S10,480,540,60,30,0.39633620833333333,0.00850218166795621,0.373519,0.409336,0.03581699999999999,0.400382,0.012792000000000026,0.39642739200155974,37.717122510997996,-0.674740000519476,-0.8260034487537466,-6.594858637246798e-05,0.00010704555878556448,0.008011988369582047,0.06173754841414758,0.3963535208722679,0.007627800790295406,-6.867260995430164e-05,0.0008405964679811378,0.0016910551459989702,0.012998705846636427,0.05043578807886827,1,1.0,0.012998705846636427,0.0,0.012998705846636427,0.012998705846636427,1,0,1.0
S10,510,570,60,30,0.39527019583333334,0.005943267708016301,0.377356,0.406777,0.029420999999999975,0.395265,0.006395999999999957,0.3953148746824116,37.505724034840995,-0.3361822982165367,0.38433338634775227,-2.353665469135964e-05,-8.564046790109005e-05,0.0060006562144699046,0.021300542855981153,0.3952777129692234,0.005267816678353543,-2.4374656180839635e-05,0.000631556695685288,0.0011756380914334735,0.009226950633535014,0.037893401741117286,0,0.0,0.0,0.0,0.0,0.0,1,0,1.0
S10,540,600,60,30,0.39685316666666665,0.0028957925349644056,0.38759,0.404219,0.016629000000000005,0.396544,0.003837000000000035,0.39686373166083927,37.800197161864,-0.4837431961530637,-0.09621915034584072,5.171844591644336e-05,-2.142591529421543e-05,0.0048150382080852224,0.021132888089663515,0.39687967317218104,0.0018112739831028842,5.3305279133026005e-05,0.0006145751203291914,0.0008750636599684456,0.005770482455149717,0.03687450721975148,0,0.0,0.0,0.0,0.0,0.0,1,0,1.0
S10,570,630,60,30,0.39933154583333336,0.003843974044687694,0.388869,0.409336,0.020466999999999957,0.399102,0.005116999999999983,0.3993500464931685,38.275310312183,-0.10337895664736436,-0.3024492063010471,9.651529758189128e-05,0.00012844998411756106,0.005738814936236898,0.021132888089663737,0.3993424534187636,0.0028331853084190253,9.592722239537076e-05,0.0007109021479939327,0.001212411331549621,0.007032398275379714,0.04265412887963596,0,0.0,0.0,0.0,0.0,0.0,1,0,1.0
S10,600,660,60,30,0.402662725,0.006220074083109865,0.377356,0.43364,0.056284,0.404219,0.007674999999999987,0.40271076398083155,38.922230262246,-0.8811541844760498,4.754606673370237,0.00010481170479397153,-4.284759334572631e-05,0.008295729108768388,0.026456408560791678,0.40266643524201234,0.004728005942777925,0.00010410115956973932,0.0009784569867908586,0.0019465363342500203,0.016797390478490104,0.05870741920745151,1,1.0,0.016797390478490104,0.0,0.016797390478490104,0.016797390478490104,1,0,1.0
S10,630,690,60,30,0.40606320833333337,0.008378006345382171,0.377356,0.43364,0.056284,0.406777,0.006715749999999965,0.4061496277879414,39.589804836548,-0.595837597269193,1.8685499065894016,0.00014181526803031815,0.00012845443506049003,0.010702014289825494,0.044151458067945626,0.4060770500354191,0.006315549380696449,0.00014136854958231957,0.001318831893245318,0.002425785389691854,0.0183738163634507,0.07912991359471908,3,3.0,0.014454900214434852,0.0028307287787845254,0.0183738163634507,0.014454900214434852,1,0,1.0
S10,660,720,60,30,0.41254975416666667,0.008577817636811785,0.385032,0.43364,0.04860800000000004,0.414453,0.011512000000000022,0.41263892038728905,40.865010868412995,-0.9325791312655828,0.49287294835156414,0.00038639547317093265,0.0002569040081526421,0.008500253221218834,0.04414522859463865,0.4125258927283004,0.007531225669515358,0.0003871695801826563,0.0009850979752173024,0.0017738979728302781,0.01320333357959158,0.05910587851303814,1,1.0,0.01320333357959158,0.0,0.01320333357959158,0.01320333357959158,1,0,1.0
S10,690,750,60,30,0.41840204166666667,0.005293003398978428,0.40294,0.437478,0.03453799999999996,0.41829,0.007674999999999987,0.41843551994998784,42.021188245396,0.3111297513603801,0.8575887300141027,4.420298387254299e-05,4.2810369833762226e-05,0.006794812630829123,0.03046904851743304,0.4184334892490821,0.004359031324463536,4.4741084713002845e-05,0.0008077680630629123,0.0014883845324825252,0.009247380586326848,0.04846608378377473,0,0.0,0.0,0.0,0.0,0.0,1,0,1.0
S10,720,780,60,30,0.4237745708333333,0.010249800868146135,0.40294,0.491203,0.08826299999999998,0.422128,0.01279199999999997,0.4238985082573569,43.125586872675,2.0839872750203914,10.355627557638455,0.00023719362884818933,-0.00021408906159647484,0.01580389476749867,0.14379720931593298,0.4237683037661296,0.008003457393300007,0.0002341533032327861,0.001340991244771799,0.004064639317447693,0.04289660763762293,0.08045947468630793,1,1.0,0.04289660763762293,0.0,0.04289660763762293,0.04289660763762293,1,0,1.0
S10,750,810,60,30,0.42470200416666665,0.009095893978648604,0.405498,0.491203,0.08570499999999998,0.422128,0.004157750000000016,0.42479939692807256,43.309086631309,2.9636266553542407,16.677337572490462,-0.000103257908174528,8.56442395262603e-05,0.014596868511160386,0.14379720931593298,0.4247095310138042,0.006692959552896117,-0.00010248091723522505,0.0010605711651359734,0.003894004568786149,0.04289660763762293,0.0636342699081584,1,1.0,0.04289660763762293,0.0,0.04289660763762293,0.04289660763762293,1,0,1.0
S10,780,840,60,30,0.4220743416666667,0.00716393642198644,0.406777,0.486086,0.07930900000000002,0.422128,0.0038379999999999526,0.4221351346173502,42.76753725081801,4.790226663674713,36.11627399094365,7.309868036024626e-05,0.000149859656866281,0.013684375010128608,0.09404963276084488,0.42206444113275204,0.003024421945245123,7.36500662847354e-05,0.001274398342184933,0.0036373871366054424,0.03382850206226873,0.07646390053109599,2,2.0,0.028874233436978092,0.0049542686252906365,0.03382850206226873,0.02520376592744833,1,0,1.0
S10,810,870,60,30,0.42357729583333337,0.007250064670974733,0.406777,0.486086,0.07930900000000002,0.424686,0.005116999999999983,0.4236393383329888,43.07286935597101,4.091414987252761,30.645676232240127,3.9246887108551185e-05,-0.00012844617833246348,0.014028992692973587,0.09404963276084644,0.42358192020482366,0.002835546481567004,3.7437067712339256e-05,0.0013824669065597836,0.0036872989821586056,0.03382850210273208,0.08294801439358701,3,3.0,0.02270506883464383,0.009616671435554204,0.03382850210273208,0.020258090497271453,1,0,1.0
S10,840,900,60,30,0.4237691916666667,0.004428643040473068,0.405498,0.442594,0.03709599999999996,0.424686,0.0038369999999999793,0.42379233202713806,43.10398576440001,-0.27725882842639377,3.2870992027168633,-2.6640565686126924e-06,-0.00010704127700067967,0.008721958248575405,0.0302277180901529,0.4237424805375699,0.0019955227457452655,-7.610731600093589e-06,0.0011216105604367336,0.0018701236546460568,0.014760540921453902,0.06729663362620401,1,1.0,0.014760540921453902,0.0,0.014760540921453902,0.014760540921453902,1,0,1.0
S10,870,930,60,30,0.42627960833333334,0.004943554165604328,0.405498,0.442594,0.03709599999999996,0.427244,0.006396000000000013,0.42630827250782777,43.61729837006601,-0.753385804283225,1.8166874990256607,0.00017706731905618806,0.00027830968807990135,0.007784574774829005,0.03022771809815472,0.42627987884698065,0.003526773338364163,0.00017913295740027338,0.000837022008158342,0.0017131743612823814,0.014760540922805376,0.05022132048950052,1,1.0,0.014760540922805376,0.0,0.014760540922805376,0.014760540922805376,1,0,1.0
S10,900,960,60,30,0.4185832166666667,0.017578878762681528,0.382473,0.445153,0.06268000000000001,0.428523,0.032299750000000016,0.41895217657098605,42.125022300856,-0.9536668434628557,-0.8675072033372686,-0.0007706628038944734,-0.000727898497453719,0.00902069724583284,0.04948228787931086,0.41857877183219205,0.01709004510001141,-0.0007710051837628089,0.0009458956955361919,0.0022649159820985563,0.021972182696539333,0.056753741732171514,1,1.0,0.021972182696539333,0.0,0.021972182696539333,0.021972182696539333,1,0,1.0
S10,930,990,60,30,0.39676272500000004,0.017955924298339764,0.379915,0.445153,0.06523800000000002,0.38759,0.01183175000000003,0.39716882451525987,37.858338040039996,1.2792888214457336,-0.06826950557475975,-0.0008228866035190585,-0.0008135272820708073,0.009047298325436555,0.04948228787931086,0.3967939257638605,0.017514944136509922,-0.0008252086165287973,0.0008722528220826512,0.0022377839904903097,0.021972182696539333,0.052335169324959074,1,1.0,0.021972182696539333,0.0,0.021972182696539333,0.021972182696539333,1,0,1.0
S10,960,1020,60,30,0.3980472500000001,0.014907152770146957,0.379915,0.440036,0.06012099999999998,0.38759,0.028141000000000027,0.39832629393033425,38.079320744706,0.41504350111907207,-1.4435012217954515,0.0006768777951359913,0.00027831597844201166,0.009112442221279372,0.08209385730506646,0.39803631647065024,0.014082172035105008,0.0006761414041076419,0.0009364163694825849,0.003088047485783626,0.028197620632528453,0.056184982168955094,1,1.0,0.028197620632528453,0.0,0.028197620632528453,0.028197620632528453,1,0,1.0
S10,990,1050,60,30,0.4144898250000001,0.016171726811095605,0.381194,0.498878,0.11768400000000001,0.413173,0.003838000000000008,0.4148051829191426,41.29520154638,2.0772706111723265,8.32184662635607,0.00039264511098470207,0.0008991611593828382,0.02276150806000731,0.17172607548836116,0.41440966993119693,0.012146248898685787,0.00037317278972549936,0.002272676599823989,0.0073356333097496056,0.05897677815165264,0.13636059598943934,3,3.0,0.040528570362806084,0.013386673800554692,0.05897677815165264,0.040528570362806084,1,0,1.0
S10,1020,1080,60,30,0.41306672083333335,0.01617292099600129,0.388869,0.498878,0.11000899999999997,0.411894,0.010232999999999992,0.4133832111171738,41.012563016051004,2.605314656307586,8.597287484745888,-0.00026493543102776675,-0.0002997186953870292,0.021404506684133733,0.17172608831537928,0.4130629517012562,0.013174815316170218,-0.0002651543965324943,0.0015088019996843387,0.0060636164970470155,0.053725051251001854,0.09052811998106032,2,2.0,0.04435543123305147,0.009369620017950386,0.053725051251001854,0.04435543123305147,1,0,1.0
S10,1050,1110,60,30,0.40055216250000003,0.010300390983409015,0.386311,0.436199,0.04988799999999999,0.397823,0.011512000000000022,0.4006845803594612,38.531551905081,1.44109372788155,1.8387978657243735,-0.0005246997455386871,-0.0007493113588785766,0.004038601886282407,0.010510227804842565,0.40056603193017515,0.010146894848703836,-0.0005250548275466546,0.00038199876103942504,0.00046635196316099,0.0019830228449096987,0.022919925662365503,0,0.0,0.0,0.0,0.0,0.0,1,0,1.0
S10,1080,1140,60,30,0.3923708166666666,0.007018186210343491,0.377356,0.415732,0.038375999999999966,0.390148,0.007674999999999987,0.39243357744891044,36.960987050244,1.3427648602236113,1.9510502343499727,-4.244889168711439e-06,0.00017127668317939992,0.007435106774985581,0.05473190601137956,0.39233776306111895,0.006264760170602084,-6.8447275537879534e-06,0.0006939470945130221,0.0015188964979510123,0.011334316728955407,0.04163682567078132,2,2.0,0.010993083227802014,0.0003412335011533929,0.011334316728955407,0.010993083227802014,1,0,1.0
S10,1110,1170,60,30,0.4061699583333333,0.0164229536291922,0.377356,0.429803,0.052446999999999966,0.414453,0.03453800000000001,0.406501843118095,39.658499630018,-0.24844872506239835,-1.7168311460348347,0.0008547620751693401,0.0004924052493869832,0.007966455221496445,0.05473190600986344,0.4061580357667965,0.016065221941614857,0.0008537114377743238,0.0008405687706296127,0.0015388396219272566,0.011333570086198286,0.050434126237776766,1,1.0,0.011333570086198286,0.0,0.011333570086198286,0.011333570086198286,1,0,1.0
S10,1140,1200,60,30,0.42387585,0.0050588967162646555,0.406777,0.436199,0.029422000000000004,0.423407,0.006396000000000013,0.42390603752389316,43.127118875810005,-0.2136041015860613,0.014726864378214355,0.0002022505385411029,0.0001712677197906444,0.007705865393658763,0.0366880343599969,0.4238674174685592,0.003896020684767117,0.0002024821509004085,0.0008435981019700496,0.0014143760072738009,0.01122021904929249,0.050615886118202974,1,1.0,0.01122021904929249,0.0,0.01122021904929249,0.01122021904929249,1,0,1.0
S10,1170,1230,60,30,0.42869402916666666,0.004676581730992129,0.406777,0.438757,0.03198000000000001,0.428523,0.005117000000000038,0.428719536596873,44.112105854361005,-0.8449526426670589,2.853853023205107,0.00015898323966321375,0.00017126656084813478,0.007334325690411305,0.0366880343599969,0.42870164609519074,0.003527752641696057,0.0001596365929873735,0.0007758710180306848,0.001403206881937103,0.011220219049295266,0.04655226108184109,1,1.0,0.011220219049295266,0.0,0.011220219049295266,0.011220219049295266,1,0,1.0
S10,1200,1260,60,30,0.43623585000000004,0.0069373420890736955,0.423407,0.450269,0.026861999999999997,0.436199,0.011512000000000022,0.4362910078611331,45.683962449716,0.15625654923218224,-1.0774738770491945,0.00036482535775231805,0.00017126331131464545,0.004570166233926603,0.014860328730971428,0.43621142746051095,0.006562996824274497,0.0003638065464058358,0.0005454099640226958,0.000884531943043564,0.00532286003593857,0.03272459784136175,0,0.0,0.0,0.0,0.0,0.0,1,0,1.0
S10,1230,1290,60,30,0.44427863749999996,0.0067626496038481155,0.419569,0.452828,0.03325899999999998,0.446432,0.008954000000000018,0.4443301038288097,47.383017880444996,-1.1372537774054796,1.0974916927274432,0.0001111926202264943,-0.00021410449780678018,0.005235635717801495,0.01618745558607726,0.44431639226017444,0.006272569279452857,0.00011189478252390124,0.0005878100858275707,0.0010107914117814033,0.007173759224902321,0.03526860514965424,0,0.0,0.0,0.0,0.0,0.0,1,0,0.7142857142857143
S10,1590,1650,60,30,0.4282037583333333,0.002355098479879463,0.421115,0.439023,0.01790799999999998,0.427511,0.0012790000000000301,0.42821023474415193,44.007361233514004,1.045209008604705,4.4402238531019,-5.791453772062537e-05,-0.00014987458053354347,0.0032173387486460763,0.010038893779105607,0.42820436161823117,0.0018098059757381702,-5.7263799392730305e-05,0.0004066575101655684,0.0005702068532948885,0.002728352399024192,0.024399450609934106,0,0.0,0.0,0.0,0.0,0.0,3,0,0.9023809523809524
S10,1620,1680,60,30,0.4281184208333333,0.0024878398398475413,0.421115,0.436465,0.015349999999999975,0.42879,0.0038369999999999793,0.4281256493179261,43.989977184935,0.05117366393794664,1.0481930915242064,4.0084060921504445e-05,-4.282002320923917e-05,0.003988297833464998,0.01142144801903422,0.4281207105735971,0.0016146226920933002,3.980780603787052e-05,0.0004992543700238037,0.0007858308663667361,0.004307610684857133,0.029955262201428218,0,0.0,0.0,0.0,0.0,0.0,3,0,1.0
S10,1650,1710,60,30,0.4303408708333333,0.0030984692625256067,0.421115,0.437744,0.016629000000000005,0.430069,0.0038369999999999793,0.4303520252320912,44.44868774912699,-0.34560034333451634,0.15036408383255573,0.00010352213258604962,0.00010704927144241681,0.003783671214130097,0.011429956695903298,0.4303633141267152,0.0022962420607700513,0.00010295355564282811,0.0005189531455470871,0.0007573727671509042,0.004310642181506175,0.031137188732825227,0,0.0,0.0,0.0,0.0,0.0,3,0,1.0
S10,1680,1740,60,30,0.4312255833333333,0.0023942204249098632,0.419836,0.437744,0.017908000000000035,0.431348,0.0025580000000000047,0.4312322297934335,44.630696643027996,-0.5354644154470063,2.208221217661543,-3.7405779536081395e-05,-0.00012845504938237487,0.003905523418677933,0.010810322123811611,0.4312107918908635,0.0014625626469693782,-3.7129838390651306e-05,0.0004373489386162055,0.0005973907861668647,0.0025265498096717076,0.02624093631697233,0,0.0,0.0,0.0,0.0,0.0,3,0,1.0
S10,1710,1770,60,30,0.4293122125,0.002592648351720127,0.41344,0.435186,0.021746000000000043,0.430069,0.003837000000000035,0.4293200410266458,44.235767430509,-1.383274007015141,5.888221943148832,-6.71748264114609e-05,2.1401562931651008e-05,0.0046068228218773205,0.01884958120541036,0.42931619444745545,0.0014719680083510709,-6.80336277120759e-05,0.0005101641917307016,0.0007518978436214059,0.003635217186031381,0.0306098515038421,0,0.0,0.0,0.0,0.0,0.0,3,0,1.0
S10,1740,1800,60,30,0.4271643458333333,0.0025575642597790746,0.41344,0.432627,0.01918700000000001,0.427511,0.003838000000000008,0.4271720022264597,43.794220676679,-1.1296452842116564,3.04310486461985,-7.41533762784954e-05,-0.00012844885109348855,0.0044027065423686155,0.018849581205303778,0.42715707431232747,0.001532448685770179,-7.339281520446653e-05,0.0005097382784961587,0.0007279168948553644,0.0036403297537688784,0.030584296709769518,0,0.0,0.0,0.0,0.0,0.0,3,0,1.0
S10,1770,1830,60,30,0.42447805,0.003022598386460448,0.412161,0.430069,0.01790799999999998,0.424952,0.003838000000000008,0.4244888114341865,43.245780247873995,-0.5595349733502311,0.6372404284858408,-0.00013129220265591365,-0.0001284499757116556,0.003755825377218398,0.011015370959305493,0.4244842424300193,0.002405877095942591,-0.00013119105534037354,0.0004321665779354153,0.0005657266827020628,0.002428126888576465,0.025929994676124918,0,0.0,0.0,0.0,0.0,0.0,3,0,1.0
S10,1800,1860,60,30,0.4204913125,0.003345840020061294,0.409602,0.427511,0.017908999999999953,0.419836,0.0038369999999999793,0.4205046236766161,42.437793248019005,-0.1392710053961147,-0.15702857284607719,-0.0001615765084697052,-0.0002783266221484941,0.0037441263184260602,0.009523081328536964,0.42047730004127015,0.002859500506349525,-0.0001623142403360024,0.0004236465804987014,0.0005720399579265943,0.002913715765733127,0.025418794829922084,0,0.0,0.0,0.0,0.0,0.0,3,0,1.0
S10,1830,1890,60,30,0.4167496875,0.00249934452537269,0.408323,0.422394,0.014071,0.417277,0.002878750000000041,0.41675718200698614,41.684771701057,-0.3944964153407644,0.585775413111628,-9.847143745194277e-05,-0.00014985917585741832,0.003312944356852566,0.01108486623423266,0.4167530059837086,0.0018360670033298017,-9.908111302353912e-05,0.00036919039483162923,0.0005258521438238265,0.0026370775711686556,0.022151423689897753,0,0.0,0.0,0.0,0.0,0.0,3,0,1.0
S10,1860,1920,60,30,0.4145004583333333,0.0019115581728694233,0.407044,0.418557,0.011512999999999995,0.414719,0.0025580000000000047,0.414504866091089,41.23542816316599,-0.718175792575137,1.0674915445683704,-5.025516738696756e-05,-0.00010704458044910476,0.0034679959072607515,0.01108486623423266,0.4144987076302976,0.0009901618212751465,-5.057820615649971e-05,0.00036764128461393153,0.0005084812058162181,0.0023558231387159068,0.022058477076835892,0,0.0,0.0,0.0,0.0,0.0,3,0,1.0
S10,1890,1950,60,30,0.4126137333333333,0.002948249961794657,0.400648,0.418557,0.017909000000000008,0.41344,0.0025580000000000047,0.4126242662678824,40.862108427146,-1.5853325572032093,3.133255266035368,-6.491907136187372e-05,-2.140412236233978e-05,0.004242902897661355,0.021233261719022734,0.4125852303186955,0.0019781357713225486,-6.81837946568807e-05,0.0006206519987375224,0.0011052632465793888,0.007762828629147567,0.03723911992425134,0,0.0,0.0,0.0,0.0,0.0,3,0,1.0
S10,1920,1980,60,30,0.4116489666666666,0.0030199004865870756,0.400648,0.418557,0.017909000000000008,0.412161,0.002558999999999978,0.41166004367278997,40.671357973604,-0.9935214346841724,1.409901849732293,-2.3325772084502527e-05,-0.0001498578576977774,0.004340817912102072,0.021233261044594665,0.41165302014105476,0.0019388524801544804,-2.387277335582376e-05,0.0005840737868397797,0.000993419233745434,0.007068686295392368,0.03504442721038678,0,0.0,0.0,0.0,0.0,0.0,3,0,0.7976190476190477
S10,3180,3240,60,30,2.3072748291666665,0.09271546873634401,2.140172,2.518808,0.37863599999999975,2.28344,0.13047599999999981,2.3091369157001216,1279.707190907777,0.3374757604460464,-0.5367390177878137,-0.00494592964912271,-0.003917816009003872,0.022424689096788564,0.11618849878223259,2.3078542042250603,0.09192019285124872,-0.004983855869894271,0.004588070348367346,0.00823619731877909,0.04483166414838147,0.27528422090204074,8,8.0,0.02118226934401307,0.008390051522829919,0.037479420795254015,0.020178650006736687,2,1,0.7857380952380952
S10,3210,3270,60,30,2.1868458833333335,0.06067789366636245,2.048071,2.284719,0.23664799999999975,2.179826,0.10265375000000043,2.187687528929059,1148.634413815616,-0.08716643982126016,-1.0424818913054816,-0.0030559632903129352,-0.003939232801946312,0.01961893553080458,0.065418676719176,2.186763311799829,0.05951403683049111,-0.003060985669681114,0.004088931932521241,0.006520129886899494,0.029989674927315413,0.24533591595127446,9,9.0,0.019296823727429482,0.0061886762946547595,0.029989674927315413,0.019296823727429482,2,1,1.0
S10,3240,3300,60,30,2.1056343208333335,0.07468971276566738,1.964925,2.549508,0.5845829999999999,2.106914,0.1061709999999998,2.1069585772540167,1065.425867103425,1.2000193382223407,5.399573742937303,-0.0015572740357582863,0.006722379835313631,0.06168634186125412,0.4399955046214714,2.106449190371051,0.06411741687514197,-0.0014772186984758236,0.007579412667881942,0.020538764765791168,0.24504786736239703,0.45476476007291655,8,8.0,0.022410813119577794,0.005774070088869308,0.03154916235373717,0.022410813119577794,2,1,1.0
S10,3270,3330,60,30,2.264256829166667,0.27906717490364213,1.964925,3.151025,1.1861000000000002,2.187501,0.2852554999999999,2.2813893741614093,1249.136994368781,1.3670752438708091,1.2913343588586956,0.011939676179046746,0.018223965047474488,0.1079191290617297,0.43589200182949384,2.2654457448651235,0.2666492148451465,0.012049709689902084,0.02067213925980784,0.04169911140282899,0.26066246436308926,1.2403283555884705,12,12.0,0.06551054011349061,0.06994382612825606,0.26066246436308926,0.06479108301223463,2,1,1.0
S10,3300,3360,60,30,2.7482890833333333,0.3637727623822914,2.14401,3.459306,1.315296,2.874723,0.6904195,2.7722596393953465,1844.5016419729,-0.18116699700743824,-1.1545204690107296,0.014797477622583557,0.004822033077748679,0.10302759389265509,0.38053094531321463,2.7476551258971105,0.3570173777675943,0.014764961507478892,0.018779503162906278,0.02931598909032243,0.12710557730726535,1.1267701897743767,14,14.0,0.0615565822553266,0.037495977286300046,0.12710557730726535,0.06093990473996432,2,1,1.0
S10,3330,3390,60,30,3.0570535458333334,0.13113571095423587,2.845302,3.459306,0.614004,3.03526,0.16117599999999976,3.059864859234739,2247.065509627111,0.8841542759903883,0.4980810748584821,-0.001101847505996674,-0.003917801067973478,0.06557428491128099,0.29666523370276465,3.055985741219965,0.12162202376487335,-0.0010203968533953438,0.013887464050657241,0.02371491996632555,0.1389470701173714,0.8332478430394344,12,12.0,0.04852652269594319,0.035087423482638644,0.1389470701173714,0.048099523673651445,2,1,1.0
S10,3360,3420,60,30,3.0855019708333336,0.13746526668109044,2.901586,3.507541,0.6059549999999998,3.066599,0.1730482499999999,3.088562628725551,2289.412586774421,0.9361437486317618,0.3882172471093406,0.000560550686818904,0.0011712563534862607,0.06416560281938803,0.2571499450535555,3.0855058365058956,0.13126617436028273,0.0005408915832917008,0.009972841980407241,0.016492523051637745,0.07814387422996028,0.5983705188244345,11,11.0,0.039248954008155396,0.022478574079733735,0.07814387422996028,0.03805526181920808,2,1,1.0
S10,3390,3450,60,30,3.0651965875,0.13560696919299176,2.901586,3.507541,0.6059549999999998,3.0169775000000003,0.11393949999999986,3.06819480641555,2259.316648827685,1.43131155575311,1.265634938169085,-0.0009017108191439232,0.0006422715888425485,0.06636824442151874,0.2916789302671514,3.065399918192672,0.126660703804163,-0.0009141458743874191,0.010926261672219734,0.021794607248738756,0.13107233316688616,0.655575700333184,11,11.0,0.04199854501622599,0.03480953014801607,0.13107233316688616,0.04080485282727868,2,1,1.0
S10,3420,3480,60,30,2.9840781291666665,0.0816804980333687,2.858094,3.312201,0.45410700000000004,2.974499,0.09373900000000024,2.98519580341555,2138.734556335155,1.6591431193302668,3.828064339536576,-0.002923428456931729,-0.0027768925553505897,0.049801774578512405,0.2916789302671514,2.9835747219234405,0.07383146172983146,-0.0028865450100566694,0.009449752968572025,0.021336993001295157,0.13107233316673117,0.5669851781143215,9,9.0,0.03756603447391907,0.03942637642217913,0.13107233316673117,0.03756603447391907,2,1,1.0
S10,3450,3510,60,30,2.9376799,0.046276589736136194,2.858094,3.067878,0.20978399999999997,2.9284485,0.06651699999999972,2.9380443695801493,2071.7051322291877,0.6848183373049513,-0.10845579046404152,0.0005026578977183928,-0.001220304164154972,0.04237090889638457,0.15617521662920097,2.937569920132517,0.0368739021428162,0.0004936298245759133,0.00972362313439252,0.018312172614154538,0.08490641278524258,0.5834173880635513,10,10.0,0.04210046775626566,0.02495845028329534,0.08490641278524258,0.04210046775626566,2,1,1.0
S10,3480,3540,60,30,2.96871055,0.06809605916269433,2.789018,3.136954,0.3479359999999998,2.966184,0.08826325000000024,2.9694914384376982,2116.2910567091494,0.202222023117006,-0.04746948185860278,0.0012056288523578228,0.0011988957796619363,0.05707035659172767,0.21582219696782623,2.968654740667799,0.05404057233270062,0.0011865668262558996,0.014650661798102028,0.022931467385522205,0.1083743271998352,0.8790397078861216,11,11.0,0.05409501271381165,0.02556572280928863,0.1083743271998352,0.05409501271381165,2,1,1.0
S10,3510,3570,60,30,2.9873811625,0.06922181160277031,2.789018,3.159979,0.3709609999999999,2.9776965,0.09018175000000017,2.9881830381121937,2143.0170886227406,0.1880990663857437,0.04789846993980573,9.387722901960505e-05,0.0021194621239206484,0.053409906065540816,0.215813504016225,2.9865201636511363,0.05584944844936977,7.354838642419872e-05,0.011808195981533586,0.02262769413613584,0.10040434811924248,0.7084917588920151,10,10.0,0.04721165095362996,0.0334386044430319,0.10040434811924248,0.04721165095362996,2,1,1.0
S10,3540,3600,60,30,2.97432825,0.05681281196603016,2.836348,3.159979,0.3236309999999998,2.95787,0.07866950000000017,2.9748707928835416,2123.965496244372,0.7178720529224557,0.41892264544003943,0.00018210867301544074,-0.0004495948608799637,0.041838153912478145,0.16312854151898826,2.9744604145176408,0.04950911178730164,0.00019522047961473445,0.0067991151336242546,0.01464097839443162,0.0855494809406494,0.40794690801745526,8,8.0,0.034305269261521276,0.02555118357666328,0.0855494809406494,0.034305269261521276,2,1,1.0
S10,3570,3630,60,30,2.916664129166667,0.06828443584396922,2.769831,3.08067,0.3108390000000001,2.9214135,0.08474575000000018,2.9174633513629744,2042.782177571059,0.12577259768900528,-0.549646159115142,-0.0031405219274294326,-0.0034468085300939336,0.03877190133594029,0.13958396865955258,2.9165145642044634,0.06393247144227945,-0.0031543810107714848,0.005821748563996012,0.012109511712048455,0.06285690984268388,0.3493049138397607,7,7.0,0.032246086743541715,0.019842729973102036,0.06285690984268388,0.032246086743541715,2,1,1.0
S10,3600,3660,60,30,2.780144225,0.09919488727113263,2.571559,2.937403,0.36584400000000006,2.790298,0.18164300000000022,2.7819132871931114,1857.3699689907799,-0.21635870233937085,-1.2099528591225384,-0.005484659809934708,-0.00593022274711424,0.023086210295403083,0.13958396865338685,2.7800069829266154,0.097949677499863,-0.005482770482460698,0.003941188966590155,0.008715826236083237,0.0628555061140692,0.23647133799540931,5,5.0,0.02560771250638503,0.018693555591341927,0.0628555061140692,0.02560771250638503,2,1,1.0
S10,3630,3690,60,30,2.6005772333333335,0.1078598885398501,2.426707,2.810765,0.384058,2.5926655,0.1905969999999999,2.602813036329633,1625.912568500996,0.17078282351441085,-1.2089697239517216,-0.006192469873396823,-0.006170821722400901,0.009817046886203756,0.02172074417653036,2.6006429411795664,0.1077277558052357,-0.006194812892285707,0.0019018101896197033,0.002929312845458114,0.014669571878843435,0.1141086113771822,1,1.0,0.014669571878843435,0.0,0.014669571878843435,0.014669571878843435,2,1,1.0
S10,3660,3720,60,30,2.424804725,0.09488399437756107,2.241227,2.594584,0.3533569999999999,2.431824,0.16595775000000001,2.426660447357926,1413.2834224251283,-0.07795612740049039,-1.1089347066978934,-0.005460887699255628,-0.005871120806484095,0.008726767108513729,0.021196148746225774,2.424795331450659,0.09476901629175286,-0.005459362807179737,0.0014094916216294644,0.002360234763967884,0.009955005506971926,0.08456949729776786,0,0.0,0.0,0.0,0.0,0.0,2,1,1.0
S10,3690,3750,60,30,2.2787439125,0.07849819558529042,2.14273,2.433103,0.2903730000000002,2.257856,0.10457250000000018,2.2800955649853702,1247.7205885118292,0.2507772562164086,-0.9417428289805474,-0.004445007999417874,-0.004838408481039442,0.011767135105427026,0.040100833695742466,2.278717234566586,0.07843377504951671,-0.004458636096940793,0.002287284731856437,0.004053299624063513,0.026206702925030356,0.13723708391138623,3,3.0,0.018633412176191595,0.005986325078027555,0.026206702925030356,0.018633412176191595,2,1,1.0
S10,3720,3780,60,30,2.1420854125,0.0805525577317423,1.996904,2.269369,0.2724650000000002,2.1420905,0.15637875,2.1435994562889826,1102.804470960581,-0.030643070096973566,-1.4059727160433284,-0.0045891816353703365,-0.004260352920860658,0.012117409286517507,0.04010085931509799,2.1421007524907867,0.08028062486302595,-0.004588805036070446,0.002281477932324936,0.00374551188016309,0.023002216759924643,0.13688867593949616,3,3.0,0.017565250121157394,0.004683911257925951,0.023002216759924643,0.017565250121157394,2,1,1.0
S10,3750,3810,60,30,2.007767966666667,0.07139193558372371,1.886136,2.141451,0.25531499999999996,2.005859,0.12611800000000017,2.0090368379995405,968.694963945406,0.04575750720519866,-1.2115882570743604,-0.004107876142632439,-0.004251631396911113,0.007645736101597661,0.034452177470807754,2.0077996983770694,0.07130022937924801,-0.004110411874508047,0.001391943065508139,0.0020712780536165714,0.009179775255640621,0.08351658393048833,0,0.0,0.0,0.0,0.0,0.0,2,1,1.0
S10,3780,3840,60,30,1.8918097333333335,0.06253879506091044,1.778686,2.005859,0.22717300000000007,1.889974,0.10904975000000006,1.892843144061971,859.8852403253779,0.0700214537043396,-1.217975510917122,-0.0035999625820835606,-0.003802056941436024,0.0066037044161638215,0.03445217746892926,1.8918068405925377,0.06249484775844459,-0.0036035435002932403,0.0010147753924533247,0.0014771524565361106,0.008969310952309906,0.06088652354719948,0,0.0,0.0,0.0,0.0,0.0,2,1,1.0
S10,3810,3870,60,30,1.7947554250000002,0.04994932430710192,1.714727,1.893811,0.17908400000000002,1.785082,0.08474575000000018,1.7954503531330703,773.67407293576,0.3637963241465994,-1.0938707449908516,-0.002747694751457325,-0.0027403409124064004,0.012261459729473905,0.071315407283576,1.7947730912545163,0.049554578329692435,-0.0027457040777006843,0.0016458964833183155,0.004029249255804713,0.030693531649360395,0.09875378899909892,2,2.0,0.023937689159463038,0.006755842489897357,0.030693531649360395,0.023937689159463038,2,1,1.0
S10,3840,3900,60,30,1.7195559708333334,0.037841021444480726,1.640535,1.786361,0.145826,1.721123,0.0613999999999999,1.7199722903967172,709.9931231358071,-0.24244420306464085,-1.0473122927958447,-0.002058136297056882,-0.0022907756403104935,0.013588364655102703,0.071315407283576,1.7195210754304304,0.03727342413578058,-0.0020603539316110843,0.0018631008778600244,0.004127375171294133,0.030693531649305772,0.11178605267160147,2,2.0,0.023938254783087864,0.0067552768662179075,0.030693531649305772,0.023938254783087864,2,1,1.0
S10,3870,3930,60,30,1.6533160416666668,0.04226910189919973,1.577855,1.723681,0.145826,1.658443,0.07675100000000001,1.6538562847501896,656.4577465458481,-0.037212523812172195,-1.1829521933299432,-0.0024072459277798748,-0.0024191827276188417,0.008355074372678493,0.026219902917947735,1.6532837817862478,0.0420690521718037,-0.0024095415800093043,0.0012990350274063153,0.001921747040128964,0.007752525075809036,0.07794210164437892,0,0.0,0.0,0.0,0.0,0.0,2,1,0.7975952380952381
S11,90,150,60,30,4.944779041666666,0.18480923395127363,4.657315,5.280958,0.6236430000000004,4.8498425,0.35659975,4.948231423838175,5876.398613726297,0.5091077062855258,-1.3830143206134544,-0.008959353980377569,-0.0077184669343100705,0.06598069665146088,0.29479884555450653,4.944870911972853,0.17949646154579696,-0.008964281946017727,0.011257685991307668,0.02530102818899273,0.13916805219935657,0.6754611594784601,8,8.0,0.06472326293934816,0.041992390419645156,0.13916805219935657,0.0635215837878238,1,0,1.0
S11,120,180,60,30,4.7541171,0.0705558187260153,4.581839,4.931075,0.34923599999999944,4.741106,0.11769100000000066,4.754640630380861,5425.585805776442,0.25737631325053917,-0.7996000407644597,-0.003134879081816419,-0.002954588074463236,0.04919715131273474,0.29479883369920756,4.753499521436931,0.06247047485313762,-0.0030964612688117025,0.007105679000522946,0.022382218011609306,0.14909644444815306,0.4263407400313768,4,4.0,0.07139639963518829,0.053523331502206895,0.14909644444815306,0.07139639963518829,1,0,1.0
S11,150,210,60,30,4.648259066666666,0.06551003512773614,4.516597,4.78652,0.26992300000000036,4.656036,0.10681750000000001,4.648720675148304,5186.544939732314,-0.21734757918808376,-0.924623693879461,-0.0037015526033033807,-0.004025098312842872,0.01959298711859925,0.09694944242131243,4.648308028849155,0.0649720828219123,-0.003703832681457215,0.0018915794931190593,0.003239998156801933,0.02205969700414645,0.11349476958714355,2,2.0,0.020574198562301582,0.001485498441844868,0.02205969700414645,0.020574198562301582,1,0,1.0
S11,180,240,60,30,4.531143495833334,0.07534053744543276,4.404564,4.670108,0.2655440000000002,4.519156,0.12376749999999959,4.531769806203234,4928.865018339669,0.14740435611809868,-1.1267847130767499,-0.004326532149416263,-0.004294371103345214,0.009736138936135657,0.030711979186637706,4.531145796458373,0.07522707967684951,-0.004328555697453034,0.0012349548672655067,0.001652879765545748,0.00810869374441392,0.0740972920359304,0,0.0,0.0,0.0,0.0,0.0,1,0,1.0
S11,210,270,60,30,4.403152841666667,0.07362835680864806,4.258729,4.521715,0.2629860000000006,4.405843,0.1267447499999994,4.403768395590711,4654.36225968086,-0.1681078876849804,-1.136501645876381,-0.004223218129394083,-0.004187318946589173,0.010337594586418872,0.033414834411601646,4.403185189526922,0.07336982640696425,-0.004221138613682751,0.0013089087794476225,0.0018523330814724248,0.007749804833597551,0.07853452676685735,0,0.0,0.0,0.0,0.0,0.0,1,0,1.0
S11,240,300,60,30,4.229988770833334,0.12621661957927063,4.015672,4.408401,0.3927289999999992,4.2600085,0.24849475000000076,4.231871410668584,4298.096552744188,-0.3072536525654871,-1.4039208070656135,-0.007153871858406885,-0.00655147674222633,0.01631884628291425,0.033414834411601646,4.229977804968341,0.12597952672517942,-0.007156338900832458,0.0018919231841738086,0.0037897570328200678,0.03069638638895178,0.11351539105042852,1,1.0,0.03069638638895178,0.0,0.03069638638895178,0.03069638638895178,1,0,1.0
S11,270,330,60,30,4.072550129166666,0.07731408033903536,3.910863,4.263846,0.35298300000000005,4.052815,0.07954275000000077,4.073283935793588,3981.994085182585,0.9830929196806851,0.20057035868304274,-0.003653395196168188,-0.004366133704278242,0.03572682910066539,0.22653437348197691,4.072703306313741,0.07434797432406702,-0.0036670156106544637,0.005659066490701478,0.01407118439277298,0.06946125556060156,0.33954398944208863,4,4.0,0.044493887539966526,0.02391230828215409,0.06946125556060156,0.044493887539966526,1,0,1.0
S11,300,360,60,30,3.9678138541666663,0.07730097706826156,3.811081,4.093796,0.28271500000000005,3.9818615,0.07227774999999959,3.9685667718173328,3779.885333369435,-0.6000808888311678,-0.6499281712796856,-0.0038982799720929523,-0.0033812583451321918,0.038451962364311504,0.2265343734821279,3.9675698210736337,0.07345424204909007,-0.0038800059986923885,0.006066407490743473,0.015195437072182169,0.0702807228575244,0.3639844494446084,6,6.0,0.03917212101901035,0.024661195065262348,0.0702807228575244,0.03917212101901035,1,0,1.0
S11,330,390,60,30,3.7220865374999996,0.25783827591683367,3.216083,3.994015,0.7779320000000003,3.814919,0.2628862500000002,3.731006401651772,3340.8981045999612,-0.9216294385711101,-0.6992951857197229,-0.01351317453283125,-0.012912719064749952,0.06540543033436207,0.17354659769079106,3.722047882500783,0.2551531311940087,-0.013518757907656402,0.007209665998659778,0.019897626754522876,0.13254783160321448,0.43257995991958664,7,7.0,0.056766328079418456,0.04603227306408627,0.13254783160321448,0.04933685459436697,1,0,1.0
S11,360,420,60,30,3.310312716666666,0.2851205588106454,2.973025,3.818757,0.8457320000000004,3.2173619999999996,0.5975570000000001,3.3225688879512405,2649.47136364357,0.7299633024350821,-1.0021710920391744,-0.01542919091344299,-0.014026060625256692,0.062211279633778656,0.17354659769079106,3.3103175788191153,0.28285764099220156,-0.015434257147791654,0.006042075059525548,0.019217709028986604,0.13254783160321448,0.3625245035715329,4,4.0,0.07760763104255264,0.049549012029139514,0.13254783160321448,0.06460605244371254,1,0,1.0
S11,390,450,60,30,3.0222534375,0.10108534068632846,2.862103,3.218641,0.356538,3.003727,0.17113949999999978,3.0239434661683466,2194.6161807797366,0.19239416488540353,-1.1384227764621073,-0.003972023046465424,-0.0021347613670883074,0.04401864650438391,0.42575843525068,3.0215322396443507,0.0971332470737971,-0.00403277073415435,0.0050682890029279445,0.018520162794094963,0.1397527959184095,0.3040973401756767,2,2.0,0.08193599232485038,0.05781680359355912,0.1397527959184095,0.08193599232485038,1,0,1.0
S11,420,480,60,30,3.0483769833333336,0.11454035533393774,2.862103,3.27914,0.4170370000000001,3.082135,0.1960449999999998,3.050528106003362,2233.3732141239498,-0.09603431734173214,-1.2342793560373706,0.0054058042198549434,0.004266841033976804,0.055526384002696695,0.4257584350560073,3.048297388059713,0.1095743055878296,0.00540708817705836,0.007983270541116364,0.019268612277321552,0.13507770807259023,0.47899623246698186,7,7.0,0.04859497831495117,0.03816290085063194,0.13507770807259023,0.04859497831495117,1,0,1.0
S11,450,510,60,30,3.1483253666666666,0.051611356160399,2.975957,3.27914,0.30318299999999976,3.161448,0.06396299999999977,3.148748377765603,2379.507923155564,-0.23695985939406067,0.11294097584196638,0.0008288122185466177,0.001391633546352631,0.056499324498940455,0.32468091594915904,3.1482618490093524,0.04161354600097072,0.0008036970818116354,0.009141985029961098,0.014671772442243726,0.07769908795891878,0.5485191017976658,13,13.0,0.034364409127643346,0.018500140107345724,0.07769908795891878,0.034364409127643346,1,0,1.0
S11,480,540,60,30,3.1484319416666664,0.041106156263244355,2.975957,3.225411,0.24945399999999962,3.15889,0.05021075000000019,3.1487002727140725,2379.4352177735223,-1.0161730942440672,1.401686581677649,-0.0006007423253902877,-0.0009206561915140382,0.05461338340002651,0.32468091594915904,3.1486466151954544,0.032016573613561486,-0.0005853239240972837,0.0074859514873415875,0.013543716091724419,0.07769908795891878,0.44915708924049524,14,14.0,0.03103710432873446,0.018764470871816517,0.07769908795891878,0.030678870345465587,1,0,1.0
S11,510,570,60,30,3.134189629166667,0.02511824697455979,3.070621,3.197267,0.12664600000000004,3.133305,0.029421999999999837,3.1342902797773795,2357.706133897671,-0.01753236908977107,-0.24361142814373205,-0.0002830523045316146,-0.0008350030657484017,0.0360816170814416,0.17057668698096506,3.134287211689312,0.019710306114461788,-0.00029028543161652116,0.004078143338854412,0.009029711683196037,0.06234109187688608,0.24468860033126472,10,10.0,0.02814363563385607,0.014698001935672382,0.06234109187688608,0.027642108057279558,1,0,1.0
S11,540,600,60,30,3.1112004208333333,0.02388958159520028,3.02201,3.151214,0.1292040000000001,3.111557,0.03357974999999991,3.1112921384373897,2323.233304968553,-0.9664775909696025,1.2002039529299724,-0.0010333558857653316,-0.0008992124027645834,0.025768681840698002,0.16497336684484587,3.1112572252188526,0.021531571319496803,-0.001039518458918468,0.002205278593708815,0.004909454642901776,0.04076545455351965,0.1323167156225289,6,6.0,0.021724441254392657,0.009749378149409084,0.04076545455351965,0.021724441254392657,1,0,1.0
S11,570,630,60,30,3.0888454750000003,0.015978362326889928,3.02201,3.121792,0.09978200000000026,3.0891705,0.019189000000000345,3.0888868021490565,2289.89320235775,-0.7753646610302842,2.0862756609575195,-0.0005118505054624706,-0.000770779560729319,0.021558289535346192,0.16497336684484587,3.0888604825310013,0.013297725552410126,-0.0005131112249958079,0.001725678967702495,0.004223055945282703,0.04076545455351921,0.1035407380621497,3,3.0,0.026170914561689667,0.01035542457940543,0.04076545455351921,0.026170914561689667,1,0,1.0
S11,600,660,60,30,3.0722844958333337,0.01416313515904287,3.041199,3.103882,0.06268299999999982,3.071901,0.022066999999999837,3.0723171414643073,2265.391828256499,0.03422193596601761,-0.9086398913013576,-0.0007902884133022061,-0.0006851233527722358,0.006356950286253937,0.018991764551355317,3.0722749613727833,0.013778361376541202,-0.0007904546771931905,0.0007753039397723297,0.00112896580155872,0.005413020178174577,0.046518236386339784,0,0.0,0.0,0.0,0.0,0.0,1,0,1.0
S11,630,690,60,30,3.0403565333333336,0.029593549576282466,2.945255,3.074459,0.1292040000000001,3.047595,0.029741999999999713,3.0405005554939812,2218.7144707102098,-1.6002313052901054,2.08584484491037,-0.0014730124188393806,-0.0020125681156409024,0.01631209966659886,0.10166003268235713,3.0404201443767183,0.02882366089852508,-0.0014706838988216967,0.0012027648652392772,0.002842585857952107,0.025954012680459382,0.07216589191435663,3,3.0,0.018773690799749037,0.005173731447092095,0.025954012680459382,0.018773690799749037,1,0,1.0
S11,660,720,60,30,2.9579655708333337,0.12883456836641963,2.229848,3.050153,0.8203049999999998,2.982353,0.08834524999999971,2.9607699444978035,2103.8780794179665,-3.5308477698514453,14.623505775899439,-0.003186695972637884,-0.0027190235850113828,0.1202043489589429,0.4650930153851167,2.958066341297227,0.10806076930331093,-0.00317901969671194,0.012345996266815715,0.034012600772819125,0.22362682660229583,0.7407597760089429,10,10.0,0.05327766095590998,0.06271846797261178,0.22362682660229583,0.05306585933058892,1,0,1.0
S11,690,750,60,30,2.8907089083333335,0.11587656137380241,2.229848,3.034802,0.804954,2.90176,0.07331399999999988,2.8930304820712673,2008.710088846442,-3.323380227739504,14.397220926025756,8.235570007465388e-05,-0.001177566435966551,0.13086567372283264,0.4650930153851167,2.8908232254916237,0.08803366205873822,7.184579398043474e-05,0.017563949347200344,0.03671564617365765,0.22362682660229538,1.0538369608320206,11,11.0,0.07184493958499419,0.05810167070923315,0.22362682660229538,0.06641799065152997,1,0,1.0
S11,720,780,60,30,2.8581804749999997,0.04737367678934199,2.688125,3.028406,0.34028100000000006,2.856987,0.06779999999999964,2.858573051878116,1961.145574301704,0.41513194696043915,1.6535021333928066,-0.0017098500782964595,-0.0010704802221612826,0.054698550074089976,0.2880682746172081,2.857810461052046,0.03760718103277034,-0.0016821023652708604,0.006634435248978384,0.017965160767035002,0.11298047923228749,0.39806611493870303,6,6.0,0.05987180415583119,0.0339631923663371,0.11298047923228749,0.048539996897552694,1,0,1.0
S11,750,810,60,30,2.811407833333333,0.030541266062311317,2.762322,2.906877,0.144555,2.800699,0.04285474999999961,2.8115737184467915,1897.1872258225721,0.7426613807480336,-0.395054467683019,-0.0013415590579785805,-0.001691391917715138,0.026381104305476244,0.13054299001223768,2.8114358178789263,0.028270537442010333,-0.0013437578565965813,0.0025930790745173162,0.007385434275383396,0.052626974727567166,0.15558474447103898,5,5.0,0.03141206015514868,0.014254225669556496,0.052626974727567166,0.03141206015514868,1,0,1.0
S11,780,840,60,30,2.778584375,0.02256723768525311,2.736737,2.862103,0.12536599999999964,2.777673,0.03070200000000023,2.7786760173166796,1853.049698210612,1.0070413281436557,1.932427802682179,-0.0006423915382796856,0.0002569422946833225,0.03717032691024523,0.13054299001223768,2.7785311104298698,0.01675535729574252,-0.0006258749936486797,0.004087163052863674,0.009072104738549235,0.05262697472102573,0.24522978317182043,11,11.0,0.02897485133145482,0.012958544774284554,0.05262697472102573,0.02897485133145482,1,0,1.0
S11,810,870,60,30,2.7540440958333336,0.03613348221034036,2.626721,2.853149,0.2264280000000003,2.759763,0.02974275000000004,2.7542811240559826,1820.655482479461,-1.571048730633538,3.3013228708379136,-0.0008021348620193674,0.00014984225416986272,0.05220135078122949,0.21275294922037524,2.7535986910769847,0.02849587313348297,-0.0008397247029763623,0.007937130975103946,0.013971341299698714,0.06416857749880078,0.4762278585062367,18,18.0,0.03418924154434001,0.014244276212148741,0.06416857749880078,0.0326183153045847,1,0,1.0
S11,840,900,60,30,2.74038275,0.035589755318244314,2.626721,2.808375,0.18165399999999998,2.741854,0.03613875000000011,2.7406138449590403,1802.631419323482,-0.9994892737104841,1.3863387057861605,-0.0005363940744231762,-0.0011561518639560194,0.05472358942035285,0.21275312025754722,2.740556602931436,0.02604145452688211,-0.000540521875309955,0.0074292962193494945,0.012511087440461453,0.06416857749914007,0.44575777316096965,19,19.0,0.02713826935328978,0.013158677960218633,0.06416857749914007,0.026561732886013618,1,0,1.0
S11,870,930,60,30,2.7081402708333333,0.03931863695678106,2.619046,2.786628,0.1675819999999999,2.720107,0.061404000000000014,2.7084256832561198,1760.536723613131,-0.2572189594227616,-1.0739137621844355,-0.001836657955462501,-0.002569232343256558,0.042589301454140756,0.14952344395755013,2.7081534890438284,0.034543702559883364,-0.001838755263914671,0.0056119064179885785,0.010045883161095354,0.0462291646354025,0.3367143850793147,10,10.0,0.028427485142525376,0.010076447032073143,0.0462291646354025,0.027608856520368753,1,0,1.0
S11,900,960,60,30,2.657172725,0.034565066751698535,2.541011,2.746971,0.2059599999999997,2.64591,0.04605300000000012,2.657397530352483,1694.822792237634,0.21400144030525775,1.128911304985234,-0.0014430821088897282,-0.0032115165699318302,0.03246694836323156,0.14952344395755013,2.657067520168142,0.02999452772964368,-0.001461981438254156,0.004911138202662328,0.009621008566206995,0.0462291646354025,0.29466829215973966,6,6.0,0.03114384954339185,0.010055457781631381,0.0462291646354025,0.02977946850646414,1,0,1.0
S11,930,990,60,30,2.5476529041666667,0.09304851914034767,2.403826,2.69708,0.2932540000000001,2.534615,0.17812099999999997,2.5493515542237524,1559.806403285535,-0.10332142846616747,-1.6507729860639662,-0.00504309745768078,-0.003987382577515818,0.018612767233070034,0.12451019210538838,2.5475423708519096,0.09231276217859265,-0.005034786518544719,0.002729482169165335,0.006210080656224419,0.03683503217560968,0.1637689301499201,4,4.0,0.02388127222871439,0.011057674321496234,0.03683503217560968,0.02388127222871439,1,0,1.0
S11,960,1020,60,30,2.4698178708333334,0.06474286216471394,2.371845,2.56885,0.19700499999999987,2.46523,0.13592074999999992,2.47066629743658,1465.006068789355,0.13922558351390726,-1.3944099470682003,0.0010468277598731353,0.0004659063073460211,0.023306300311358392,0.23353405938529903,2.469790407176642,0.06317823116000461,0.0010466494920754793,0.00234382432677136,0.006131698426119105,0.05142666216580194,0.1406294596062816,3,3.0,0.033464633058483795,0.01616719599525808,0.05142666216580194,0.030102782294429236,1,0,1.0
S11,990,1050,60,30,2.4616113250000002,0.13565922828483157,1.979115,2.58548,0.606365,2.502329,0.16246500000000008,2.465346576363472,1458.704097980902,-1.8597985756062327,3.1378360941554373,-0.0006324597275772195,0.0019054551201096606,0.12602156063157294,0.8670630676728628,2.4619359206396627,0.11602160508493238,-0.0006110539077127924,0.014087442428112284,0.03465177581133519,0.22134645462865432,0.8452465456867371,9,9.0,0.06487257827079566,0.06822538037487368,0.22134645462865432,0.06375196134944414,1,0,1.0
S11,1020,1080,60,30,2.4728580625000003,0.12463138041206528,1.979115,2.58548,0.606365,2.504887,0.02974275000000004,2.475996764588894,1471.3343947811209,-2.72084671514708,6.434545820590664,0.0008757017740829212,-0.0007707571594960415,0.12415092412366381,0.8670630676729107,2.473101613135976,0.1034024496796417,0.0008546448497156212,0.012553163902979319,0.033407811557576314,0.22134633630685396,0.7531898341787592,7,7.0,0.07487477823147552,0.07371228680660442,0.22134633630685396,0.07487477823147552,1,0,1.0
S11,1050,1110,60,30,2.5007617083333336,0.010624306149811868,2.456276,2.520238,0.06396200000000007,2.50041,0.016949749999999764,2.500784276531548,1500.94127945938,-0.28935537139162704,-0.07510998714422268,-7.346401425541462e-05,-0.0006208634746337413,0.0077057194550325695,0.03539960136307663,2.5007872477947504,0.00970749299615768,-7.753966505376823e-05,0.0009373545180699143,0.0012622800661901896,0.007257248912882375,0.056241271084194855,0,0.0,0.0,0.0,0.0,0.0,1,0,1.0
S11,1080,1140,60,30,2.4774260375000003,0.025154127612304372,2.421736,2.511284,0.08954799999999974,2.481861,0.04253475000000018,2.4775537333060784,1473.1854003405329,-0.5028228720207336,-1.054046450760906,-0.0013546130608710733,-0.0012203725645637453,0.00901731068735923,0.03622817877689499,2.4774500674505524,0.02457297086644745,-0.0013525388326257092,0.0010970029064533704,0.0019801130267871037,0.011355845852418778,0.06582017438720222,1,1.0,0.011355845852418778,0.0,0.011355845852418778,0.011355845852418778,1,0,1.0
S11,1110,1170,60,30,2.431186466666667,0.02904009141010441,2.389755,2.48314,0.09338500000000005,2.43197,0.05276974999999995,2.4313598998528083,1418.762631026942,0.2160085162083245,-1.3905181663396227,-0.0015880175971567238,-0.0014987181744136999,0.008992976178067841,0.03622817877689499,2.4311964812520723,0.02857673340648686,-0.001587691766158923,0.0011806035775767962,0.0021178247010030593,0.011355845852418778,0.07083621465460777,1,1.0,0.011355845852418778,0.0,0.011355845852418778,0.011355845852418778,1,0,1.0
S11,1140,1200,60,30,2.3955059958333336,0.01997268958884814,2.357773,2.442204,0.08443099999999992,2.396151,0.026863999999999777,2.3955892561962417,1377.323492256687,0.07337795329016229,-0.4015653464113873,-0.0008864556493479353,-0.0012846054624456094,0.014181607436620423,0.06232301234473425,2.3954797470374896,0.01827544739989069,-0.0008833010170755679,0.0020762240198101208,0.00452206520552384,0.02538302877479026,0.12457344118860725,3,3.0,0.016814424023923486,0.0061509097089327055,0.02538302877479026,0.016814424023923486,1,0,1.0
S11,1170,1230,60,30,2.3684658083333336,0.02389055947450644,2.302766,2.428132,0.1253660000000001,2.36289,0.033260999999999985,2.3685862965229014,1346.4482505782578,0.486892641160674,-0.031728608355289456,-0.0010265191829754137,-0.0014986999448875602,0.02441363980478172,0.10854825752804587,2.3685434405634407,0.021257111560171554,-0.0010213818094209545,0.0029298778787166485,0.005889892477966798,0.036538488221989684,0.17579267272299892,6,6.0,0.02151102535428932,0.00797815548631187,0.036538488221989684,0.020403137596860226,1,0,1.0
S11,1200,1260,60,30,2.350284445833333,0.018729521293857607,2.29509,2.396151,0.10106100000000007,2.348819,0.0191889999999999,2.3503590728427,1325.8050651105589,-0.012773319081855602,0.5300461636177949,-0.0001665662402344321,0.00012848783173533264,0.03601844649821389,0.17202702536909165,2.3503977712413135,0.010952376352134734,-0.00015582184135560118,0.004257131412915531,0.008308102016589861,0.04157847016848848,0.25542788477493183,13,13.0,0.02355630254647194,0.01055608548016499,0.04157847016848848,0.023044984271420158,1,0,1.0
S11,1890,1950,60,30,3.0737609625,0.07096409629126615,2.918391,3.229249,0.31085799999999963,3.0750985,0.09082699999999999,3.0745800294595296,2268.730165812327,-0.13409405430732058,-0.4570187613750929,0.0014871439921087428,0.0026120158748580056,0.0683634074155312,0.2636398428765716,3.0736996299596155,0.06035945560886299,0.001475554265695239,0.012210211066981206,0.020550703039434428,0.09670131968148254,0.7326126640188724,17,17.0,0.04285075796777908,0.026560868525619532,0.09670131968148254,0.0425770469255153,2,1,0.7062619047619048
S11,1920,1980,60,30,3.088408370833333,0.08295447948734685,2.869779,3.36357,0.4937910000000003,3.080216,0.08315099999999997,3.089522246351436,2290.835450568101,0.11553426278488536,0.9489709529130508,-0.0011135917091245862,-0.002141028358754118,0.08806773392300761,0.44270698066164726,3.088598703868223,0.07085291784956123,-0.0010685114306772437,0.014869072663490922,0.022213381093479978,0.11552488636541103,0.8921443598094554,19,19.0,0.05243719535618822,0.025559356444898484,0.11552488636541103,0.04765410108811654,2,1,1.0
S11,1950,2010,60,30,3.0687185666666665,0.09486285285165047,2.836519,3.36357,0.5270510000000002,3.074459,0.0940249999999998,3.07018445736667,2262.24782454141,0.026932287022071223,0.409573702534725,-0.0017252161763886026,-8.565988241337798e-05,0.10084481221732852,0.4427069806839832,3.0689335945757725,0.08006854095016551,-0.0017575744956487393,0.017899160784130046,0.027151572422061242,0.12196218834268624,1.0739496470478027,20,20.0,0.05820871201636431,0.033385149840815045,0.12196218834268624,0.056615992459396434,2,1,1.0
S11,1980,2040,60,30,3.0565283833333337,0.08821368216280126,2.778952,3.21006,0.43110800000000005,3.0789365,0.08602924999999972,3.057801074602957,2244.03537884232,-1.1432269150183234,0.8527789166573645,0.0011114278702667828,0.0028690515645802667,0.12983388802156,0.6271693109902028,3.0568179455182443,0.050860049836518484,0.0011510608872197278,0.027017451783769287,0.037000315696072913,0.17309249857144549,1.6210471070261572,17,17.0,0.0750333095850791,0.039265059874875885,0.17309249857144549,0.06780572640730276,2,1,1.0
S11,2010,2070,60,30,3.0736170583333338,0.0893917496786659,2.778952,3.238204,0.4592520000000002,3.100044,0.08507050000000005,3.074916699064914,2269.227049485184,-1.2524380641771986,1.2062625679480394,0.0008361366382656157,0.0019054483651472134,0.1419772850092441,0.6271693109902028,3.0747744048778545,0.04607114092970111,0.000788748767572079,0.027826574663580315,0.03595413288463456,0.17309249857146192,1.669594479814819,18,18.0,0.07355558121918332,0.037928426350592855,0.17309249857146192,0.06177821833312742,2,1,1.0
S11,2040,2100,60,30,3.0754879416666667,0.08412546758501017,2.842915,3.238204,0.395289,3.102603,0.11673124999999995,3.0766382909977357,2271.7687616720323,-0.9861813573413772,0.1377406522825435,-0.0007506193983141,-0.00256917803890393,0.15755070127261125,0.5388908172453473,3.0747930535598416,0.04626641617325026,-0.0007974835817784303,0.024970853592523958,0.03624334743777716,0.16570187604965092,1.4982512155514376,19,19.0,0.06953104441030052,0.041411064125722936,0.16570187604965092,0.06856634093915928,2,1,1.0
S11,2070,2130,60,30,3.0780731125000003,0.10055905820250527,2.855707,3.254834,0.39912699999999957,3.102603,0.16310475000000002,3.0797152806845656,2276.3150904196827,-0.37998932956018633,-0.8248911745901486,0.0008025594110728045,-0.0001924337441909413,0.18319298083186097,0.6777476782323344,3.078888606789229,0.05951802858911649,0.0008476458416182627,0.028092082211668316,0.039822035306030006,0.16570187604919484,1.685524932700099,20,20.0,0.07848011631523429,0.044502575357595074,0.16570187604919484,0.07395360842038035,2,1,1.0
S11,2100,2160,60,30,3.066320029166667,0.14212620307258025,2.561479,3.368687,0.8072080000000001,3.066784,0.194766,3.0696120893149503,2261.4044109284387,-0.7648072174492168,0.4821717596831787,-0.0009615750628270642,0.002076743194611839,0.2228940052165871,0.8130698518702353,3.0660969823923847,0.08092617647845933,-0.0009414243238109829,0.038582845738943765,0.057373205968967875,0.2922705751193244,2.314970744336626,19,19.0,0.11450319228032721,0.06940835322265713,0.2922705751193244,0.10973107159176458,2,1,1.0
S11,2130,2190,60,30,2.9809672875,0.1900934023097501,2.561479,3.368687,0.8072080000000001,3.0475950000000003,0.3543524999999996,2.987022174465199,2141.352352979233,-0.21302225645218534,-1.3444534014134542,-0.006294092613385138,-0.008093005163738854,0.21850829742289155,0.8149848422698227,2.980909733096627,0.14834751056266834,-0.006248457245430533,0.04113823729019025,0.06213169837550386,0.2922705752244461,2.4682942374114147,16,16.0,0.12611832107960202,0.07761525792358383,0.2922705752244461,0.118758698954681,2,1,1.0
S11,2160,2220,60,30,2.926892270833333,0.20668309186601955,2.659982,3.26123,0.601248,2.9081564999999996,0.42727024999999985,2.934180680450201,2066.259903726529,0.09702391123049094,-1.7262232929455725,0.000752903395372016,-0.0006208838246691126,0.17461776377328841,1.0239469002790464,2.926823691869744,0.18763070313748906,0.0007752946779497539,0.028897975710937992,0.0530130459780216,0.3247995073827816,1.7338785426562795,15,15.0,0.09137005551942,0.0832552868704798,0.3247995073827816,0.08603096212794466,2,1,1.0
S11,2190,2250,60,30,2.9413371874999994,0.16989173289103568,2.659982,3.26123,0.601248,2.9343814999999998,0.25073325000000013,2.9462395780851103,2083.278636354031,-0.018729397681391622,-1.0188801855167697,0.0019068588947793248,0.0036397000456122332,0.1603297507933863,1.0239469002790464,2.9417308920171594,0.15326724236467362,0.0018932065609537354,0.02053888438700307,0.04143644267081404,0.3247995073827816,1.232333063220184,17,17.0,0.06951411885922595,0.0727046686812093,0.3247995073827816,0.06657867211932883,2,1,1.0
S11,2220,2280,60,30,2.989191841666667,0.10313415561038256,2.718827,3.234366,0.515539,2.9599665,0.17333849999999984,2.9909704980724947,2147.017084881606,0.29586810764540183,-0.9344980688058349,0.002101645374970224,-0.0020341139518698964,0.10972105556781067,0.7229861093572048,2.9894517611595997,0.09126681823980057,0.0020862375334769465,0.011174409246181674,0.02521675306436609,0.1635749168616818,0.6704645547709004,12,12.0,0.05063287140735958,0.046554924427967964,0.1635749168616818,0.05063287140735958,2,1,1.0
S11,2250,2310,60,30,3.0493379541666665,0.08348969290298892,2.874896,3.299608,0.424712,3.0661445,0.08187200000000017,3.0504806977823002,2233.303797010173,-0.10210423871737474,0.2888691221091597,0.0013526710025607077,0.004496135687211274,0.07919229359594711,0.5774019046533159,3.0489394592114936,0.07221406654008182,0.0013579619979189124,0.01134871449754679,0.025328402466119802,0.16357491686168002,0.6809228698528074,11,11.0,0.04990611666145957,0.05071698617985677,0.16357491686168002,0.045767989841719696,2,1,1.0
S11,2280,2340,60,30,3.134989845833333,0.10386224066829453,2.874896,3.523103,0.6482069999999998,3.126909,0.13879850000000005,3.1367098524592207,2361.347687643539,0.9333186326723376,1.6102903802430895,0.004010632343273664,0.007679978311622196,0.07265943677973985,0.36888836293357485,3.1348806482684117,0.09650612400895102,0.004108395777796398,0.012023617352057892,0.02308843046549473,0.14774909037600858,0.7214170411234735,13,13.0,0.046010355384851515,0.03911392148316371,0.14774909037600858,0.04302309773440349,2,1,1.0
S11,2310,2370,60,30,3.3119421166666667,0.13469177556673503,3.114116,3.628002,0.5138859999999998,3.3197020000000004,0.24364425,3.3146798425422324,2636.904590053392,0.15129301972254627,-1.040225492331583,0.006953462074303084,0.0059457252568632995,0.06275073125334624,0.2995357772741034,3.3120197851495248,0.12895415809630933,0.006995319986848477,0.014242210623082804,0.024237771585714978,0.10973109429407835,0.8545326373849682,12,12.0,0.055207145164400506,0.031856083629508605,0.10973109429407835,0.055207145164400506,2,1,1.0
S11,2340,2400,60,30,3.4820115375,0.12735867205654636,3.309468,4.028554,0.7190859999999999,3.4591405,0.11673175000000002,3.4843399057254905,2913.7498988714688,1.9391416993318047,5.103999607155661,0.005047330816005292,0.003042663822705191,0.09222199908399878,0.5772559718592518,3.4806896868274624,0.10337906975624449,0.004885964823323528,0.02133588204734171,0.04736781438723927,0.31068891339587523,1.2801529228405026,12,12.0,0.07453525356682851,0.07553126627999421,0.31068891339587523,0.07453525356682851,2,1,1.0
S11,2370,2430,60,30,3.6138105625,0.14766102430368264,3.387502,4.028554,0.6410519999999997,3.567877,0.20322825,3.616826033932926,3139.5433343363948,0.7638196505705183,-0.20747818174799937,0.005989621509212882,0.004584214425245899,0.10054668335943161,0.5772559744992094,3.612948808729941,0.12847132719213142,0.005936295504991097,0.021269058962807404,0.044571889332327225,0.2753066136316775,1.2761435377684442,12,12.0,0.08224941869826026,0.07051322736608526,0.2753066136316775,0.08224941869826026,2,1,1.0
S11,2400,2460,60,30,3.8414505041666662,0.2551533911072416,3.533484,4.73589,1.2024060000000003,3.788055,0.2516925000000003,3.849914963860353,3557.242854949407,1.3343147914361977,1.7597274824830968,0.011596033781372252,0.003960861631997494,0.12778302660183072,0.7194336657922946,3.8408511108817946,0.2394222220502598,0.011533006828153074,0.024634510908165753,0.05497915907316858,0.3361877386351715,1.4780706544899451,13,13.0,0.08929172330296312,0.08778137252282209,0.3361877386351715,0.08929172330296312,2,1,1.0
S11,2430,2490,60,30,4.137891941666666,0.2739351009603003,3.742002,4.783222,1.0412200000000005,4.1391645,0.40287425000000043,4.146949500590533,4127.325638507536,0.4194323711710021,-0.6080251177041722,0.010972845494173973,0.014043494687014626,0.17079818069706218,0.7194336657922946,4.136332769640427,0.23913622854694078,0.010853862161285074,0.04155874171243855,0.07545159638421971,0.33618773863410745,2.493524502746313,12,12.0,0.13744408489897764,0.10933564078669329,0.33618773863410745,0.13744408489897764,2,1,1.0
S11,2460,2520,60,30,4.4083844125,0.22643857257416564,3.914701,4.879166,0.9644649999999997,4.4320675000000005,0.3783390000000004,4.414196139221998,4676.430613325374,-0.06241706256287524,-0.789692280849398,0.009076476570230618,0.011731193637375781,0.14982847638992072,0.5702586945577792,4.406639727670134,0.19919531244880187,0.009314448955885018,0.041239527580607095,0.07037288068798239,0.2942850312574352,2.4743716548364256,11,11.0,0.13979431451636296,0.09997027049968102,0.2942850312574352,0.13979431451636296,2,1,1.0
S11,2490,2550,60,30,4.638320495833333,0.1549024720101597,4.27536,4.931615,0.6562549999999998,4.6584955,0.24561674999999994,4.640906355217958,5169.122831496585,-0.40172351587559035,-0.7226788355059726,0.006728625052117441,0.0007707439443730391,0.07862996709680625,0.3395077122547576,4.638358008894457,0.14703864546174428,0.0067365499485278315,0.01588975470827599,0.028795072783155788,0.14871310723825726,0.9533852824965594,10,10.0,0.06262415622505486,0.040166170285197526,0.14871310723825726,0.06262415622505486,2,1,1.0
S11,2520,2580,60,30,4.83315645,0.11790876301755876,4.591335,4.993758,0.40242299999999975,4.8363115,0.19038749999999993,4.834594475917596,5609.592899177504,-0.4174841363632685,-1.0480673039863955,0.006172885571068104,0.005921549256649999,0.044567107198683585,0.2693349977237176,4.833377237193362,0.11351799328716812,0.006173624419595466,0.009212439443053715,0.01834715877538146,0.10546974951163435,0.5527463665832228,11,11.0,0.033937689457915934,0.026464449647782034,0.10546974951163435,0.033937689457915934,2,1,1.0
S11,4110,4170,60,30,2.7504994833333334,0.02270953616544649,2.712431,2.790465,0.07803400000000016,2.7501689999999996,0.04381474999999968,2.7505932325318083,1815.7831514039478,-0.03488118791717281,-1.327716751575198,-0.0012919653758895315,-0.001220376843169994,0.006130671000620442,0.018029233886050378,2.750519912008475,0.022488405285313862,-0.0012919628031579872,0.0007330953053338215,0.0009926912355022939,0.004581794160425368,0.04398571832002929,0,0.0,0.0,0.0,0.0,0.0,3,0,1.0
S11,4140,4200,60,30,2.7175960916666666,0.01637421023031635,2.689404,2.752088,0.06268399999999996,2.716269,0.024945499999999843,2.7176454206173783,1772.543191728626,0.40156057594155165,-0.8863266493702393,-0.0009036713614533358,-0.0008778211368969716,0.005866061162489802,0.01928125157309246,2.7176066998081194,0.01611368436949641,-0.000904280650992693,0.0007252873507040995,0.0009467518220532739,0.004681428394552434,0.04351724104224597,0,0.0,0.0,0.0,0.0,0.0,3,0,1.0
S11,4170,4230,60,30,2.6925174291666667,0.014925575076971603,2.651027,2.720107,0.06908000000000003,2.695801,0.020787750000000216,2.692558797715967,1739.969490997837,-0.31981828188614825,-0.5129163478674306,-0.0008177439095323993,-0.0009634479533607208,0.005531887978406293,0.01928113489525174,2.692525593592643,0.01463429929573258,-0.0008175980881601987,0.0007152799513047388,0.0009346688196480115,0.004681428560948664,0.04291679707828433,0,0.0,0.0,0.0,0.0,0.0,3,0,1.0
S11,4200,4260,60,30,2.665269345833333,0.017551052686175222,2.634397,2.699639,0.06524200000000002,2.6606215,0.03198099999999959,2.6653271328842987,1704.9524940694168,0.24860129191053926,-1.3127143754432424,-0.0009343770959907133,-0.0009206209602772724,0.0067203478552744535,0.03139859745602358,2.665265306613779,0.017154211191567636,-0.0009342018259455536,0.0009579303009736584,0.0015561359414286437,0.010839539380862018,0.0574758180584195,1,1.0,0.010839539380862018,0.0,0.010839539380862018,0.010839539380862018,3,0,1.0
S11,4230,4290,60,30,2.634226175,0.026090352582631798,2.549966,2.666378,0.11641199999999996,2.643352,0.019189000000000345,2.634355376093555,1665.5587794127239,-1.768604546117009,2.2705873263399097,-0.0011719555139325319,-0.0017556349657385866,0.012271092287454327,0.06751540898762443,2.6342441896572764,0.025517057850108445,-0.0011760100247622468,0.0014166622188657052,0.0032518420451358096,0.030338390417420147,0.08499973313194231,2,2.0,0.02058896489917661,0.009749425518243537,0.030338390417420147,0.02058896489917661,3,0,1.0
S11,4260,4320,60,30,2.5606265208333334,0.06365874460197565,2.444762,2.651027,0.20626500000000014,2.5518850000000004,0.13103249999999989,2.56141769630791,1574.606547590237,0.04304436472398206,-1.5707568387170165,-0.0035423460814620524,-0.0029596978951923086,0.022060564931446196,0.11218439041409134,2.5606206398429405,0.06292872270959085,-0.0035398096728037247,0.002088606292094993,0.006124364255651346,0.05692241759066974,0.12531637752569957,4,4.0,0.02879414282688897,0.01775319476268972,0.05692241759066974,0.02879414282688897,3,0,1.0
S11,4290,4350,60,30,2.5131629875000003,0.06486335631691964,2.423015,2.659677,0.23666199999999993,2.497517,0.07833899999999971,2.5139998919515927,1516.846909615829,0.7247872333894144,-0.6565821644977414,0.0012259421487909171,0.0008727032828335369,0.034434617447022434,0.2522206502919069,2.513154855949014,0.06167092263396509,0.001223245367087302,0.0036390291604382822,0.010317389016474473,0.07662622899807703,0.21834174962629693,6,6.0,0.03718265256632095,0.025035570005125893,0.07662622899807703,0.03323667207468506,3,0,1.0
S11,4320,4380,60,30,2.548211279166667,0.06802690991004638,2.423015,2.659677,0.23666199999999993,2.567571,0.1346409999999998,2.5491191387897367,1559.522012098591,-0.5714199937607582,-1.06140487525774,0.0020230901862897943,0.0013060103445589738,0.032793825262143826,0.2522206502919069,2.548216962956447,0.0649158312378466,0.002023111342239206,0.0038242102216435444,0.010486847774335362,0.07662622899807703,0.22945261329861266,5,5.0,0.04449410974230448,0.02064200465878882,0.07662622899807703,0.0397589331523414,3,0,1.0
S11,4350,4410,60,30,2.5630826166666667,0.0221646627315431,2.527914,2.631533,0.10361900000000013,2.5605345,0.035819000000000045,2.56317845109014,1576.772105311884,0.587410263748887,-0.5408233416722821,-0.0006699410497552522,-0.0011561321753990404,0.024594100147392856,0.1650705473455556,2.563082821262667,0.018342241733461963,-0.0006621052367588936,0.0028824056551521315,0.007748398483460227,0.04926812870629238,0.1729443393091279,4,4.0,0.03993662444533497,0.009582672302725317,0.04926812870629238,0.03993662444533497,3,0,1.0
S11,4380,4440,60,30,2.557230020833333,0.020153488149376696,2.524076,2.631533,0.10745700000000014,2.5528595000000003,0.035819000000000045,2.557309434256214,1569.5595702086011,0.3349696869145893,-0.3762485278901422,5.465443384331981e-05,-0.0003639813190463832,0.023586925548773483,0.1650705473455556,2.557193209685039,0.016678813153590898,5.34622402938426e-05,0.0030747745347836216,0.007070207174628297,0.049268128706292824,0.1844864720870173,5,5.0,0.02941643025410414,0.013282832390198557,0.049268128706292824,0.02941643025410414,3,0,1.0
S11,4410,4470,60,30,2.5339742958333336,0.03149511413682525,2.474185,2.596993,0.12280800000000003,2.525355,0.06396200000000007,2.5341700168217853,1541.2842417980469,0.29000907014806127,-1.4514381572634618,-0.0016009638278005527,-0.0004282140253763609,0.016313846372506217,0.11523873804156537,2.533958267667984,0.030431605835152274,-0.0016012751661298279,0.0019486921988892958,0.004484038144774048,0.03342642650053662,0.11692153193335775,4,4.0,0.019393624547947796,0.008535632367119884,0.03342642650053662,0.019393624547947796,3,0,1.0
S13,90,150,60,30,8.407698858333333,0.36681378289037425,7.822742,9.10321,1.2804680000000008,8.201182,0.6436200000000003,8.415696788961563,16997.748586497117,0.5582216456091551,-1.2690730091242441,-0.017497715021247636,-0.014037140045920861,0.21995362621041156,0.7378080165782066,8.407597761565677,0.3490532788308516,-0.01741010865458808,0.027863924943383585,0.05130704122327494,0.3176007619194525,1.6718354966030151,18,18.0,0.09304377671293294,0.0757222516125954,0.3176007619194525,0.08632478689173942,1,0,1.0
S13,120,180,60,30,8.109145533333333,0.11182619817894741,7.508468,8.291369,0.7829009999999998,8.126986,0.13624049999999954,8.109916545771547,15784.979131050986,-1.918497462041183,6.560088899417613,-0.0016782859802170291,-0.002826127178908639,0.14921385257281392,0.7339526603699582,8.109519737883053,0.07454561257096382,-0.0016475523113701005,0.02022778130350845,0.03479317721780728,0.14672274224313497,1.2136668782105071,16,16.0,0.06426346988171722,0.04243239347642639,0.14672274224313497,0.06136307088754983,1,0,1.0
S13,150,210,60,30,8.047208445833334,0.12555058416064982,7.508468,8.291369,0.7829009999999998,8.0367985,0.1784555000000001,8.048187791041807,15545.598412769858,-0.6076759815307818,1.5930050953171735,-0.003201731858800002,-0.004753044667454386,0.1346795669299529,0.7339526603699795,8.045991433925748,0.09317465671037965,-0.0030986199730327147,0.021189353063826445,0.037222999642245444,0.15700941843488359,1.2713611838295866,12,12.0,0.06754184270333052,0.044825512386823245,0.15700941843488359,0.060451158093047276,1,0,1.0
S13,180,240,60,30,7.9801596916666675,0.08805837525606675,7.818047,8.281136,0.4630890000000001,7.963881000000001,0.09818274999999943,7.980645524138644,15285.768715669,1.091358304959933,1.5669102216093025,-0.0010540109851718566,-0.0003211331020614887,0.06595128924302307,0.48466075012793297,7.980778116495292,0.07378292286395384,-0.0010117461953491698,0.011065724729090794,0.021791120345771336,0.1033254734050324,0.6639434837454476,11,11.0,0.044088007861826935,0.03068438668348552,0.1033254734050324,0.0401055788454377,1,0,1.0
S13,210,270,60,30,7.8694618375,0.1196026157823388,7.610808,8.116112,0.5053039999999998,7.894162,0.16438374999999983,7.87037066456027,14866.256255417007,-0.2558549898001058,-0.684340274946579,-0.005470308601375351,-0.002612043143577684,0.04984478453147458,0.1413038720788613,7.870148093144093,0.11540420020796358,-0.0054803972951677415,0.008182140044213644,0.01642916252479908,0.07304995299296824,0.4909284026528187,12,12.0,0.03367557271861458,0.022261608234688146,0.07011912656461483,0.03367557271861458,1,0,1.0
S13,240,300,60,30,7.6526201875,0.17058023893877824,7.241454,7.943413,0.7019589999999996,7.656221,0.20915749999999989,7.65452110533696,14062.006404491749,-0.4409100880990593,-0.24962298542974404,-0.009317300721908067,-0.011234388510696778,0.06767215690851351,0.3451285214030797,7.652755861656703,0.1675512050588088,-0.009297832664565457,0.008385954960621726,0.015545474869996734,0.07408572789187495,0.5031572976373035,15,15.0,0.03137268521234725,0.021868752244224264,0.07408572789187495,0.030422112675007777,1,0,1.0
S13,270,330,60,30,7.276908816666666,0.28304509920071286,6.636915,7.755363,1.1184479999999999,7.268958,0.5634804999999998,7.2824114449997,12728.043949023027,-0.11572993105609655,-1.284459700920011,-0.015706116025022584,-0.010775683642994478,0.09752737842417995,0.6812891496176121,7.2765755588119605,0.28064420230209847,-0.01573493827645558,0.010761157528562245,0.017578697119594675,0.11890945976157496,0.6456694517137347,17,17.0,0.03399660030063198,0.026683844783044443,0.11890945976157496,0.031960092288227125,1,0,1.0
S13,300,360,60,30,6.899343837499999,0.2330369215001372,6.348374,7.321314,0.9729400000000004,6.9420165,0.3334967500000001,6.903278322277865,11437.260382759558,-0.41847696139144236,-0.3429373648114895,-0.009941453849114018,-0.009273223164201164,0.13434391046560612,0.681289149604094,6.899251407717817,0.2236774041046995,-0.00992465442425541,0.016549626392585497,0.0301825592192811,0.18467045822592976,0.9929775835551298,12,12.0,0.06747360544678675,0.05365033112298914,0.18467045822592976,0.06747360544678675,1,0,1.0
S13,330,390,60,30,6.732293470833333,0.17111421133115298,6.348374,7.321314,0.9729400000000004,6.716799,0.08826800000000024,6.734467718442536,10884.733308178707,0.6780460114537964,1.4599642497446474,-0.003850631439424252,-0.007676691488245818,0.12466418456770459,0.6575897273552016,6.733346027364624,0.1615810616244752,-0.0038842840855405577,0.01593310739935412,0.028423044418860635,0.16446833206197642,0.9559864439612473,12,12.0,0.06683415188398352,0.04407520563731921,0.16446833206197642,0.06355857487108156,1,0,1.0
S13,360,420,60,30,6.540965895833334,0.18939734487958107,5.972275,6.78332,0.811045,6.622774,0.3252497500000002,6.543707374623517,10276.825489128527,-0.6024980542937391,-0.8342387821648845,-0.00985160736428518,-0.008157223971346972,0.08238218244948127,0.4091307642461324,6.540433312690455,0.1844953128766522,-0.009849217496674794,0.014272631317267232,0.020425982993063085,0.08422150129155082,0.856357879036034,11,11.0,0.05506609734326886,0.019474955009603653,0.08422150129155082,0.05506609734326886,1,0,1.0
S13,390,450,60,30,6.267711979166666,0.16485408131894116,5.857584,6.642602,0.785018,6.2159724999999995,0.21267574999999983,6.269879609842349,9434.733677260043,0.5361156311755809,0.024512343380147517,-0.008497617880284315,-0.010761834236670353,0.09704063230644085,0.4049618565855724,6.267742045558665,0.15661613753236678,-0.008464472458184819,0.012580780477466658,0.022692954271166136,0.11545733416087334,0.7548468286479995,9,9.0,0.06628735286392946,0.03036494436348792,0.11545733416087334,0.06628735286392946,1,0,1.0
S13,420,480,60,30,5.982531995833333,0.21123521714385715,5.523699,6.295088,0.7713890000000001,6.0264454999999995,0.3500730000000001,5.9862600509943915,8600.474255551531,-0.618569507877993,-0.9685982031494214,-0.011145988234070574,-0.008385295668926198,0.1468421590112318,0.5056014603434171,5.983044271005814,0.20068350838730592,-0.011098732742012006,0.017387993926204447,0.031739946795367166,0.15965826216795165,1.0432796355722669,15,15.0,0.07507915845952287,0.04302636074759259,0.15965826216795165,0.07467312574297538,1,0,1.0
S13,450,510,60,30,5.7316151625,0.15865430252142895,5.463575,6.222171,0.7585960000000007,5.7149475,0.20851724999999988,5.733810561808653,7890.38005409003,0.644978932359469,-0.25437453579007796,-0.00735309044453513,-0.009805803671988031,0.12999507452710107,0.5091695957154343,5.731452953335454,0.14711845040475757,-0.007357579547199416,0.017784690002926314,0.028877068357412654,0.17806069560485405,1.0670814001755788,16,16.0,0.06902594036494342,0.043317117755200196,0.17806069560485405,0.06495891525787523,1,0,1.0
S13,480,540,60,30,5.547225533333333,0.1260367494437921,5.252815,5.747569,0.49475400000000036,5.5217805,0.21651675000000026,5.548657169070337,7389.023131170154,0.2378050507030918,-1.05395783745143,-0.005962002110198009,-0.004854779131285446,0.06953854881962492,0.34592019891314507,5.547654995198983,0.11954426491626231,-0.005944055658592962,0.011221724364039695,0.017866584853752296,0.08332214941238547,0.6733034618423817,12,12.0,0.0435045932459747,0.023748000708390674,0.08332214941238547,0.042169506384953793,1,0,1.0
S13,510,570,60,30,5.386128758333332,0.08910673345264056,5.186294,5.562394,0.3761000000000001,5.39737,0.11865075000000047,5.386865787384346,6964.397522710075,-0.34782707224775355,-0.528255607368294,-0.0039138571452785546,-0.004747756714222921,0.05801967405069765,0.34592019891314507,5.386105710283078,0.08379867639828514,-0.003914681321840603,0.006682170134757985,0.012923184147544698,0.0718326801781819,0.4009302080854791,8,8.0,0.03745614759874427,0.020404673364125204,0.0718326801781819,0.03545351789397855,1,0,1.0
S13,540,600,60,30,5.203590095833334,0.13788333205659165,4.971379,5.426793,0.4554140000000002,5.188212500000001,0.2555304999999999,5.205416573024083,6503.126807691309,0.06803160301343401,-1.373071414311895,-0.007922794164350417,-0.007236575191363016,0.013035369187494384,0.053447965327809044,5.203594477004097,0.1377288161572413,-0.007922067859005873,0.0017937619669139647,0.002854631793731204,0.01539123623297467,0.10762571801483789,2,2.0,0.014863858442660138,0.0005273777903145316,0.01539123623297467,0.014863858442660138,1,0,1.0
S13,570,630,60,30,4.9833073125,0.1192013939114102,4.572885,5.193969,0.6210839999999997,4.9828925,0.18677874999999933,4.984732765467613,5963.4145783503345,-0.33112197055223014,-0.06479646212330392,-0.006741934597042804,-0.007782696397792094,0.04923167817736055,0.4397119930535567,4.982952176565202,0.11812754674216168,-0.00676496386092504,0.0033535705179879214,0.009120004566534508,0.07569747328076293,0.20121423107927527,3,3.0,0.03430331475281297,0.029283895681304423,0.07569747328076293,0.03430331475281297,1,0,1.0
S13,600,660,60,30,4.75642105,0.1597877497532977,4.268963,4.984172,0.7152089999999998,4.754538,0.22162999999999933,4.759104257090227,5435.777599165038,-0.6609672090242688,0.02489482710884916,-0.008742274586926916,-0.011841544071591568,0.08138203921053441,0.4510509040688113,4.755988123980805,0.15663108937895115,-0.008779007700447714,0.007832892605672166,0.01674041315433514,0.10342857215966639,0.46997355634033,10,10.0,0.042553866721909285,0.03190198979289422,0.10342857215966639,0.041589329704385405,1,0,1.0
S13,630,690,60,30,4.588309354166666,0.3284806680368655,2.841262,5.304616,2.4633540000000003,4.664351,0.22524750000000004,4.600052421310791,5078.515746913747,-1.9647428436406673,6.906619066163776,-0.0009326711765294896,-0.00440141925957829,0.3188802326965688,2.5217891499176694,4.588438837605472,0.2538873462999467,-0.0009194966182481957,0.039190089177899526,0.10949022161281544,0.8214980694995928,2.3514053506739714,15,15.0,0.13034332551680003,0.20549218855758175,0.8214980694995928,0.12393010448956152,1,0,1.0
S13,660,720,60,30,4.4161916,0.3501302790596166,2.841262,5.304616,2.4633540000000003,4.357871,0.3806004999999999,4.430049600199181,4710.081470453982,-0.45780457972678484,2.715472559898762,-0.005108200301244573,0.0026333774330405653,0.3202629852490981,2.5217891499176712,4.411117723533722,0.28888506984520207,-0.0046546544675150825,0.049547994731540895,0.1164103067509444,0.8214980694980385,2.9728796838924536,13,13.0,0.172041578738083,0.21230471209017618,0.8214980694980385,0.1471595460917564,1,0,1.0
S13,690,750,60,30,4.26036255,0.10795921956915411,3.662688,4.494112,0.8314240000000002,4.27408,0.12303774999999995,4.26173019447882,4358.962620127795,-0.892256198158056,3.9696376717104354,-0.0028726271992107863,-0.0046872869343194306,0.14507202908949843,0.9031588514652604,4.259770302640523,0.0866444317284774,-0.0029134134831387466,0.020851494141891202,0.037589280118904306,0.180396503770897,1.2510896485134722,13,13.0,0.08874062397532462,0.05378013197734345,0.180396503770897,0.08874062397532462,1,0,1.0
S13,720,780,60,30,4.120057741666667,0.16871742959533922,3.662688,4.416077,0.7533889999999994,4.1289755,0.23113450000000046,4.123510805820289,4080.801927772006,-0.6477101364120706,-0.3565515668983448,-0.005845556160464954,-0.005500861783719245,0.1522994436644843,0.9031588489159539,4.12047170235728,0.1532936220560678,-0.0058592699202659445,0.019205799403283857,0.034617223275002065,0.16843999157162415,1.1523479641970313,10,10.0,0.09370816907440305,0.043061766694495476,0.16843999157162415,0.09370816907440305,1,0,1.0
S13,750,810,60,30,4.0082407375,0.09789340643910563,3.715138,4.220442,0.5053040000000002,4.0247165,0.08538975000000049,4.009435986367508,3858.1384629069107,-0.952671466798832,0.6049632544725343,0.0005190156422698323,-0.0036180086056638015,0.08719837433040814,0.5140125266320901,4.008515381667285,0.08905847779330785,0.000507122110926023,0.007336149605024533,0.018228742544610977,0.10469316075672364,0.440168976301472,5,5.0,0.06318590406990135,0.03380593917190303,0.10469316075672364,0.06318590406990135,1,0,1.0
S13,780,840,60,30,3.9802517916666664,0.06438482933384436,3.492548,4.127057,0.6345089999999995,3.986339,0.05340849999999975,3.9807725043405906,3803.1719355153737,-2.0274411165559107,12.888901993194724,-0.002875263806137166,-0.0035754866201119975,0.07134929330478254,0.5250529500593775,3.979934074953713,0.057407497066822966,-0.002901711567655096,0.005827404450903667,0.012512404751656785,0.09405611964744054,0.34964426705422,6,6.0,0.042858722203814516,0.026272948097498493,0.09405611964744054,0.04170503598957046,1,0,1.0
S13,810,870,60,30,3.873514258333333,0.09456596132642865,3.492548,4.127057,0.6345089999999995,3.8680079999999997,0.1816534999999999,3.8746684284662636,3603.1333033327737,-0.09769985985831185,-0.14650125496050048,-0.005068889004017594,-0.004496124566304093,0.0718907186016472,0.5250529500596439,3.873727477576344,0.08982441985045991,-0.00508808556493898,0.0053898336364402,0.012218322638936996,0.09405613814028602,0.323390018186412,7,7.0,0.03831894978398737,0.026785476608452485,0.09405613814028602,0.03732686139139333,1,0,1.0
S13,840,900,60,30,3.7447736083333334,0.06581666889895697,3.655013,3.877603,0.2225900000000003,3.733047,0.09530375000000024,3.745351947624523,3366.638690777954,0.5282368513498866,-0.9898906188706968,-0.0036706036950837385,-0.00327573457116872,0.015154729649775833,0.07289122581175711,3.744658880300079,0.06536171226213776,-0.003671412690270056,0.001976934793015611,0.003782140301959348,0.0253187703607356,0.11861608758093667,4,4.0,0.016780018259240803,0.005336929479951179,0.0253187703607356,0.016780018259240803,1,0,1.0
S13,870,930,60,30,3.6534244,0.04410296875738638,3.568024,3.733047,0.16502300000000014,3.661409,0.07067899999999971,3.653690588756603,3203.869180408458,-0.1565078361294455,-0.9955309872312346,-0.002503249078270918,-0.0027190755885582165,0.00767760763886618,0.031312205046859276,3.6534288873283147,0.0439078706374229,-0.0025032190328703155,0.0010462164216575105,0.0019765339765921773,0.01289719567969616,0.06277298529945063,1,1.0,0.01289719567969616,0.0,0.01289719567969616,0.01289719567969616,1,0,1.0
S13,900,960,60,30,3.5811266791666667,0.04420170146726518,3.441378,3.667805,0.22642700000000016,3.5743465,0.06059100000000006,3.58139945868258,3078.341299836451,0.044653534871214734,-0.5256856117154514,-0.002151095854369288,-0.002122029209570173,0.020139589373263624,0.08287689646816432,3.5811076150132872,0.04292855424091071,-0.002153702412186616,0.002562122411796258,0.005109003774904701,0.0243023354806291,0.1537273447077755,6,6.0,0.017938053201144905,0.004985479350676105,0.0243023354806291,0.017930406799327114,1,0,1.0
S13,930,990,60,30,3.5519023375,0.037392727996099204,3.441378,3.638236,0.1968580000000002,3.548835,0.04864774999999977,3.552099158419561,3028.178023498789,0.416230968766363,-0.3621896247330625,0.000855906266803109,0.0010466659028336425,0.02663202884675313,0.136883829714332,3.551812277188799,0.03399180951177676,0.0008523572704018189,0.004441661732172929,0.006893569738429828,0.026688729230925023,0.2664997039303757,11,11.0,0.01791372847581182,0.005602922031064838,0.026688729230925023,0.01791372847581182,1,0,1.0
S13,960,1020,60,30,3.5784200416666665,0.054944824789191306,3.415646,3.704757,0.2891109999999997,3.578111,0.09114600000000017,3.5788418417656827,3073.9461428094683,0.1263097679140897,-0.8225208922820864,0.001679909887969781,0.0013916606337474966,0.03788605145423286,0.29674673832504794,3.578409282385104,0.049123612743868554,0.0016796357601644254,0.006115411359288908,0.011697930886465487,0.07209018179747106,0.3669246815573345,10,10.0,0.022563437783935346,0.017308841764461538,0.07209018179747106,0.022563437783935346,1,0,1.0
S13,990,1050,60,30,3.578100233333333,0.051288256802562084,3.415646,3.704757,0.2891109999999997,3.569156,0.08219174999999979,3.5784677957284874,3073.303623615816,0.2774151579639167,-0.41010395715537795,-0.0013292723542608167,-0.0017128107360046688,0.03404188325270423,0.29674673832504794,3.578065502961308,0.04622579472722407,-0.0013204203511505066,0.004517283942467734,0.011068379338397641,0.07209018179732629,0.271037036548064,5,5.0,0.02857056552353896,0.021890874924181996,0.07209018179732629,0.02857056552353896,1,0,1.0
S13,1020,1080,60,30,3.5204166416666665,0.04860285095861076,3.384944,3.625443,0.24049900000000024,3.514148,0.07707474999999997,3.520752131014752,2974.96693633078,0.3900865909054519,-0.5158956374119614,-0.002702831127735035,-0.002419317925250602,0.019332652448107803,0.17807269750898413,3.5204174056331317,0.04783891084507941,-0.0026967911493153162,0.0018628964101581676,0.003955549022744449,0.037266142773406674,0.11177378460949006,3,3.0,0.01156864914758963,0.0020236318573785836,0.014430086974093204,0.01156864914758963,1,0,1.0
S13,1050,1110,60,30,3.452584304166666,0.0484276015484625,3.338891,3.529499,0.1906080000000001,3.4636175,0.05564750000000007,3.45292392183346,2861.444066392743,-0.752022999329484,-0.3171730358852165,-0.00246297064566272,-0.0029973990020988003,0.026332338587829678,0.1737650197447138,3.4526158002726843,0.04650497867785103,-0.0024601440576971717,0.0035974436845358023,0.006719420872535513,0.04110273868292369,0.21584662107214814,5,5.0,0.024564995851030957,0.010121383850004986,0.04110273868292369,0.024564995851030957,1,0,1.0
S13,1080,1140,60,30,3.399783208333333,0.04927880216463868,3.297955,3.529499,0.23154399999999997,3.382385,0.08219175000000023,3.4001403300464053,2774.6290233619384,0.36012447800841124,-0.8683309342603982,-0.0018319884815796912,-0.0020981691192680043,0.03958418690736436,0.19647621754933908,3.399867108587353,0.04496531629531353,-0.001829866801669793,0.005791963741358657,0.012082256348597172,0.07967716181079076,0.34751782448151947,7,7.0,0.03366739903116235,0.02113865751369209,0.07967716181079076,0.03366739903116235,1,0,1.0
S13,1110,1170,60,30,3.3445142249999993,0.04808403838315485,3.260857,3.474492,0.21363500000000002,3.345287,0.05916575000000002,3.344859858943956,2685.1409942338996,0.501385231874148,0.14487471823797327,-0.0021338315865353464,-0.0013488166480368712,0.03524111171103538,0.1964762173055643,3.344643288787256,0.044854140611039144,-0.0021450575278126028,0.004076962629150721,0.011064993877678194,0.07967636550514356,0.24461775774904326,5,5.0,0.031840202397408125,0.02563846972990961,0.07967636550514356,0.031840202397408125,1,0,1.0
S13,1140,1200,60,30,3.284501341666667,0.039486175564682514,3.208407,3.354242,0.14583500000000038,3.276207,0.07163800000000009,3.2847386838941786,2589.481973153006,0.28906436646360273,-1.1460616584351422,-0.001982983054127554,-0.0021838245308282308,0.02350334500854581,0.10825953818253709,3.2845421709721667,0.03721744887729739,-0.0019823854818616176,0.0028825004824321746,0.00728284809280391,0.04767317641669466,0.17295002894593048,5,5.0,0.022009299696229778,0.013631228113553296,0.04767317641669466,0.022009299696229778,1,0,1.0
S13,1170,1230,60,30,3.2414652125,0.039580910815387726,3.123977,3.346566,0.22258900000000015,3.2435865,0.04413475,3.2417068609528292,2522.079209363675,-0.4184161318925517,1.138172540462464,-0.0012149931520779238,-0.0022052602129022988,0.02687553206338692,0.10825953818253709,3.2415039068075324,0.036510322736548015,-0.0012228919371975004,0.004126732528735486,0.008123549862246095,0.04767317646633318,0.2476039517241292,8,8.0,0.022176693099306866,0.010716048616299025,0.04767317646633318,0.022176693099306866,1,0,1.0
S13,1200,1260,60,30,3.167492508333333,0.06699836906864423,3.071527,3.294117,0.22258999999999984,3.138048,0.11161399999999988,3.1682009992747697,2408.999417233356,0.4108989174950201,-1.1977937774989493,-0.0032116531526113386,-0.0024407274302031897,0.019908178022152265,0.0991979943258805,3.1675588334158893,0.06612352770510126,-0.003214712337055784,0.003215834140812568,0.005292972982408992,0.028267786095125924,0.19295004844875407,7,7.0,0.019166806877145337,0.005988961651547331,0.028267786095125924,0.019166806877145337,1,0,1.0
S13,1650,1710,60,30,3.6260987916666663,0.0602613027676684,3.546129,3.871059,0.3249299999999997,3.61393,0.04509374999999993,3.6265994914710005,3156.533729169052,1.8667705681115365,4.074297628259442,-0.0010179675455810428,-0.0015415222161306171,0.030845804871520624,0.16865718480478975,3.626236339270608,0.05487488920532124,-0.0010486847820209604,0.006471423334808995,0.013434871280701054,0.09463954703073352,0.38828540008853973,6,6.0,0.0374283178027642,0.02663342137518906,0.09463954703073352,0.0374283178027642,3,0,0.7682142857142857
S13,1680,1740,60,30,4.0660018791666666,0.7352245611244269,3.546129,5.829757,2.2836279999999998,3.6471905,0.6653577500000001,4.131939791026421,4097.502344800193,1.32405406008328,0.08963619332258821,0.03339579542346263,0.026487007351900023,0.14734904578534305,0.7248510274958946,4.066607801704124,0.731833556642199,0.033443983458603645,0.021712534204727175,0.045910679707836126,0.2655353752291596,1.3027520522836304,10,10.0,0.09459801747031618,0.07305520504437372,0.2655353752291596,0.09080260982152413,3,0,1.0
S13,1710,1770,60,30,5.639654108333334,1.3482919570574055,3.567877,8.157048,4.5891709999999994,5.589897499999999,2.5719024999999993,5.798585143214398,8069.661519145616,-0.0983851732189784,-1.2433834629960006,0.07467952072105853,0.06599412602736195,0.29243545986064473,1.1904806160340087,5.637077361341977,1.3229457446012185,0.07431037908278483,0.06878523239500195,0.12555175978015523,0.5903532175168644,4.127113943700117,13,13.0,0.22586375118891874,0.1819739288383872,0.5903532175168644,0.21175566982504374,3,0,1.0
S13,1740,1800,60,30,7.1658154625,0.6763830606969004,5.246418,8.226128,2.979709999999999,7.3860095,0.7708120000000003,7.197666655757391,12433.53726897643,-1.2317694801440204,1.3822651377809523,0.029023776767902205,0.0402350875940715,0.2955596833127494,1.1904806160340087,7.167871949965202,0.6316766075038032,0.02856676878907765,0.07379240809583545,0.1366769716883218,0.5903532175168644,4.427544485750127,11,11.0,0.26769100522699046,0.19084272293536972,0.5903532175168644,0.26540687006121644,3,0,1.0
S13,1770,1830,60,30,7.441502695833333,0.25213089037484404,6.946494,8.226128,1.2796339999999988,7.417991,0.2529414999999995,7.445772784471466,13305.487765914235,0.4943754372611393,0.6996170695984487,-0.009819405698350622,-0.008099537321041178,0.1564088553739746,0.7443056315954166,7.440018678556746,0.22909693662883723,-0.009666395261724399,0.02576145970188032,0.06577253128641349,0.4091334362307011,1.5456875821128193,12,12.0,0.11531420849054845,0.12116335204058636,0.4091334362307011,0.11485804859419087,3,0,1.0
S13,1800,1860,60,30,7.028362429166666,0.32549232893430585,6.460378,7.661978,1.2016,6.999309,0.5751164999999991,7.035895372439576,11880.917686059995,0.11557124909166537,-1.1697855439164064,-0.01796608600193934,-0.015935475207654707,0.074461341483997,0.3597043481801059,7.027939123265039,0.32262463336682257,-0.018010014189466485,0.014267744659627945,0.03211029990147851,0.19131702142994023,0.8560646795776767,11,11.0,0.05862211947433133,0.05994537991989565,0.19131702142994023,0.05848004057145333,3,0,1.0
S13,1830,1890,60,30,6.6587356416666665,0.17161858631605606,6.28825,7.111517,0.8232670000000004,6.626041,0.23314400000000024,6.6609468759907635,10648.371188345067,0.41161457181162064,-0.15278410388052466,-0.007859912823398717,-0.012365483509470632,0.06742430448978089,0.2808662139724447,6.658545985419007,0.16398857886295296,-0.007850272471628979,0.012518318968524804,0.027363975596270015,0.15007547549961409,0.7510991381114882,9,9.0,0.05887664080507942,0.04892678973786421,0.15007547549961409,0.05887664080507942,3,0,1.0
S13,1860,1920,60,30,6.3151231375,0.26947285048784336,5.918988,6.873576,0.9545880000000002,6.281214,0.5120892499999998,6.320869865686042,9588.815006145092,0.13154225698951444,-1.441045592028901,-0.014875045053594554,-0.012722009985521858,0.04684573452672491,0.23202797855322288,6.315543627360674,0.2682860808597927,-0.014917082835016499,0.005957603487345201,0.01638333812182578,0.14131920632113548,0.3574562092407121,7,7.0,0.03657379600695419,0.043315118640385696,0.14131920632113548,0.03657379600695419,3,0,1.0
S13,1890,1950,60,30,5.9020165125,0.19139235465447196,5.577428,6.274178,0.6967499999999998,5.9183485000000005,0.31553324999999965,5.90511896131169,8368.903187338283,0.007159516162307019,-1.1379003574680029,-0.010809220000895741,-0.00926319925055363,0.026128598683696675,0.1574086101842873,5.902159422303368,0.19053054171857983,-0.01079207263493842,0.004049755802128748,0.007225143270813056,0.03071867241693127,0.24298534812772488,6,6.0,0.023276831620758404,0.007684461610139436,0.03071867241693127,0.023276831620758404,3,0,1.0
S13,1920,1980,60,30,5.614331091666666,0.15423291283620888,5.366668,5.917709,0.5510410000000006,5.609409,0.23346299999999864,5.616449180599515,7570.680335581672,0.1832542384865589,-0.9835345873931631,-0.008551818769475488,-0.008687175479389702,0.029923266735370477,0.15740720434079591,5.614323086018531,0.15280600860913504,-0.008552077647934692,0.004560861652797121,0.00835418341936534,0.03788644133690067,0.2736516991678273,8,8.0,0.02174059735956624,0.009926416561294017,0.03788644133690067,0.021726149812174356,3,0,1.0
S13,1950,2010,60,30,5.400705091666667,0.12896393901620304,5.159429,5.716866,0.5574369999999993,5.3954515,0.19828700000000055,5.4022446431757265,7004.219324333,0.20980938952614198,-0.47518380174344355,-0.005615087131123172,-0.00288507448242675,0.04842336497256577,0.21623930051987728,5.400780523249959,0.12331036661437746,-0.005562976566708001,0.009292011318487487,0.022224866731693795,0.1296786011148665,0.5575206791092493,8,8.0,0.03609333521381897,0.0363599498627072,0.1296786011148665,0.03609333521381897,3,0,1.0
S13,1980,2040,60,30,5.356897729166667,0.10271081865013451,5.159429,5.65322,0.49379099999999987,5.347479,0.1244070000000006,5.35788230488677,6889.656670324504,0.437054095466433,0.11188724253256899,0.0016864092237983041,-0.00229085776956877,0.05609482718331097,0.21577784327062233,5.356995653363182,0.09289395382385553,0.001694168769008003,0.010565766174001146,0.02254146496391592,0.1295961266109673,0.6339459704400687,9,9.0,0.048223694960927155,0.037497083689979456,0.1295961266109673,0.048223694960927155,3,0,1.0
S13,3270,3330,60,30,11.0962984375,0.4816896940322207,10.251536,12.393175,2.1416389999999996,11.016577,0.6371815000000005,11.106748578022364,29606.36735409643,0.46969758047399895,-0.2523163067109997,0.02343602861236956,0.022006971038097806,0.2746780210124962,0.924208638988361,11.095298964345192,0.45373948016805615,0.023729556795200037,0.05471998620614572,0.1039010879752198,0.5341422006393692,3.283199172368743,18,18.0,0.16083201507185743,0.15747369131788863,0.5341422006393692,0.15950260013512155,2,1,1.0
S13,3300,3360,60,30,11.767892716666665,0.5069315541540295,10.916156,12.813226,1.8970699999999994,11.875717999999999,0.7865437499999999,11.778806331355202,33297.66686197762,-0.09103661259378945,-1.0557908420280515,0.02497004100890521,0.021516138533731202,0.3004866639167935,0.8991436584224672,11.76707296822339,0.47346734550754166,0.024828502857740267,0.05469359603589657,0.09998331205670588,0.4869548355861877,3.2816157621537942,19,19.0,0.17373337571275146,0.14814755297495114,0.4869548355861877,0.16895166950189883,2,1,1.0
S13,3330,3390,60,30,12.319484433333333,0.38097878508523353,11.351865,13.410475,2.05861,12.34799,0.4984044999999995,12.325373890386746,36459.56196907856,0.018719720157605955,0.24218676995326405,0.0165395732354561,0.021291787351263337,0.3223708423343735,1.5103499315358704,12.319733465840235,0.33691711992118,0.016388322429641156,0.05374019499916393,0.08345202469322642,0.4040096608549977,3.224411699949836,18,18.0,0.17560436983510977,0.10894319180035375,0.4040096608549977,0.16980633081610227,2,1,1.0
S13,3360,3420,60,30,12.7580701375,0.35667015212839664,11.539915,13.455249,1.9153339999999996,12.831694500000001,0.5769179999999992,12.763054776611614,39094.93613538925,-0.36801680265188613,-0.0995695865913575,0.016094780646120983,0.017832005426285193,0.29177023351307807,1.510349947341723,12.760532044555664,0.3125057865734878,0.016058631799596126,0.04701383639215553,0.07060862238534452,0.4024284143268826,2.8208301835293317,19,19.0,0.13635895786164665,0.08699879090555673,0.4024284143268826,0.11994679078646031,2,1,1.0
S13,3390,3450,60,30,13.167820166666669,0.29686373189677545,12.352534,13.945474,1.5929400000000005,13.1514265,0.36458624999999856,13.171166084177553,41635.10784407737,0.3883223689234626,0.41863653212562246,0.012216913832155472,0.008118907358910823,0.27774231651672976,1.3201820492870127,13.169573526519105,0.2545209870165763,0.012106875942106531,0.049204504010723994,0.06509936758160743,0.281427108070444,2.95227024064344,18,18.0,0.14004524503625307,0.06078307638332964,0.281427108070444,0.1197498204707103,2,1,1.0
S13,3420,3480,60,30,13.515194354166665,0.2881139225191205,12.353813,14.172513,1.8186999999999998,13.5457075,0.4647565000000018,13.518264979768961,43858.4371351795,-0.4942598183140316,0.2980821890545138,0.012440561189050577,0.009788943616862188,0.2852645692555823,1.3201820492870127,13.515068140297394,0.2536739352975824,0.012511327445008807,0.04765537393643605,0.07009406330591318,0.33038258937964926,2.859322436186163,14,14.0,0.16811462288742426,0.08172592109778345,0.33038258937964926,0.1594904541166359,2,1,1.0
S13,3450,3510,60,30,13.823690429166668,0.22284842656391282,13.294334,14.282529,0.988195000000001,13.8181885,0.26990850000000144,13.825486555729462,45874.57884063747,0.07348038258743077,-0.4417452298505946,0.008425026966464933,0.008852619473933086,0.29012658570352445,1.1367824673563618,13.82346948665006,0.17979416748326,0.008544626407859293,0.04548030106206217,0.06930903208116157,0.33707351216900605,2.7288180637237303,17,17.0,0.15900659315050247,0.09563916233743239,0.33707351216900605,0.15674108972444448,2,1,1.0
S13,3480,3540,60,30,14.108310108333335,0.27546229501316805,12.983477,14.782126,1.7986489999999993,14.128084000000001,0.3704970000000003,14.110999028731964,47788.87046132986,-0.18326021410023266,0.6948258651807646,0.008689512871972085,0.011883077482791524,0.4051247063301279,2.1513039454290492,14.109342311697011,0.19105162745717982,0.008796442310045926,0.0602897598127233,0.09006622364593496,0.3878902944342606,3.6173855887633977,19,19.0,0.16304514618035088,0.10654218685043712,0.3878902944342606,0.14406406641427133,2,1,1.0
S13,3510,3570,60,30,14.523692629166666,0.4019189991807947,12.983477,15.191026,2.207549,14.494934,0.6537477499999991,14.5292527842423,50663.80475241903,-0.3379265748753087,-0.02605946077296606,0.017625813359447393,0.017966939084632275,0.3714096599713664,2.1513039454290492,14.522206076139005,0.34724716232335634,0.017739424710069354,0.05825002286823359,0.09151952371030302,0.3878902944342606,3.4950013720940154,17,17.0,0.16349489120798932,0.11256737858776401,0.3878902944342606,0.1333895385311135,2,1,1.0
S13,3540,3600,60,30,15.028934433333331,0.39120730110544194,13.535446,15.656669,2.1212230000000005,15.036236500000001,0.5064639999999994,15.034025188015036,54245.25920492893,-0.7537273551607352,1.092533448581536,0.01859237325271599,0.016306407757102025,0.2585320105798199,1.1786154512690246,15.030845872178277,0.3566775557227828,0.018279031119110424,0.03963742461353039,0.0624428761604941,0.33088040945798625,2.3782454768118235,19,19.0,0.1248531363124105,0.08348912466628179,0.33088040945798625,0.10776563753584344,2,1,1.0
S13,3570,3630,60,30,15.3196295125,0.2553568562726317,13.967243,15.656669,1.689426000000001,15.3809905,0.28623149999999953,15.321757586005154,56341.50132583355,-1.535188180281181,3.376106780507599,0.0045048286390865725,0.007708217431907799,0.3613097533642911,1.701049304370656,15.320329546650292,0.19752694480228455,0.004730270258254139,0.048019796372666554,0.08005206619964156,0.6270604935391244,2.8811877823599934,22,22.0,0.12149487946298555,0.07425058098923054,0.3196314152907238,0.11548264281417442,2,1,1.0
S13,3600,3660,60,30,15.397309641666668,0.3399747004597498,13.558473,15.780756,2.222283000000001,15.476936,0.2903899999999986,15.401062528225577,56926.25447959536,-2.522282133721913,8.069958440536203,0.0037521883564370297,0.0029548216171390897,0.5976682946513688,2.4556678248962953,15.397323393780784,0.197388510299395,0.003768741050646115,0.07705437322291857,0.11995844443728343,0.5598446542930784,4.623262393375114,22,22.0,0.19513658775843698,0.16440854200062616,0.5598446542930784,0.16097402643053693,2,1,1.0
S13,3630,3690,60,30,15.501573266666666,0.3795588080678942,13.558473,15.902286,2.343813000000001,15.657948000000001,0.32204800000000056,15.506219353234256,57706.28127134798,-2.2466874164799573,5.774930250619237,0.006756441479965822,-0.006787651752286414,0.6376726193618097,2.4556695764092353,15.500179966595246,0.22284382046685067,0.006334911103598037,0.09090770524460948,0.11483349669404126,0.5598446498519323,5.454462314676569,19,19.0,0.23254554262559432,0.14349649232735856,0.5598446498519323,0.1914355329463752,2,1,1.0
S13,3660,3720,60,30,15.611938775,0.2662939102881739,14.354395,15.921474,1.5670789999999997,15.703362,0.20883800000000008,15.614209706578333,58512.85074264121,-2.240841530251699,5.713138950031668,0.0017549606039064533,-0.0013487290624669226,0.4629989040700648,1.9575818844989072,15.613211703217717,0.1317019995867316,0.0017028432579381015,0.06577234753708018,0.08072368510976298,0.3233561230749604,3.946340852224811,20,20.0,0.16044202499949334,0.09339198455259447,0.3233561230749604,0.12630241805522155,2,1,1.0
S13,3690,3750,60,30,15.510733345833334,0.3088871123068284,14.278101,15.921474,1.6433730000000004,15.6099765,0.3703397499999994,15.513808693344627,57762.78244168688,-1.588481385903979,2.7682780452231475,-0.005717680455629531,-0.00400381040272248,0.450675292497731,1.699762643161577,15.51053044092357,0.22379612322281156,-0.005619867569231166,0.06263580770819419,0.08973777667994969,0.41892769543779096,3.7581484624916515,21,21.0,0.17065386704276037,0.12155023397856826,0.41892769543779096,0.1550520585130397,2,1,1.0
S13,3720,3780,60,30,15.234044458333333,0.5200208482149201,13.376819,15.801225,2.424406000000001,15.367562,0.5164972500000005,15.242917445195808,55763.167737853124,-1.5051898002270017,1.6337242327517911,-0.01227799920074101,-0.0275157013038934,0.5346209423344979,1.8298917852477956,15.233323281395933,0.4437301293819194,-0.012680274080792718,0.09120049959188584,0.13367070519180893,0.574310859898068,5.47202997551315,18,18.0,0.25424557161436895,0.15623078877413601,0.574310859898068,0.22121807150428444,2,1,1.0
S13,3750,3810,60,30,14.910502325,0.6529491092520618,13.376819,15.710398,2.3335790000000003,15.193584,1.0445040000000017,14.92479219698229,53459.86130954482,-0.7381679750030734,-0.8402412671735449,-0.013268574441743935,-0.0023122910905907052,0.6482111719726669,1.9032913286346727,14.916165915644342,0.5242595987797837,-0.012959191515044502,0.1306771151616171,0.18063670449789407,0.720587703306089,7.840626909697026,16,16.0,0.32397455528712016,0.22953887996157374,0.720587703306089,0.25060054623301053,2,1,1.0
S13,3780,3840,60,30,14.79151885,0.46257292140798645,13.456132,15.619571,2.1634390000000003,14.9006355,0.49539000000000044,14.798750068756659,52560.72086340605,-1.0895363845004682,0.48999085633579664,0.003436825929855475,0.014412821064215656,0.5334966397193159,1.903312169321154,14.793934578390857,0.3205243090405268,0.0031600970703097053,0.08757674752577703,0.1562234690957319,0.720587703306089,5.254604851546622,20,20.0,0.21474252810354938,0.2225538198684201,0.720587703306089,0.15379186719292076,2,1,1.0
S13,3810,3870,60,30,14.695491633333335,0.23470406248876946,13.854669,15.167999,1.3133300000000006,14.681883500000001,0.3139149999999997,14.69736576201051,51843.0144821565,-0.5241151476796375,0.7841955219356191,-0.011347639332719182,-0.0121861750104264,0.2284126165280517,0.8671074206031477,14.695719677413162,0.2086023380258831,-0.01132847703995897,0.027970470995207337,0.04611956563804577,0.2866216556513237,1.6782282597124403,17,17.0,0.08272524142526759,0.07056984182118549,0.2866216556513237,0.07633605571631943,2,1,1.0
S13,3840,3900,60,30,14.520828729166665,0.16954955224067728,13.854669,14.805971,0.9513020000000001,14.513483,0.1918875,14.521818551147685,50611.971367789694,-1.1490537500998728,2.047377578346005,-0.0033712676477471223,-0.005152110008735032,0.22101122732262923,0.8671074206099405,14.522191389354854,0.1183547651436369,-0.003206971852547339,0.033754525059833604,0.04431878117125211,0.16877774438601278,2.0252715035900164,14,14.0,0.10046527825547244,0.044138688414365156,0.16877774438601278,0.08293536580804187,2,1,1.0
S13,3870,3930,60,30,14.349743845833332,0.30051721126649095,13.536725,14.834576,1.2978509999999996,14.4312665,0.3068975000000016,14.352890267653377,49441.31016847177,-1.0218593288720155,0.4571967977840212,-0.010192143032171802,-0.0037039636100287742,0.2209921694933648,0.9173535854436352,14.348465564669814,0.26775418668798834,-0.01011582278467131,0.04095073186409396,0.07103032815268479,0.41213616522926166,2.4570439118456378,15,15.0,0.12204543106863544,0.10939434049232877,0.41213616522926166,0.12171988733751782,2,1,0.9151190476190476
S14,30,90,60,30,0.28876954166666663,0.00375681880695142,0.277864,0.300891,0.02302700000000002,0.288098,0.0025580000000000047,0.28879397826465325,20.016470851662,1.1389591700007335,1.6838487398903643,-0.00010112294072869897,-0.00021411379460816284,0.003919534112944169,0.0185776868456915,0.2887649799400664,0.003141839748344074,-0.00010075319864519383,0.0006006340524282801,0.0009543177964173029,0.005795444886180723,0.03603804314569681,0,0.0,0.0,0.0,0.0,0.0,1,0,1.0
S14,60,120,60,30,0.2869732666666666,0.0021334293704945817,0.277864,0.294494,0.016629999999999978,0.286819,0.0025590000000000335,0.28698119677466094,19.765969752532,-0.7091807112527441,3.43004763018748,-8.408934964515793e-06,-4.2830455704368224e-05,0.0035738428214962827,0.014677855243975024,0.2869790230818875,0.001118274402733875,-7.295144092535242e-06,0.00047643769356864806,0.0007551277752673207,0.004653968840753642,0.028586261614118882,0,0.0,0.0,0.0,0.0,0.0,1,0,1.0
S14,90,150,60,30,0.2853688125,0.0026678268423338688,0.275305,0.293215,0.01790999999999998,0.285539,0.002558999999999978,0.2853812825812528,19.546194347453003,-0.8039574253389142,0.8762321384272869,-8.197784045208761e-05,-8.56383997931857e-05,0.004104948386688074,0.014642674743833295,0.285373513150356,0.00176975290087115,-8.193854668619786e-05,0.00047603623744825994,0.0007820612771447035,0.005758405730794169,0.028562174246895597,0,0.0,0.0,0.0,0.0,0.0,1,0,1.0
S14,120,180,60,30,0.28245844583333335,0.002721247934692091,0.274026,0.293215,0.01918900000000001,0.281702,0.003838000000000008,0.28247155398890017,19.149642915096997,0.5119045297869288,0.7379105475984571,-9.880656139336761e-05,-0.00014987548921298663,0.003898753991497342,0.014642674743833295,0.28245892704995895,0.0020554598254949354,-9.94156541637e-05,0.0004377913037202687,0.000777326284549849,0.005758405730794169,0.026267478223216123,0,0.0,0.0,0.0,0.0,0.0,1,0,1.0
S14,150,210,60,30,0.2822932833333333,0.009636835174806553,0.270188,0.349502,0.079314,0.280422,0.003838000000000008,0.2824577249913693,19.147767937752,4.780558382574978,25.913826106033113,1.8571003598626892e-05,-0.0001284674376787989,0.015545905673982464,0.12241890311676262,0.2822993675214059,0.005114749144879196,1.8404287105203525e-05,0.0017334229734084475,0.005944772472212045,0.04784999034094578,0.10400537840450685,2,2.0,0.04059743097415719,0.007252559366788591,0.04784999034094578,0.04059743097415719,1,0,1.0
S14,180,240,60,30,0.27627015,0.012502627563603047,0.251,0.349502,0.09850199999999998,0.275945,0.011512999999999995,0.2765529090011831,18.355562754484,2.8897849437096954,12.565778091056787,-0.00042274431962144917,-0.00023551280777194696,0.016191905089507578,0.12241890311179038,0.2763772207222709,0.00944124508268893,-0.0004322117667349064,0.001990451263140881,0.0060163698289428845,0.04784983591646097,0.11942707578845285,2,2.0,0.04059735376191298,0.00725248215454799,0.04784983591646097,0.04059735376191298,1,0,1.0
S14,210,270,60,30,0.2692555,0.0035376746682437205,0.251,0.279143,0.028142999999999974,0.270188,0.0015987499999999821,0.2692787392690116,17.402649461354,-0.8705084046437968,4.107493885565593,1.9812131415371338e-05,-0.00017128115306049187,0.005545074834985166,0.027821460090424077,0.2692180223812925,0.0025204741955924146,2.260694915469759e-05,0.0006050868722522929,0.001194507347054484,0.009072140319359268,0.036305212335137574,0,0.0,0.0,0.0,0.0,0.0,1,0,1.0
S14,240,300,60,30,0.2690955916666667,0.0018051188787991804,0.258675,0.272747,0.014072000000000029,0.268909,0.0012789999999999746,0.2691016460533082,17.379767018063998,-1.664852356338401,6.606283777339778,-3.824505200490391e-05,-2.1408369602798697e-05,0.003313273578724885,0.01067336348215564,0.269106094906454,0.0007619434689345934,-3.7755199294538826e-05,0.0003512342392222476,0.0004757334959820209,0.0018690508006286022,0.021074054353334856,0,0.0,0.0,0.0,0.0,0.0,1,0,1.0
S14,270,330,60,30,0.26777914166666666,0.0018697075341517668,0.259954,0.272747,0.012792999999999999,0.26763,0.0015987500000000376,0.26778566899294665,17.21019948432,-1.0514366898293188,3.0058112745118803,-4.365620396661527e-05,-6.422795016295265e-05,0.0037224047678191463,0.015148522229555983,0.26778510809354145,0.0008466514919260123,-4.3104012646588826e-05,0.00040818686356613337,0.0006299948851050627,0.004987799325899989,0.024491211813968003,0,0.0,0.0,0.0,0.0,0.0,1,0,1.0
S14,300,360,60,30,0.26568434583333334,0.0026654252914996394,0.251,0.272747,0.021747000000000016,0.266351,0.0028787499999999855,0.2656977156711567,16.942866267089002,-1.3841898133748203,4.779776046604866,-8.285227290353996e-05,2.139294817711506e-05,0.004435297490711322,0.018177195238525456,0.2656981153584969,0.001549559097318718,-8.116367124940038e-05,0.0005737524258618928,0.0008832839749324151,0.00517175649281193,0.03442514555171357,0,0.0,0.0,0.0,0.0,0.0,1,0,1.0
S14,330,390,60,30,0.26516724166666666,0.0024560539590836607,0.251,0.272747,0.021747000000000016,0.265071,0.002558999999999978,0.26517861575579266,16.876727580998,-1.3110834496145258,5.956098222652065,3.5836207751651725e-05,-4.281385678940045e-05,0.0036164245777455003,0.01834798108304625,0.2651829132395086,0.0013041660348642947,3.5047538811655203e-05,0.0004956997734932349,0.0007447111813983331,0.0037608969215497945,0.029741986409594093,0,0.0,0.0,0.0,0.0,0.0,1,0,1.0
S14,360,420,60,30,0.26695291666666665,0.0019710957129784952,0.261234,0.272747,0.011512999999999995,0.26763,0.003838000000000008,0.26696019354044154,17.104258784436,-0.4066200884297488,-0.057120855494467104,4.7213274391799914e-05,-4.2831562720868075e-05,0.0029680783674647794,0.008384248153519458,0.2669374411062978,0.0013428229015730957,4.835486508900821e-05,0.00040387526164551064,0.0005805071952960173,0.0033290718537787867,0.02423251569873064,0,0.0,0.0,0.0,0.0,0.0,1,0,1.0
S14,390,450,60,30,0.2685039833333333,0.0018239430660126278,0.261234,0.272747,0.011512999999999995,0.268909,0.0025580000000000047,0.26851017826923246,17.303451800201998,-1.0360760784958534,2.27363961878609,4.363974470379286e-05,8.563786392605074e-05,0.003232543965852531,0.010346591610347122,0.26850494081950804,0.0009267595305871013,4.4782618168174986e-05,0.0003843333006578862,0.0004912504971561807,0.0020932892263960112,0.023059998039473173,0,0.0,0.0,0.0,0.0,0.0,1,0,1.0
S14,420,480,60,30,0.27019902500000004,0.001886688019442625,0.261234,0.274026,0.01279199999999997,0.270188,0.002558999999999978,0.270205611900703,17.522657448632,-1.2455075489009428,3.004080297367577,6.670179877436892e-05,8.564142949214045e-05,0.0028804609970464745,0.010346591610347122,0.27019540124799996,0.0012185710947150018,6.671529797228195e-05,0.0003639077897672473,0.0004671554825666818,0.0018168495948490682,0.02183446738603484,0,0.0,0.0,0.0,0.0,0.0,1,0,1.0
S14,450,510,60,30,0.2733705625,0.003265605059468632,0.265071,0.281702,0.016631000000000007,0.272747,0.005117000000000038,0.27339006678731187,17.938110868313,0.6035251264874197,-0.3855713389255224,0.0001485402177920916,0.00014985858333008104,0.0031360074928496427,0.013167987733133213,0.27337083148800245,0.0029057639482736766,0.00014846856949394187,0.00036189091253669076,0.0005348255331435493,0.0032666326066257967,0.021713454752201447,0,0.0,0.0,0.0,0.0,0.0,1,0,1.0
S14,480,540,60,30,0.2783276333333333,0.0038673875827948184,0.265071,0.28426,0.01918900000000001,0.279143,0.005116999999999983,0.27835450088627994,18.595494759276,-0.7346773344092621,-0.08560999370941635,0.00019253363058011525,0.00014986612954242224,0.003250561625949433,0.013167955841475676,0.2783338093394358,0.0035124128903822904,0.00019241188329110307,0.00037655091868974886,0.0005493131644417645,0.003270206792245267,0.02259305512138493,0,0.0,0.0,0.0,0.0,0.0,1,0,1.0
S14,510,570,60,30,0.27981474166666664,0.00337846180974871,0.271468,0.288098,0.016630000000000034,0.280422,0.00543674999999999,0.27983513656827186,18.793848877964002,-0.6679991138793137,-0.580877994499621,-0.00010376369472805017,-8.563856878804936e-05,0.003046312159131828,0.007228644030781828,0.27981705289923614,0.003002275397937008,-0.00010335087748459526,0.0003845229691778212,0.0005845828728429001,0.00407188032269018,0.023071378150669272,0,0.0,0.0,0.0,0.0,0.0,1,0,1.0
S14,540,600,60,30,0.2778212083333333,0.0036574216838182413,0.26763,0.288098,0.02046800000000004,0.277864,0.005116999999999983,0.2778452816463988,18.527520127960003,-0.002789514974181747,-0.473425953348122,-5.131440072928708e-05,-4.282946745272778e-05,0.003740922693017697,0.010011728088217042,0.2778224287585899,0.003162495897807355,-5.1631532243129474e-05,0.00048703376920905143,0.0007456623627244196,0.004071880322687849,0.029222026152543087,0,0.0,0.0,0.0,0.0,0.0,1,0,1.0
S14,570,630,60,30,0.2752947333333334,0.003948020494993524,0.265071,0.28426,0.01918900000000001,0.275305,0.007674999999999987,0.2753230412931326,18.192666496056,-0.02964744787478691,-0.9398929033826797,-0.0001023149469216321,-0.00010706132412059635,0.00394294253829057,0.010011728088217042,0.27529484753653494,0.0033921895937765994,-0.0001022227690338574,0.0005150410085995871,0.0007585377120343665,0.004182478524777544,0.030902460515975227,0,0.0,0.0,0.0,0.0,0.0,1,0,1.0
S14,600,660,60,30,0.27391420833333335,0.0035661547075616206,0.265071,0.281702,0.016631000000000007,0.272747,0.005117000000000038,0.27393742166099727,18.010010636706,0.6439778052048984,-0.46656020820168376,2.443591561539688e-05,-4.283071955308051e-05,0.003329989953276834,0.009775855742045092,0.2739370837274115,0.00316676842523254,2.2096497737399663e-05,0.00042980967558756757,0.0006602410366422554,0.0041824789225107795,0.025788580535254055,0,0.0,0.0,0.0,0.0,0.0,1,0,1.0
S14,630,690,60,30,0.27776795000000004,0.004284937560513572,0.270188,0.285539,0.015351000000000004,0.279143,0.007676000000000016,0.27780099844510997,18.521614736904,-0.37185074836587273,-1.358641114151137,0.00020595666482598396,0.00019270370270783684,0.0032961784059647153,0.014194532086216904,0.27776505711939675,0.00397960919041486,0.0002057897055669647,0.00038825184241749166,0.0005790470716092217,0.0026940771373791805,0.0232951105450495,0,0.0,0.0,0.0,0.0,0.0,1,0,1.0
S14,660,720,60,30,0.2826024541666667,0.002471730557301767,0.271468,0.289377,0.017909000000000008,0.282981,0.0025580000000000047,0.2826132632290474,19.168861572713,-0.42727993632495337,1.6462281642581047,8.737514167685574e-05,0.00010703818904261376,0.0037189899215414237,0.012051491452313323,0.28259372169391617,0.0017218991350683463,8.863866559544534e-05,0.0004688252490333491,0.0006624749740718368,0.002682422138706564,0.028129514942000944,0,0.0,0.0,0.0,0.0,0.0,1,0,1.0
S14,690,750,60,30,0.28623227500000004,0.002930607604697078,0.277864,0.295773,0.017909000000000008,0.285539,0.003838000000000008,0.28624727721431403,19.665000891026,-0.12856260342124165,-0.11144960793154102,0.0001402491656945499,0.00017127587169469438,0.0034818093533428166,0.009775539651478704,0.28622687986920065,0.0024592679128449917,0.0001406494843798862,0.00046483147869058605,0.0007275550355096225,0.004553619903643058,0.027889888721435163,0,0.0,0.0,0.0,0.0,0.0,1,0,1.0
S14,720,780,60,30,0.289409075,0.002267210265070637,0.281702,0.295773,0.014071,0.289377,0.0025580000000000047,0.28941795544634347,20.103060704338,-0.2667972397920377,0.40847364915672424,6.730598744656173e-05,4.2815252263721396e-05,0.0034477929792940307,0.01004649669472113,0.2894116069298659,0.0015586391820878085,6.806306492192327e-05,0.00043350748638434797,0.0007313733370527427,0.004553697700079629,0.026010449183060877,0,0.0,0.0,0.0,0.0,0.0,1,0,1.0
S14,750,810,60,30,0.2898567875,0.002240591097756069,0.281702,0.295773,0.014071,0.2900165,0.0012790000000000301,0.28986544724800767,20.165274601989,-0.7775767260362574,1.4699677094664931,-4.0654960162875234e-05,-4.2810761549029606e-05,0.0034190011489083853,0.010046496622490908,0.28986469038405643,0.0014204894289515252,-3.989168730603636e-05,0.000405164515127384,0.0006207476909817132,0.004302304671451873,0.02430987090764304,0,0.0,0.0,0.0,0.0,0.0,1,0,1.0
S14,780,840,60,30,0.28812448333333335,0.0024563505924553148,0.279143,0.294494,0.015351000000000004,0.288098,0.0025580000000000047,0.28813495371845005,19.925220373040002,-0.49223985258925185,0.7898835496046086,-4.8148721355590475e-05,-1.5474094780984992e-09,0.0030603860635565823,0.009257719648544382,0.2881214098014284,0.0019125371471057405,-4.872086582435112e-05,0.00036996195807991275,0.0004885496881611691,0.0029573237294892585,0.022197717484794766,0,0.0,0.0,0.0,0.0,0.0,1,0,1.0
S14,810,870,60,30,0.291125475,0.0054473761573233595,0.279143,0.306008,0.026865000000000028,0.289377,0.01023400000000002,0.29117643465942605,20.348091864234,0.4131265794855806,-0.9022564958424231,0.0002586895927625716,0.0001070588952958985,0.004243356438140968,0.028674455206722627,0.2911130225699195,0.004987042213493584,0.0002580412132581841,0.0005646295985689667,0.0010492758097778892,0.007939063640497734,0.033877775914138,0,0.0,0.0,0.0,0.0,0.0,1,0,1.0
S14,840,900,60,30,0.2931136708333334,0.004392509990026502,0.281702,0.307287,0.02558499999999997,0.291936,0.006396999999999986,0.2931465813776517,20.624380361617,0.3204447716496008,-0.20380316348062877,-9.418421543435498e-05,-4.281249527407505e-05,0.005203443158875209,0.028674455206718408,0.2931171014561794,0.003486864835396654,-9.413396103558476e-05,0.0007299313878915061,0.001420066590063488,0.010009601070627927,0.04379588327349036,1,1.0,0.010009601070627927,0.0,0.010009601070627927,0.010009601070627927,1,0,1.0
S14,870,930,60,30,0.29053917083333336,0.002753628713470513,0.281702,0.307287,0.02558499999999997,0.290656,0.0028787499999999855,0.29055221950556925,20.260942142307,0.6476668453800467,6.024290205054999,-1.081099832796051e-05,-6.423463503455268e-05,0.004150581983562344,0.026372091544125453,0.29055610157120026,0.0017433564773538409,-1.2392340453926313e-05,0.0005291666911180076,0.0010945384410377234,0.010009632365348797,0.03175000146708046,1,1.0,0.010009632365348797,0.0,0.010009632365348797,0.010009632365348797,1,0,1.0
S14,900,960,60,30,0.292175525,0.002993899000363068,0.281702,0.300891,0.01918900000000001,0.293215,0.005116999999999983,0.2921908637179643,20.490120201659998,-0.46022351199592426,0.602540249321939,0.00014577811245881602,0.00012844978385158153,0.0026690206415802453,0.010514570118022704,0.2921596372985528,0.0026024606210882976,0.00014546485765478862,0.0003670333976318008,0.0005251596583026372,0.003339537377138213,0.02202200385790805,0,0.0,0.0,0.0,0.0,0.0,1,0,1.0
S14,930,990,60,30,0.29482466249999995,0.007207346769576662,0.26763,0.311125,0.043495000000000006,0.294494,0.007676000000000016,0.294912745512458,20.873646591767,-0.8438405780835597,0.7981809259811032,0.00015325555750241756,0.00010705891944290368,0.007060958823661585,0.04585817082193655,0.2948215463190719,0.006066194292601887,0.00015229977139328866,0.0009175007427109289,0.0020116240443844775,0.013789192604235945,0.055050044562655734,1,1.0,0.013789192604235945,0.0,0.013789192604235945,0.013789192604235945,1,0,1.0
S14,960,1020,60,30,0.3007626708333333,0.00894787724849583,0.26763,0.311125,0.043495000000000006,0.303449,0.005116999999999983,0.30089574386164747,21.729179681772997,-1.6335581847873295,1.5566362532900602,0.0003893088119448076,0.00010705971740135427,0.007017883559242633,0.04585817082193655,0.30085369252455973,0.007823877174187052,0.00038090038184015237,0.0008906697356942298,0.0021263043757617705,0.013789192604235778,0.05344018414165379,1,1.0,0.013789192604235778,0.0,0.013789192604235778,0.013789192604235778,1,0,1.0
S14,990,1050,60,30,0.3073987833333333,0.0021957989763915537,0.297053,0.312404,0.015351000000000004,0.307287,0.0025580000000000047,0.3074066257060155,22.679720046709996,-0.8921471940421125,1.6362707163380303,9.038257709514025e-05,6.423277464826227e-05,0.002655359327018751,0.008333376135061021,0.3073962379913296,0.001672420263989053,8.983205246366615e-05,0.00031534647516537155,0.000425495597478773,0.0019773112923979763,0.018920788509922293,0,0.0,0.0,0.0,0.0,0.0,1,0,1.0
S14,1020,1080,60,30,0.3100958666666667,0.0023469562946269143,0.30217,0.317521,0.015351000000000004,0.309845,0.003838000000000008,0.31010474799267423,23.079589134623998,-0.1641908022169908,0.3957639639974273,9.334440302115827e-05,8.563717633056391e-05,0.0031249830488086017,0.009711257364011683,0.3100889019253282,0.0017121997008289877,9.384193515327141e-05,0.0003723097807788606,0.0005200294040728319,0.0020754623925916538,0.022338586846731637,0,0.0,0.0,0.0,0.0,0.0,1,0,1.0
S14,1050,1110,60,30,0.31230258749999995,0.002895392420267723,0.30217,0.317521,0.015351000000000004,0.312404,0.0025580000000000047,0.3123160089660191,23.409909469551,-1.0446474152969387,0.9326547001238805,3.757483134523432e-05,-0.00010706105857078642,0.003334035331457185,0.010753905280745268,0.3123216109096527,0.0023241286972551785,3.9092129614451534e-05,0.0004428707522876598,0.0006594354819931883,0.002728361617714281,0.026572245137259587,0,0.0,0.0,0.0,0.0,0.0,1,0,1.0
S14,1080,1140,60,30,0.3101491708333333,0.003918078167288485,0.30217,0.317521,0.015351000000000004,0.308566,0.006396000000000013,0.3101739181574253,23.089886281230996,0.13714275016724825,-1.3861759459494434,-0.00015611078723416901,-8.56410793428362e-05,0.0028690375510950386,0.010753905280756149,0.3101501501317626,0.0036355127116430713,-0.00015691301143751522,0.00038836975774372606,0.0005726173116357024,0.002762482154116508,0.023302185464623565,0,0.0,0.0,0.0,0.0,0.0,1,0,1.0
S14,1110,1170,60,30,0.30797449583333336,0.0025365473137677987,0.300891,0.317521,0.016629999999999978,0.307287,0.0025580000000000047,0.3079849414436862,22.765133797456997,0.8070080252160048,1.288377935479625,3.36839496778134e-05,-4.282842777439922e-05,0.003448730076154619,0.01538413357865509,0.3079772278799612,0.0019187733733410787,3.28533783939235e-05,0.00046377212952499375,0.0007084610822909037,0.004628503170304443,0.027826327771499626,0,0.0,0.0,0.0,0.0,0.0,1,0,1.0
S14,1140,1200,60,30,0.3078998666666667,0.002690784789280298,0.299611,0.317521,0.01790999999999998,0.307287,0.0025580000000000047,0.30791162403542566,22.754296371871998,0.4119096851334601,1.3986996461265724,-4.941254681366549e-05,-2.068447069599265e-09,0.0036547667456848006,0.01538413357865509,0.3079007657178811,0.001951591382765536,-4.880542765340656e-05,0.0004986841236064911,0.0007035887302586586,0.004628503170308218,0.02992104741638947,0,0.0,0.0,0.0,0.0,0.0,1,0,1.0
S14,1890,1950,60,30,0.3347001416666667,0.006124389092385505,0.313683,0.345664,0.03198100000000004,0.33543,0.003838000000000008,0.3347561694329795,26.894806313626,-1.596739262830256,2.497008421371363,-5.648057133790687e-05,0.00014987451404478846,0.00516879700359992,0.018935464108754907,0.33471575409660104,0.005407316548746046,-5.6273289706449925e-05,0.0008113672243509893,0.0014794575081478912,0.00927215309205276,0.04868203346105936,0,0.0,0.0,0.0,0.0,0.0,2,1,0.7634047619047619
S14,1920,1980,60,30,0.3356116125,0.00632289650231683,0.313683,0.344385,0.030702000000000007,0.33671,0.003838000000000008,0.33567116865323593,27.042032031607,-1.7892057816154108,2.818754343487882,0.00023293291410881052,1.5642223044504574e-09,0.004928322421352183,0.012958319806106067,0.33566235090587554,0.005640040056934674,0.00022856281777199446,0.0006257959269360633,0.0013174365884609577,0.013817384410615308,0.0375477556161638,0,0.0,0.0,0.0,0.0,0.0,2,1,1.0
S14,1950,2010,60,30,0.3378982916666667,0.0025070648688450855,0.329034,0.344385,0.015351000000000004,0.337989,0.0025580000000000047,0.33790759222827227,27.403569812522,-0.2530874286766694,1.527887364262341,-7.352463046186659e-05,-0.00014987804571267363,0.004022852633457318,0.009454672937360353,0.3378914466416495,0.0017270101539541252,-7.358193544412343e-05,0.000514068371166918,0.0007089404419421047,0.0036334963720974778,0.030844102270015078,0,0.0,0.0,0.0,0.0,0.0,2,1,1.0
S14,1980,2040,60,30,0.33908692083333336,0.004048036238667581,0.329034,0.349502,0.020467999999999986,0.337989,0.005116999999999983,0.3391110827997529,27.599118354629002,0.3721016144588558,0.06252882972443219,0.0001413554169544127,0.00010704541292887653,0.005480908840104419,0.031109766837467356,0.3390990619962878,0.003262237318802244,0.00014243077576001772,0.000681315015182841,0.0010464973551077446,0.006491638294337021,0.04087890091097046,0,0.0,0.0,0.0,0.0,0.0,2,1,1.0
S14,2010,2070,60,30,0.34089915416666666,0.003703827588508853,0.329034,0.349502,0.020467999999999986,0.340547,0.005117000000000038,0.34091927438963343,27.894228396085,-0.2034122432483918,0.42446436443258806,-2.4897007405652567e-05,8.564194694410271e-05,0.005683892250770068,0.0311097668374678,0.3408758782595112,0.0026563208721346746,-2.226698125422436e-05,0.0007799718760577258,0.0010842999213093705,0.0064916382883337675,0.04679831256346355,0,0.0,0.0,0.0,0.0,0.0,2,1,1.0
S14,2040,2100,60,30,0.3406006541666667,0.0028022245926940443,0.330313,0.348223,0.01790999999999998,0.340547,0.002558999999999978,0.3406121813462184,27.843997939542998,-0.21717337118452393,1.4685733293760794,-1.4332719874759613e-05,-0.00010706767989510184,0.004464859826113383,0.012929119210741247,0.3406065322274119,0.001667643552389268,-1.4554657685924752e-05,0.0006136170569224844,0.0008495933503195342,0.004372985837561405,0.036817023415349065,0,0.0,0.0,0.0,0.0,0.0,2,1,1.0
S14,2070,2130,60,30,0.34087782499999997,0.0021722459370526336,0.331593,0.348223,0.016629999999999978,0.340547,0.002558999999999978,0.3408847462547154,27.888578454994,-0.3661639353668656,1.78028039464815,1.5530361273464886e-06,-2.226061055618128e-10,0.0038529351676769965,0.011070062919276147,0.34087378944469815,0.0009624519354726509,1.2654540984240619e-06,0.0005359353379708272,0.0007381725455815226,0.004372985837545529,0.03215612027824963,0,0.0,0.0,0.0,0.0,0.0,2,1,1.0
S14,2100,2160,60,30,0.3420931458333333,0.0027157213620385753,0.334151,0.350781,0.016630000000000034,0.341827,0.0025590000000000335,0.34210392509976045,28.088422936479002,0.6017763319738173,0.7727383812212474,9.057127976572127e-05,0.00012845952390439788,0.0033917731535074366,0.011145001158986867,0.34207976146007085,0.0020528278199042384,8.919591498045259e-05,0.0004949743362916715,0.0006612062020771534,0.002643085626592656,0.029698460177500288,0,0.0,0.0,0.0,0.0,0.0,2,1,1.0
S14,2130,2190,60,30,0.34765257499999996,0.00510851633738946,0.334151,0.355898,0.021747000000000016,0.348223,0.00895499999999999,0.3476901060474687,29.013218362392003,-0.2092943042933614,-1.2540074699382184,0.00025637508850637295,0.0001070449941777795,0.003479780137529384,0.011121480976699738,0.3476557422053875,0.004743545250819508,0.00025565663328730584,0.0005017442053394126,0.000705498262985831,0.0030222712871080804,0.030104652320364758,0,0.0,0.0,0.0,0.0,0.0,2,1,1.0
S14,2160,2220,60,30,0.3511758291666666,0.0023921036714537806,0.341827,0.355898,0.014071,0.351421,0.003838000000000008,0.35118397621598685,29.599244436209,-0.5475647843298,0.210321974078163,-5.021251184779402e-05,-2.142370767606113e-05,0.0037952110321151254,0.013807250859687148,0.3511919281728209,0.0013046940299219116,-4.878811321800661e-05,0.0005610986451200857,0.0008051443530026455,0.004186692817100435,0.033665918707205145,0,0.0,0.0,0.0,0.0,0.0,2,1,1.0
S14,2190,2250,60,30,0.3494807708333333,0.0027211722721986287,0.341827,0.354619,0.012792000000000026,0.349502,0.0025580000000000047,0.3494913646441008,29.314611350591,-0.5002504989971667,-0.32597755812090545,-6.627925462096196e-05,-4.203468271737213e-09,0.0039968504613153944,0.013681165899112058,0.34946704917319626,0.0019403066653346146,-6.810352492973214e-05,0.0005987099836469975,0.0008516281006536832,0.00422498650983677,0.03592259901881985,0,0.0,0.0,0.0,0.0,0.0,2,1,1.0
S14,2220,2280,60,30,0.3604236583333334,0.020692915339150835,0.341827,0.57465,0.232823,0.352061,0.02078775000000005,0.3610171882772573,31.280018455588,5.940545853323308,52.87120014845577,0.0005587549325031012,0.00036396522226045765,0.03712598102495423,0.3151764510251498,0.3604151207052227,0.013673674246061609,0.0005583006840997869,0.0021414348901238564,0.012080420423416026,0.12778197828189908,0.1284860934074314,1,1.0,0.12778197828189908,0.0,0.12778197828189908,0.12778197828189908,2,1,1.0
S14,2250,2310,60,30,0.3653541291666667,0.021080662065721494,0.325196,0.57465,0.249454,0.36997,0.019187999999999983,0.3659617931045022,32.142728162943,4.841948225107577,44.236279588883924,-0.0005400507310837752,-2.1400240247441524e-05,0.03790254067029735,0.31517644726469785,0.36543698367197214,0.013644824304581705,-0.0005339357422151178,0.0026874675800568097,0.0122235724116122,0.12734891109711666,0.1612480548034086,2,2.0,0.0727189947096267,0.05462991638748996,0.12734891109711666,0.0727189947096267,2,1,1.0
S14,2280,2340,60,30,0.33334089166666664,0.02939862092281309,0.293215,0.380204,0.08698899999999998,0.334151,0.066521,0.3346347695163963,26.87530295263,0.06083834290194344,-1.5847782084741953,-0.0016114166341354061,-0.001198961202944171,0.00891743360388544,0.02699316967618759,0.3333457544384205,0.02896774912273587,-0.0016097692465615683,0.0012167874083396577,0.0024044603330105464,0.018089078322136742,0.07300724450037946,1,1.0,0.018089078322136742,0.0,0.018089078322136742,0.018089078322136742,2,1,1.0
S14,2310,2370,60,30,0.3067697875,0.012037255377258712,0.291936,0.350781,0.058845000000000036,0.30217,0.012792999999999999,0.307005859943768,22.620623529555,1.9009322306803003,3.480395496778284,-0.00014705385195699564,-0.0004924382998139047,0.004921824842216326,0.01362910196566558,0.3067293969353102,0.011753917003711957,-0.00014448680558137544,0.000671215306259814,0.0012573206512471635,0.007990470261651672,0.04027291837558884,0,0.0,0.0,0.0,0.0,0.0,2,1,1.0
S14,2340,2400,60,30,0.30728150416666666,0.007867233756218422,0.291936,0.321359,0.029423000000000032,0.30664749999999996,0.014071,0.3073821988500703,22.676115880776997,0.20977168345338573,-1.2247897284322957,9.195619864921967e-05,8.563644152025276e-05,0.004409825457063034,0.013629101773391827,0.3072725637354148,0.007563161782086471,9.150798972266948e-05,0.0005938841055327562,0.0009289759348869414,0.0048170571859666445,0.03563304633196537,0,0.0,0.0,0.0,0.0,0.0,2,1,1.0
S14,2370,2430,60,30,0.3127396958333334,0.00943692605733717,0.293215,0.329034,0.03581899999999999,0.312404,0.016629999999999978,0.3128820431461951,23.494841501601,0.07308833088057293,-1.4135300417180665,0.00019781667236234935,0.00017127062040130447,0.004777265151742898,0.021820262718154515,0.3127265033524042,0.009070358115474205,0.00019607224588035136,0.0007265044843024641,0.0010509240471462554,0.005300337175913994,0.04359026905814785,0,0.0,0.0,0.0,0.0,0.0,2,1,1.0
S14,2400,2460,60,30,0.323336175,0.009729010245277184,0.298332,0.334151,0.03581899999999999,0.326476,0.011832750000000058,0.32348251220735774,25.113824568956,-1.028862959741887,-0.3760380308798892,0.00048409949068608507,0.0004496122028170913,0.0042853983473689254,0.021820262718154515,0.32331300899284143,0.009501643957336344,0.00048482129934956545,0.0006200321352204839,0.0008739262470618948,0.005300337175913994,0.03720192811322903,0,0.0,0.0,0.0,0.0,0.0,2,1,1.0
S14,2430,2490,60,30,0.3296097833333333,0.0023112284258352566,0.322638,0.334151,0.011512999999999995,0.330313,0.003838000000000008,0.3296178864168074,26.075508251012003,-0.5039645082379901,0.12165842130337978,-3.0425124647792153e-05,-2.1407574707050216e-05,0.0036882086957645615,0.01292284999599369,0.32960789878352087,0.0013889714050860443,-3.1262137664860976e-05,0.0004704998948916998,0.0006635256714703644,0.0034293560007885304,0.028229993693501987,0,0.0,0.0,0.0,0.0,0.0,2,1,1.0
S14,2460,2520,60,30,0.32997221250000003,0.002588900378026116,0.322638,0.337989,0.015351000000000004,0.330313,0.0025590000000000335,0.32998236835823896,26.133207222555,0.08197193727249837,0.776068688166824,7.393730639865923e-05,6.423127495326555e-05,0.003454597924153402,0.012923097977219467,0.32997051674481587,0.001974498827228763,7.467599041686877e-05,0.00042123451437847567,0.0006648945596742345,0.003679960470524435,0.02527407086270854,0,0.0,0.0,0.0,0.0,0.0,2,1,1.0
S14,2490,2550,60,30,0.3330530666666667,0.003097651065009669,0.323917,0.343106,0.01918900000000001,0.332872,0.005116999999999983,0.33306747163028644,26.624145757965998,0.07902611033029068,-0.10589718954531735,0.00013010120534989096,6.421413909600798e-05,0.003296687186542644,0.01408745196129102,0.3330543915036978,0.002667947007867747,0.00013032080174553217,0.0003898177611023473,0.0006161829797087368,0.004468535985957034,0.023389065666140837,0,0.0,0.0,0.0,0.0,0.0,2,1,1.0
S14,2520,2580,60,30,0.33509985416666666,0.0022674644520328507,0.329034,0.343106,0.014072000000000029,0.33543,0.0025590000000000335,0.335107525516158,26.951292877814996,0.025893021463010514,0.920549242975139,2.2616569109276064e-05,-4.2830106585114956e-05,0.0036961896720657463,0.01667053606677582,0.3351006096815354,0.0015007433716145379,2.347039180847813e-05,0.00046326226264670407,0.000719401475639392,0.004468535989986588,0.027795735758802245,0,0.0,0.0,0.0,0.0,0.0,2,1,0.9865952380952381
S14,4320,4380,60,30,0.3186134791666666,0.0018935668678183224,0.308566,0.322638,0.014071999999999973,0.3188,0.0025580000000000047,0.31861910599047705,24.364352328521004,-1.4441440912858903,3.8739619451300493,6.048200379415967e-05,8.563668021848178e-05,0.002964580245310161,0.010273057933064766,0.31861074888552837,0.0011676801472904792,6.128111084809872e-05,0.00038719987251670506,0.0005635307388181163,0.0025149842391950505,0.023231992351002304,0,0.0,0.0,0.0,0.0,0.0,3,0,1.0
S14,4350,4410,60,30,0.3197327666666666,0.0013703977386956806,0.312404,0.322638,0.010233999999999965,0.320079,0.0012790000000000301,0.319735703465039,24.535420816868005,-1.3569358470031436,5.127209247936795,9.872251784483182e-06,-4.282937290917766e-05,0.002709170396287488,0.010273058865368556,0.3197423253520059,0.0003476206923654819,9.729326716209438e-06,0.0003044010429977225,0.00046133904667043234,0.00211387804240859,0.01826406257986335,0,0.0,0.0,0.0,0.0,0.0,3,0,1.0
S14,4380,4440,60,30,0.3199833541666666,0.001478775832256526,0.313683,0.322638,0.00895499999999999,0.320079,0.0025590000000000335,0.31998677116673513,24.573968093211,-1.0511425654553959,2.494457518789063,-3.4360707527236357e-06,1.3537262059815277e-09,0.002834329076232719,0.009468870485248138,0.3199838646950354,0.0004198122122251309,-3.1855256635517313e-06,0.00035986705398239965,0.0005301688401389426,0.0022470234965157876,0.021592023238943978,0,0.0,0.0,0.0,0.0,0.0,3,0,1.0
S14,4410,4470,60,30,0.3202445958333333,0.0014749833950983928,0.313683,0.322638,0.00895499999999999,0.320079,0.0012800000000000034,0.3202479925565043,24.614106416753003,-1.4436587038151805,3.7939156904836633,7.953767433709317e-06,-2.1424972939495835e-05,0.002856932980532093,0.009468870485248138,0.32023865659240014,0.0004987063123642841,8.134019412947216e-06,0.0003620700923274843,0.0005026647421803847,0.002247023496533662,0.021724205539649058,0,0.0,0.0,0.0,0.0,0.0,3,0,1.0
S14,4440,4500,60,30,0.3197329,0.0016708680398722928,0.313683,0.322638,0.00895499999999999,0.320079,0.0025590000000000335,0.319737265801809,24.53566059418,-0.8367618519864738,1.055781987374492,-4.536825096511906e-05,-2.1425571738370568e-05,0.00274064388647865,0.009231249298997657,0.31973166767923183,0.0010091610095926062,-4.551188849168748e-05,0.000319331932985054,0.0004458054228723365,0.002283138077655844,0.019159915979103243,0,0.0,0.0,0.0,0.0,0.0,3,0,1.0
S14,4470,4530,60,30,0.3191998083333333,0.0017074565113829098,0.312404,0.323917,0.011512999999999995,0.3188,0.0012790000000000301,0.3192043750448527,24.453943931466004,-0.8779549859103627,2.021351299566879,8.112580293461679e-06,-6.423622055497335e-05,0.002884904645678073,0.008752130517300616,0.3192016710183926,0.0008593512062376622,8.09481714327047e-06,0.00032198349186539495,0.00046310868443016266,0.0022831391003233503,0.019319009511923696,0,0.0,0.0,0.0,0.0,0.0,3,0,1.0
S14,4500,4560,60,30,0.3197594541666666,0.0015558965709731435,0.312404,0.323917,0.011512999999999995,0.320079,0.0012790000000000301,0.3197632395118366,24.539647042345003,-1.4030811794416986,4.612444371726931,2.567034595351532e-05,2.140836432796838e-05,0.002747700304127452,0.008752130517300616,0.31975186092325764,0.0006743930852591243,2.5973900048676807e-05,0.0003216828093536954,0.00045991841827439523,0.00214448785705762,0.019300968561221724,0,0.0,0.0,0.0,0.0,0.0,3,0,1.0
S14,4530,4590,60,30,0.31997265416666665,0.0013013707585590867,0.313683,0.322638,0.00895499999999999,0.320079,0.001599000000000017,0.3199753005785173,24.572206315275004,-1.186009324123743,4.406802690966888,-1.2378155759334124e-05,-2.142325460180148e-05,0.0027279042496381393,0.00701917235633398,0.31998152678100844,0.0003530273026982844,-1.2195611628941583e-05,0.0003149801795732758,0.00045015439312203566,0.00214448785705762,0.01889881077439655,0,0.0,0.0,0.0,0.0,0.0,3,0,1.0
S14,4560,4620,60,30,0.3196954583333333,0.0013975065855291121,0.313683,0.322638,0.00895499999999999,0.320079,0.0012790000000000301,0.31969851282672035,24.529713384868003,-1.6095926471272226,5.083029042610828,-1.5115926314444746e-05,-4.281051232714055e-05,0.002588328919713758,0.007507828323767063,0.31968506455545553,0.00036818989154280556,-1.5541750322307276e-05,0.00033646341249364206,0.00045687082529035055,0.001695763556883556,0.020187804749618524,0,0.0,0.0,0.0,0.0,0.0,3,0,1.0
S14,4590,4650,60,30,0.3190771791666666,0.0017296025161095932,0.312404,0.322638,0.010233999999999965,0.3188,0.0012790000000000301,0.31908186690851115,24.435177069557,-1.2668836534142038,2.108888599121495,-3.851424752721507e-05,-4.281111671163187e-05,0.00239639553481177,0.007507828323767063,0.3190859637681573,0.0009980628403921722,-3.7253984428381725e-05,0.0003442998469208869,0.00046979716683439405,0.0020120955071374347,0.020657990815253213,0,0.0,0.0,0.0,0.0,0.0,3,0,1.0
S14,4620,4680,60,30,0.31660933333333335,0.0026542006654023337,0.308566,0.321359,0.012792999999999999,0.316242,0.0038379999999999526,0.3166204584908404,24.059643536388,-0.19587615017905194,-0.5955630169594577,-0.0001179807743315048,-0.00012846738850957326,0.002812382494492614,0.009204680226587048,0.31660053543333516,0.002219045197583408,-0.00011752524619254703,0.0004031053413735321,0.0005726560521996973,0.0027225323964744086,0.024186320482411927,0,0.0,0.0,0.0,0.0,0.0,3,0,1.0
S15,120,180,60,30,0.24214615,0.015158281046263128,0.221577,0.277864,0.056287000000000004,0.235649,0.02846375000000001,0.24262013816684713,14.127487546584,0.6521266081308277,-0.9850427844541332,0.0007042139081197492,0.0005138429122183156,0.009389633426446565,0.06737808441851123,0.24209523147044765,0.014266636923966384,0.0006994008890262689,0.0012492074477585319,0.0023927742652042313,0.01301551676051968,0.07495244686551192,2,2.0,0.01246118270421541,0.0005543340563042704,0.01301551676051968,0.01246118270421541,1,0,1.0
S15,150,210,60,30,0.26224637083333335,0.01142036562863244,0.229252,0.277864,0.04861199999999999,0.26763,0.011832750000000003,0.26249492141057856,16.536860103922997,-1.1293626611225032,0.005193970660429148,0.0005067255800405986,0.00042819028230308776,0.00928548814097273,0.06737760459065456,0.2622445580336325,0.01033252038964771,0.000507165945584112,0.0011780504496858068,0.002326834037122372,0.01382055385792419,0.07068302698114841,2,2.0,0.01229051760717767,0.0015300362507465193,0.01382055385792419,0.01229051760717767,1,0,1.0
S15,180,240,60,30,0.2658122541666667,0.004693373542158409,0.251,0.275305,0.02430500000000002,0.265071,0.007674999999999987,0.26585368573779605,16.962763732889,-0.27745272840694735,-0.7788120084673151,-0.00022097338649198857,-0.0001284547132125688,0.004406977815982412,0.016952158547547613,0.2658116845453608,0.004217581821263258,-0.00022033317713707697,0.0005090247614167637,0.0007451568074862488,0.004354365589973097,0.030541485685005823,0,0.0,0.0,0.0,0.0,0.0,1,0,1.0
S15,210,270,60,30,0.26189988333333336,0.002690842732563331,0.251,0.270188,0.019187999999999983,0.262513,0.003838000000000008,0.2619137062557533,16.46370948591,-0.5785543278734205,2.0639203844295597,-9.222375862614833e-06,-0.0001284674062441653,0.004717414153023673,0.017070616598860555,0.26189236372991265,0.0016742673710856979,-1.0458729487261105e-05,0.0005320611755014121,0.0008802695633170104,0.006584219167869887,0.03192367053008473,0,0.0,0.0,0.0,0.0,0.0,1,0,1.0
S15,240,300,60,30,0.26214509166666666,0.004540221451089202,0.252279,0.272747,0.02046800000000004,0.261234,0.006396000000000013,0.2621844058973569,16.49775904698,0.4479663959665565,-0.6151192168600699,6.660758775330789e-05,0.00014987411615883554,0.0036897481564019223,0.01316855415033813,0.2621347335563572,0.004130450746091537,6.711009756122155e-05,0.0004450362358002201,0.000711285079027327,0.004141754750596027,0.026702174148013208,0,0.0,0.0,0.0,0.0,0.0,1,0,1.0
S15,270,330,60,30,0.26621742083333333,0.006589703954685619,0.24972,0.275305,0.025585000000000024,0.268909,0.012792999999999999,0.26629896611395715,17.019633444807,-0.5796738742945229,-1.2706466828666774,0.00025276492518150215,-6.420794685732615e-05,0.004060547403105372,0.013904757592361205,0.26619805083336806,0.006200604638998267,0.00024988334661049227,0.00046035043391051483,0.0009980580474152117,0.007928998313120217,0.02762102603463089,0,0.0,0.0,0.0,0.0,0.0,1,0,1.0
S15,300,360,60,30,0.2709399708333333,0.004608108554853717,0.248441,0.279143,0.03070199999999998,0.271468,0.0025590000000000335,0.27097915502787445,17.623128590308998,-2.726994848466482,8.43227792811727,5.375872500007816e-05,2.14071981548763e-05,0.005014649604693319,0.031131096777335276,0.2709283447120387,0.003491173887497769,5.348018213559583e-05,0.0006869083595374043,0.0015544003317414493,0.009721721703580932,0.04121450157224425,0,0.0,0.0,0.0,0.0,0.0,1,0,1.0
S15,330,390,60,30,0.27227245,0.0037984266224100442,0.248441,0.279143,0.03070199999999998,0.272747,0.0025580000000000047,0.2722989443126953,17.795211617714,-3.013416861357288,12.821284534604644,5.935101522624879e-05,0.00034256279527475374,0.004744960398403769,0.03114293969949511,0.27226063015478125,0.0029885719668845635,6.39913215223206e-05,0.0006314713529358726,0.0012265717650814757,0.008372733228722451,0.03788828117615235,0,0.0,0.0,0.0,0.0,0.0,1,0,1.0
S15,360,420,60,30,0.26807224166666666,0.007688920195098743,0.24972,0.276585,0.026865000000000028,0.272747,0.014071999999999973,0.2681824868367775,17.26124309903,-0.6806922147767149,-1.1854126465453885,-0.0003549775855824889,-0.00034256257448300346,0.0042007614684822945,0.020309930649541785,0.26807915025528517,0.0073583180603538885,-0.0003545792855658126,0.0005822171287918472,0.0009640555125252079,0.00491997754217699,0.034933027727510835,0,0.0,0.0,0.0,0.0,0.0,1,0,1.0
S15,390,450,60,30,0.26313122083333335,0.008226057613182599,0.242045,0.276585,0.034540000000000015,0.258675,0.016630000000000034,0.26325977171055936,16.633369776263,0.2607717930289036,-1.4229412810499193,-1.1179615877115505e-05,2.1405375113259054e-05,0.005524999477741414,0.047667506148005634,0.26314382830812555,0.007737827813246745,-1.1671374172204977e-05,0.000653092664719792,0.0011450820679585149,0.00684955375657631,0.03918555988318752,0,0.0,0.0,0.0,0.0,0.0,1,0,1.0
S15,420,480,60,30,0.26546054583333334,0.008149794253920322,0.242045,0.276585,0.034540000000000015,0.268909,0.015351000000000004,0.2655856180980298,16.928572929723,-0.3795395460821548,-1.3577809834024974,0.00023073861557701942,0.00027832609714591714,0.006622578996432262,0.047667506148005634,0.2654674933313357,0.007287884181981791,0.00023238886643902942,0.0010634876628511898,0.0018396796471623488,0.008455614223991992,0.0638092597710714,0,0.0,0.0,0.0,0.0,0.0,1,0,1.0
S15,450,510,60,30,0.27308265833333334,0.008002713295080855,0.24972,0.288098,0.03837800000000002,0.274026,0.00895499999999999,0.2731998933061346,17.913163608596,-0.7309614789182411,0.2181077104381881,0.0002968275351562136,-0.00012844317243419865,0.005907277112896977,0.023223259019278464,0.27309747386302863,0.007174914914811346,0.00029104584882861756,0.0010821385156170866,0.0018419296059586354,0.008455614223992658,0.0649283109370252,0,0.0,0.0,0.0,0.0,0.0,1,0,1.0
S15,480,540,60,30,0.264191875,0.016178276106692424,0.236928,0.288098,0.05117000000000002,0.26954849999999997,0.033259999999999984,0.2646867647499587,16.814180024111998,-0.24171390337673096,-1.560157239949864,-0.0008050359065221292,-0.0005566491837893696,0.006049558689307949,0.03507516628244289,0.26419889939409763,0.015783607180580396,-0.000805296046528345,0.0009139213625973129,0.0020702838774195455,0.011840877127951066,0.05483528175583877,1,1.0,0.011840877127951066,0.0,0.011840877127951066,0.011840877127951066,1,0,1.0
S15,510,570,60,30,0.24933660416666664,0.009224205985114165,0.231811,0.279143,0.047331999999999985,0.245883,0.01279199999999997,0.2495071705450984,14.940918756820999,0.9544951458112158,0.8764373399791276,-0.0001757342342872928,-0.0004924317399968428,0.012601527233707306,0.045905634417348073,0.24931901246879373,0.006878266789615159,-0.0001695415815907008,0.00199540501719379,0.003536420566563392,0.01671290450564214,0.1197243010316274,4,4.0,0.01368771525296121,0.0021526174427262527,0.01671290450564214,0.01368771525296121,1,0,1.0
S15,540,600,60,30,0.25662300416666667,0.011305716956293217,0.231811,0.277864,0.04605300000000001,0.258675,0.01950875000000002,0.2568719243191455,15.835964520821,-0.27994263429497435,-1.1099540031927537,0.0004355854692729067,0.0004924433257894062,0.013020149827028732,0.045905634417348073,0.25657927956206206,0.00919002473176602,0.00043846717949543994,0.0021337323209366364,0.003514881743172224,0.016713122561755722,0.12802393925619818,5,5.0,0.01328382114189664,0.0022599528518159576,0.016713122561755722,0.01328382114189664,1,0,1.0
S15,570,630,60,30,0.26286468749999997,0.008401573106062366,0.236928,0.277864,0.040936,0.266351,0.009274749999999998,0.26299891704174216,16.600423287631,-0.954201101134102,0.01137907858056808,-0.0001527976766000494,0.00023551304206706212,0.006477525103139291,0.034071813120180594,0.26278987911148055,0.007320289521722436,-0.00014667140037834714,0.000977893125640984,0.0017876336502368776,0.01004935694009823,0.05867358753845905,1,1.0,0.01004935694009823,0.0,0.01004935694009823,0.01004935694009823,1,0,1.0
S15,600,660,60,30,0.26151614166666665,0.00989503056488107,0.245883,0.285539,0.039656,0.266351,0.018228750000000016,0.26170327468738325,16.437264955703995,-0.0585667137395846,-1.3755986082489287,5.02041075455492e-05,0.0002997347749349594,0.005143517459734551,0.03179686705121498,0.26155364013537247,0.009479748405968949,5.260890061456051e-05,0.0007287471934087176,0.0013210157159797807,0.007149378846910526,0.043724831604523055,0,0.0,0.0,0.0,0.0,0.0,1,0,1.0
S15,630,690,60,30,0.27317865416666665,0.013876481104476718,0.245883,0.293215,0.04733200000000001,0.279143,0.017909000000000008,0.27353086447447605,17.956592116837,-0.6359191295408451,-0.9791538271184379,0.0007376003216063074,0.0006422930738816874,0.0051106241514710556,0.03179686705121498,0.27316945233432927,0.013581217531353775,0.00073722282693624,0.0007065632576722053,0.001308752647801581,0.007149378846910526,0.04239379546033232,0,0.0,0.0,0.0,0.0,0.0,1,0,1.0
S15,660,720,60,30,0.28429208750000007,0.004435971874517516,0.274026,0.293215,0.01918900000000001,0.28426,0.007676000000000016,0.2843266938955595,19.402000526779002,0.05868352659082991,-1.0939826706336315,-9.934946188045966e-06,4.2811482138598096e-05,0.004400350303658179,0.015730093364879627,0.28429340829095745,0.003911530596282986,-1.0348610007653067e-05,0.0005096313400112659,0.0007450757164829863,0.004807197847327471,0.030577880400675952,0,0.0,0.0,0.0,0.0,0.0,1,0,1.0
S15,690,750,60,30,0.28582181250000005,0.004320253349323832,0.274026,0.293215,0.01918900000000001,0.286819,0.006396000000000013,0.2858544613781417,19.611065541549,-0.567832812652337,-0.6977152031773004,5.906264769471433e-05,-4.282622626153321e-05,0.0038562563531367193,0.012669897092172366,0.2858363742431333,0.003877595100256936,5.818169998179724e-05,0.00043975563379830345,0.0007034216792505901,0.004807197847327471,0.026385338027898206,0,0.0,0.0,0.0,0.0,0.0,1,0,1.0
S15,720,780,60,30,0.29097085,0.00455478786946586,0.279143,0.303449,0.02430600000000005,0.290656,0.006395999999999957,0.2910064975945697,20.324347594141997,-0.0009199304875205409,-0.28737041364039273,0.0002393773137256054,0.0002997482366125684,0.0031586351664449285,0.012920912900526993,0.29097286878056383,0.004239483430260962,0.00024005765997632577,0.0004050611932890633,0.0005837368202777943,0.002599641562026078,0.0243036715973438,0,0.0,0.0,0.0,0.0,0.0,1,0,1.0
S15,750,810,60,30,0.29826271666666665,0.004661224621247326,0.28426,0.307287,0.023026999999999964,0.298332,0.007676000000000016,0.29829913705599287,21.355770040404003,-0.12496807119791846,-0.8660770155138611,0.00024565397257659654,0.00021409113881361882,0.0033493432117775684,0.01292091290324704,0.2982642973664496,0.004300235861871353,0.0002446046359182779,0.00048051963934674205,0.0006549143915145069,0.0026313869955137403,0.028831178360804524,0,0.0,0.0,0.0,0.0,0.0,1,0,1.0
S15,780,840,60,30,0.305522575,0.004408724212971551,0.291936,0.317521,0.025585000000000024,0.306008,0.006396000000000013,0.30555438253086253,22.407235364116,0.04421361917719343,-0.37596800576382927,0.00023209398134882932,0.00010704452601162094,0.0033618680881810576,0.011181860585509407,0.30550949205630584,0.004009915832858109,0.0002297559108570501,0.00043240144608119174,0.0006704521512395481,0.0045067241410223224,0.025944086764871505,0,0.0,0.0,0.0,0.0,0.0,1,0,1.0
S15,810,870,60,30,0.3022390916666667,0.011466608927298306,0.272747,0.317521,0.04477399999999998,0.307287,0.020788749999999967,0.3024565285322559,21.955188396428,-0.782381262223968,-0.9465933412732808,-0.0004806126147316004,-0.0005566712603444798,0.006520858047096455,0.0405603402973862,0.30223325118983907,0.011097311066397691,-0.00048114410792111733,0.0006495218285038023,0.001376608753929208,0.010475908399839529,0.038971309710228136,1,1.0,0.010475908399839529,0.0,0.010475908399839529,0.010475908399839529,1,0,1.0
S15,840,900,60,30,0.2863869375,0.013013917997676963,0.266351,0.316242,0.04989100000000002,0.281702,0.013111749999999978,0.2866824724887784,19.724841607747003,1.1207131392324672,-0.042442133405080185,-0.0006321906230170872,-0.0005994834717491824,0.00740178520726995,0.0405603402973862,0.2864162111896459,0.012576986282125755,-0.0006328884130839514,0.0008278135348524521,0.001725556259065059,0.010475908399839473,0.049668812091147124,1,1.0,0.010475908399839473,0.0,0.010475908399839473,0.010475908399839473,1,0,1.0
S15,870,930,60,30,0.2819415874999999,0.010540186485178703,0.266351,0.306008,0.039657,0.276585,0.007675999999999961,0.282138537412319,19.104517030359002,1.1996437865060308,-0.14235467957006342,0.0003770682438572078,0.0003211542993174383,0.007634869919808328,0.04647134783889606,0.2819499527463781,0.009984090398727769,0.0003769251566544209,0.0007844691007633475,0.0017069410438597227,0.010591819833716987,0.047068146045800854,1,1.0,0.010591819833716987,0.0,0.010591819833716987,0.010591819833716987,1,0,1.0
S15,900,960,60,30,0.29778838333333335,0.01467912365242065,0.26763,0.313683,0.04605300000000001,0.303449,0.03198099999999998,0.2981499587782687,21.334415500676002,-0.7439755525090052,-1.135768729573069,0.0007580579422386374,0.0006208846651692368,0.00654377004600015,0.04647134783889606,0.2977882879805931,0.014414823745990223,0.0007585489975913312,0.0005558305551328633,0.0012945207734105528,0.010591819833717209,0.033349833307971796,1,1.0,0.010591819833717209,0.0,0.010591819833717209,0.010591819833717209,1,0,1.0
S15,930,990,60,30,0.31166828333333335,0.006498149439370327,0.282981,0.321359,0.03837800000000002,0.312404,0.007676000000000016,0.3117360177812043,23.3230427477,-1.7489105600214123,4.737178530984868,0.00016196530486746376,0.0002997299868361596,0.007574192797690183,0.049137738462876834,0.31164979607308513,0.004758143916858236,0.00016006321110246133,0.0010101476161804483,0.0024015207703999043,0.012532537546874833,0.060608856970826894,2,2.0,0.012328876672939248,0.00020366087393558496,0.012532537546874833,0.012328876672939248,1,0,1.0
S15,960,1020,60,30,0.31261706250000004,0.010822561558318516,0.276585,0.321359,0.04477399999999998,0.316242,0.005116999999999983,0.31280434077041275,23.483173345155002,-2.0841333558284445,2.9206835997616,-0.0001914257860044836,8.563974991308627e-05,0.009828817833338124,0.05037125587142577,0.31252253438349964,0.009376826136197848,-0.0001990284916146968,0.0015544658054791466,0.0032213717896805005,0.015956227239246,0.0932679483287488,4,4.0,0.01277247894161028,0.0019093645883572947,0.015956227239246,0.01277247894161028,1,0,1.0
S15,990,1050,60,30,0.30889125833333336,0.011301577910846365,0.276585,0.321359,0.04477399999999998,0.312404,0.01023400000000002,0.3090979377770499,22.929968433126,-1.268622057921418,0.41494744977559517,-0.0002632366759870195,-0.00023551501364539742,0.00883425480134918,0.05037125574374923,0.3088828498337813,0.009998109315904226,-0.00026503264218221957,0.0011884629348002304,0.0024179296692426046,0.011133409576533637,0.07130777608801382,4,4.0,0.010719121573982318,0.00036830864898051334,0.011133409576533637,0.010719121573982318,1,0,1.0
S15,1020,1080,60,30,0.3054692375,0.009775612436795308,0.282981,0.330313,0.04733200000000004,0.309845,0.016950750000000014,0.3056256168212112,22.417684237762998,-0.5111996480227066,-0.9256838779300645,-0.00023671047535696468,-0.00029972866871834944,0.00835458535291154,0.04226174105266911,0.30545689387408953,0.008791068361965918,-0.00024008417115294167,0.0010722627066219671,0.002358662470707955,0.016200491734527755,0.06433576239731803,3,3.0,0.012428959639241047,0.002685835650048654,0.016200491734527755,0.012428959639241047,1,0,1.0
S15,1050,1110,60,30,0.30787847083333336,0.011119772959649369,0.285539,0.330313,0.044774000000000036,0.311125,0.020467999999999986,0.30807921408843186,22.779072516802998,-0.14911034535448847,-1.3546758637771081,0.00022067030802641415,0.00023551391768006496,0.007090079828783555,0.04226174105266911,0.3078818859561848,0.01055514367524746,0.00022056472494863468,0.0008317285280481905,0.0019322888023114338,0.016200491734527755,0.04990371168289143,1,1.0,0.016200491734527755,0.0,0.016200491734527755,0.016200491734527755,1,0,1.0
S15,1080,1140,60,30,0.310357025,0.012501872087786492,0.282981,0.331593,0.048612000000000044,0.313683,0.02302700000000002,0.31060872455961375,23.154667145412,-0.25981280035825455,-1.3035775549055613,-2.4373150532401284e-05,-0.00019270205251363054,0.012071947588350828,0.04716284308371321,0.3102736965336711,0.010491482975235533,-3.130939412539637e-05,0.002105193917899597,0.003509643138348843,0.01733676568331094,0.12631163507397583,4,4.0,0.013088135870655604,0.0026241089433952165,0.01733676568331094,0.013088135870655604,1,0,1.0
S15,1110,1170,60,30,0.31656140833333335,0.013064470244072809,0.282981,0.331593,0.048612000000000044,0.323917,0.01950875000000002,0.3168308785909948,24.091633350898,-1.038720027761122,-0.3802036803606508,0.0003168400960128613,2.140849170491419e-05,0.012968141422798833,0.04716284333689602,0.31662419833599764,0.010837342137291265,0.0003114219700244822,0.002245521601228451,0.0035321962059018516,0.01733676568331033,0.13473129607370707,4,4.0,0.012752407362084994,0.0027027192877601036,0.01733676568331033,0.012752407362084994,1,0,1.0
S15,1140,1200,60,30,0.3184003041666667,0.014880039357138228,0.280422,0.334151,0.05372899999999997,0.325196,0.01695000000000002,0.31874781452536394,24.384040623527,-1.115558585144489,-0.3304156277158041,-0.00035473692007348813,-0.00019268575939780983,0.009889585803671353,0.053627208074659816,0.31828255970607877,0.013818031724290619,-0.0003555837646488312,0.0016070882178217483,0.002767345176860631,0.014459363892973143,0.09642529306930489,2,2.0,0.014160760935910982,0.00029860295706216067,0.014459363892973143,0.014160760935910982,1,0,1.0
S15,1170,1230,60,30,0.304536325,0.019116716094674184,0.276585,0.334151,0.05756599999999995,0.298332,0.039657,0.30513574369245894,22.345877298899996,0.2637990262472409,-1.5717288758968355,-0.00033777555026670027,-0.00040680679613973097,0.00946342913697989,0.05362720807466159,0.3045241006474081,0.018199673815431607,-0.00033466073833587277,0.0015186076285051665,0.0028768291758485207,0.014459363893252752,0.09111645771030999,2,2.0,0.014160760937242611,0.0002986029560101411,0.014459363893252752,0.014160760937242611,1,0,1.0
S15,1200,1260,60,30,0.3014448625,0.012636285924284096,0.276585,0.331593,0.055008,0.3040885,0.02462599999999998,0.3017095968801857,21.846883403905,-0.2361993526930536,-1.0850326609094771,0.0003844250172120598,0.00023551259239067582,0.005777371713098911,0.043140075865470084,0.30145093083096425,0.012070810631455745,0.000385059792391452,0.0008644181931662842,0.0016929604938978834,0.008974843050483627,0.051865091589977055,0,0.0,0.0,0.0,0.0,0.0,1,0,1.0
S15,1230,1290,60,30,0.3005227583333333,0.007402053789316215,0.276585,0.316242,0.039657,0.30025100000000005,0.012792999999999999,0.3006139029994704,21.688492482378003,-0.042518207338737804,-0.7454454841178602,-0.00039398322966975043,-0.00027832573134727517,0.005103934692079796,0.030115704378352648,0.3004933361221197,0.0070271403619488375,-0.0003926605463673476,0.0005482803176453696,0.0010362624376682981,0.007158154079011325,0.032896819058722174,0,0.0,0.0,0.0,0.0,0.0,1,0,0.9205
S15,1620,1680,60,30,0.5608450208333333,0.04967520553987404,0.476148,0.706413,0.23026499999999994,0.5484255,0.050211000000000006,0.5630406410188974,76.083543225353,0.8973624012246674,0.8070618938689389,0.0024639247677552757,0.00226947606114795,0.016625556630053155,0.10476350904287113,0.5613597507015929,0.048249599051642084,0.0024755250910549653,0.0038881532377091858,0.00726300906828834,0.03847243184044513,0.23328919426255115,5,5.0,0.0177207621820644,0.010443110838520819,0.03847243184044513,0.0177207621820644,3,0,1.0
S15,1650,1710,60,30,0.6393164666666666,0.06364190288938744,0.522201,0.761421,0.23922,0.630937,0.11417274999999993,0.6424763313574542,99.066200725088,0.012669582485378328,-1.2035153492390487,0.0031579543661484906,0.0025049887712257557,0.023562139051945784,0.1260802324756427,0.639582237007359,0.06079140548637432,0.003161101370959505,0.005809169902950434,0.009708234711990588,0.04965619396093457,0.34855019417702604,7,7.0,0.023639495092797676,0.013475175044446593,0.04965619396093457,0.023639495092797676,3,0,1.0
S15,1680,1740,60,30,0.6754552958333334,0.03356260449480914,0.60919,0.761421,0.152231,0.674432,0.039976750000000005,0.6762886255806546,109.767913221545,0.1639788951095073,-0.12321208728163358,-0.0002445031835232841,0.0004710135951853277,0.018672069858874395,0.12608023247564004,0.6752729427285421,0.03076499092239074,-0.00023216985837214493,0.0039421180168342455,0.0079025915435401,0.04965619395318954,0.23652708101005473,4,4.0,0.025131634295691624,0.014681501254941103,0.04965619395318954,0.025131634295691624,3,0,1.0
S15,1710,1770,60,30,0.6483298375000001,0.0216116583262621,0.605352,0.698738,0.09338599999999997,0.645009,0.034540000000000015,0.6486899428605222,100.99167407241299,0.3315766074402999,-0.8727641301529707,-0.0012007654948701654,-0.0011133215580369344,0.006095939662978462,0.026000982635380865,0.6484210731433732,0.021314940962730886,-0.001209205968820369,0.0010689741977419449,0.0020318571240168044,0.011103377015871385,0.0641384518645167,1,1.0,0.011103377015871385,0.0,0.011103377015871385,0.011103377015871385,3,0,1.0
S15,1740,1800,60,30,0.6211458041666666,0.013982830722263737,0.596398,0.646288,0.04988999999999999,0.621983,0.02558499999999997,0.6213031704320061,92.644231101327,-0.1509891743963614,-1.1870645704211715,-0.0004666377596444317,-0.0004282001577551933,0.007253202374931198,0.05779226989783348,0.621158189337005,0.013324347242929177,-0.00046648898399900357,0.0009655237276443957,0.002244519106811057,0.015855085726428464,0.057931423658663744,1,1.0,0.015855085726428464,0.0,0.015855085726428464,0.015855085726428464,3,0,1.0
S15,1770,1830,60,30,0.6098404291666667,0.012132644700832926,0.587443,0.645009,0.057566000000000006,0.607911,0.01790999999999998,0.6099611054105178,89.292612027269,0.5959472343614028,-0.25039480762577115,-0.00017923870644887498,-0.0004282031964929364,0.0070756475112774934,0.05779226989783348,0.6098479711533179,0.011317857148334144,-0.00018089236024527173,0.0010322674619703983,0.002346916141661563,0.0158550857264238,0.06193604771822389,1,1.0,0.0158550857264238,0.0,0.0158550857264238,0.0158550857264238,3,0,1.0
S15,1800,1860,60,30,0.5919948541666666,0.018099465264418704,0.555462,0.633496,0.07803399999999994,0.5893615,0.031981999999999955,0.5922714732305371,84.188519520641,0.33636051685045665,-0.9675436110774962,-0.0010179144943351997,-0.0007921652352677812,0.004638050534879874,0.019104554237075355,0.5919385246019699,0.017882064581776977,-0.0010161987496242306,0.0006924953797844815,0.0010922072150494782,0.0062533036414405,0.04154972278706889,0,0.0,0.0,0.0,0.0,0.0,3,0,1.0
S15,1830,1890,60,30,0.5677584208333334,0.011107801048980516,0.543948,0.590001,0.04605300000000001,0.569533,0.016630000000000034,0.567867068662468,77.393521841113,0.15549219694760552,-0.9142186649981086,-0.000614470029809324,-0.000642291740156635,0.004390942144297269,0.014647022358364126,0.5677479227417002,0.010918833016769065,-0.000615079877051826,0.0004880542486002009,0.000676261082158887,0.002888875136538127,0.029283254916012053,0,0.0,0.0,0.0,0.0,0.0,3,0,1.0
S15,1860,1920,60,30,0.551949,0.008691073155351222,0.533714,0.572092,0.03837800000000002,0.550345,0.012791999999999915,0.5520174212410254,73.13357600486201,0.5005608052799567,-0.5999772367981699,-0.0004743899845926649,-0.0004710101396547417,0.0040259009778059835,0.01247784045361744,0.5519433369726137,0.008443284437821894,-0.0004737302964858685,0.0004517654327321564,0.0006182505083189058,0.0027824067102514283,0.027105925963929384,0,0.0,0.0,0.0,0.0,0.0,3,0,1.0
S15,1890,1950,60,30,0.5422852083333333,0.004431851498707653,0.528597,0.551624,0.02302700000000002,0.54139,0.006397000000000097,0.542303317788886,70.58229323636002,-0.15082918441451496,-0.14412112999478177,-0.0001672335266313082,-0.00010704853950765668,0.005306641433711834,0.01975550623751765,0.5422714951160226,0.0036351211175274503,-0.0001682737498181526,0.0006568394760315548,0.0011555700654833352,0.008313067087392878,0.03941036856189328,0,0.0,0.0,0.0,0.0,0.0,3,0,1.0
S15,1920,1980,60,30,0.5414057,0.004374996203045975,0.528597,0.552903,0.02430600000000005,0.54011,0.005117000000000038,0.5414233764663904,70.353425420224,0.14252954269226623,-0.011184552221837674,3.571629076890345e-05,-2.1408566170886397e-05,0.005014281918568299,0.01975550623751765,0.541399090745039,0.0036337609658196515,3.634276085884934e-05,0.0006303211059201938,0.001158251494845764,0.008313067087392878,0.03781926635521163,0,0.0,0.0,0.0,0.0,0.0,3,0,1.0
S15,3090,3150,60,30,0.899478825,0.06939516333880465,0.757583,1.046694,0.289111,0.907256,0.11161399999999999,0.9021517861857836,195.33068287636797,-0.2495885639599896,-0.9308898422793246,0.0034614091855942374,0.0034898324197078275,0.034896395166792556,0.0937211688684334,0.8993891465310732,0.06570710044735453,0.0034309839717003065,0.006305790487084075,0.009550863606973874,0.043727045090569905,0.3783474292250445,13,13.0,0.025444546200041936,0.00984102067284007,0.043727045090569905,0.025200671805335414,2,1,0.8461666666666666
S15,3120,3180,60,30,0.9906467583333334,0.06669998614336385,0.842014,1.145265,0.30325099999999994,0.986569,0.07323674999999985,0.9928896655459089,236.599173107488,0.03936436099643738,-0.29741816352490025,0.0033808786305723495,0.004347348876329291,0.03368812110663544,0.11862221285679464,0.9903786488901806,0.06459815897735907,0.0034197125795847193,0.005961335566411937,0.009413652404163211,0.0501625998885723,0.3576801339847162,10,10.0,0.02739889940437441,0.010813840479420895,0.0501625998885723,0.027366407405217553,2,1,1.0
S15,3150,3210,60,30,1.0922538499999999,0.07271341913271007,0.953309,1.320523,0.36721399999999993,1.108167,0.10656675000000004,1.0946715097058988,287.59337139883,0.21022638645200828,0.04698466392911138,0.0034554961891580063,0.005567745473849445,0.0352925667252281,0.17669230503245537,1.0926744079107544,0.06959646817455376,0.003478577024573554,0.005835989384337391,0.010083251964738407,0.04881743647104053,0.3501593630602434,7,7.0,0.031447540403275416,0.013394687648339638,0.04881743647104053,0.026656347570191925,2,1,1.0
S15,3180,3240,60,30,1.1839041124999998,0.05284992840833855,1.095375,1.333315,0.23794000000000004,1.195156,0.08634974999999989,1.185083145828671,337.061295006523,0.25564115223033756,-0.44392779919054126,0.0016965203341904583,0.0007707577749314764,0.03381220372337009,0.17673793540495986,1.1836687441964073,0.047919718670406605,0.001714445986377884,0.006685801090031713,0.012255199819852767,0.06572178570364517,0.4011480654019028,11,11.0,0.023386590264679888,0.016666519599656145,0.06572178570364517,0.022927507772927867,2,1,1.0
S15,3210,3270,60,30,1.2554942041666666,0.055560205961378666,1.165733,1.406233,0.24050000000000016,1.236092,0.09498400000000018,1.2567229739216843,379.044631963815,0.8063624147650988,-0.3984521500310598,0.001986567146245586,-0.0004710402006382981,0.02966122093072755,0.14687375680774384,1.2555673665926357,0.051784712653108814,0.0019532302813612397,0.005765314871367841,0.008906580478072652,0.05701344296959676,0.34591889228207046,12,12.0,0.019533235813681382,0.01247499393089766,0.05701344296959676,0.01911241019624203,2,1,1.0
S15,3240,3300,60,30,1.2906096458333332,0.040483173369052154,1.183643,1.406233,0.22259000000000007,1.293658,0.04605300000000012,1.291244417313806,400.15491485857694,0.11773873607547412,0.2313680767255324,0.0004264812521832567,0.0012845991523303525,0.027407608089530806,0.14687375680774384,1.2907635444662355,0.03614546147239401,0.0004397136673852644,0.00486906019931421,0.00845575522102226,0.05701344296959676,0.2921436119588526,8,8.0,0.021643128904823894,0.014569578328928273,0.05701344296959676,0.021643128904823894,2,1,1.0
S15,3270,3330,60,30,1.3113121958333334,0.03367134453778883,1.219462,1.408791,0.18932899999999986,1.3070905000000002,0.036138749999999886,1.3117444241864422,412.961624252213,0.4659113433755204,0.3639185001063252,0.0012253514562057116,0.0011561595024779238,0.029545927530947532,0.1330952904991234,1.3115261187201424,0.030733977596358285,0.001228630564291976,0.004062558102421143,0.006794321548024325,0.03324558015881007,0.24375348614526854,9,9.0,0.020015930894380658,0.007723864312735553,0.03324558015881007,0.019525312228446445,2,1,1.0
S15,3300,3360,60,30,1.35266935,0.03465577598675532,1.252723,1.413908,0.1611849999999999,1.35954,0.05532775000000001,1.3531132226235418,439.41969437728005,-0.3829654691641223,-0.4960861317989633,0.001420027497974773,0.0009848675853235311,0.032464695621687356,0.13301540890963182,1.352746407441959,0.030556518067755833,0.0014300412743470615,0.004800460615140374,0.006985750197919604,0.03324558015863199,0.2880276369084224,13,13.0,0.017529182935872287,0.007381980821323903,0.03324558015863199,0.016686247596554724,2,1,1.0
S15,3330,3390,60,30,1.3754425083333333,0.029362162829480575,1.288542,1.486825,0.198283,1.371693,0.037098000000000075,1.3757558759955621,454.24901528071604,0.5476650757033354,1.4857334478483164,0.0003926207336812344,0.0009865436921554988,0.026799921699249364,0.11499742961866843,1.3754376535100292,0.025375028285661985,0.0003924758484612804,0.0041546404172837096,0.006296007544443446,0.0335853646728872,0.24927842503702258,9,9.0,0.01912470488954374,0.00781608260664849,0.0335853646728872,0.01912470488954374,2,1,1.0
S15,3360,3420,60,30,1.3774961125,0.0289566243648699,1.293757,1.486825,0.19306800000000002,1.3755804999999999,0.03749200000000008,1.377800430413353,455.600166251333,0.5518724767175853,1.2454979982442866,-2.6832604436825037e-05,0.00015152512698194876,0.025591751338086305,0.11659943574244291,1.3775184824166837,0.025490128825536966,-1.6981508136384788e-05,0.004292886383937628,0.007183327603542212,0.033649197076114135,0.2575731830362577,8,8.0,0.02381731490697353,0.007854302763579155,0.033649197076114135,0.02366522997581172,2,1,1.0
S15,3390,3450,60,30,1.4025204333333334,0.0700877774325088,1.293757,1.576472,0.28271500000000005,1.383305,0.04861199999999988,1.404270580216986,473.274206991108,1.1819107917125897,0.2303952072161195,0.002080748332894991,0.001969723921212964,0.027265961199338325,0.12462894874066865,1.402629918953628,0.06828931144770167,0.0020849625507007607,0.004338853357563818,0.006361083278183391,0.0283934473692109,0.2603312014538291,9,9.0,0.020128544482368324,0.006437695509618845,0.0283934473692109,0.020128544482368324,2,1,1.0
S15,3420,3480,60,30,1.4677515791666669,0.07782447927672714,1.310388,1.576472,0.266084,1.500996,0.14135675000000014,1.4698133717315738,518.4843234530249,-0.6603792336248413,-0.9924332659485335,0.002665565625011225,0.001049104304750904,0.02171823815923468,0.12462894874066865,1.4677085285135025,0.07627006248861715,0.0026705872167077844,0.0035400216657282668,0.006235982263957377,0.02841744247019551,0.212401299943696,5,5.0,0.022334623425750565,0.006765462839539839,0.02841744247019551,0.022334623425750565,2,1,1.0
S15,3450,3510,60,30,1.5218106125000002,0.03700050951850542,1.447268,1.642993,0.19572499999999993,1.5195455,0.038697750000000086,1.5222603515897843,556.146378725341,0.6320545951590953,1.2503969698507849,0.0006071792029919955,-0.0007921695102560424,0.020259919120514485,0.08998014263646326,1.5222378457879193,0.0341946991790944,0.0006116564152632196,0.0048060750604383235,0.008706634821408174,0.043450564683489956,0.2883645036262994,5,5.0,0.02676195428843555,0.008982618522527085,0.043450564683489956,0.02676195428843555,2,1,1.0
S15,3480,3540,60,30,1.5075522708333333,0.04200807940669448,1.439592,1.642993,0.20340099999999994,1.502275,0.05148975,1.508137436717947,545.874846727243,0.8876895311543731,0.9274224297556501,-0.0013821740009352247,-0.00019267990313413406,0.01932297815448145,0.08998014263646414,1.5074159235590499,0.03935033472908416,-0.0013720268894665032,0.004075713365856766,0.00773179196525991,0.04345078281022352,0.24454280195140593,6,6.0,0.022003486402178345,0.010472152116760731,0.04345078281022352,0.022003486402178345,2,1,1.0
S15,3510,3570,60,30,1.4641323666666668,0.023984654885965916,1.415286,1.518906,0.10362000000000005,1.461339,0.03389975000000023,1.4643288055593706,514.6221241898239,0.20650566054855599,-0.6322295099935342,-0.0010840438027328984,-0.0011775384251520593,0.009112543175863406,0.02601199103905838,1.4642223107352579,0.023000317846050413,-0.0010893132399658614,0.002072599244857746,0.0031988414273633513,0.01573790232698613,0.12435595469146477,1,1.0,0.01573790232698613,0.0,0.01573790232698613,0.01573790232698613,2,1,1.0
S15,3540,3600,60,30,1.442768925,0.02188039288368412,1.396098,1.4946,0.09850199999999987,1.442151,0.034540000000000015,1.442934829622738,499.694621409216,0.15547537220068527,-0.832088774379836,-0.00027107953712762365,-0.0006208885515362075,0.013847074002159664,0.1041765726207835,1.4427985642925834,0.020386140596757574,-0.0002558886579560201,0.002401569125818942,0.003979699894680779,0.028384975093942666,0.14409414754913652,2,2.0,0.020872479860015836,0.00751249523392683,0.028384975093942666,0.020872479860015836,2,1,1.0
S15,3570,3630,60,30,1.4307386458333333,0.02733170808122073,1.389701,1.512509,0.12280800000000003,1.422962,0.03613875000000011,1.4309996837692303,491.46242278743296,0.8688398595750397,0.04544514451165904,0.00010860234651475713,0.000256914113647062,0.017897790182477745,0.1041765726207835,1.430684105049111,0.02442959522368951,9.77498406241278e-05,0.003266145023205305,0.006896629881379003,0.04474704392252016,0.1959687013923183,5,5.0,0.022327009988980295,0.012800973864053043,0.04474704392252016,0.022327009988980295,2,1,1.0
S15,3600,3660,60,30,1.4134101000000001,0.026999672561563912,1.370512,1.512509,0.14199700000000015,1.406332,0.035819000000000045,1.413667957159828,479.62970234410597,1.1870472395637972,1.734170343607338,-0.000404067357604985,-0.0004496238136938488,0.01705910768608581,0.07006469546686933,1.4135281342908983,0.023108452750216585,-0.00040395878970501747,0.004157897640208154,0.007612997035650376,0.04474704392246842,0.2494738584124892,6,6.0,0.021527342827026213,0.011450074929023678,0.04474704392246842,0.021527342827026213,2,1,1.0
S15,3630,3690,60,30,1.4042581416666668,0.023944377348797306,1.321901,1.458781,0.1368800000000001,1.402494,0.037417749999999916,1.4044622677892566,473.40342279449794,-0.1182376804384242,-0.13121483193562122,-0.0001529180874792259,-0.0015201119277814664,0.022483551076261248,0.14306724293368145,1.404398768038213,0.019960492199655854,-0.00016503791715819478,0.004583004138641428,0.007653304948122448,0.05193354355254054,0.27498024831848566,8,8.0,0.022802990438376386,0.012135272571680658,0.05193354355254054,0.022802990438376386,2,1,1.0
S15,3660,3720,60,30,1.3594096791666668,0.05265013205009936,1.256659,1.458781,0.20212200000000013,1.341729,0.09274650000000007,1.3604288706936913,444.184010932059,0.12165063482968476,-1.2867206249748098,-0.002696014398974234,-0.002141024954429731,0.023931250463313705,0.14306549602202523,1.359597335008462,0.05152172140611858,-0.002704906315340131,0.004012383956290014,0.006167323048436274,0.04644176116101839,0.24074303737740083,7,7.0,0.020964740907847595,0.0113254651296433,0.04644176116101839,0.020964740907847595,2,1,1.0
S15,3690,3750,60,30,1.28979705,0.0313982436080826,1.195255,1.344928,0.14967299999999994,1.2905595,0.043813749999999985,1.2901791658100727,399.49494717369004,-0.6943330477832311,0.27662997860412775,-0.0015244882589043845,-0.0023337126219504212,0.02120460787536055,0.09634203644554518,1.2898402897556673,0.029875538179386173,-0.0015265963105775696,0.0032337707452771416,0.00462010028976793,0.02768815052849649,0.1940262447166285,6,6.0,0.01669606528317354,0.005244632217702601,0.02768815052849649,0.01669606528317354,2,1,1.0
S15,3720,3780,60,30,1.2602943583333333,0.022331704288334038,1.195255,1.300154,0.10489900000000008,1.264335,0.03230175000000024,1.260492195399579,381.32173791918,-0.6092096345257368,0.03546435760478728,-0.0006076617445583475,-0.0007493345670123912,0.0193705006936037,0.09633912360236874,1.2603499249684467,0.019733131289725495,-0.0006181614889918417,0.003308255396361843,0.005173944230561323,0.02669339435107121,0.1984953237817106,8,8.0,0.016711729076071546,0.005963431082547605,0.02669339435107121,0.016627724252696513,2,1,1.0
S16,90,150,60,30,0.29309037916666664,0.007594423390032053,0.273793,0.307057,0.033264000000000016,0.292984,0.011513999999999969,0.29318875426367824,20.630314950404998,-0.4818566086257935,-0.4387911099132564,0.000160621663356284,0.00019272031500388608,0.0066976328239326316,0.020367471831658435,0.29311923792763406,0.00682761534454538,0.00016067477587958373,0.0010232116375767232,0.0016978280073665947,0.010363256290234157,0.06139269825460339,1,1.0,0.010363256290234157,0.0,0.010363256290234157,0.010363256290234157,1,0,0.8605
S16,120,180,60,30,0.2910325791666667,0.007675543937428752,0.272513,0.307057,0.03454400000000002,0.28978550000000003,0.014073000000000002,0.2911337770014628,20.342130266672996,0.21932060058644526,-1.2555215444993908,-0.0003592571709417625,-0.00027836349743402025,0.0056098932884126465,0.02915917949839386,0.29104189740817954,0.00728860049809106,-0.00036370778331993784,0.0007420942722330963,0.0011240881316274484,0.005841763198019101,0.04452565633398578,0,0.0,0.0,0.0,0.0,0.0,1,0,1.0
S16,150,210,60,30,0.28416110000000006,0.004152722476279867,0.266116,0.292984,0.026868000000000003,0.284028,0.006396999999999986,0.2841914422659046,19.383546205722,-0.551606106133813,1.286605221848232,-5.0675301155797706e-05,-8.566169137735519e-05,0.0066731545783946565,0.029159179382396427,0.2841732277029344,0.0028424772001937383,-5.0562568538495384e-05,0.0008138493339258262,0.0012154459059691071,0.005694837618167636,0.04883096003554957,0,0.0,0.0,0.0,0.0,0.0,1,0,1.0
S16,180,240,60,30,0.28031226666666664,0.005508434384700933,0.266116,0.292984,0.026868000000000003,0.27891,0.005116999999999983,0.28036638474177855,18.865274326361998,0.22168679154714208,-0.13307207967673573,-0.00022956434972715468,-0.00010706177021878403,0.005589286767007657,0.027586021868160948,0.28034154348679635,0.004896869671811824,-0.00022946889538401604,0.0006406585630206869,0.0010111740646349264,0.005101601782899479,0.03843951378124122,0,0.0,0.0,0.0,0.0,0.0,1,0,1.0
S16,210,270,60,30,0.2766126083333333,0.00383022945199508,0.262278,0.286587,0.02430899999999997,0.277631,0.003838000000000008,0.2766391254805166,18.36700937919,-0.881188988472347,0.8425646589381519,-9.24461293046299e-06,-2.1420755794328128e-05,0.005323200193154104,0.0295668698760001,0.2766221239987454,0.002797595389677433,-9.008893267589792e-06,0.0006689690230911501,0.0012091488491408275,0.008221155054449036,0.040138141385469006,0,0.0,0.0,0.0,0.0,0.0,1,0,1.0
S16,240,300,60,30,0.2748213875,0.005088059140839174,0.262278,0.286587,0.02430899999999997,0.276351,0.0067170000000000285,0.27486848377587025,18.132644009579003,-0.6434312619157677,-0.21852434753458017,-0.00010578809097563811,6.426153119263813e-05,0.006283400293628516,0.0295668698760001,0.27486102811712415,0.003920412540893386,-0.00010493001808835034,0.0009322780612923862,0.0015977251334196268,0.008216323648976231,0.055936683677543175,0,0.0,0.0,0.0,0.0,0.0,1,0,1.0
S16,270,330,60,30,0.2751039541666667,0.005081408525405724,0.262278,0.285307,0.023028999999999966,0.276351,0.007676000000000016,0.27515087917493103,18.169921514577,-0.813738940694094,-0.3368983567446473,8.399023774866329e-05,4.2827346706627426e-05,0.0057112467514483,0.022345908719120233,0.2751134280005119,0.004209273653815724,8.40912688729099e-05,0.000795977351332885,0.0015030895658815066,0.008784484332848952,0.0477586410799731,0,0.0,0.0,0.0,0.0,0.0,1,0,1.0
S16,300,360,60,30,0.27713505,0.0037582803743866694,0.264837,0.285307,0.020469999999999988,0.27891,0.005118000000000011,0.2771605322008799,18.43631054637,-1.0345002294841774,0.48214451511377066,2.8575879727671505e-05,2.1406382988933185e-05,0.005067903935476507,0.017052561029313962,0.27715499631572615,0.002600551765305022,2.6860285921766064e-05,0.0007215551810754238,0.0012007847950579367,0.008785310418241543,0.043293310864525425,0,0.0,0.0,0.0,0.0,0.0,1,0,1.0
S16,330,390,60,30,0.27708175833333326,0.0031434503004814994,0.264837,0.286587,0.02174999999999999,0.277631,0.003838000000000008,0.27709958874181556,18.428203699411995,-0.6389838780033188,1.3561912404335699,6.908203566923734e-07,-2.140523583068195e-05,0.0051316347703586045,0.03105435116678601,0.2770828591708368,0.0017841459241045405,5.529735012988927e-07,0.0006733320771506367,0.0012424774532262884,0.008335982575992273,0.0403999246290382,0,0.0,0.0,0.0,0.0,0.0,1,0,1.0
S16,360,420,60,30,0.2790381666666667,0.003650232178308053,0.264837,0.291704,0.02686700000000003,0.27891,0.005118000000000011,0.27906204086484065,18.690149436396,0.030467093960705446,1.4308087734997246,0.00013910094356036674,0.00021412698115423363,0.005830697196795011,0.03105435116678601,0.2790486673616155,0.0027093431827049943,0.00013936535423475206,0.0006261774750886684,0.0014116258348333796,0.00962745084648281,0.0375706485053201,0,0.0,0.0,0.0,0.0,0.0,1,0,1.0
S16,390,450,60,30,0.28208205416666665,0.0029706558186533964,0.275072,0.291704,0.016632000000000036,0.281469,0.003838000000000008,0.2820976959829328,19.098986418931,0.3970079877554216,0.40341957768168646,4.0870226086249995e-05,2.1408158541854055e-05,0.005311289856473831,0.021505896579649297,0.2820942298780229,0.0018322325892215898,4.102983267308133e-05,0.0006430925239481737,0.0014029934158336676,0.00962745084648281,0.03858555143689042,0,0.0,0.0,0.0,0.0,0.0,1,0,1.0
S16,420,480,60,30,0.2813677458333333,0.004150259361120212,0.269954,0.291704,0.02174999999999999,0.281469,0.005118000000000011,0.28139835295910287,19.004407931543,0.0028122737414917626,-0.06121737549000761,-0.00011473128057783478,-4.282860815971539e-05,0.005205190215906118,0.017366295388091313,0.28132736154423515,0.0033562902253814215,-0.00011666532024088086,0.0007906115603523727,0.0016255185019067057,0.008799989152298515,0.04743669362114236,0,0.0,0.0,0.0,0.0,0.0,1,0,1.0
S16,450,510,60,30,0.2793047375,0.0036647981074806493,0.269954,0.291704,0.02174999999999999,0.27891,0.0038389999999999813,0.2793287796398941,18.725896112427,0.802635016174461,1.6015832819850466,-4.127831512151342e-05,-8.566012846165131e-05,0.004557152011874051,0.017366295388091313,0.27931511602395603,0.00281276565936154,-4.03969636078635e-05,0.0006140095884884768,0.0013535335090213796,0.008799989156233534,0.03684057530930861,0,0.0,0.0,0.0,0.0,0.0,1,0,1.0
S16,480,540,60,30,0.28174624583333335,0.004747556115385331,0.271234,0.292984,0.021750000000000047,0.28019,0.006396999999999986,0.2817862422657391,19.056836719258996,0.5304705461578665,-0.2551604782146515,0.00018028527316279783,0.00017129518484287873,0.00399540793171461,0.012159437007690954,0.2817274415335536,0.0043222326808035096,0.0001799822129892178,0.0005099126156960318,0.000771458931921654,0.003797618263561009,0.030594756941761905,0,0.0,0.0,0.0,0.0,0.0,1,0,1.0
S16,510,570,60,30,0.2837399666666666,0.004547356290441977,0.271234,0.292984,0.021750000000000047,0.284028,0.006396999999999986,0.2837764034116179,19.326971311975996,-0.14667897373437289,-0.30299470121032446,2.0284333078736237e-05,0.00025695580807377934,0.0065012728998277945,0.029512291252550504,0.28375365625398685,0.003583661995648599,2.1692373242347695e-05,0.0007890547653127626,0.0013801689589305127,0.008918608458611699,0.04734328591876576,0,0.0,0.0,0.0,0.0,0.0,1,0,1.0
S16,540,600,60,30,0.28413445833333334,0.0041230329479559754,0.273793,0.295543,0.02174999999999999,0.284028,0.005117999999999956,0.28416437111831355,19.379853555135995,-0.048894399741907436,-0.2613097224855636,9.784279630161765e-05,0.00021412976185258581,0.00719424704100184,0.0295122889820838,0.2841312688789338,0.0028711805375332333,9.876520539063853e-05,0.0008516741237927813,0.0016507727677804221,0.009083055209771651,0.05110044742756688,0,0.0,0.0,0.0,0.0,0.0,1,0,1.0
S16,570,630,60,30,0.2874929416666667,0.004385369541243239,0.275072,0.296822,0.02174999999999999,0.287866,0.007676000000000016,0.28752638657028795,19.841141513799997,-0.23745137930861163,-0.6270692849825759,8.671467315065204e-05,-0.00019271764833484985,0.00493523939484757,0.02210225873791427,0.28748749644182675,0.0037685612845821045,8.466990500504265e-05,0.0006233890848535243,0.0011816543220637716,0.009082976870885773,0.03740334509121146,0,0.0,0.0,0.0,0.0,0.0,1,0,1.0
S16,600,660,60,30,0.2875036375,0.003765388039688225,0.277631,0.296822,0.019190999999999958,0.286587,0.005118000000000011,0.2875282937778834,19.841404733477,0.14913930744556508,-0.5384123129984801,-0.0001432875391532702,-4.2829557614001854e-05,0.00388188966723697,0.010092243214289809,0.2874911573964418,0.0032442122123954513,-0.00014371461124548736,0.0004949593688817767,0.0006982723970692241,0.0035189856959375043,0.0296975621329066,0,0.0,0.0,0.0,0.0,0.0,1,0,1.0
S16,630,690,60,30,0.28824996666666663,0.010549131081857984,0.277631,0.356954,0.07932299999999998,0.286587,0.0025590000000000335,0.2884429362108157,19.96783858798,5.195625881386261,27.17494280092254,0.00023215771730988812,0.0008993279981817168,0.010094061207960253,0.09965731287021429,0.2883370780227364,0.009211897226424477,0.00024001476570088498,0.0008865539187008969,0.002855426176852108,0.026571768172629906,0.05319323512205382,1,1.0,0.026571768172629906,0.0,0.026571768172629906,0.026571768172629906,1,0,1.0
S16,660,720,60,30,0.2908567791666667,0.010157563991778045,0.281469,0.356954,0.07548499999999997,0.289146,0.002558999999999978,0.2910340909471847,20.328202102429,5.1019427886681,26.477356918093786,6.685060490139153e-05,4.2827490832892046e-05,0.01250581660718411,0.09981336310455768,0.29085504665092604,0.006458767241693178,6.692210805660008e-05,0.0015021980523961733,0.005696096370609883,0.04279477866225617,0.0901318831437704,1,1.0,0.04279477866225617,0.0,0.04279477866225617,0.04279477866225617,1,0,1.0
S16,690,750,60,30,0.2908034375,0.0019956932369714965,0.282748,0.304498,0.02174999999999999,0.290425,0.0012790000000000301,0.2908102853293062,20.296949292795,0.6481089840416716,10.364404359182908,6.365289651734536e-06,-0.00019270360554742325,0.004131868206805351,0.009424767152952152,0.29083619941756883,0.000950025274587301,3.896997681486582e-06,0.0004183492139802937,0.0008477871825306123,0.010193993328869,0.025100952838817622,0,0.0,0.0,0.0,0.0,0.0,1,0,1.0
S16,720,780,60,30,0.29206146666666666,0.002477952992335048,0.285307,0.303219,0.01791200000000004,0.291704,0.0025590000000000335,0.2920719783931979,20.473449735003996,1.0448664337630964,3.5764246773538373,7.578002499304025e-05,2.1409756232950167e-05,0.0034909707171773725,0.009317954069009815,0.29206112177395316,0.0017530515283127968,7.5565680304551e-05,0.000462001562701303,0.000836409354674168,0.006137584429049103,0.02772009376207818,0,0.0,0.0,0.0,0.0,0.0,1,0,1.0
S16,750,810,60,30,0.2939060291666667,0.0027244938664485814,0.286587,0.304498,0.01791100000000001,0.294263,0.0038389999999999813,0.2939186568548275,20.733162443363,0.7859565999586234,1.9092920368293376,5.214855031657784e-05,-6.423240696097674e-05,0.0048528643893848275,0.01861898070214485,0.2939219659028983,0.001601952067098537,5.19742304386765e-05,0.000583315569783559,0.0012179123911778599,0.007948063578069209,0.03499893418701354,0,0.0,0.0,0.0,0.0,0.0,1,0,1.0
S16,780,840,60,30,0.2926320041666666,0.005096181886551535,0.277631,0.314734,0.037103,0.29234400000000005,0.005118000000000011,0.2926763757675375,20.558270623781,0.8905827745440962,3.9594613931448857,-7.16880746473235e-05,0.00034260787869922393,0.005753842381350657,0.018498751627982202,0.29263487106033564,0.004391673824893765,-7.193282096678235e-05,0.0007104780055833272,0.0014296552136214998,0.011606882897295445,0.04262868033499963,1,1.0,0.011606882897295445,0.0,0.011606882897295445,0.011606882897295445,1,0,1.0
S16,810,870,60,30,0.29599037916666665,0.007591830220840427,0.277631,0.314734,0.037103,0.295543,0.010234999999999994,0.296087724239505,21.040305706879003,0.17942143682277395,-0.6515759473083533,0.0002814354471154456,0.00047107599203845697,0.005440676031284935,0.027975395596882002,0.2959900855684748,0.0069012740292362625,0.0002846997244157992,0.0009489167191373808,0.0016678574887520085,0.010363533878440911,0.056935003148242846,1,1.0,0.010363533878440911,0.0,0.010363533878440911,0.010363533878440911,1,0,1.0
S16,840,900,60,30,0.3022860958333334,0.0057189212141203725,0.290425,0.324969,0.03454400000000002,0.30066,0.005116999999999983,0.3023401888502627,21.938301550563004,1.4498400903504234,3.7479642159571123,3.6437115007013206e-06,-0.00032117959660611217,0.007133845899863157,0.05898023155180243,0.3023469740628494,0.004294570267757229,3.0534933971073487e-07,0.0010641315514290021,0.0021911106618187045,0.013705095210893248,0.06384789308574013,1,1.0,0.013705095210893248,0.0,0.013705095210893248,0.013705095210893248,1,0,1.0
S16,870,930,60,30,0.29559585,0.009841033619620451,0.28019,0.324969,0.04477900000000001,0.295543,0.015353000000000006,0.2957596194207806,20.993700595182,0.5521221856761418,0.02962962286546844,-0.000437137845959152,-0.0002997622338582155,0.008184197628901612,0.05898023155180243,0.295581651462867,0.008932644458230107,-0.0004389516687049184,0.0011169926117342555,0.002563803827736859,0.01730973056818541,0.06701955670405534,2,2.0,0.01550741288953933,0.0018023176786460815,0.01730973056818541,0.01550741288953933,1,0,1.0
S16,900,960,60,30,0.28822865000000003,0.004589833267941224,0.28019,0.312175,0.031984999999999986,0.287866,0.005118000000000011,0.28826519257491007,19.943237100059996,1.9112870885230606,7.502580243706332,-9.010269600055749e-06,-8.563969665245745e-05,0.006408916960874599,0.02921471770558215,0.2881979041494745,0.0032911714668142585,-6.691469381549857e-06,0.000857114801360332,0.002032199308721846,0.017309730568174364,0.05142688808161992,1,1.0,0.017309730568174364,0.0,0.017309730568174364,0.017309730568174364,1,0,1.0
S16,930,990,60,30,0.28710384583333337,0.006209789584900011,0.267396,0.307057,0.039661,0.287866,0.006396999999999986,0.2871709939721962,19.792123146955,-0.13186590236682125,0.6811104816189482,-3.0272624240603196e-05,-0.00032119665061663575,0.008296232219562261,0.056553910971099075,0.2870568918695542,0.004675181745863606,-3.399413806097359e-05,0.00108566378434095,0.002343115827743809,0.017646686319581495,0.065139827060457,1,1.0,0.017646686319581495,0.0,0.017646686319581495,0.017646686319581495,1,0,1.0
S16,960,1020,60,30,0.28425176250000006,0.007053567192522309,0.267396,0.307057,0.039661,0.282748,0.010236000000000023,0.2843392644263114,19.403716150679,0.705909069768823,0.10977274391173175,-5.6242958856349193e-05,-0.00012848079170558704,0.01096498487393392,0.056553910971099075,0.2842525833668568,0.004672810890726536,-5.8968871952726014e-05,0.0016297944950889943,0.0031808738254238368,0.01764668631953381,0.09778766970533966,4,4.0,0.013723146087490617,0.002581988591293179,0.01764668631953381,0.013723146087490617,1,0,1.0
S16,990,1050,60,30,0.2827005041666667,0.005265244114313783,0.268675,0.298101,0.029426000000000008,0.281469,0.005116999999999983,0.2827495320096407,19.187351484401,0.6261661603670475,0.4357759092015119,-3.2611431296487555e-05,9.692243027684923e-09,0.011144063380426367,0.04749830020219359,0.28274529476774884,0.0024589607283312196,-3.2438010088969424e-05,0.001437166352563203,0.002842832690726535,0.013341200234478379,0.08622998115379217,5,5.0,0.011494096480643857,0.0012428761823213626,0.013341200234478379,0.011494096480643857,1,0,1.0
S16,1020,1080,60,30,0.28216209166666667,0.004553150607904802,0.268675,0.296822,0.028146999999999978,0.281469,0.006396999999999986,0.28219882557191245,19.112682516999996,0.6628967864921584,0.8117375928035218,-5.88344884956252e-05,6.423256908330345e-05,0.009204862518521616,0.04749830020219359,0.282165072059352,0.002662826324452078,-5.984130575310202e-05,0.00105742045607239,0.0020712365536366055,0.010926466690763748,0.0634452273643434,1,1.0,0.010926466690763748,0.0,0.010926466690763748,0.010926466690763748,1,0,1.0
S16,1050,1110,60,30,0.2827643833333333,0.003093311588959132,0.273793,0.294263,0.020469999999999988,0.282748,0.003838000000000008,0.28278130252629263,19.191663614031995,0.5850938079378981,1.8807444286845882,5.822892629896775e-05,-6.423360989616473e-05,0.00480987086553001,0.023113278776889956,0.28275981221349067,0.001947336565440955,5.7920931164041836e-05,0.0006264781932118948,0.0012870593239080101,0.008030687271273707,0.03758869159271369,0,0.0,0.0,0.0,0.0,0.0,1,0,1.0
S16,1080,1140,60,30,0.2845768833333333,0.001784387820716727,0.277631,0.287866,0.010234999999999994,0.285307,0.0012789999999999746,0.28458247761871835,19.436924776226,-0.7754864767713714,0.9269965516803902,4.4181231859314737e-05,4.283160890541752e-05,0.0032145958532182094,0.009900387133004118,0.284570974992056,0.000916615723648646,4.43269421204855e-05,0.0004305641964556179,0.0005482771251887412,0.0022384737552739176,0.025833851787337075,0,0.0,0.0,0.0,0.0,0.0,1,0,1.0
S16,1110,1170,60,30,0.2875729291666667,0.004611838891102188,0.27891,0.303219,0.024309000000000025,0.286587,0.0025590000000000335,0.2876099070745898,19.852670075389,1.5669143789010387,2.1730895130673806,0.0001652569278808842,0.0002569533397127928,0.007459331917015325,0.02912037461670125,0.2875605655015755,0.0035871853820683077,0.0001642952040305497,0.0007662455197042298,0.0013313387960186007,0.0070784215756097835,0.045974731182253786,0,0.0,0.0,0.0,0.0,0.0,1,0,1.0
S16,1140,1200,60,30,0.290734125,0.005735960098452715,0.27891,0.303219,0.024309000000000025,0.287866,0.010234999999999994,0.2907907025297863,20.294215842664,0.35901795161209665,-1.236322804527091,2.861585005176127e-05,0.00014989149265551597,0.007860992357682126,0.02912037461669814,0.2907350054203268,0.004779582463993424,2.960787845155165e-05,0.0008484192002816417,0.001474399592573566,0.007078419635304201,0.050905152016898506,0,0.0,0.0,0.0,0.0,0.0,1,0,1.0
S16,1170,1230,60,30,0.29229075833333334,0.0049050501696310134,0.28019,0.303219,0.02302900000000002,0.292984,0.006396999999999986,0.29233191225769667,20.509907261818,-0.12600747023319372,-0.7228112043458896,-1.2784022372257907e-05,-2.140473336483896e-05,0.004864423510138258,0.014948946112825823,0.2922881303998917,0.0041485022808363985,-1.1919731145409159e-05,0.0007631172944991361,0.0013166022084408703,0.006253093573627799,0.04578703766994817,0,0.0,0.0,0.0,0.0,0.0,1,0,1.0
S16,1200,1260,60,30,0.2944924291666667,0.004336541912820547,0.285307,0.309616,0.024309000000000025,0.294263,0.005117999999999956,0.2945243562631889,20.818703143739,0.9199288202483726,1.477499429647298,6.633468550027078e-05,6.423738792261988e-05,0.005409249895535139,0.019917017870625164,0.29450615219362464,0.0031256950030280166,6.66205948438765e-05,0.000821370404605408,0.0013370157244117743,0.006253093573627688,0.04928222427632448,0,0.0,0.0,0.0,0.0,0.0,1,0,1.0
S16,1230,1290,60,30,0.29508945,0.003730904735784603,0.285307,0.312175,0.026868000000000003,0.294263,0.002558999999999978,0.2951130345332954,20.902008756348,1.6311944536339558,4.660710363188681,-6.217376428481382e-05,0.0002783629355371296,0.005586346090311528,0.04151534193825679,0.29512804368975787,0.002613903477631,-6.130551258088173e-05,0.0006180472842922536,0.0012245724009695578,0.013208811939128928,0.03708283705753522,0,0.0,0.0,0.0,0.0,0.0,1,0,0.8061666666666667
S16,1980,2040,60,30,1.4908452166666668,0.07030435447125394,1.383372,1.635514,0.25214199999999987,1.4851345,0.11517175000000024,1.492501980673895,534.61491895572,0.24582614431982044,-1.0900182941042271,0.0037923105876815117,0.0039844045097109145,0.035879891005966856,0.2587656734674093,1.4906092299325266,0.06680561373517922,0.003779731481706676,0.008421346289190019,0.012792809452217587,0.07441352997363704,0.5052807773514011,13,13.0,0.03066144477261096,0.017172028778162554,0.07441352997363704,0.03066144477261096,2,1,0.8605238095238095
S16,2010,2070,60,30,1.6021749958333336,0.06480637909042969,1.475589,1.737867,0.262278,1.615044,0.10714949999999979,1.6034851368330028,617.0795001706449,-0.163635463330068,-0.955804447475372,0.0033828324966933077,0.0038757045331073684,0.03239255477946905,0.12557493878801385,1.6022975929161278,0.06096313543707033,0.0034097474604866088,0.009133459541767324,0.013128680380342117,0.05635726473148939,0.5480075725060394,11,11.0,0.03166839361161489,0.012201757109616155,0.05169737529680907,0.03166839361161489,2,1,1.0
S16,2040,2100,60,30,1.7806224166666667,0.14227736285881784,1.577941,2.065593,0.48765199999999975,1.743624,0.22933375000000011,1.7862975784336437,765.8061692922959,0.47474963337570997,-1.0790198855038915,0.007147787441604965,0.0068124866706008895,0.053061002093700925,0.19715547173446346,1.7812382741609005,0.13749434016636156,0.007161533609434716,0.011508506129489442,0.018888209860906967,0.1021397883232904,0.6905103677693665,12,12.0,0.03971499037473741,0.02189343845458504,0.1021397883232904,0.03799071949315447,2,1,1.0
S16,2070,2130,60,30,2.0098953958333334,0.13083922971254638,1.749381,2.276695,0.5273140000000001,2.032329,0.22921325000000015,2.0141495491208703,973.6316174937131,-0.09498616994888635,-1.0492489167883543,0.006352936268051072,0.008782526062209382,0.057767734407331815,0.19714957025681912,2.0096606450901233,0.12484984900345401,0.0064050017422699855,0.013040136326571956,0.02046421067933236,0.1021431871358105,0.7824081795943174,12,12.0,0.04865826190581627,0.018630450090493605,0.1021431871358105,0.04804339075960514,2,1,1.0
S16,2100,2160,60,30,2.1712615416666665,0.0823336226665526,1.983711,2.321474,0.3377629999999998,2.194813,0.1237824999999999,2.172822014740763,1133.077321858106,-0.5799051381651056,-0.5886328383097199,0.0036236443199352897,0.003233293988392947,0.04028716715375956,0.14079250480160788,2.1711495146643487,0.07773768517918683,0.0036262115167488966,0.008262941292791993,0.01301366457855152,0.05632247312833938,0.49577647756751964,12,12.0,0.034592326119153714,0.011810307116021686,0.05632247312833938,0.034592326119153714,2,1,1.0
S16,2130,2190,60,30,2.27406705,0.05925062642824265,2.143637,2.425106,0.28146899999999997,2.2734965000000003,0.07772374999999965,2.2748388040975214,1241.973980310682,0.07474163465372902,-0.2338382710643132,0.002335814030319885,0.0003854279101964331,0.03895086973381225,0.14274521752606084,2.27366649454345,0.05293942432862307,0.0023177503487787233,0.009146372738732754,0.01463470704488702,0.05888280758336517,0.5487823643239652,12,12.0,0.03595158370078436,0.01481119629740057,0.05888280758336517,0.03595158370078436,2,1,1.0
S16,2160,2220,60,30,2.323206858333334,0.037763620840211606,2.254945,2.425106,0.17016099999999978,2.317636,0.057573000000000096,2.3235137610235927,1295.6918874398402,0.5805943475520436,-0.4156628192194165,0.00014381236792971902,0.0005781517724942961,0.03799826767822058,0.14274521755639924,2.323858503577884,0.024540605034025286,0.00012679868448266788,0.009896827415727706,0.014590852680457215,0.058644733245381,0.5938096449436624,9,9.0,0.04121858927374985,0.011166726471103517,0.058644733245381,0.04002633573519507,2,1,1.0
S16,2190,2250,60,30,2.3454593875,0.048902548104408736,2.26646,2.533335,0.2668750000000002,2.335027,0.06485999999999992,2.3459691382503265,1320.857087429515,1.151309177259064,1.7233761045849407,0.0011944040842595,0.0007193279122731363,0.03325022247222346,0.1167740537046047,2.345139848598806,0.041855993836666494,0.001198751012869744,0.008028215296523332,0.01232431335455129,0.066743773553672,0.4816929177913999,10,10.0,0.031779165752388525,0.017662997323555227,0.066743773553672,0.03080346001725185,2,1,1.0
S16,2220,2280,60,30,2.3652378958333333,0.04917773090130988,2.290769,2.533335,0.24256600000000006,2.3589564999999997,0.05296550000000044,2.365749089211004,1343.224500744647,1.0549128500566167,0.9787856165999931,0.0007741270966150415,0.0014687443740520922,0.03766963951268339,0.16518474569969754,2.3653451290103855,0.04168955110792201,0.0007669062854279818,0.00823624537380806,0.015067490080719613,0.08661263260548147,0.4941747224284836,10,10.0,0.03731060213942441,0.025177701412146578,0.08661263260548147,0.036334896404362424,2,1,1.0
S16,2250,2310,60,30,2.4039767375,0.06509268014129489,2.300484,2.606261,0.30577699999999997,2.389402,0.09243774999999976,2.404857836016325,1388.001890747789,0.8823278058171605,0.5260123148476294,0.002654650863015469,0.0020342053203156784,0.04006628409104753,0.16518474569969754,2.403833640002418,0.05875259602984214,0.0026552859563200703,0.00900131458570427,0.015644286764865685,0.08661263260548147,0.5400788751422562,11,11.0,0.04166041851058171,0.019034732251739513,0.08661263260548147,0.04024612624028108,2,1,1.0
S16,2280,2340,60,30,2.4553182041666664,0.06473067596024945,2.332469,2.656158,0.3236889999999999,2.4418575000000002,0.06812799999999974,2.456171318154028,1447.866610589399,1.0730469965619553,1.1274597642965736,0.001443771543216848,0.0016701820843385748,0.04912970063227485,0.1867284972246157,2.4557229911688125,0.05440343795663981,0.0014442635970933768,0.00935361925234167,0.015571789799348526,0.0761747372918733,0.5612171551405002,12,12.0,0.0386239313633853,0.015430537495868495,0.0761747372918733,0.036942365480476136,2,1,1.0
S16,2310,2370,60,30,2.4704205333333333,0.05496658385160529,2.382365,2.656158,0.27379299999999995,2.4680855,0.07292600000000027,2.4710319578781794,1465.4397448452642,1.107341828375087,1.5619517108470724,-0.0003884846569717326,-0.0009635670588849145,0.04384730584929036,0.1867284972246157,2.4705962250607283,0.04608341101076624,-0.0004097356357727576,0.007486125584854055,0.013837420843868032,0.07617473728061386,0.4491675350912433,10,10.0,0.03531125763923364,0.019034332377133287,0.07617473728061386,0.034849099833337595,2,1,1.0
S16,2340,2400,60,30,2.3888317999999997,0.09511609542528365,2.20069,2.576835,0.3761450000000002,2.383005,0.157686,2.3907246684426444,1371.735465672046,-0.15807294992224558,-1.0552398840751829,-0.005380710664801867,-0.004903514683687457,0.016987478394230992,0.10279937751268342,2.388625129357664,0.09423363125313737,-0.005366866163544237,0.0031911823678048585,0.0065953815095813485,0.045288397971120276,0.19147094206829152,4,4.0,0.02342825154764472,0.013255459389726549,0.045288397971120276,0.02342825154764472,2,1,1.0
S16,2370,2430,60,30,2.2089954208333333,0.11068390672410511,2.02925,2.388762,0.3595119999999996,2.2000504999999997,0.20278574999999988,2.211766646025377,1174.058807152883,-0.02479242092717276,-1.3454615361827815,-0.006344507350846761,-0.005845640166711742,0.009570357463287013,0.03614871353682503,2.209000957543183,0.11052104883590672,-0.006347029263309399,0.0019410757301973854,0.003533715873476992,0.021747329318799746,0.11646454381184312,1,1.0,0.021747329318799746,0.0,0.021747329318799746,0.021747329318799746,2,1,1.0
S16,2400,2460,60,30,2.029814275,0.09516511931567176,1.869844,2.199411,0.32956699999999994,2.031809,0.15652674999999983,2.032043894931441,991.008573822754,0.07158531186152335,-1.181826091256777,-0.005476188907463865,-0.005515767168970945,0.008368048103902827,0.02602759167036517,2.029844942914162,0.09510671886766821,-0.005482098238235846,0.0018009564766772513,0.0027616597357711715,0.013511733995838382,0.10805738860063507,1,1.0,0.013511733995838382,0.0,0.013511733995838382,0.013511733995838382,2,1,1.0
S16,2430,2490,60,30,1.886386516666667,0.07403999927916027,1.764933,2.036926,0.2719929999999997,1.876241,0.137216,1.8878389792975085,855.344642821214,0.24751503277755116,-1.0628881820138951,-0.00421123520994825,-0.004530782889008767,0.009360769666766617,0.034513170515169556,1.8863675367955912,0.07382702108944152,-0.004217028546094904,0.002271858307560002,0.0034078851518492934,0.015955348936708802,0.13631149845360013,2,2.0,0.014733538789869383,0.0012218101468394194,0.015955348936708802,0.014733538789869383,2,1,1.0
S16,2460,2520,60,30,1.7807603416666669,0.052368035119319346,1.694566,1.876241,0.18167500000000003,1.77133,0.08092275000000004,1.7815301865405038,761.72395333321,0.2575671030681898,-1.0097588654314813,-0.002926878061426366,-0.00271939828272521,0.010258798443798447,0.04795877108382918,1.7806532502732617,0.051986585803871325,-0.0029414019507541223,0.002625192810096604,0.0043170692759757325,0.021772553596598243,0.15751156860579624,2,2.0,0.018863951266666734,0.002908602329931509,0.021772553596598243,0.018863951266666734,2,1,1.0
S16,2490,2550,60,30,1.7056486125,0.03753511169874608,1.649787,1.775168,0.1253810000000002,1.7041615,0.06940774999999988,1.7060615680371598,698.555057744019,0.27220990943635154,-1.2312224142450383,-0.0020325680574374417,-0.0012419241590478007,0.010274858248789322,0.04795877142521121,1.7057576169013322,0.0366334080913388,-0.0020234369836003773,0.0026479910683855448,0.003991182449312113,0.019272642689365904,0.1588794641031327,3,3.0,0.013563837949711463,0.004059305591018022,0.019272642689365904,0.013563837949711463,2,1,1.0
S16,2520,2580,60,30,1.6457991458333334,0.03636364713487311,1.57814,1.713757,0.13561699999999988,1.655544,0.06684899999999994,1.6462008210600185,650.394514382083,-0.2346614022517136,-1.1345229055560613,-0.0019535824114102784,-0.0017986602653305658,0.008946540477674922,0.02805736916262802,1.6457097527268445,0.03572397595954292,-0.0019498381830998785,0.0019676684088914117,0.0031060394680336063,0.01224657994920042,0.1180601045334847,2,2.0,0.011739718208313654,0.0005068617408867659,0.01224657994920042,0.011739718208313654,2,1,1.0
S16,2550,2610,60,30,1.6058550708333332,0.027582673054367818,1.561508,1.689448,0.12794000000000016,1.59861,0.036143000000000036,1.6060919377090324,619.087514969749,0.769590490939364,-0.05465469507648191,-0.001002098442359072,-0.0020341917123306986,0.00979193443804926,0.04622049100125558,1.60592023025648,0.026838293164788727,-0.0010036427216080508,0.0016878468770621057,0.0031839776092163524,0.01963990475757149,0.10127081262372634,1,1.0,0.01963990475757149,0.0,0.01963990475757149,0.01963990475757149,2,1,1.0
S16,2580,2640,60,30,1.58682925,0.029038015231833036,1.533361,1.647228,0.11386699999999994,1.584537,0.044779000000000124,1.5870949168163089,604.5288659962,0.060653708906648104,-0.9195363401012493,-6.190693277077833e-05,0.0006637845468119896,0.016061660040040525,0.07016223981580083,1.5869829640188193,0.02716220905096136,-5.2932016539888085e-05,0.0030949221659682187,0.006836915730964019,0.04363617445758572,0.18569532995809312,3,3.0,0.026719727216737654,0.012014564222938737,0.04363617445758572,0.026719727216737654,2,1,1.0
S16,2610,2670,60,30,1.5992394999999997,0.03801504768597123,1.533361,1.668978,0.1356170000000001,1.602449,0.06141200000000002,1.599691258402951,614.162909330596,-0.006249143334743934,-1.1521002212234128,0.0015285306713617645,0.0007494402473717426,0.019002267358468033,0.08475852812867934,1.5992232728207751,0.03600676552132842,0.0015272855481078215,0.0036979958842685624,0.007262381629587907,0.04363617445758572,0.22187975305611374,6,6.0,0.021089407340582105,0.010996390087245029,0.04363617445758572,0.021089407340582105,2,1,0.8561666666666666
S16,4320,4380,60,30,0.4348324499999999,0.007161422965386601,0.417353,0.454455,0.037102000000000024,0.436544,0.006716750000000049,0.43489141811708776,45.391330932454,-0.36252677504287995,-0.08260979806984858,0.00019973213225388993,-4.282846871368001e-05,0.007471350173544254,0.04182121985749321,0.43484837061315695,0.006315470244053396,0.00020060732408841658,0.0007388710962459122,0.0014914766317535167,0.011709631995256709,0.04433226577475473,1,1.0,0.011709631995256709,0.0,0.011709631995256709,0.011709631995256709,3,0,0.9938333333333333
S16,4350,4410,60,30,0.4418318041666666,0.005318658023801615,0.426308,0.454455,0.028146999999999978,0.442941,0.007675999999999961,0.4418638153281459,46.858471511123,-0.2475369146742332,-0.19237224362791094,0.0001810678479204259,0.00010706685863428702,0.006743779689430257,0.04182121985749321,0.44185862797577335,0.0043084410235239845,0.0001829146852393812,0.0006257932865125111,0.0012136503172721078,0.011709631995256375,0.03754759719075067,1,1.0,0.011709631995256375,0.0,0.011709631995256375,0.011709631995256375,3,0,1.0
S16,4380,4440,60,30,0.4459472083333333,0.0033956281657346664,0.433985,0.463411,0.029426000000000008,0.446779,0.003838000000000008,0.44596013601098167,47.73130629862399,0.44593689866105124,4.691620686297983,1.9638758011658766e-05,2.140583629434029e-05,0.004754195202475253,0.030995314348424063,0.4459510397761587,0.0026139856701893976,1.8332090676123867e-05,0.0005031376537604999,0.0010653810863115879,0.010280390592429411,0.030188259225629996,1,1.0,0.010280390592429411,0.0,0.010280390592429411,0.010280390592429411,3,0,1.0
S16,4410,4470,60,30,0.44521690833333327,0.002939939221298728,0.437823,0.463411,0.025588,0.44422,0.003838000000000008,0.44522661500467003,47.574417290043996,1.6947922898497259,8.907445911289933,-0.00010916223259034483,-8.564330260278612e-05,0.004456927563778699,0.030995314348424063,0.44521436436587697,0.002272446658965148,-0.00010889930935591398,0.0004294261037234415,0.0010223759450121192,0.010280390592429411,0.02576556622340649,1,1.0,0.010280390592429411,0.0,0.010280390592429411,0.010280390592429411,3,0,1.0
S16,4440,4500,60,30,0.44444926666666656,0.0039565743194783475,0.437823,0.46597,0.028146999999999978,0.44422,0.0012790000000000301,0.4444668774170729,47.412193229012,3.138005057855004,11.329363097229487,3.686405292905705e-05,2.140053443658319e-05,0.007121795974843312,0.030000268795568275,0.44449383745224497,0.0018839446749539695,4.040101462614286e-05,0.0007745876717325846,0.0022347349796168706,0.01498158016908635,0.046475260303955074,2,2.0,0.014582924554152943,0.0003986556149334075,0.01498158016908635,0.014582924554152943,3,0,1.0
S16,4470,4530,60,30,0.45094223333333333,0.009574041166729037,0.435264,0.471088,0.03582400000000002,0.445499,0.01791100000000001,0.45104385603610286,48.8257344163,0.6883969818311957,-1.0881686107535835,0.00036419134119946135,0.00042825187695805976,0.010493078134603756,0.03446566204780632,0.4509654790056787,0.007963202064019834,0.00036774418956469465,0.0015956877615446897,0.003128911216814689,0.01498158016908635,0.09574126569268138,3,3.0,0.01395096287334141,0.0009511573811631584,0.01498158016908635,0.01395096287334141,3,0,1.0
S16,4500,4560,60,30,0.45651827083333335,0.007860377888338618,0.430147,0.471088,0.040941000000000005,0.457014,0.010235999999999967,0.45658593621048404,50.032972114849,-0.5687580699801243,-0.08082953833394324,4.604743565179395e-05,0.0001498909737415219,0.009563375634517117,0.0344656620478061,0.45647417354882097,0.005974554232278029,4.890514007800731e-05,0.0014418549797380546,0.0027554785855009195,0.013587790927811816,0.08651129878428328,2,2.0,0.01236090469049328,0.0012268862373185363,0.013587790927811816,0.01236090469049328,3,0,1.0
S16,4530,4590,60,30,0.45685943333333334,0.005342915863916342,0.430147,0.467249,0.037102000000000024,0.457014,0.005437750000000019,0.4568906746428333,50.09978125814,-1.1470952289481398,2.964873244984714,-8.486733032952073e-05,-0.00027835796065996755,0.006678220412507097,0.03787618367547552,0.456865094907165,0.004113847678989874,-8.512456229867375e-05,0.0007712683951111423,0.0016965308269136677,0.011735662068102282,0.04627610370666854,1,1.0,0.011735662068102282,0.0,0.011735662068102282,0.011735662068102282,3,0,1.0
S16,4560,4620,60,30,0.4513686416666667,0.007057190758127295,0.437823,0.46597,0.028146999999999978,0.44869800000000004,0.011514999999999997,0.4514238082128681,48.908029109138,0.5244319962823186,-1.0552992410358308,-0.00035810198472392777,-0.00017129401448523067,0.00495953371451603,0.03765804611253909,0.45134269614727224,0.0066994454539660115,-0.0003558597207005276,0.00045401382368218134,0.0008071234418090144,0.006462667851676596,0.02724082942093088,0,0.0,0.0,0.0,0.0,0.0,3,0,1.0
S16,4590,4650,60,30,0.4438148541666666,0.0027114074972664336,0.431426,0.450617,0.019191000000000014,0.44422,0.0038379999999999526,0.4438231365190371,47.274954362303,-0.5586956208085765,1.557975186206959,-0.00011162029260423004,-8.563791331187207e-05,0.0031655630450524064,0.008990309729701496,0.4438127485130714,0.0021400273600297006,-0.00011181412633007877,0.0003788745254689164,0.0005303711712137197,0.002347665131398835,0.022732471528134984,0,0.0,0.0,0.0,0.0,0.0,3,0,1.0
S16,4620,4680,60,30,0.4449769833333333,0.0083062158155638,0.402,0.459573,0.057572999999999985,0.442941,0.005117999999999956,0.4450545010643172,47.537642140226,-0.598436120785989,3.6263069540982373,0.00025620494085401314,0.0002141253600315266,0.009592658401256471,0.06872158083189261,0.444977708656473,0.007206143075167173,0.0002558301123592368,0.000847302731083237,0.001787218368904548,0.014892794525792175,0.05083816386499422,1,1.0,0.014892794525792175,0.0,0.014892794525792175,0.014892794525792175,3,0,1.0
