subject,start_sec,end_sec,window_sec,step_sec,emg_mean,emg_std,emg_min,emg_max,emg_range,emg_median,emg_iqr,emg_rms,emg_energy,emg_skew,emg_kurtosis,emg_abs_mean,emg_abs_std,emg_abs_median,emg_abs_max,emg_iemg,emg_mav,emg_log_detector,emg_variance,emg_waveform_length,emg_average_amplitude_change,emg_derivative_mean,emg_derivative_std,emg_derivative_max_abs,emg_zero_crossing_count,emg_zero_crossing_rate,emg_slope_sign_change_count,emg_slope_sign_change_rate,emg_willison_amplitude_count,emg_willison_amplitude_rate,emg_hjorth_activity,emg_hjorth_mobility,emg_hjorth_complexity,emg_total_power,emg_mean_frequency,emg_median_frequency,emg_bandpower_20_60,emg_bandpower_60_120,emg_bandpower_120_250,emg_relative_power_20_60,emg_relative_power_60_120,emg_relative_power_120_250,original_label,label,label_purity
S2,300,360,60,30,8.403218897810787e-07,0.01370688721576728,-0.2197196353023501,0.11989923821819934,0.3396188735205494,0.0002910857953652335,0.014697873249851365,0.013706887241525896,7.890907829780025,-0.37976997704698146,5.284320381882221,0.009986591826587121,0.009388649612220528,0.007354566292499795,0.2197196353023501,419.4368567166591,0.009986591826587121,0.00607159020752248,0.00018787875714576448,336.8643174241813,0.008020769957003293,1.0568741949507156e-08,0.010812875716518676,0.10253277907544482,11491,191.51666666666668,17295,288.25,39351,655.85,0.00018787875714576448,0.7888644260587794,1.4733373351277312,0.00019409437392775667,81.293961816347,67.333984375,8.141203000603734e-05,7.620171010817923e-05,3.598812787641083e-05,0.4194455942156236,0.3926013339085349,0.18541561585811794,1,0,0.8908809523809523
S2,330,390,60,30,-1.4837639285000737e-06,0.009063399250944409,-0.2197196353023501,0.11989923821819934,0.3396188735205494,0.00018400007582201222,0.009325221513861516,0.009063399372397482,3.4500987437101536,-0.726397916529558,21.054873364998723,0.006355813371951721,0.006461334580757659,0.004665795118525609,0.2197196353023501,266.9441616219723,0.006355813371951721,0.0038368147550226803,8.214520598201968e-05,231.98913923565647,0.005523682450431116,-1.7438782180282276e-08,0.007322519235345797,0.10253277907544482,13068,217.8,19159,319.31666666666666,39656,660.9333333333333,8.214520598201968e-05,0.8079219542913535,1.5596695934986426,7.777171818751639e-05,81.71102615321223,61.0107421875,3.820407492390664e-05,2.158951948460061e-05,1.7844266726382758e-05,0.49123352054267727,0.27760116386455347,0.22944416225134975,1,0,1.0
S2,360,420,60,30,2.32043342499015e-06,0.0068810654148297335,-0.05356229319914424,0.04375719627723401,0.09731948947637825,0.00014459472183519606,0.008201013762908405,0.0068810658060780945,1.9886607983582412,-0.16792694558998428,2.101473159242632,0.005189906091236887,0.0045181789906686325,0.00410516973325494,0.05356229319914424,217.97605583194925,0.005189906091236887,0.003286554316464862,4.73490612431659e-05,204.13082833819834,0.004860373540755693,2.0126279469463055e-08,0.006093152607843926,0.03143578268632898,13810,230.16666666666666,20228,337.1333333333333,40110,668.5,4.73490612431659e-05,0.8854955214801858,1.5344798857965083,4.493696504461863e-05,89.25339519766105,63.4033203125,2.1662086858551364e-05,1.013326802491863e-05,1.3086019841951876e-05,0.482054959364584,0.2254996085039821,0.29120835884129154,1,0,1.0
S2,390,450,60,30,-1.956818036738176e-07,0.007204294840058448,-0.05119199276198732,0.040186604633805315,0.09137859739579263,0.00017698217246003877,0.008798550952125377,0.007204294842715985,2.1798782955929337,-0.21360020824891415,1.471795682625321,0.0055051104603533,0.0046471091013761245,0.00440643412271528,0.05119199276198732,231.2146393348386,0.0055051104603533,0.003525348686435818,5.1901864142492775e-05,212.43000700459464,0.005057977737674579,-1.7098859643062716e-08,0.006344032909173555,0.029748543874595933,13373,222.88333333333333,20132,335.53333333333336,40083,668.05,5.1901864142492775e-05,0.8805904047539074,1.5416195288610792,5.135005015264167e-05,87.93555746818116,61.0107421875,2.533488045563307e-05,1.1586564784212844e-05,1.436409408961614e-05,0.4933759632234698,0.2256388211846134,0.27972892035972413,1,0,1.0
S2,420,480,60,30,1.254134131351027e-06,0.00832402107775817,-0.07114044036165076,0.06290418535600895,0.1340446257176597,0.00017381955041767712,0.00951130409490883,0.00832402117223489,2.910151795984218,-0.1729725123012702,3.408429199654612,0.006150505841058908,0.005608975519193765,0.004767193498052062,0.07114044036165076,258.32124532447415,0.006150505841058908,0.0038413586231316795,6.92893269029623e-05,229.16759030451607,0.005456501114419774,-2.8922989723127294e-08,0.007097507762995427,0.0760238235289121,12908,215.13333333333333,19816,330.26666666666665,39853,664.2166666666667,6.92893269029623e-05,0.8526537471126792,1.5553206944227451,6.433605979305709e-05,85.06144227017738,58.9599609375,3.2577996813131424e-05,1.4913819524729843e-05,1.6742302678094096e-05,0.5063722726869127,0.23181120467590846,0.260232018124008,1,0,1.0
S2,450,510,60,30,2.981595647012807e-07,0.00884602925218901,-0.07114044036165076,0.06290418535600895,0.1340446257176597,7.90315580393952e-05,0.01027520815328621,0.008846029257213813,3.2865938120182756,-0.09597709005490325,2.8537222199099963,0.006583962681463172,0.005907932720383927,0.005138214127057622,0.07114044036165076,276.52643262145324,0.006583962681463172,0.004131249007645263,7.825223353058363e-05,236.01511007961008,0.0056195411814474175,-2.9905772401388006e-08,0.007323242158407456,0.0760238235289121,12361,206.01666666666668,19567,326.1166666666667,39800,663.3333333333334,7.825223353058363e-05,0.8278564257059483,1.5852025149464088,7.977664906138373e-05,82.75316475760326,57.9345703125,4.125807808652388e-05,1.9179342757988957e-05,1.9209573950683223e-05,0.517169855740344,0.24041299031288604,0.240791938201146,1,0,1.0
S2,480,540,60,30,-6.308236513289394e-07,0.0084259316569647,-0.05187960798494555,0.08017612825781086,0.1320557362427564,1.3337276278281487e-05,0.010272959123029137,0.008425931680578615,2.981845636802692,0.0004169613078853147,1.8111407289317398,0.0064151434070559695,0.005462806948143484,0.005132112693040158,0.08017612825781086,269.4360230963507,0.0064151434070559695,0.004093778980397608,7.099632428783992e-05,227.6108670925035,0.005419435393521357,2.6086130273131052e-08,0.006872554914879135,0.0449205602077525,12242,204.03333333333333,19734,328.9,39937,665.6166666666667,7.099632428783992e-05,0.8156433252337648,1.6345910872001361,6.94033090871912e-05,79.52444438793906,52.294921875,3.922949692447233e-05,1.4483744281323032e-05,1.5590587648069774e-05,0.5652395748909956,0.2086895347183971,0.22463752597852876,1,0,1.0
S2,510,570,60,30,-1.8462257814990162e-06,0.008084828030303826,-0.05187960798494555,0.08017612825781086,0.1320557362427564,3.941544183255915e-05,0.01001250367586435,0.008084828241102966,2.745306802901715,-0.022069575237288773,1.6579038436132816,0.0062001054911024695,0.005188751255103396,0.0050074874110998925,0.08017612825781086,260.40443062630374,0.0062001054911024695,0.0039766025894857815,6.536444427958643e-05,224.5384257380759,0.005346280286151477,1.9588924704336357e-08,0.00673413364679611,0.0449205602077525,12437,207.28333333333333,20102,335.03333333333336,39991,666.5166666666667,6.536444427958643e-05,0.8329346798169365,1.631021246528927,6.502826691194334e-05,81.5261630852506,52.294921875,3.64620995743905e-05,1.2870964785486538e-05,1.5603832702327233e-05,0.5607115383186343,0.19792876846795693,0.239954614251935,1,0,1.0
S2,540,600,60,30,2.0524940515007552e-06,0.008085219241022021,-0.05392826465579621,0.046318331647831494,0.1002465963036277,6.216983706796696e-05,0.0101269967937712,0.008085219501542586,2.745572524301231,-0.08549997385320525,1.052818848275325,0.006247961629529836,0.005131642024152446,0.0050623434843865105,0.05392826465579621,262.4143884402531,0.006247961629529836,0.004038019402171633,6.53707701753927e-05,226.6888172270763,0.005397481302580449,-2.429246833869813e-08,0.006784101917458452,0.035235883136149886,12420,207.0,19937,332.28333333333336,40015,666.9166666666666,6.53707701753927e-05,0.8390745773519557,1.6106885379755262,6.492445699550805e-05,82.31762356047105,53.3203125,3.589112722443687e-05,1.2804590318679641e-05,1.6136007955541305e-05,0.5528136681515886,0.1972229096897269,0.24853512377712628,1,0,1.0
S2,570,630,60,30,-3.295052517859975e-07,0.008414107601351396,-0.05392826465579621,0.046318331647831494,0.1002465963036277,8.953960942511413e-05,0.010570031513701037,0.008414107607803282,2.973482687099109,-0.10915236112709863,0.9763401142711219,0.006508094070719169,0.00533309651163028,0.005277210704711467,0.05392826465579621,273.3399509702051,0.006508094070719169,0.004207120783957804,7.079720672711934e-05,230.92073991049222,0.0054982437655775665,-1.0267563458500763e-08,0.006924321435988291,0.035235883136149886,12060,201.0,19373,322.8833333333333,39976,666.2666666666667,7.079720672711934e-05,0.822941869067157,1.6117167243134582,6.97574638570202e-05,81.34143343149034,53.662109375,3.839738286465527e-05,1.4414149687093608e-05,1.6854750515645357e-05,0.5504412107549845,0.20663236433936108,0.2416193133137988,1,0,1.0
S2,600,660,60,30,-1.2300098977665738e-06,0.008141911525271531,-0.047416453396206495,0.0401120621301812,0.0875285155263877,0.00013743819638235844,0.010313758509191681,0.008141911618181183,2.7842104415274966,-0.14097804024263022,0.91505238652001,0.006312673752455361,0.0051420691256861654,0.005157631677525743,0.047416453396206495,265.13229760312515,0.006312673752455361,0.004093837288101107,6.629072328534938e-05,228.21566620585875,0.005433835715275572,-1.2889935126220066e-08,0.006823319207527859,0.028963060546569153,12395,206.58333333333334,19603,326.71666666666664,40073,667.8833333333333,6.629072328534938e-05,0.8380488029560482,1.6025172749966685,6.528474900230867e-05,82.95734671344934,54.00390625,3.5473984116339205e-05,1.316445286689647e-05,1.655399484041757e-05,0.5433732174582572,0.20164667963157729,0.25356603331403127,1,0,1.0
S2,630,690,60,30,-2.685972434092043e-07,0.007983665806301223,-0.047416453396206495,0.039604091395405765,0.08702054479161225,0.00017281534590340964,0.010106293202538736,0.007983665810819478,2.677034630711609,-0.1189701283321405,0.9123732791241368,0.006188634943771268,0.005043780061777181,0.005060867535900354,0.047416453396206495,259.92266763839325,0.006188634943771268,0.00401210546991777,6.373891970670336e-05,225.02687949103557,0.005357910414320236,-3.142404477905916e-08,0.006727918022465751,0.032795937454385624,12466,207.76666666666668,19738,328.96666666666664,40048,667.4666666666667,6.373891970670336e-05,0.8427103771247093,1.605376609804942,6.171124573949466e-05,83.05618034514528,53.3203125,3.3929456867000814e-05,1.1763386490098843e-05,1.593591449059197e-05,0.5498099489067072,0.19061981895093033,0.2582335569413586,1,0,1.0
S2,660,720,60,30,3.337833813358422e-07,0.008054590716777367,-0.04153964155602673,0.04162030819352659,0.08315994974955332,0.0001858719970138391,0.010153054080609892,0.008054590723693382,2.724810132500714,-0.09783434080411994,0.9482064479429697,0.0062357703714649515,0.005098195720111904,0.005080893067360101,0.04162030819352659,261.902355601528,0.0062357703714649515,0.00403779799384429,6.487643161479613e-05,225.8695027818463,0.005377973351314229,1.3681229143803899e-08,0.006753801699776543,0.032795937454385624,12469,207.81666666666666,19663,327.71666666666664,39951,665.85,6.487643161479613e-05,0.8385033997703527,1.6134903810046364,6.408723319529409e-05,82.19220538345076,52.1240234375,3.5758696450438504e-05,1.1948476328844608e-05,1.6304638012462643e-05,0.5579691097206589,0.1864408203180471,0.2544131990029473,1,0,1.0
S2,690,750,60,30,-2.4165515952825456e-07,0.008033637676071006,-0.04153964155602673,0.04162030819352659,0.08315994974955332,0.00014546873824099654,0.010203489594221727,0.00803363767970555,2.7106520434889614,-0.11049981729195499,0.8958842963078211,0.006235971685367302,0.005064779512286993,0.0050984430001114415,0.04162030819352659,261.9108107854267,0.006235971685367302,0.004052092360251809,6.453933431038756e-05,224.42275767027377,0.005343526218964113,2.8192359995962423e-08,0.006693384806472526,0.02693073100690914,12427,207.11666666666667,19574,326.23333333333335,40036,667.2666666666667,6.453933431038756e-05,0.833169863561241,1.6169484500445692,6.3880848999271e-05,81.9141155702685,52.8076171875,3.5407589137607285e-05,1.2485527147837881e-05,1.5915424352606035e-05,0.554275494021868,0.19545023811409215,0.24914234237537547,1,0,1.0
S2,720,780,60,30,4.42471569238812e-07,0.008029870266330263,-0.0408577570876446,0.036683362302627885,0.07754111939027249,0.0001346747675034887,0.01036346056485975,0.008029870278521064,2.7081103009747896,-0.1376471139414446,0.7273339529375664,0.006274514995223906,0.005010915910747884,0.005187734235067939,0.0408577570876446,263.52962979940406,0.006274514995223906,0.004107419477011441,6.447881649409486e-05,223.27925609087077,0.005316299342624129,-1.8320446842540428e-08,0.006664487716751211,0.028306300474146333,12142,202.36666666666667,19187,319.78333333333336,39978,666.3,6.447881649409486e-05,0.8299620660991018,1.6052995906169516,6.357040631514057e-05,81.67619914788426,53.662109375,3.481223234999141e-05,1.2878047585444707e-05,1.5786252483301493e-05,0.547616955245104,0.20257928699721936,0.24832706597852403,1,0,1.0
S2,750,810,60,30,1.7213429552457196e-06,0.008492004097611175,-0.04357290881199037,0.04608863905900783,0.0896615478709982,0.00018338911105538695,0.010814791251983544,0.008492004272070674,3.028793735388396,-0.12990096212042093,0.8169914991625742,0.006603824980698876,0.005338879300111966,0.0054151091799261135,0.04608863905900783,277.3606491893528,0.006603824980698876,0.004290194644130987,7.211413359384499e-05,228.6151857183562,0.005443348311111126,-2.4200678887855584e-08,0.006851249588487375,0.032144567327361644,11844,197.4,18753,312.55,39839,663.9833333333333,7.211413359384499e-05,0.806788304590509,1.6195377466293666,7.012351168436284e-05,79.67450217391753,53.1494140625,3.884946393393628e-05,1.4832920763566114e-05,1.6324598808194668e-05,0.554014809024453,0.21152564107644045,0.23279779372251494,1,0,1.0
S2,780,840,60,30,-1.38873074276223e-06,0.009042003346783971,-0.05137953183504041,0.056741010674960374,0.10812054251000078,0.00019092573903802695,0.011464441772229527,0.009042003453429202,3.433828710976676,-0.0819382002934282,0.8989345067132923,0.007015806128958334,0.005704059152278865,0.005730243690270576,0.056741010674960374,294.66385741625004,0.007015806128958334,0.0045336827285786694,8.175782452325254e-05,235.05353174508326,0.005596645914071365,-3.330739533410008e-08,0.007040361246570769,0.032144567327361644,11442,190.7,18381,306.35,39832,663.8666666666667,8.175782452325254e-05,0.7786284716511259,1.6389637813163995,8.08328956728685e-05,76.23098283681733,51.7822265625,4.613778756534906e-05,1.782223372210948e-05,1.6736984852711936e-05,0.5707798437911853,0.2204824356934611,0.20705660379218224,1,0,1.0
S2,810,870,60,30,1.8878552233296026e-06,0.008715803347786983,-0.05137953183504041,0.056741010674960374,0.10812054251000078,0.00013716117545606397,0.011032984327464695,0.008715803552243025,3.190539725574269,-0.05691223008614022,0.8848963038339548,0.006770531039862917,0.0054886374447165745,0.005516473326934953,0.056741010674960374,284.3623036742425,0.006770531039862917,0.0043905735678975094,7.596522799729477e-05,229.0503044633577,0.005453708527902038,1.1368620007935721e-07,0.00683407689046681,0.03187228072461946,11591,193.18333333333334,18433,307.21666666666664,39886,664.7666666666667,7.596522799729477e-05,0.7841017767113849,1.6294601406014206,7.541163604411871e-05,77.33175822276652,52.63671875,4.233039967779522e-05,1.6849261918582045e-05,1.6128445742941925e-05,0.5613245103584585,0.22343053144642794,0.21387211031340259,1,0,1.0
S2,840,900,60,30,7.787300374503616e-07,0.008099862467480946,-0.04455312168637442,0.04037507440105921,0.08492819608743363,0.00011534622522916247,0.010204704058723344,0.008099862504914944,2.7555264491381344,-0.0891171536252172,0.8193741403753658,0.006285860655610147,0.005108397832665286,0.0051071918335383205,0.04455312168637442,264.00614753562616,0.006285860655610147,0.004065645952645479,6.560777199210652e-05,217.3607342067277,0.0051753787996554135,-2.9576646814068444e-09,0.006473206166457952,0.02897879631412894,11839,197.31666666666666,18623,310.3833333333333,39940,665.6666666666666,6.560777199210652e-05,0.7991748245660172,1.613158474779775,6.403948105740976e-05,78.8912887962013,53.662109375,3.508757581476912e-05,1.429037441719296e-05,1.4580828173525884e-05,0.5479053739257195,0.22314944127017527,0.22768498327546635,1,0,1.0
S2,870,930,60,30,6.770897840109809e-07,0.008156730882846016,-0.04455312168637442,0.03600193782157784,0.08055505950795225,0.00011953616747750718,0.010315627899409638,0.00815673091094861,2.794354884452231,-0.08903559464766717,0.8855974120396546,0.006324472077238811,0.005151049611278377,0.005156061781301577,0.04455312168637442,265.6278272440301,0.006324472077238811,0.004090993066476763,6.653225869517396e-05,224.20446858513972,0.005338328736044661,1.4197692664612625e-08,0.006670451657025958,0.03098628709694594,12140,202.33333333333334,18906,315.1,39985,666.4166666666666,6.653225869517396e-05,0.8177849377198686,1.591526229165958,6.560080671794481e-05,80.9500016926746,56.396484375,3.4771125010422684e-05,1.5093680859083925e-05,1.563622026206513e-05,0.5300411191576276,0.23008376899967473,0.23835408502359026,1,0,1.0
S2,900,960,60,30,-1.2877284640137851e-06,0.008298659937690292,-0.042137423576967606,0.03657964374130136,0.07871706731826897,0.00014902260185430225,0.010600678484650527,0.008298660037600674,2.8924458536261577,-0.09439557739209464,0.6925502914772439,0.006467589604798641,0.005199811835400487,0.005303228758878196,0.042137423576967606,271.6387634015429,0.006467589604798641,0.004209196119822906,6.886775676142583e-05,224.43812122545577,0.005343892026606723,-2.555316346393502e-08,0.0066933869977201,0.03098628709694594,11829,197.15,18825,313.75,39945,665.75,6.886775676142583e-05,0.8065623905518201,1.6126410473382167,6.74109916756308e-05,80.07346575427765,54.345703125,3.6899731659043546e-05,1.473170974964768e-05,1.56620158365919e-05,0.5473844953445903,0.2185357221939997,0.23233623252354177,1,0,1.0
S2,930,990,60,30,3.0970225782550847e-07,0.008067676935586946,-0.04121129002156909,0.03657964374130136,0.07779093376287045,0.00016506865004980336,0.010293123977930418,0.008067676941531376,2.7336712717825167,-0.11521844562751167,0.7222341910361747,0.006280638483171249,0.005063693461952985,0.005156206006638676,0.04121129002156909,263.7868162931925,0.006280638483171249,0.00407865937644065,6.508741113700158e-05,215.0772200858106,0.005121008121284093,6.813173563254796e-08,0.006431314960310124,0.0289910792807897,11579,192.98333333333332,18734,312.23333333333335,39918,665.3,6.508741113700158e-05,0.7971706120185919,1.6335864444358987,6.42118423285698e-05,77.70136540088181,52.1240234375,3.6368751887512275e-05,1.3848669278849902e-05,1.3909497401337056e-05,0.5663869867090033,0.2156715767161256,0.2166188805199302,1,0,1.0
S2,960,1020,60,30,-6.585750063195755e-07,0.008020348868946252,-0.04121129002156909,0.040163179556272556,0.08137446957784164,0.00011541309532582978,0.010172457139502036,0.008020348895985041,2.701691849359796,-0.09721797715634223,0.7711913386384364,0.006239227346728763,0.00503964666709487,0.0050955672414711335,0.04121129002156909,262.04754856260803,0.006239227346728763,0.004062129005006696,6.432599597960743e-05,216.33829972687624,0.005151034541938528,1.2028773531997725e-08,0.006447000106224383,0.026827256285361627,11685,194.75,18931,315.51666666666665,39966,666.1,6.432599597960743e-05,0.8038303833872277,1.6351157497024948,6.308124924241198e-05,79.09506460585597,52.63671875,3.5410818441359506e-05,1.3292449948725528e-05,1.4287949043529569e-05,0.5613525233985289,0.21071951028814592,0.2265007306469642,1,0,1.0
S2,990,1050,60,30,-5.292329624349705e-07,0.008473194081098928,-0.04852520654012858,0.05846229416752466,0.10698750070765324,8.824237608207085e-05,0.010406726688102906,0.008473194097626788,3.0153907650744127,-0.051876202514407256,1.2662293250450585,0.006502556879994082,0.005432473859900208,0.005209873868396035,0.05846229416752466,273.10738895975146,0.006502556879994082,0.004193291761109168,7.179501793596992e-05,216.34178600834213,0.005151117550616494,-1.6107770556979336e-08,0.006486267013213841,0.03291434670516828,11266,187.76666666666668,18722,312.03333333333336,39811,663.5166666666667,7.179501793596992e-05,0.7655043601187768,1.6928680488451897,6.963169241859783e-05,74.6865621739271,49.560546875,4.185756300139448e-05,1.3540780076600389e-05,1.4112239280011427e-05,0.6011280431008856,0.1944628890419415,0.2026697727691911,1,0,1.0
S2,1020,1080,60,30,2.5769508635002313e-07,0.008394837752774548,-0.04852520654012858,0.05846229416752466,0.10698750070765324,9.456724962322426e-05,0.01024882746927924,0.008394837756729761,2.9598786403962536,-0.047989010547784844,1.3545158511477862,0.006405219152243572,0.005426460040721548,0.0051241776103567414,0.05846229416752466,269.01920439423003,0.006405219152243572,0.004075437123549262,7.047330089540881e-05,216.32067887665983,0.0051506149878963745,2.7235615079621957e-08,0.006482964614578573,0.03291434670516828,11603,193.38333333333333,18972,316.2,39794,663.2333333333333,7.047330089540881e-05,0.7722560942212269,1.6907286770973462,7.028066371425768e-05,74.3071871194659,48.7060546875,4.298059758396751e-05,1.3129188862270159e-05,1.4057139929331722e-05,0.6115565123106277,0.18681082631276674,0.20001433091873294,1,0,1.0
S2,1050,1110,60,30,-4.7451265394382453e-07,0.007676766233765437,-0.04184913449235342,0.040367729221193555,0.08221686371354697,0.00018253976011180402,0.009418993056803009,0.0076767662484306136,2.475175081387824,-0.11752138667421236,1.142713951571257,0.0058775834095976375,0.004938294573662657,0.004708384248567201,0.04184913449235342,246.85850320310078,0.0058775834095976375,0.0037375695335583005,5.893273980788117e-05,215.39238094009613,0.005128512129814904,-2.7689153163477832e-08,0.006401888673419015,0.02486591401051865,12770,212.83333333333334,19502,325.03333333333336,39960,666.0,5.893273980788117e-05,0.8339303918440281,1.6028743478649294,5.760315472891079e-05,82.64489961749649,54.5166015625,3.115952212377425e-05,1.172936478884604e-05,1.4635275747369204e-05,0.5409342990052489,0.20362365297606033,0.25407073303962324,1,0,1.0
S2,1080,1140,60,30,5.055816279120693e-07,0.007414779393938714,-0.04775702305274747,0.04499575607142686,0.09275277912417433,0.00021961541580856585,0.009136389453420418,0.007414779411175423,2.30911605608842,-0.14018785113972862,1.253507159801889,0.005690890170498196,0.004753180281003233,0.0045654400292794075,0.04775702305274747,239.01738716092422,0.005690890170498196,0.0036515206399837224,5.4978953460778166e-05,205.7819147885164,0.00489968605891846,-6.832385142337691e-09,0.0061384423643373286,0.02486591401051865,12491,208.18333333333334,19406,323.43333333333334,39974,666.2333333333333,5.4978953460778166e-05,0.8278658120773303,1.6125910949576037,5.3980693028188434e-05,82.27098444869645,54.8583984375,2.9121115262620664e-05,1.1193648916738604e-05,1.3578319015598085e-05,0.5394727934932916,0.20736393493305727,0.2515402869783009,1,0,1.0
S2,1110,1170,60,30,-2.306050772455027e-07,0.00784240513152335,-0.04775702305274747,0.04499575607142686,0.09275277912417433,0.000173376598989714,0.009801309475512126,0.00784240513491381,2.583139368605144,-0.08642572664432131,0.942546046737287,0.006064898877198763,0.004971953329374246,0.004910215219856694,0.04775702305274747,254.72575284234807,0.006064898877198763,0.003925288055864632,6.150331824694376e-05,209.5395869354918,0.004989156573620605,-2.835391090029504e-08,0.006300110574363639,0.03525918911084669,11762,196.03333333333333,19277,321.28333333333336,39905,665.0833333333334,6.150331824694376e-05,0.8033390865054524,1.647921270713782,6.0075969322524506e-05,78.37778950612066,51.0986328125,3.4658375210168856e-05,1.1771287263109495e-05,1.3556883638328436e-05,0.5769091302397723,0.19594003052891304,0.2256623370577144,1,0,1.0
S2,1140,1200,60,30,-6.996427933605099e-07,0.009290139746668981,-0.05376784692752132,0.055986845581350544,0.10975469250887186,0.00018428831870726057,0.011413322848021644,0.009290139773014119,3.624881274089831,-0.08129890616523143,1.181589298661204,0.007133682170841759,0.005951241524888167,0.005715690577864911,0.055986845581350544,299.61465117535386,0.007133682170841759,0.004566428997919163,8.63066965126388e-05,240.48188057219164,0.005725895392085327,-4.5721119869992726e-08,0.007281590644975096,0.043309912901913675,11479,191.31666666666666,18902,315.03333333333336,39838,663.9666666666667,8.63066965126388e-05,0.7837977515446892,1.644365701127648,7.938964455644253e-05,77.68140779887484,51.4404296875,4.5749474340574765e-05,1.631322106019364e-05,1.7213230419930985e-05,0.5762650103320328,0.2054829839752672,0.21681959298473918,1,0,1.0
S2,1170,1230,60,30,-5.420113071754808e-07,0.009843945850074962,-0.05648610376771369,0.055986845581350544,0.11247294934906424,0.0001787415646230849,0.0121631143966479,0.009843945864996633,4.069937348105341,-0.10142801598803038,1.1811399997638237,0.007562307175402249,0.0063019663897742224,0.006078591261928398,0.05648610376771369,317.61690136689447,0.007562307175402249,0.004839539136113756,9.690326989920806e-05,260.16176982902005,0.006194475340580015,2.7709189247511667e-08,0.007831266271600785,0.043309912901913675,11753,195.88333333333333,18935,315.5833333333333,39876,664.6,9.690326989920806e-05,0.7955413805472275,1.6203222369720947,9.717646999067517e-05,78.65117815600607,53.4912109375,5.398822291771777e-05,2.1872029015075688e-05,2.1152784694608828e-05,0.5555688833201943,0.22507536049801435,0.2176739358472128,1,0,1.0
S2,1200,1260,60,30,1.4236355875954121e-06,0.008728442402707485,-0.05645244101330671,0.05411039487749378,0.11056283589080049,0.00014123963351750965,0.010775542256109851,0.008728442518807139,3.199799769773053,-0.12345972859500809,1.29397262483889,0.006687549098546445,0.00560913503658549,0.005395867454327824,0.05645244101330671,280.8770621389507,0.006687549098546445,0.00426235766561706,7.618570677738201e-05,242.25808341026078,0.0057681869427905616,4.466900515977244e-08,0.0072760325039003555,0.037307626003382645,12357,205.95,19546,325.76666666666665,39854,664.2333333333333,7.618570677738201e-05,0.8336003341951819,1.5930577654746074,7.315242282762157e-05,82.72425358282608,54.6875,3.9355356982840124e-05,1.5385155295065198e-05,1.8292698737634254e-05,0.5379911623102108,0.2103164146909968,0.25006278713064206,1,0,1.0
S2,1230,1290,60,30,-3.0938025156256654e-06,0.008084698345442185,-0.046307510807490626,0.045910856078110095,0.09221836688560073,0.00015718591195098912,0.010212542040498184,0.0080846989374008,2.7452189901532043,-0.1465821761742987,0.905163766143811,0.006265573590146741,0.005109299804754591,0.005111639075538729,0.046307510807490626,263.1540907861631,0.006265573590146741,0.004044510087843631,6.536234733679561e-05,230.67557465560228,0.005492406358618116,1.9541413596468273e-09,0.006874781191671244,0.030660727883987528,12450,207.5,19716,328.6,39940,665.6666666666666,6.536234733679561e-05,0.8503447992647688,1.5765404745705107,6.365146579202982e-05,84.33399797378353,55.5419921875,3.348418125174e-05,1.3175583743294274e-05,1.688889654602582e-05,0.5260551479072578,0.20699576324515795,0.2653339767729368,1,0,1.0
S2,1260,1320,60,30,1.1967271757860194e-06,0.00846211195086838,-0.04747354296917221,0.05193670478967556,0.09941024775884777,0.00015683318357272895,0.01057461837599575,0.00846211203549004,3.007508284249787,-0.10743638683800867,1.0287477833812213,0.006535615511008278,0.005375227436439635,0.005288233505061815,0.05193670478967556,274.4958514623477,0.006535615511008278,0.004207173496501266,7.160733866902946e-05,238.4081019816641,0.005676518535719043,-4.687997935508227e-09,0.007099826773241952,0.03365355990910539,12399,206.65,19327,322.1166666666667,39968,666.1333333333333,7.160733866902946e-05,0.8390135718440087,1.5682164081234657,7.15753415885567e-05,83.13122536125118,56.9091796875,3.735882876931361e-05,1.5851905495153923e-05,1.8234624023912e-05,0.5219511069058796,0.22147160101976082,0.25476125742761824,1,0,1.0
S2,1290,1350,60,30,-6.809621713276642e-07,0.008768393290697653,-0.06431210467006541,0.16986211949373636,0.2341742241638018,0.0002187918411525561,0.010229373336850742,0.008768393317139755,3.229158297290567,0.2532140686171634,8.434115053621111,0.006517978845062855,0.00586520870382071,0.005125678985940959,0.16986211949373636,273.7551114926399,0.006517978845062855,0.004106356008030993,7.688472090035163e-05,230.91919791162417,0.0054982070504446335,-4.55820133148875e-08,0.006976148726486918,0.10480417151387744,12250,204.16666666666666,18744,312.4,39751,662.5166666666667,7.688472090035163e-05,0.7956017134733089,1.6120991033379435,7.693710907690308e-05,78.53546225397334,53.4912109375,4.259723706804486e-05,1.711030129568079e-05,1.7084223418833263e-05,0.5536630837723115,0.22239334829409899,0.22205439772576582,1,0,1.0
S2,1320,1380,60,30,5.264311293660812e-07,0.007939358695472435,-0.06431210467006541,0.16986211949373636,0.2341742241638018,0.0003830477718240403,0.009026696745765166,0.00793935871292534,2.6474035044451476,0.2916814582839034,12.37917196373718,0.005812838364092728,0.005407802411833784,0.0045171789732627405,0.16986211949373636,244.13921129189458,0.005812838364092728,0.0036542763519864627,6.303341649537377e-05,202.39322839336083,0.004819001128440221,4.4641115642174136e-09,0.006201669469021056,0.10480417151387744,12030,200.5,18194,303.23333333333335,39652,660.8666666666667,6.303341649537377e-05,0.7811297746954892,1.615654425531989,6.235805812980846e-05,77.27476257086337,54.00390625,3.387478394531781e-05,1.5254072305530898e-05,1.3114733972971127e-05,0.5432302570231088,0.24462070762012922,0.2103133799591814,1,0,1.0
S2,1350,1410,60,30,-1.3735739960165783e-06,0.007235963395663267,-0.04174909722186294,0.03753552460621962,0.07928462182808255,0.000430919553342908,0.008685597261699703,0.007235963526033294,2.199085062303536,-0.25720374081095415,1.745377992540945,0.005485881873118072,0.0047185027523864755,0.0043543514849034345,0.04174909722186294,230.40703867095905,0.005485881873118072,0.003496981308398528,5.235916626337867e-05,191.8980661342771,0.004569110362967621,-2.49702100601145e-08,0.005831643066207302,0.026539392253156976,11981,199.68333333333334,17990,299.8333333333333,39790,663.1666666666666,5.235916626337867e-05,0.8059248986392583,1.5658469833832485,4.940348206597233e-05,81.61054350648415,61.6943359375,2.416053600690783e-05,1.3511999494680552e-05,1.1649439419138463e-05,0.4890452048429375,0.27350297852764555,0.23580199070952235,1,0,1.0
S2,1380,1440,60,30,-3.015522114390725e-07,0.00972310845094951,-0.10837221082584603,0.15173617865980665,0.2601083894856527,0.00031237164404215585,0.009787087410015095,0.009723108455625674,3.9706311976740984,0.04488918333401818,10.075502350619344,0.00674248682490448,0.007005548476447009,0.004893738084136991,0.15173617865980665,283.18444664598815,0.00674248682490448,0.004037497401793306,9.453883794892576e-05,238.70302840319707,0.00568354076057042,-7.233432639986616e-08,0.007592025110331695,0.0722101903240985,12646,210.76666666666668,18686,311.43333333333334,39489,658.15,9.453883794892576e-05,0.7808228354781228,1.5938609268392134,9.394243251174402e-05,78.97640676083621,58.9599609375,4.823655017310226e-05,2.628734370938684e-05,1.921249746017379e-05,0.5134692479574878,0.27982396246872343,0.2045135190402056,1,0,1.0
S2,2280,2340,60,30,-1.168170737920913e-06,0.009216630595516147,-0.05062439043971183,0.04295723777430439,0.09358162821401622,0.00026980846073477115,0.011422903002439188,0.009216630669546609,3.567743797750742,-0.2225898020955724,0.8705728784089195,0.007107002986484631,0.005868286755853512,0.005713382660930264,0.05062439043971183,298.4941254323545,0.007107002986484631,0.004558722592589232,8.494627953420432e-05,271.8541350517458,0.006472871617222929,-1.3429942737741116e-08,0.008182122157309806,0.03903203894049109,13161,219.35,18996,316.6,40086,668.1,8.494627953420432e-05,0.8877563305282491,1.4540147058260904,8.462694352855327e-05,91.34916253904174,72.9736328125,3.389625334739595e-05,2.6644990925025484e-05,2.3969034381425706e-05,0.4005373694721622,0.31485233678604285,0.28323171536188724,2,1,1.0
S2,2310,2370,60,30,2.1043518529803864e-06,0.009509027880716973,-0.05912538169220502,0.06971863870165709,0.1288440203938621,0.0003627833229109137,0.011723338684873356,0.009509028113563944,3.7977078579110777,-0.2399981092201722,1.115376102464432,0.007307551736502496,0.0060845133973793505,0.005875483380571056,0.06971863870165709,306.91717293310484,0.007307551736502496,0.004697705566629648,9.042161123625274e-05,265.21889511243296,0.006314885952342507,1.664261416435939e-08,0.0080341537460943,0.04910726566624865,12389,206.48333333333332,18208,303.46666666666664,39952,665.8666666666667,9.042161123625274e-05,0.84489748551337,1.4816032923471818,9.059696375929138e-05,86.68252105014541,69.5556640625,3.804209745333634e-05,3.0060292785347196e-05,2.2349699729970695e-05,0.4199047724646826,0.331802430655567,0.24669369482791934,2,1,1.0
S2,2340,2400,60,30,1.106755313791447e-06,0.00965962455508021,-0.05912538169220502,0.06971863870165709,0.1288440203938621,0.0004246872029225804,0.011969842085560334,0.009659624618483674,3.9189506063406663,-0.25752121521450455,1.1371948792983897,0.007433366454189052,0.00616874468005872,0.005999677479184334,0.06971863870165709,312.2013910759402,0.007433366454189052,0.004796868316214306,9.330834654510854e-05,265.6358966856259,0.006324814797629131,7.629537482308926e-11,0.008066910194477648,0.04910726566624865,12113,201.88333333333333,17964,299.4,39922,665.3666666666667,9.330834654510854e-05,0.8351163286398209,1.4869773667916562,9.216432883008075e-05,85.42531652068571,67.8466796875,3.92073109187502e-05,3.111348196922334e-05,2.1656853275728385e-05,0.425406569075493,0.3375870292137197,0.2349808602811632,2,1,1.0
S2,2370,2430,60,30,-1.2783337503734777e-06,0.009270871079853492,-0.053777769147636115,0.04573549663989482,0.09951326578753093,0.00032750104475887413,0.011762866763355147,0.009270871167986373,3.6098601929628433,-0.23162012597753442,0.8319327445117461,0.007195822306748723,0.005845442116991538,0.005876187048442049,0.053777769147636115,302.2245368834464,0.007195822306748723,0.0046583244001176215,8.594905057926385e-05,262.4746760353354,0.0062495458471710135,-4.3588089634413025e-08,0.007926801435833608,0.03689522862827578,12355,205.91666666666666,18025,300.4166666666667,39975,666.25,8.594905057926385e-05,0.8550222916009825,1.4623667652614014,8.517620176371646e-05,88.26556504638589,70.9228515625,3.412228401819482e-05,2.9274674563080454e-05,2.1577538654725953e-05,0.40060818998306524,0.3436954684160493,0.2533282561082408,2,1,1.0
S2,2400,2460,60,30,1.7132526198382413e-06,0.009777901452313284,-0.12031321768474995,0.057743109909182966,0.17805632759393292,0.0003442827947271775,0.012061914965066322,0.009777901602408606,4.0155091093481605,-0.3110534579031154,2.249772246713821,0.007484189359818903,0.0062923977443227735,0.006020511806062535,0.12031321768474995,314.3359531123939,0.007484189359818903,0.004806760231638448,9.560735681115024e-05,261.049985682328,0.0062156238406230625,-3.436874214103695e-08,0.00795299408638874,0.08348295442635728,11796,196.6,17626,293.76666666666665,39841,664.0166666666667,9.560735681115024e-05,0.8133641073368761,1.503993856879826,9.705109826538565e-05,82.89281274436863,65.1123046875,4.296963637723902e-05,3.2484189183602265e-05,2.133791991740286e-05,0.4427527059996664,0.33471222648892074,0.21986273518568997,2,1,1.0
S2,2430,2490,60,30,-1.2176667627753127e-06,0.009865890535183667,-0.12031321768474995,0.057743109909182966,0.17805632759393292,0.0003362502352902754,0.012209281427818623,0.009865890610327029,4.088103496467439,-0.2835507394826204,2.108492033410731,0.007572284346608293,0.006324263380746412,0.006104116299561691,0.12031321768474995,318.0359425575483,0.007572284346608293,0.004879420874505498,9.733579605222668e-05,264.61957431501406,0.0063006160697877105,-1.411003573533934e-08,0.00805324356116201,0.08348295442635728,11829,197.15,17717,295.28333333333336,39881,664.6833333333333,9.733579605222668e-05,0.816271327199769,1.5058571035017538,9.575110472961513e-05,83.56663631433184,65.625,4.2252688469081415e-05,3.1622179735172895e-05,2.164149253864367e-05,0.4412762504244294,0.33025394145026904,0.22601820208503676,2,1,1.0
S2,2460,2520,60,30,-1.9618672972123453e-06,0.009260225916948661,-0.06044724583042181,0.05432891773126079,0.1147761635616826,0.00021729564161440397,0.011591148260204447,0.00926022612476882,3.6015750910377404,-0.16053187067834637,1.001954063850362,0.0071609617387119115,0.005871321389479121,0.005793314471452409,0.06044724583042181,300.76039302590027,0.0071609617387119115,0.0046054405839717075,8.575178403292766e-05,263.7478725142645,0.006279860770834174,-2.350175493330145e-08,0.007973738665480191,0.04202885159845314,12697,211.61666666666667,18566,309.43333333333334,40023,667.05,8.575178403292766e-05,0.8610738805935763,1.4756567078651925,8.373831534995497e-05,88.72780784621541,70.5810546875,3.465983126471467e-05,2.6791502556152195e-05,2.2058333290116935e-05,0.4139064790098301,0.31994317588294546,0.2634198359249509,2,1,1.0
S2,2490,2550,60,30,-2.0007665850694247e-06,0.008906405549780923,-0.06044724583042181,0.05432891773126079,0.1147761635616826,0.00023127504363705873,0.011003587178948487,0.008906405774510576,3.3316106804498844,-0.18358134012269967,1.3138753353049504,0.00684065927653987,0.005703458992797648,0.005511983451257993,0.06044724583042181,287.30768961467453,0.00684065927653987,0.004384438904476739,7.932405981716842e-05,259.95055081804617,0.006189446196767689,-5.68303939741343e-08,0.007872042991861233,0.04202885159845314,13094,218.23333333333332,19181,319.68333333333334,40000,666.6666666666666,7.932405981716842e-05,0.8838630744874252,1.4701168963965883,7.858896435281372e-05,90.92444960674567,71.435546875,3.247439683877495e-05,2.3740750587735215e-05,2.219681680543183e-05,0.4132182820603904,0.30208758676542125,0.2824419050209448,2,1,1.0
S2,2520,2580,60,30,-1.9833344877611675e-07,0.008183570162801931,-0.051148297662742793,0.04592285433818237,0.09707115200092517,0.00023169261781776692,0.01046038981824042,0.008183570165205292,2.812774467251203,-0.18698187084925888,0.7626077313559105,0.006373682294027781,0.005132932364997119,0.00523096988165676,0.051148297662742793,267.6946563491668,0.006373682294027781,0.004137024630078098,6.697082060950201e-05,250.26389476818318,0.005958806037481445,-3.4824044459602246e-10,0.0075296858043594666,0.036014237985634266,13308,221.8,19419,323.65,40107,668.45,6.697082060950201e-05,0.9200979101499408,1.4372897320325877,6.627960447233691e-05,95.71610764000314,77.24609375,2.5312389635690964e-05,1.987268500362149e-05,2.095857018626869e-05,0.38190314859612035,0.2998310741566924,0.3162144728098997,2,1,1.0
S2,2550,2610,60,30,-4.980300678281333e-07,0.007884102961897916,-0.039696350778496176,0.03393718080431833,0.07363353158281451,0.00023973492315107394,0.010135726816578726,0.00788410297762792,2.610681349997341,-0.1930363166730049,0.5422934951438121,0.006164926301550072,0.004914546109082467,0.005079983999486517,0.039696350778496176,258.926904665103,0.006164926301550072,0.004014236378331853,6.21590795138075e-05,244.59956526748374,0.0058239378382219514,-1.0436474207562393e-08,0.007336837839635797,0.036014237985634266,13384,223.06666666666666,19479,324.65,40189,669.8166666666667,6.21590795138075e-05,0.9305862537682565,1.4274178722945197,6.159184033537045e-05,96.82135435658111,78.7841796875,2.31420606681012e-05,1.841789311840645e-05,1.9908303357634114e-05,0.3757325733748431,0.2990313817239453,0.32322955848100127,2,1,1.0
S2,2580,2640,60,30,-1.8185518290354633e-06,0.007676488364833413,-0.0396963507784962,0.032947841877870594,0.07264419265636679,0.00027075889829367606,0.009781081644830648,0.007676488580239896,2.4749960307472483,-0.2194506679528039,0.6690007117921377,0.005983043729767543,0.004809538922832709,0.004895135118757268,0.0396963507784962,251.28783665023678,0.005983043729767543,0.0039026701570601175,5.892847361542277e-05,237.94211794528297,0.005665423413540393,-1.356572723422774e-08,0.007147065668057208,0.03202711721943373,13314,221.9,19439,323.98333333333335,40212,670.2,5.892847361542277e-05,0.9310332183656356,1.4284815872341432,5.7988870413040724e-05,96.10236830429325,77.9296875,2.2167847516992092e-05,1.7032163746168347e-05,1.867890759175724e-05,0.3822776225695701,0.2937143563041038,0.3221119407691837,2,1,1.0
S2,2610,2670,60,30,1.7956549634945379e-06,0.00776030299287174,-0.037835849367196486,0.03847635833269314,0.07631220769988963,0.00024277994615381528,0.009806793736990237,0.007760303200619859,2.5293368421531346,-0.17429809660863532,0.715204019730693,0.006033327083601807,0.0048807038496335485,0.004905490698161573,0.03847635833269314,253.39973751127587,0.006033327083601807,0.003917178897082773,6.022230254117408e-05,244.70462420567435,0.005826439301070844,2.591349964816305e-09,0.007348339677341379,0.0328879046248676,13731,228.85,19777,329.6166666666667,40247,670.7833333333333,6.022230254117408e-05,0.946914016642292,1.424595922865347,5.879561069416029e-05,98.45805539438427,79.8095703125,2.2014783140271595e-05,1.6906426247530514e-05,1.975991995450008e-05,0.37442902421384583,0.2875457206401582,0.336078148031936,2,1,1.0
S2,2640,2700,60,30,1.0456563258288313e-06,0.00802784225305124,-0.04228113460311188,0.03847635833269314,0.08075749293580502,0.00026915912242160214,0.010243154384197302,0.008027842321151552,2.7067425979974216,-0.15135694529429314,0.6308574636360413,0.006265985166398215,0.005018334606993589,0.005134980845100807,0.04228113460311188,263.171376988725,0.006265985166398215,0.004076857391047927,6.44462512398748e-05,255.00437715332592,0.006071677353111406,1.1834127498797186e-08,0.007629231495631868,0.035167900410374694,13903,231.71666666666667,19978,332.96666666666664,40282,671.3666666666667,6.44462512398748e-05,0.9503464636131999,1.4279045557626715,6.414382818273944e-05,98.76671889892785,78.271484375,2.4703208524658417e-05,1.7730982533890214e-05,2.160388033035582e-05,0.3851221422937436,0.27642538707506503,0.3368037259766987,2,1,1.0
S2,2670,2730,60,30,1.1316645033154471e-06,0.008004676517131222,-0.042281134603111864,0.037770057492557726,0.08005119209566959,0.0003037224157510075,0.010255855531467602,0.008004676597125993,2.6911435918322164,-0.1895698393800757,0.6160751812679983,0.006259867908432422,0.0049888777489085125,0.005135826607353521,0.042281134603111864,262.9144521541617,0.006259867908432422,0.004089427592204253,6.407484614391203e-05,253.98362520533226,0.006047373156630688,4.7988984118458036e-08,0.007592629700393092,0.035167900410374694,13904,231.73333333333332,19867,331.1166666666667,40278,671.3,6.407484614391203e-05,0.9485242388176102,1.4290311538609977,6.349740913724752e-05,98.62128648709458,79.296875,2.448599201553356e-05,1.7473264535683398e-05,2.142550648464324e-05,0.3856219072278667,0.275180747893438,0.33742331814409504,2,1,1.0
S2,2700,2760,60,30,3.551515535258007e-06,0.00783875989954908,-0.041540296020051194,0.03533644601805633,0.07687674203810752,0.00025494577081579305,0.010012400512181559,0.007838760704093554,2.580739113793734,-0.20310363543535398,0.584083023831655,0.006130059935944638,0.004885543425021182,0.005012352925649737,0.041540296020051194,257.4625173096748,0.006130059935944638,0.004006786130253547,6.14461567627787e-05,247.5344673749334,0.005893818123644215,-2.929689995530342e-09,0.007396263516042421,0.03440995337519224,13844,230.73333333333332,19669,327.81666666666666,40286,671.4333333333333,6.14461567627787e-05,0.9435502057497497,1.4277773905078066,6.057132293839435e-05,98.44774826418285,79.4677734375,2.316290009562513e-05,1.6761085816319943e-05,2.050767131604093e-05,0.382407036398785,0.2767165219978313,0.33857063575941365,2,1,1.0
S2,2730,2790,60,30,-5.101722081518593e-07,0.007953592960484715,-0.04391013408464501,0.04107192783077528,0.08498206191542029,0.000284902537394414,0.010241160488147761,0.007953592976846861,2.6569049321366034,-0.19669440274375172,0.5542106915292,0.006225521901872263,0.004950001847540713,0.0051216315475564045,0.04391013408464501,261.47191987863505,0.006225521901872263,0.004070639297746069,6.325964098107201e-05,239.3210186777859,0.0056982551650702614,-1.1528368446996598e-08,0.0071759379253589425,0.03203330902680165,13038,217.3,18967,316.1166666666667,40175,669.5833333333334,6.325964098107201e-05,0.9022259450553552,1.4490764703970382,6.292426121277776e-05,93.52336289425729,73.6572265625,2.4599587932475504e-05,1.921017732400485e-05,1.8956430807946004e-05,0.3909396385170458,0.3052904706985089,0.30125790025321114,2,1,1.0
S2,2760,2820,60,30,6.049635448048547e-07,0.008066067126592445,-0.045914179118438564,0.04107192783077528,0.08698610694921385,0.00032085105095235435,0.010465807481905958,0.008066067149278896,2.7325804487804,-0.18899963474416573,0.5743740419560512,0.006323981584046922,0.00500686490543849,0.00523972552546706,0.045914179118438564,265.6072265299707,0.006323981584046922,0.004146899729609611,6.506143889069529e-05,242.8395562612473,0.0057820318641217,1.6833038848684236e-08,0.007289296627756511,0.03203330902680165,13013,216.88333333333333,18879,314.65,40086,668.1,6.506143889069529e-05,0.9036989791127508,1.4423547978358653,6.434404238230996e-05,93.20906903531129,73.9990234375,2.4718448077314113e-05,2.047630094619323e-05,1.896873976264801e-05,0.3841606334032555,0.3182314972461655,0.2948018038708594,2,1,1.0
S2,2790,2850,60,30,6.589938054182024e-07,0.007814507114060142,-0.045914179118438564,0.03647095580089803,0.08238513491933659,0.0002940776856650653,0.010124236679206918,0.007814507141846465,2.5647939185387147,-0.20730917752490088,0.6577625432728293,0.006122459104750693,0.004856131833118284,0.005070613341808642,0.045914179118438564,257.1432823995291,0.006122459104750693,0.004014284938011377,6.106652143569657e-05,234.38245603581942,0.00558066754055619,3.128309348561621e-08,0.007046464508302484,0.031086057065793555,13012,216.86666666666667,18826,313.76666666666665,40089,668.15,6.106652143569657e-05,0.9017157967166262,1.4476565581257397,6.0193204339245216e-05,93.95213944050857,76.220703125,2.3319282630953084e-05,1.8658362535011394e-05,1.8080596028962083e-05,0.3874072312137934,0.30997456838904947,0.3003760345945524,2,1,1.0
S2,2820,2880,60,30,-7.118003940435741e-07,0.00768405107234013,-0.04334982871808752,0.034026985729481055,0.07737681444756858,0.0003356327077336202,0.009922129358882842,0.007684051105308404,2.479874938337635,-0.2342961069371135,0.6639465126383914,0.006007488632609347,0.004791108610547333,0.004975957929425872,0.04334982871808752,252.31452256959255,0.006007488632609347,0.003928118950346941,5.904464088233151e-05,218.7267085929992,0.005207902773708879,-5.999284599475574e-08,0.0065888671651397,0.028704660221828444,12337,205.61666666666667,18221,303.68333333333334,40037,667.2833333333333,5.904464088233151e-05,0.8574731093156439,1.4782225222840248,5.810325142918032e-05,87.94312142850588,70.41015625,2.4609998409450947e-05,1.8141570603854576e-05,1.5225635772913542e-05,0.4235563037198885,0.31222986937257025,0.26204447080679205,2,1,1.0
S2,4770,4830,60,30,4.025834697418304e-08,0.007591821277314812,-0.0409992190104148,0.037372335896146774,0.07837155490656157,0.00026236613101433826,0.00974354269344728,0.007591821277421555,2.420701512949047,-0.22221166433274778,0.8886708054106087,0.005923680827497184,0.004748237121527622,0.004879599813681718,0.0409992190104148,248.79459475488173,0.005923680827497184,0.003876335227051219,5.7635750306689906e-05,230.59170129571103,0.005490409326310413,2.1610809544403348e-08,0.006921317644140467,0.033108785787358624,13324,222.06666666666666,18882,314.7,40125,668.75,5.7635750306689906e-05,0.9116807932270635,1.4447989877412661,5.679524644726933e-05,94.68862024812755,78.955078125,2.213956987840482e-05,1.6620894290377333e-05,1.7929662128215365e-05,0.38981378307707426,0.2926458696822232,0.3156894854723781,3,0,1.0
S2,4800,4860,60,30,-1.3601228123115955e-06,0.007818745217654894,-0.04274295626248782,0.03438910452433364,0.07713206078682147,0.00025938221507088846,0.009923244457556607,0.007818745335956105,2.567576702398485,-0.2235860968266227,0.9605319296521233,0.006072538306417831,0.0049251453933486485,0.004974654866154969,0.04274295626248782,255.0466088695489,0.006072538306417831,0.003957353128949685,6.113277677860129e-05,226.4505875136993,0.005391809031493591,-3.4483305265148874e-08,0.006821313443092972,0.033108785787358624,12735,212.25,18599,309.98333333333335,40017,666.95,6.113277677860129e-05,0.8724307101976285,1.4815845103972844,5.990705893951239e-05,90.03601887405387,72.802734375,2.5098204228223128e-05,1.7659415143732624e-05,1.70394783844979e-05,0.4189523684273093,0.29478020547734074,0.2844318964431638,3,0,1.0
S2,4830,4890,60,30,5.124572278374938e-09,0.007766501687496138,-0.04274295626248782,0.037117603856693514,0.07986056011918133,0.000303341775662187,0.009859743460457248,0.007766501687497828,2.5333790354000776,-0.23111881760233996,1.001294143581326,0.006030251117557675,0.00489434570919352,0.00493412979275534,0.04274295626248782,253.27054693742235,0.006030251117557675,0.003936784427089256,6.031854846188036e-05,216.75634738795068,0.005160988294672509,1.5860723224504574e-08,0.006559822767705563,0.028388066237962133,12076,201.26666666666668,18246,304.1,39942,665.7,6.031854846188036e-05,0.8446303151220199,1.5019438765493267,5.939013682297749e-05,85.97917718115797,68.701171875,2.618782913342539e-05,1.789507739059145e-05,1.5189604685072484e-05,0.4409457619449963,0.30131396133891397,0.25575971866082264,3,0,1.0
S2,4860,4920,60,30,5.64936454462876e-07,0.00764227586306931,-0.0429574152302835,0.037117603856693514,0.080075019086977,0.00030615270317632714,0.009774331822267404,0.007642275883950079,2.4529839888290086,-0.22698477362590355,0.9115873370191134,0.00595875758652116,0.004785142496465647,0.0048967472979856595,0.0429574152302835,250.2678186338887,0.00595875758652116,0.003902429090304545,5.840438036725177e-05,219.21520966516067,0.005219534028552125,-1.0335600035260248e-08,0.006612286591865681,0.03057468992681424,12438,207.3,18459,307.65,40034,667.2333333333333,5.840438036725177e-05,0.8652247982592502,1.4834519693362989,5.760410732547732e-05,88.34475385435847,71.9482421875,2.454175906125053e-05,1.721694624390403e-05,1.5736249464563962e-05,0.42604182584730593,0.29888400399339693,0.2731792956299157,3,0,1.0
S2,4890,4950,60,30,-8.909563319785801e-07,0.007652750966498367,-0.04295741523028347,0.03962612323287329,0.08258353846315676,0.00030849972646225716,0.009799770983813932,0.007652751018362277,2.4597131222598847,-0.21701098754104373,0.8636455656389632,0.005963937638528277,0.004795419271845855,0.004906122575514508,0.04295741523028347,250.48538081818765,0.005963937638528277,0.003884673216011685,5.856459735524169e-05,239.79111038712,0.0057094480913145555,-7.326289183415693e-09,0.007192658482876811,0.03442840116487818,13818,230.3,19519,325.31666666666666,40168,669.4666666666667,5.856459735524169e-05,0.9398788114711017,1.4347142457201634,5.721886124550424e-05,97.43036065371689,81.34765625,2.1959201318984067e-05,1.5972230052452805e-05,1.9198645850494025e-05,0.38377557401510554,0.2791427460242887,0.3355300233627506,3,0,1.0
S2,4920,4980,60,30,-5.402296491273915e-07,0.007656371195017095,-0.04114121506529601,0.039626123232875156,0.08076733829817118,0.0002795188061764554,0.009794618608699894,0.00765637121407626,2.4620408470448942,-0.20223440910254187,0.8594724254200896,0.005958910368549678,0.004807432515108945,0.004900875000870857,0.04114121506529601,250.27423547908649,0.005958910368549678,0.0038705895792537468,5.8620019875887494e-05,249.29176082768532,0.0059356594401696544,6.950432253658729e-09,0.0074525954318643796,0.03442840116487818,14429,240.48333333333332,20012,333.53333333333336,40254,670.9,5.8620019875887494e-05,0.973384811425374,1.4110783418310198,5.7817001863649906e-05,101.49055800839734,85.9619140625,2.1516909045319314e-05,1.4999432517295953e-05,2.1197343898823054e-05,0.372155392907829,0.2594294417526039,0.3666282099651733,3,0,1.0
S2,4950,5010,60,30,-1.6823696760909243e-07,0.007639942743911911,-0.04049395040290733,0.04097595908219742,0.08146990948510476,0.0002553255620706612,0.009689561081116724,0.00763994274576426,2.451486456659349,-0.21554319427089574,0.9678166369951762,0.0059265264855732835,0.0048213078074682515,0.0048530769965952885,0.04097595908219742,248.9141123940779,0.0059265264855732835,0.0038453135855259267,5.836872513025225e-05,244.05566623267157,0.005810987552862487,5.026095793155332e-09,0.007318996330610547,0.032535336137205634,14218,236.96666666666667,19836,330.6,40265,671.0833333333334,5.836872513025225e-05,0.9579909923334022,1.4241714472677756,5.725150887541611e-05,100.00988649581784,83.9111328125,2.1721318867736032e-05,1.4704070019757638e-05,2.072713588647693e-05,0.3794016838054587,0.25683288193774734,0.3620364998865069,3,0,1.0
S2,4980,5040,60,30,1.941882073951597e-07,0.008925882548565373,-0.09486043930938763,0.08609460605583968,0.18095504536522733,0.00020507240924648652,0.010299181789924125,0.008925882550677717,3.346197930956703,-0.16316430579127625,3.7682220351669686,0.006620124505198606,0.005987097029793474,0.005145755929830369,0.09486043930938763,278.04522921834143,0.006620124505198606,0.004164420266371389,7.967137927078388e-05,252.20190998368997,0.006004950355572513,-4.0069201885721535e-08,0.007658955804561264,0.06718475198276795,13422,223.7,19861,331.01666666666665,39986,666.4333333333333,7.967137927078388e-05,0.8580614592326518,1.56031502780323,8.084010930989205e-05,84.94221665444715,60.3271484375,4.021914060389078e-05,1.9742682649792402e-05,2.0771882973958382e-05,0.49751467368401175,0.24421890096797008,0.25695020889112796,3,0,1.0
S2,5010,5070,60,30,2.1689791808752207e-06,0.009470892514306295,-0.09486043930938763,0.08609460605583968,0.18095504536522733,6.25244986797867e-05,0.010966179010774919,0.009470892762670989,3.7673080083245765,-0.10239222575429326,3.083789954853149,0.007059714772255948,0.006313338028048622,0.005483662278414127,0.09486043930938763,296.5080204347498,0.007059714772255948,0.004451530847585473,8.969780501754303e-05,250.32937561551518,0.005960365142396609,6.338913486388501e-08,0.0076018639971755205,0.06718475198276795,12275,204.58333333333334,19622,327.03333333333336,39864,664.4,8.969780501754303e-05,0.8026555032371546,1.645382503266769,8.844402489578733e-05,78.75886396365948,53.8330078125,4.915665948883951e-05,2.0251845351509733e-05,1.8880212851496095e-05,0.5557940126171359,0.2289792371544858,0.21347075592435388,3,0,1.0
S2,5040,5100,60,30,5.715781387028333e-07,0.009003694324882149,-0.056627894968848055,0.07798081860529017,0.13460871357413823,-3.444987499449828e-05,0.010758252505400287,0.009003694343024789,3.404793496549896,0.02376317622709797,1.672155127491929,0.0068359129262327125,0.0058597616237848005,0.00538099294132063,0.07798081860529017,287.10834290177394,0.0068359129262327125,0.004367431575559033,8.1066511495915e-05,239.90641613263,0.005712193531575276,-1.751265448352257e-08,0.0071922745982349896,0.039327925852577425,11954,199.23333333333332,19611,326.85,39907,665.1166666666667,8.1066511495915e-05,0.7988137245351375,1.6630199067659772,8.035704291830298e-05,78.3274676153599,52.63671875,4.563622650351944e-05,1.722392403410342e-05,1.7314933198028805e-05,0.5679181916875247,0.21434243233184375,0.2154749922247944,3,0,1.0
S2,5070,5130,60,30,4.500716885693469e-08,0.008646277394155903,-0.04727811628426606,0.07798081860529017,0.12525893488955622,2.494419172868257e-06,0.010308542469722973,0.008646277394273044,3.139840736706116,0.01757894682107128,1.7850001874396986,0.006556551998196668,0.005636465086706413,0.005155618986457635,0.07798081860529017,275.37518392426006,0.006556551998196668,0.004175535586051168,7.47581127766914e-05,233.99990334535664,0.005571558926292451,1.799920951090999e-08,0.006996776471704201,0.03750641296150854,12187,203.11666666666667,19831,330.51666666666665,39829,663.8166666666667,7.47581127766914e-05,0.8092241496245987,1.657974116754004,7.385337125125433e-05,79.20751621703036,52.1240234375,4.2188159454652034e-05,1.478695548136785e-05,1.6711393343287666e-05,0.5712421618659081,0.20022045345853737,0.2262780027527022,3,0,0.9257857142857143
S3,360,420,60,30,1.7690626768091536e-07,0.015260508112572131,-0.27181585624333027,0.41708461434442007,0.6889004705877504,-0.0003642741129397881,0.010233767085120304,0.01526050811359752,9.78109053117738,3.389884819392215,103.68310644907139,0.007730519183273007,0.013157590244502363,0.005129493336285717,0.41708461434442007,324.6818056974663,0.007730519183273007,0.004261586426891003,0.00023288310785387985,271.85504019053144,0.006472893168659526,1.4039433051989153e-08,0.012167064180963158,0.3599081526933521,12057,200.95,18142,302.3666666666667,38081,634.6833333333333,0.00023288310785387985,0.7972908956379711,1.3454797814689268,0.00026983397868263177,84.89691779522407,78.1005859375,8.281853576462896e-05,0.00014378511638189802,4.225050809868129e-05,0.30692404332827516,0.53286512352476,0.15657964317523812,1,0,1.0
S3,390,450,60,30,3.3924887940144075e-06,0.014989298318281578,-0.14389242482360215,0.20210899823353196,0.3460014230571341,-0.0005194933088466132,0.012959123255424754,0.014989298702188144,9.436521174503605,0.6732528809583763,9.853220269018202,0.00980619674201502,0.011336559488677029,0.006513402101127275,0.20210899823353196,411.86026316463085,0.00980619674201502,0.005511695094244266,0.00022467906407443896,339.8399801809901,0.008091620757184458,3.363263380603848e-08,0.012270355274195436,0.15110969122544698,11538,192.3,17002,283.3666666666667,38734,645.5666666666667,0.00022467906407443896,0.8186077168955931,1.3491147914980748,0.00022760048463018915,86.94827246227067,78.4423828125,6.608250043806793e-05,0.00011926904955131337,4.160632362817926e-05,0.2903442870319033,0.5240281001382956,0.1828041961148819,1,0,1.0
S3,420,480,60,30,-4.04665291216716e-07,0.019679666375886157,-0.17752509349192627,0.2548102646454775,0.43233535813740376,-0.0006492353071911727,0.018103168051504734,0.019679666380046645,16.266149290857406,0.6065761932670273,6.943421876176746,0.013416367896729071,0.014397581091612432,0.009096586353309007,0.2548102646454775,563.487451662621,0.013416367896729071,0.007604116748119909,0.0003872892686661842,456.1116300563105,0.010860059288466643,1.0885551808544653e-08,0.01599148181890492,0.19278314663790186,11020,183.66666666666666,15931,265.51666666666665,38696,644.9333333333333,0.0003872892686661842,0.8125890710474425,1.333168131683666,0.00038608981086823697,87.23203943078026,79.1259765625,0.00010644979787736674,0.00020951169962945626,6.91611677064472e-05,0.27571252822752024,0.5426501651476047,0.17913233076759494,1,0,1.0
S3,450,510,60,30,1.2800023412893614e-06,0.015302854627953366,-0.17752509349192627,0.2548102646454775,0.43233535813740376,-0.0004012666663449926,0.013185618160942394,0.01530285468148606,9.835449178912551,0.714476653780555,12.867934304534108,0.009986802623175747,0.011594875366661333,0.006613604880997161,0.2548102646454775,419.44571017338137,0.009986802623175747,0.0055840461705336285,0.00023417735976427376,335.39908019110203,0.007985882525562562,1.3169769041834124e-08,0.012352442437346489,0.19278314663790186,10870,181.16666666666666,16117,268.6166666666667,38475,641.25,0.00023417735976427376,0.807198574230887,1.3528893705046234,0.00023279103148224377,85.97969713145312,77.24609375,7.016744287479289e-05,0.00012053786033445831,4.155734991535152e-05,0.3014181535603743,0.517794261947984,0.17851783056565615,1,0,1.0
S3,480,540,60,30,2.4566143716215156e-07,0.008273615358984044,-0.06315455776471346,0.07508975495127937,0.13824431271599283,-0.0001338402111652401,0.00998672165503928,0.008273615362631152,2.875013869088181,0.23980841371254913,2.9083912632559814,0.006245865855394782,0.0054260363881179245,0.005000023215141087,0.07508975495127937,262.3263659265808,0.006245865855394782,0.003978430566445827,6.845271110841667e-05,209.18381880755337,0.004980685702220371,-3.420118896652708e-08,0.006598514384597924,0.06822221309104118,11077,184.61666666666667,16799,279.98333333333335,39552,659.2,6.845271110841667e-05,0.7975370014552122,1.460115169845895,6.798787436562577e-05,82.88529646292217,69.5556640625,2.7325895990055994e-05,2.7010635201837805e-05,1.3527936517719802e-05,0.40192308179988917,0.397286066873922,0.19897572389113313,1,0,1.0
S3,510,570,60,30,1.0072020995884535e-07,0.011880816448585274,-0.20106214571456613,0.2946705382172974,0.49573268393186354,1.417054586660266e-05,0.009764250716171194,0.011880816449012205,5.928459578794996,1.5666791463229366,72.21592917792229,0.006791567414816692,0.00974825171736548,0.004872832524049426,0.2946705382172974,285.2458314223011,0.006791567414816692,0.003981944959352572,0.00014115379948497438,233.3308362878492,0.005555628378957813,8.258333716521856e-09,0.009450716749526824,0.2138124573678778,11541,192.35,17247,287.45,38605,643.4166666666666,0.00014115379948497438,0.7954602101989534,1.3772538181372305,0.00013285364181398488,84.63066874397627,75.0244140625,4.305563877644906e-05,6.727383774108336e-05,2.2357248769405076e-05,0.32408324068928007,0.5063755635338689,0.16828480171216229,1,0,1.0
S3,540,600,60,30,6.204292472699766e-07,0.015045007896107517,-0.2902208632644976,0.41299181388568224,0.7032126771501799,-2.845625172629015e-05,0.008966908319470144,0.015045007908900215,9.50679504511254,2.134733326128165,78.26198603518694,0.00739739170037494,0.01310079612123225,0.004477795397509008,0.41299181388568224,310.6904514157475,0.00739739170037494,0.0038136293618478067,0.00022635226259393754,258.5995510435341,0.00615727876957866,-1.9704044339888573e-08,0.01202302139900111,0.314689831103137,12017,200.28333333333333,17529,292.15,37577,626.2833333333333,0.00022635226259393754,0.7991369284765705,1.3323464287293914,0.00021675036969153355,85.61232034944614,78.955078125,6.206000619635899e-05,0.00011947683785291612,3.489525912032289e-05,0.2863201861416853,0.5512186116358121,0.160992847070959,1,0,1.0
S3,570,630,60,30,4.680037109003608e-07,0.015019978808097023,-0.2902208632644976,0.41299181388568224,0.7032126771501799,-6.0010095767021676e-05,0.008964911999546635,0.015019978815388227,9.475190071817867,2.2083496352084313,68.898302486376,0.00755424312647033,0.012982032753035517,0.004486094869487816,0.41299181388568224,317.27821131175386,0.00755424312647033,0.0038385184178355613,0.00022559976339568368,265.68823820706405,0.006326061054002811,1.222423617762839e-08,0.012181169245498055,0.314689831103137,12247,204.11666666666667,17886,298.1,37601,626.6833333333333,0.00022559976339568368,0.8109977651187754,1.337241601928979,0.00024333552046550407,86.08699326877357,79.8095703125,7.282396108605246e-05,0.00012784846367985505,4.1909302845560466e-05,0.29927386247079446,0.5253999228525258,0.17222846366772682,1,0,1.0
S3,600,660,60,30,1.003946183848588e-06,0.022028537652773912,-0.3947998801759294,0.4230433723672563,0.8178432525431857,-0.0002222585988935137,0.01091735255747554,0.02202853767565124,20.380771829358615,1.457038600665529,33.38175375049409,0.010949232339326948,0.019114674554044152,0.005457790575435076,0.4230433723672563,459.86775825173186,0.010949232339326948,0.004948321925847958,0.000485256471119678,376.9050633131598,0.008974143748974019,-1.2976457771396217e-08,0.01762794163995368,0.28462770487444444,11855,197.58333333333334,17690,294.8333333333333,36540,609.0,0.000485256471119678,0.8002320407198663,1.3438677287171745,0.0004687429510154342,85.55850973161361,76.5625,0.0001411357872843131,0.00024190092166950588,8.376463814266491e-05,0.3010942073444982,0.5160630600321089,0.17870058197399286,1,0,1.0
S3,630,690,60,30,-1.103354604071625e-06,0.021581001714091667,-0.3947998801759294,0.4230433723672563,0.8178432525431857,-0.0005664155569780844,0.012486428209915086,0.021581001742296827,19.561064720442786,1.3809041284083623,33.232567908176236,0.011570737540577301,0.018216961024498404,0.006257937386357524,0.4230433723672563,485.97097670424665,0.011570737540577301,0.00559493945497994,0.0004657396349836274,404.3471485711126,0.00962754228841431,-2.1696183219361168e-08,0.01732617173070831,0.28462770487444444,11982,199.7,17399,289.98333333333335,37403,623.3833333333333,0.0004657396349836274,0.8028437215402705,1.3487054843791546,0.0004967806455267155,84.98202227737649,75.1953125,0.00015219868553936243,0.00025481575332062553,8.815662069531428e-05,0.30636999832791917,0.5129341402792679,0.1774558278168135,1,0,1.0
S3,660,720,60,30,4.515647104145794e-06,0.014196417079314853,-0.11020876671922135,0.22055196907764246,0.3307607357968638,-0.0005324569291272863,0.014022766620523161,0.014196417797491425,8.464607687799113,0.5560597829066083,7.944927252258028,0.009948400475723854,0.010127566650264447,0.007026525280556688,0.22055196907764246,417.83281998040184,0.009948400475723854,0.005853588357707926,0.00020153825788986245,356.7317066430021,0.00849381429660235,4.0224829709196744e-08,0.011925965763981201,0.12013042089119508,11939,198.98333333333332,17195,286.5833333333333,39307,655.1166666666667,0.00020153825788986245,0.840068708699616,1.3554115900411658,0.0002073455398965697,88.59344528171536,79.4677734375,6.282944576238157e-05,0.00010169151245113124,4.22996209594977e-05,0.30301807212116944,0.49044465823503164,0.20400545379754995,1,0,1.0
S3,690,750,60,30,6.562226174855458e-07,0.015419706738520025,-0.10356840706899584,0.16908299691624848,0.27265140398524434,-0.000357537614533632,0.01614705278743,0.01541970675248359,9.986228965968696,0.2689423656602743,3.5255116318338215,0.011130574731392577,0.010671347735008593,0.008085284175876261,0.16908299691624848,467.4841387184882,0.011130574731392577,0.006682951251616452,0.00023776735590195984,392.88222668038,0.009354561458139003,9.775930880606302e-08,0.012922693532512122,0.1159066872259615,11455,190.91666666666666,16693,278.21666666666664,39334,655.5666666666667,0.00023776735590195984,0.8380635087066797,1.3445131025755697,0.0002306158044456886,89.6457170072779,80.322265625,6.326489310847325e-05,0.0001202658622720889,4.6418402045015113e-05,0.274330257895974,0.521498786959383,0.20128022949939203,1,0,1.0
S3,720,780,60,30,-4.965152652050089e-07,0.01738100917031701,-0.10356840706899584,0.14348534204099284,0.24705374910998867,-0.00033015422907400525,0.019341446639133154,0.01738100917740887,12.688178161057198,0.16878995555318566,2.003611266122862,0.012894765539541803,0.011654376933385011,0.009673225347526172,0.14348534204099284,541.5801526607557,0.012894765539541803,0.007889170593745328,0.00030209947977864396,451.3407878132357,0.01074646510186518,-7.214504581605869e-10,0.014488834971037085,0.09834392499474093,11372,189.53333333333333,16184,269.73333333333335,39464,657.7333333333333,0.00030209947977864396,0.8336014801592114,1.3341333987276074,0.0003026919857553656,88.72789666624563,80.322265625,8.335003754033105e-05,0.00016125667693970696,5.725740486911016e-05,0.2753625515797244,0.5327418119025917,0.18916062388049268,1,0,1.0
S3,750,810,60,30,-2.5028366248532064e-06,0.026244892222181973,-0.3603232637956111,0.7797584580816619,1.140081721877273,-0.000400253028036944,0.022558254885541716,0.02624489234152312,28.929363708761834,2.6601691243488452,68.44003794085992,0.016149781795932183,0.02068765143659174,0.011307500794313226,0.7797584580816619,678.2908354291517,0.016149781795932183,0.009366883894204455,0.0006887943677539478,558.2517184640897,0.01329202405924164,5.767472980990274e-08,0.02122377099098893,0.6559603595310245,11324,188.73333333333332,16024,267.06666666666666,38759,645.9833333333333,0.0006887943677539478,0.8086819641442753,1.3416929317235864,0.0007976668076807937,85.5517853567126,77.7587890625,0.00023959952055334127,0.00041991852602182443,0.00013557986942530794,0.3003754427866616,0.5264334957633906,0.16997055427128116,1,0,1.0
S3,780,840,60,30,-2.2500221130840055e-06,0.027228903417788785,-0.3603232637956111,0.7797584580816619,1.140081721877273,-0.0008946406550179127,0.02431651469598256,0.02722890351075249,31.139353828710508,2.4802509119900056,59.009124838257605,0.017174441432320105,0.021129404816172075,0.012176100501847625,0.7797584580816619,721.3265401574445,0.017174441432320105,0.010096226859361897,0.0007414131813352697,601.0069926487878,0.014310031016185809,3.559520348246694e-08,0.022281320062724826,0.6559603595310245,11497,191.61666666666667,16301,271.68333333333334,38812,646.8666666666667,0.0007414131813352697,0.818296635778888,1.3434038329196152,0.0007138503602727827,87.45078419966056,78.955078125,0.000210668391966181,0.00036519739203277153,0.00013562060906582255,0.2951156204301397,0.5115881595874227,0.1899846475023113,1,0,1.0
S3,810,870,60,30,1.238912725844076e-06,0.023964811929995288,-0.1914123320276535,0.27660297654497623,0.46801530857262974,-0.0013787636602409182,0.026926344888866596,0.023964811962019425,24.121112919747873,0.6072219600409957,4.528804383646484,0.017707743857364747,0.016147693948577003,0.013540250715828216,0.27660297654497623,743.7252420093193,0.017707743857364747,0.01106075559506393,0.0005743122108400445,628.2035300892832,0.014957583039817214,1.5303546699091723e-07,0.02023585056565099,0.2183043583980903,11567,192.78333333333333,16370,272.8333333333333,39502,658.3666666666667,0.0005743122108400445,0.8443984715908834,1.335625519280218,0.0005294742692667998,90.88134664469702,82.5439453125,0.00014635934485304666,0.00026410157146439044,0.00011761619442576361,0.27642390451894994,0.4987996335121449,0.2221376963013425,1,0,1.0
S3,840,900,60,30,-1.7972409843649523e-07,0.028569792377283812,-0.23035346595507866,0.3351805568787268,0.5655340228338055,-0.0013202880882790633,0.031504028631624006,0.02856979237784911,34.28178753356301,0.5534375699677829,4.692788250026559,0.020914604670949247,0.01946310221859077,0.015790657871196004,0.3351805568787268,878.4133961798684,0.020914604670949247,0.012862445287930006,0.0008162330364811042,747.2580575916652,0.0177922821398525,1.21732696873966e-07,0.024239456684997145,0.28038591428886417,11664,194.4,16229,270.48333333333335,39499,658.3166666666667,0.0008162330364811042,0.8484295708172604,1.318638657042561,0.0008040093395235613,90.95566694876239,82.71484375,0.0002179557320365145,0.00040384496868313847,0.00018013361609157567,0.27108606992758366,0.5022889024180345,0.2240441836139851,1,0,1.0
S3,870,930,60,30,3.137237448674939e-06,0.035205950154319224,-0.2884904719202429,0.4297416490133945,0.7182321209336374,-0.0008618784581632391,0.03830329649509718,0.035205950294100403,52.057275316648074,0.43590881832206807,6.613162170728597,0.02542895540206334,0.02434804228825271,0.019187865508082727,0.4297416490133945,1068.0161268866602,0.02542895540206334,0.015557392724944455,0.0012394589262684098,906.4831454848918,0.021583445926924256,8.559481638069719e-08,0.02992892267597495,0.3870803932396991,11563,192.71666666666667,15952,265.8666666666667,39431,657.1833333333333,0.0012394589262684098,0.8501097838514986,1.3012874760200217,0.0012420544867222843,91.97753640470775,83.740234375,0.0003049935997785493,0.0006559921153821632,0.00027618685267952973,0.2455557328917278,0.5281508358890853,0.22236291212020187,1,0,1.0
S3,900,960,60,30,3.536113590987402e-07,0.031230871279135358,-0.2884904719202429,0.4297416490133945,0.7182321209336374,-0.00025462520830490465,0.023575535855112267,0.031230871281137235,40.96542748111643,0.4707867611638309,11.430273385050537,0.02000655787256853,0.02398134614800697,0.011812572698549913,0.4297416490133945,840.2754306478782,0.02000655787256853,0.010311004098199838,0.0009753673208539218,692.5457066136584,0.016489576099756147,1.4227889228523508e-08,0.026080781853112592,0.3870803932396991,11117,185.28333333333333,16182,269.7,37770,629.5,0.0009753673208539218,0.8350961976054948,1.311090671557249,0.0010716152009927384,89.94811777053619,81.5185546875,0.0002714756703454251,0.0005741796700117411,0.0002215353357325697,0.2533331648281319,0.5358076942915929,0.2067303034963862,1,0,1.0
S3,930,990,60,30,-3.219028700487454e-06,0.01750408580162835,-0.28572816852209204,0.3233072696761211,0.6090354381982132,-9.125834807039573e-05,0.015506246294277728,0.017504086097620546,12.868507264742341,0.3988425005599888,19.758534658775893,0.011339721876354293,0.013334306801624327,0.007763156712750709,0.3233072696761211,476.2683188068803,0.011339721876354293,0.006516956167850794,0.0003063930197507671,376.2885387137137,0.008959464242332286,-3.7859428000485746e-08,0.013964528442138037,0.2287355279605197,10902,181.7,16827,280.45,38625,643.75,0.0003063930197507671,0.7977867910610312,1.3906282980383835,0.000312636652134776,83.52033631119083,74.169921875,0.0001062079569618371,0.00014982823108939674,5.592092962584147e-05,0.3397169085474067,0.4792407738066699,0.17886875785035675,1,0,1.0
S3,960,1020,60,30,-1.9495598130527275e-06,0.014592190822537699,-0.08035529300897279,0.08102568475894714,0.16138097776791993,4.346291275774132e-05,0.017681289102444736,0.014592190952771174,8.94314554568975,-0.044049444598684526,0.9974149226426117,0.011192934898398794,0.009362170964169757,0.008841915401404908,0.08102568475894714,470.1032657327494,0.011192934898398794,0.007138119063720141,0.00021293203300135345,390.84959175202135,0.009306164236101368,2.4920632784028235e-08,0.01218384669053932,0.07630402571280359,11446,190.76666666666668,17118,285.3,39643,660.7166666666667,0.00021293203300135345,0.8349566448734564,1.4087782582221204,0.0002160077138970961,87.87016410672342,75.0244140625,7.33545289616238e-05,9.547464065253839e-05,4.663212264483379e-05,0.33959217306734313,0.4419964404512958,0.21588174701505736,1,0,1.0
S3,990,1050,60,30,-1.2185333254762724e-06,0.02127404771576079,-0.2622642237463719,0.4915185687350973,0.7537827924814693,-0.00013476781676257472,0.021092961353726312,0.021274047750658324,19.0085745232862,1.4107417446130672,40.42194238817619,0.014298445079991923,0.015752446666843386,0.010546998668767453,0.4915185687350973,600.5346933596608,0.014298445079991923,0.008633570920070227,0.000452585106212467,507.68630426108047,0.012088056959953344,8.948593644562319e-08,0.017404359459600463,0.38943188486551594,11831,197.18333333333334,16753,279.21666666666664,39184,653.0666666666667,0.000452585106212467,0.8181028684403351,1.3586734226021453,0.00048719138754177476,86.16757054431932,76.220703125,0.000146514613967024,0.0002510419166981383,8.832021149116096e-05,0.3007331773787995,0.5152839789816942,0.18128442692059668,1,0,1.0
S3,1020,1080,60,30,5.000983862720984e-06,0.027085277226870257,-0.27964418432254373,0.4915185687350973,0.771162753057641,-0.0007063547270642512,0.02746730940353187,0.027085277688557233,30.81171523358276,1.0230710883663625,19.247039617626537,0.01869201125888892,0.01960155561591544,0.01374445643831504,0.4915185687350973,785.0644728733346,0.01869201125888892,0.011234037237796446,0.0007336122424564166,649.104435796018,0.015455235500750448,2.2491263533988404e-07,0.021935181158054616,0.38943188486551594,11525,192.08333333333334,15973,266.21666666666664,39182,653.0333333333333,0.0007336122424564166,0.8098562541679865,1.3319979666323396,0.0006730122339175996,87.44161484261139,79.1259765625,0.0001847312302233252,0.00036710717567259743,0.0001193668391618711,0.2744842083300715,0.5454688000776288,0.17736206438185761,1,0,1.0
S3,1050,1110,60,30,-5.677777113961732e-07,0.021357072316920966,-0.27964418432254307,0.34970130972052504,0.629345494043068,-0.00022043339166022,0.01374010896060455,0.021357072324468148,19.157230607447662,0.8790836885189227,16.065566621940956,0.012981919826318628,0.01695860536410936,0.006852007136243664,0.34970130972052504,545.2406327053824,0.012981919826318628,0.006284144760766769,0.0004561245379501919,463.14352862046405,0.011027489431187983,1.1029894639295779e-08,0.017488135182376657,0.262650706711786,12845,214.08333333333334,18029,300.48333333333335,37859,630.9833333333333,0.0004561245379501919,0.8188451545636716,1.3320411432398023,0.0004869337092871658,87.34912254969463,81.1767578125,0.00013687861868214382,0.00026368235711947424,8.539480488740726e-05,0.28110318934896456,0.5415159231951415,0.17537254714285197,1,0,1.0
S3,1080,1140,60,30,6.0561508224042095e-06,0.016743176444635854,-0.34902937694473146,0.494093967649297,0.8431233445940285,-2.33224921018383e-05,0.007854247719200486,0.01674317753991672,11.774027753593213,4.134987577633367,124.47638416540121,0.006837524740803937,0.015283397840534863,0.0039303625013258426,0.494093967649297,287.17603911376534,0.006837524740803937,0.0033309815675111568,0.0002803339574562089,260.8632616462224,0.006211177924384447,8.36768206911305e-08,0.013579500168318838,0.4366527285482749,14167,236.11666666666667,20240,337.3333333333333,37141,619.0166666666667,0.0002803339574562089,0.8110468293290556,1.3478356389506194,5.251947255321325e-05,93.69693600858382,78.7841796875,1.8652992173313848e-05,1.999414536906377e-05,1.3790895802216302e-05,0.35516335687519424,0.3806996604698477,0.2625863347778908,1,0,1.0
S3,1110,1170,60,30,-1.1886150818046477e-06,0.019025691820361696,-0.3490293769802794,0.4940939675196174,0.8431233444998969,-6.105826301118278e-06,0.007623571746642628,0.01902569185749059,15.203031927559714,4.311135628706422,101.64318508168687,0.007445877190385595,0.017508165624127478,0.0038134986309682237,0.4940939675196174,312.726841996195,0.007445877190385595,0.003328375247487783,0.00036197694924337793,280.11676891190575,0.006669605678990113,3.072139095079742e-09,0.015378371934659638,0.43665272849952724,14321,238.68333333333334,20184,336.4,36462,607.7,0.00036197694924337793,0.808295019169888,1.343242915648467,0.00040976730590716403,85.96359548496864,79.4677734375,0.0001187063073835031,0.00021604630471734618,7.363014500374446e-05,0.2896919926803456,0.5272414406977924,0.17968770065912953,1,0,1.0
S3,1140,1200,60,30,4.630732779440814e-06,0.01285909728334028,-0.22413282219074027,0.38129010059012497,0.6054229227808652,1.3412469947577624e-05,0.007567768699291136,0.012859098117134631,6.944968984216008,5.897337067865884,163.7140915042291,0.005865336571136143,0.011443523552358703,0.0037837649746077775,0.38129010059012497,246.344135987718,0.005865336571136143,0.0031558683136681392,0.00016535638294240936,224.82746137654215,0.0053531622509236446,-1.707272841919781e-08,0.010573064754560749,0.31121477303885825,13903,231.71666666666667,20140,335.6666666666667,38142,635.7,0.00016535638294240936,0.8222244938032144,1.4001403228491933,7.145065148128506e-05,89.26915388880917,74.169921875,2.6127582954929127e-05,2.8576078081395325e-05,1.6621220969796855e-05,0.36567312422298454,0.3999414629393576,0.2326251843085073,1,0,1.0
S3,1170,1230,60,30,4.065508503470119e-07,0.022515345346837794,-0.40312297551578397,0.5200836717372184,0.9232066472530023,-0.00010575062704873037,0.00903893468099621,0.022515345350508257,21.291512602611462,3.5375609359246725,78.30539772314154,0.009194574389578282,0.020552386188644012,0.0045213498528454054,0.5200836717372184,386.17212436228783,0.009194574389578282,0.00401545579488806,0.0005069407760873703,325.1636595494593,0.007742176231564068,-7.087560368302827e-08,0.01770458687412641,0.4651324367014474,13064,217.73333333333332,19371,322.85,36101,601.6833333333333,0.0005069407760873703,0.7863342356688728,1.3628376332530654,0.0005604153599320859,82.88802331903925,74.3408203125,0.00019474603166042952,0.0002754053102729577,8.833093674274483e-05,0.3475030229079194,0.49143069580807497,0.15761690891814467,1,0,1.0
S3,1200,1260,60,30,-1.7163896034771716e-06,0.02376234388558593,-0.40312297551578397,0.5200836717372184,0.9232066472530023,-0.0004668786229605294,0.012520260773390378,0.02376234394757462,23.71525757507912,3.053117547208067,62.70860195842239,0.01146063704936964,0.020815926313893705,0.006294700597729981,0.5200836717372184,481.34675607352483,0.01146063704936964,0.00548866118819257,0.000564648986936843,403.41067770773424,0.009605244832203963,3.422366452318224e-08,0.018893821217025944,0.4651324367014474,12467,207.78333333333333,18014,300.23333333333335,37058,617.6333333333333,0.000564648986936843,0.7951160587523861,1.352846233479654,0.0005514221649984293,85.25681321054165,77.24609375,0.00017590066459852763,0.0002788802786267382,9.497146711444796e-05,0.31899454857609627,0.5057473136349762,0.17223005011907436,1,0,1.0
S3,1230,1290,60,30,1.0872540248742448e-06,0.012267212865200513,-0.05608910168342897,0.08973072428694762,0.14581982597037657,-0.0008259496693888595,0.014477626064158523,0.01226721291338266,6.320349531815017,0.5392163701527168,1.5785594006388761,0.009306989351998996,0.007991524376740623,0.007312934641121634,0.08973072428694762,390.89355278395783,0.009306989351998996,0.00589972211498666,0.000150484511480141,339.16468417766896,0.00807554189808493,-7.44892843064737e-08,0.010636613652345524,0.0695528523127879,11958,199.3,17315,288.5833333333333,39691,661.5166666666667,0.000150484511480141,0.8670766350292449,1.3573350190691365,0.00014978139183714393,92.85392370053711,82.03125,4.133688007400423e-05,7.20933523779747e-05,3.600787629558443e-05,0.27598141242371066,0.48132382463344453,0.2404028688339036,1,0,1.0
S3,1260,1320,60,30,4.9853187654708e-07,0.011831118909940307,-0.05704677190921628,0.08145532347813682,0.13850209538735309,-0.000690364916274657,0.014175678392992564,0.01183111892044371,5.8789657462066085,0.4745509888702792,1.2979066293020223,0.009026827518629047,0.007647990576524172,0.0071308430622156705,0.08145532347813682,379.12675578242,0.009026827518629047,0.005761707772546218,0.0001399753746611471,320.6309646234762,0.007634252354186437,-4.2981690197376505e-08,0.010015807489295085,0.05437333146267942,11625,193.75,16809,280.15,39644,660.7333333333333,0.0001399753746611471,0.846564688051607,1.3677199223089336,0.00013824312250176809,89.77131489783814,79.296875,4.119791237591202e-05,6.628192999366038e-05,3.0377619532554223e-05,0.29801057463372266,0.47945914989595706,0.2197405482660861,1,0,1.0
S3,1290,1350,60,30,3.822110824753391e-07,0.01088670477188823,-0.05704677190921628,0.08145532347813682,0.13850209538735309,-0.0005524140792681448,0.013130217674885517,0.010886704778597572,4.977854319326248,0.4319666153688363,1.4260910415768633,0.008300061285620714,0.007044808272144776,0.00658136131751897,0.08145532347813682,348.60257399606996,0.008300061285620714,0.005283314822233157,0.00011852034079025394,292.5264194102658,0.006965080583115451,-5.1333301655428014e-08,0.009120336637357328,0.05991826098439996,11530,192.16666666666666,16479,274.65,39748,662.4666666666667,0.00011852034079025394,0.8377499737944546,1.3662256676389537,0.00012100238917535033,88.65831731307293,78.7841796875,3.664066709119103e-05,5.7791180968122096e-05,2.6176265480131776e-05,0.30280945145713856,0.47760363544866985,0.21632850110255675,1,0,1.0
S3,1320,1380,60,30,-2.1557963076916655e-06,0.009472802757146846,-0.054765445110121797,0.06518247970198288,0.11994792481210467,-0.00037323629131775756,0.01166057630318032,0.009472803002452158,3.768827862377198,0.3175442840016455,1.1982570230232348,0.007287445303913592,0.006052035828193214,0.0058441770850387546,0.06518247970198288,306.0727027643709,0.007287445303913592,0.004677908402899112,8.973399207580889e-05,259.32896902205914,0.0061746462778175465,-5.6416288167472515e-08,0.008001636590520536,0.05991826098439996,11693,194.88333333333333,16855,280.9166666666667,39899,664.9833333333333,8.973399207580889e-05,0.8446957881059675,1.380777506099604,8.813269216823111e-05,89.58466531938534,77.9296875,2.7331977747061517e-05,4.044917017548518e-05,2.009119253854104e-05,0.3101230323804154,0.45895761470980856,0.2279652651503053,1,0,1.0
S3,1350,1410,60,30,-1.6775259470727034e-06,0.00909292801113174,-0.0417701033489379,0.055666250268675097,0.09743635361761299,-0.00034618087198820947,0.011500395333268805,0.009092928165872505,3.4726163904481355,0.2498612750243031,0.7074496011172293,0.007069894117015855,0.00571821124162986,0.00576179030285758,0.055666250268675097,296.9355529146659,0.007069894117015855,0.004563938103312065,8.268133981562421e-05,251.85796647765417,0.005996761029492468,2.797373552606136e-08,0.007693003526712443,0.04772492607683043,11704,195.06666666666666,16909,281.81666666666666,39882,664.7,8.268133981562421e-05,0.846042497784489,1.390271743495372,8.193394031953176e-05,89.37100607022485,77.0751953125,2.59291829679217e-05,3.7023023711573125e-05,1.8730890721516606e-05,0.3164644940399698,0.45186431370428576,0.22860966589021056,1,0,1.0
S3,1380,1440,60,30,-1.0892325194934129e-07,0.018153239386699237,-0.28115882938744363,0.38204653300847996,0.6632053623959235,-0.0005049939856854044,0.014440478211235853,0.018153239387026017,13.840684210192254,1.2318831014314278,36.30297102077084,0.011118227976807282,0.014350090832409828,0.0072524135465943385,0.38204653300847996,466.9655750259059,0.011118227976807282,0.006147026395248302,0.00032954010023080843,394.3522613966509,0.009389563118089738,2.5174604205215538e-08,0.01498276024476955,0.33550955151660045,11733,195.55,16697,278.28333333333336,38569,642.8166666666667,0.00032954010023080843,0.8253491250573892,1.335335301592046,0.0002996715199708424,88.1264238158258,79.8095703125,8.752537058381782e-05,0.0001559852864069307,5.557765089399168e-05,0.29207103361818937,0.52052089041397,0.18546190475290844,1,0,1.0
S3,1410,1470,60,30,-2.3832800453368388e-07,0.024736827114068084,-0.28115882938744363,0.38204653300847996,0.6632053623959235,-0.0005895866305345254,0.024407357498377504,0.024736827115216176,25.70024586057996,0.5312165843983876,10.494693647301556,0.01734762699431567,0.017634354351497662,0.012197732763269253,0.38204653300847996,728.6003337612581,0.01734762699431567,0.010094696936823053,0.000611910615671294,617.9581617087943,0.014713639889254369,8.73793103658913e-08,0.02082767238188227,0.33550955151660045,11701,195.01666666666668,16258,270.96666666666664,39067,651.1166666666667,0.000611910615671294,0.8419702448434611,1.3160635251941006,0.0006419581139524432,90.07739124677074,82.373046875,0.000164751199076734,0.0003518641753285518,0.00012386573752838184,0.25663854930095786,0.5481107998809689,0.19294987451090606,1,0,1.0
S3,1440,1500,60,30,2.586116368076882e-06,0.029813797731406848,-0.33466495522748996,0.5073072495490865,0.8419722047765764,-0.0004803322869808861,0.03168409496060173,0.02981379784356964,37.33222675800399,0.37153156752750965,16.63831633649317,0.020858744660472998,0.021302002559534797,0.015845384638483354,0.5073072495490865,876.0672757398659,0.020858744660472998,0.012785443308829426,0.00088886253516924,736.2931515404706,0.017531206732076254,-6.560791765184996e-07,0.024674984331213658,0.4212337351082903,11590,193.16666666666666,15839,263.98333333333335,39436,657.2666666666667,0.00088886253516924,0.8276364035709616,1.3140041795407447,0.0006353780318011691,91.85543004904571,83.5693359375,0.00014646489437926985,0.0003554212128487916,0.00013191997891309225,0.2305161447966202,0.5593854289252712,0.20762439415653952,1,0,0.8809047619047619
S3,2250,2310,60,30,7.69610982216489e-07,0.01819149618029807,-0.183502516576639,0.277472921610336,0.46097543818697495,0.00041740508401803356,0.020896957133090626,0.018191496196577686,13.899082422544218,-0.14331582760272146,4.720400299036986,0.013535556868426684,0.012153980176538369,0.010464545903444046,0.277472921610336,568.4933884739207,0.013535556868426684,0.008490412162285289,0.0003309305332777993,472.3260860565547,0.011246126956750273,1.7518953075472536e-08,0.014971380115387645,0.21664491816339407,11664,194.4,17439,290.65,39629,660.4833333333333,0.0003309305332777993,0.8229878382187219,1.442702750086027,0.00033105103300546366,85.4027999055081,70.751953125,0.00012534685943712783,0.00013648233818744232,6.845846449882348e-05,0.3786330412539722,0.4122697849584714,0.2067912728660588,2,1,1.0
S3,2280,2340,60,30,3.4570372633627074e-06,0.02627043715897148,-0.25096630367352213,0.3026207758958326,0.5535870795693547,0.0006721062289456368,0.02641992646206756,0.026270437386434514,28.9857069799322,0.021560047622808994,8.255982495237912,0.018239349304198335,0.018906665952357012,0.013220110492608114,0.3026207758958326,766.05267077633,0.018239349304198335,0.010921826488484217,0.0006901358685234695,625.2775310052107,0.01488791473618921,9.0144739376193e-08,0.021011188759547994,0.22179569661342138,11419,190.31666666666666,16980,283.0,39259,654.3166666666667,0.0006901358685234695,0.7998035446613256,1.4005360743980266,0.0007191354096465655,83.60530754867372,72.119140625,0.0002457932681719736,0.00034481773685286033,0.000126219676915305,0.3417899673342104,0.4794893037214346,0.17551586978221304,2,1,1.0
S3,2310,2370,60,30,4.280175434207954e-06,0.027345718299855593,-0.25096630367352213,0.3026207758958326,0.5535870795693547,0.000660635415594606,0.02765369061163437,0.02734571863482397,31.407109761508273,-0.06295550295487458,6.774685395133975,0.01917156890417884,0.019499724957221368,0.013841740939009056,0.3026207758958326,805.2058939755112,0.01917156890417884,0.011448900064021139,0.0007477883093350571,649.7099799592779,0.01546965356221048,7.71950890818582e-09,0.021758506000793997,0.22179569661342138,11145,185.75,16612,276.8666666666667,39245,654.0833333333334,0.0007477883093350571,0.7956823719971143,1.3971591384446271,0.0007789798968326639,84.05444736612611,73.14453125,0.00026248569846595474,0.0003757401486941642,0.00013822043323687713,0.33696081186847426,0.4823489671837816,0.17743774107506766,2,1,1.0
S3,2340,2400,60,30,1.8337561342280306e-06,0.024192708767780038,-0.3617280556688298,0.30430543385354103,0.6660334895223708,0.0006419952208943291,0.024691979535162008,0.02419270883727746,24.58206075718188,-0.6869652622023461,11.498380764515197,0.01685131455673318,0.017358581698840355,0.012368447121338834,0.3617280556688298,707.7552113827935,0.01685131455673318,0.010107179601005998,0.0005852871575226211,569.740061051581,0.013565562538431416,6.901520259095284e-08,0.01912269238088001,0.30694390932017757,11165,186.08333333333334,16677,277.95,39224,653.7333333333333,0.0005852871575226211,0.7904320497730994,1.434058656359371,0.000583020518676522,82.13739524854444,70.2392578125,0.0002275400357226693,0.0002527738264319453,0.00010087872404760089,0.39027792064538913,0.43355905724510546,0.17302774227672002,2,1,1.0
S3,2370,2430,60,30,1.1585070912614933e-06,0.03530905784324799,-0.39389393096966807,0.32854381519128895,0.722437746160957,0.0008060255917050541,0.030109274814879294,0.03530905786225357,52.36264181903878,-0.4386680636975317,9.157071994391398,0.023102474876133372,0.026702157622888776,0.015083660979577215,0.39389393096966807,970.3039447976016,0.023102474876133372,0.012813607603049287,0.0012467295657778324,789.0834989612715,0.018788149693118206,-1.365404666508535e-07,0.028528863667390335,0.39326549334923433,11147,185.78333333333333,16381,273.01666666666665,38544,642.4,0.0012467295657778324,0.8079757832690456,1.3603887002070565,0.0012641418826706454,84.93786354599246,75.87890625,0.00041518953244900963,0.0006201085342791204,0.0002256247131769326,0.3284358647874825,0.49053713256384607,0.17848052997047642,2,1,1.0
S3,2400,2460,60,30,1.7088182390408363e-06,0.04332733470594982,-0.5152873893702453,0.5430929174467336,1.058380306816979,0.0007464379779100901,0.03765843283228604,0.043327334739647484,78.84483329694147,0.13500303328715174,10.627274519254264,0.028598839226387864,0.03254787751213099,0.018871050665452586,0.5430929174467336,1201.1512475082902,0.028598839226387864,0.01588214609360878,0.001877257932721404,977.1869403241312,0.023266909696043506,4.670033567036996e-07,0.03459346853992638,0.39326549334923433,11182,186.36666666666667,16176,269.6,38598,643.3,0.001877257932721404,0.7984213378160072,1.3463375067925727,0.0016811776914790852,86.98657413761323,78.955078125,0.0004801996338831173,0.0008846211762961781,0.0003123774760261794,0.28563288480270155,0.5261913602469328,0.18580872064234474,2,1,1.0
S3,2430,2490,60,30,6.523156570832296e-07,0.05411467994088825,-0.6007807144311261,1.0328958075823296,1.6336765220134557,0.00045307643959566907,0.039443564909450626,0.05411467994481987,122.99274059227216,1.342759202062232,28.967722363868184,0.032307012257941047,0.04341261964562305,0.0197250233163434,1.0328958075823296,1356.894514833524,0.032307012257941047,0.016900839246214473,0.0029283985851047733,1076.825726209621,0.025639318226853523,3.7769896236935656e-08,0.041641919849440344,0.8410739820699609,11086,184.76666666666668,15933,265.55,37934,632.2333333333333,0.0029283985851047733,0.7695124482844131,1.3537992921833675,0.003146585520029946,80.87194392958087,72.9736328125,0.001109665529870899,0.0015624282845184865,0.0004654128642253859,0.3526570381790667,0.496547217475156,0.1479104449133029,2,1,1.0
S3,2460,2520,60,30,-1.4805655913861639e-06,0.04879020437426099,-0.6007807144311261,1.0328958075823296,1.6336765220134557,0.0008696287049668925,0.035406661338027695,0.048790204396725274,99.98032989311768,1.5854320639080892,39.926038862023944,0.028624450655106617,0.039511072748883914,0.01771334245625701,1.0328958075823296,1202.226927514478,0.028624450655106617,0.01523703151373262,0.002380484042882156,972.5281323226202,0.023155983054897026,-7.745790120347362e-08,0.038095285602701784,0.8410739820699609,11335,188.91666666666666,16092,268.2,38056,634.2666666666667,0.002380484042882156,0.780797827991857,1.3519374711092502,0.0024218594961378077,82.7409439113612,76.220703125,0.0008078654589733687,0.0012234014809961613,0.00038319200554740447,0.33357238942295764,0.5051496517230444,0.1582222280683455,2,1,1.0
S3,2490,2550,60,30,3.993584778616832e-06,0.032297492117119395,-0.777953807101309,0.7899315447536854,1.5678853518549944,0.0008182878393992636,0.027058893432535445,0.03229749236402277,43.81137654617257,0.08238363310766544,54.86793119578171,0.02023997888744004,0.02516885511182601,0.013559386363691821,0.7899315447536854,850.0791132724817,0.02023997888744004,0.011416780377745942,0.0010431279970553892,705.8152953429949,0.016805526211171574,4.628404547502606e-09,0.025839023354418438,0.9981821466805768,11600,193.33333333333334,16737,278.95,38800,646.6666666666666,0.0010431279970553892,0.8000318805162702,1.3953612524820107,0.0011446585571839763,82.73551121455222,73.9990234375,0.0004199229414053418,0.0005123987321746788,0.0002097530368993092,0.36685432417367525,0.4476432984830454,0.1832450695300192,2,1,1.0
S3,2520,2580,60,30,-2.5913998037906827e-07,0.027227258376319324,-0.777953807101309,0.7899315447536854,1.5678853518549944,0.0005239112508040925,0.021135082394727465,0.027227258377552528,31.13559114783618,0.40700959582402,107.24385055717946,0.01570227575879711,0.022243249195041104,0.010592478522326067,0.7899315447536854,659.4955818694787,0.01570227575879711,0.008824009511174393,0.0007413235986908507,548.0465403320708,0.013049037842140784,7.430735814240247e-08,0.02129279358039097,0.9981821466805768,11775,196.25,17250,287.5,38566,642.7666666666667,0.0007413235986908507,0.7820395754171928,1.4355557517067878,0.0007502195731836403,81.08038491147664,70.9228515625,0.0002975300757074856,0.00031397960701952203,0.00013688174353818913,0.3965906600448767,0.4185169492274303,0.18245557491564263,2,1,1.0
S3,2550,2610,60,30,-1.677158688215691e-07,0.017910393952244415,-0.11086399979046208,0.18027016380026384,0.2911341635907259,0.00037498217892953357,0.021355019743228565,0.017910393953029676,13.472852885214323,-0.05965822961955889,1.9984680917794595,0.013560032791890947,0.01170075733598318,0.01067974448080082,0.18027016380026384,569.5213772594198,0.013560032791890947,0.008574478097324045,0.0003207822115245934,486.92426024191184,0.0115937108083981,-9.239873034843576e-08,0.015218242372101527,0.1065172994924641,11943,199.05,17094,284.9,39698,661.6333333333333,0.0003207822115245934,0.8496877518539716,1.3806589928994366,0.00031923859028012654,89.54858451350177,78.1005859375,0.00010292920223316021,0.00014397156029901553,7.157586110539003e-05,0.32242092706536996,0.45098420016415586,0.22420804778828088,2,1,1.0
S3,2580,2640,60,30,-6.109480533504793e-07,0.020907371276216672,-0.11086399979046208,0.18027016380026384,0.2911341635907259,0.0002173370231668511,0.02578270430910061,0.020907371285143132,18.358963310302755,-0.018322432758409463,1.1833159691275155,0.016062454954075565,0.013383411930562434,0.012890414594892886,0.18027016380026384,674.6231080711738,0.016062454954075565,0.01027408618432527,0.00043711817368157,582.3193629715888,0.01386507685829636,5.936033379727184e-08,0.018023482836268614,0.1065172994924641,12014,200.23333333333332,16734,278.9,39865,664.4166666666666,0.00043711817368157,0.8620635563482509,1.3540434252691662,0.00042777396126102716,92.42288851985654,82.03125,0.00012157049705381471,0.00020263041215669755,0.00010212605628252927,0.2841933078288338,0.47368570905851076,0.23873836542428556,2,1,1.0
S3,2610,2670,60,30,2.384246167941055e-06,0.02237983769947081,-0.11890078950521152,0.10827916018081665,0.22717994968602817,0.00028359693774757415,0.027804586124055463,0.022379837826474184,21.03599992784996,-0.08912690343230135,0.736330426606143,0.017302829138742905,0.014193986224269567,0.01391598550260352,0.11890078950521152,726.7188238272021,0.017302829138742905,0.01107376508353344,0.0005008571354546549,639.0589374081915,0.015216051272844389,-3.396766020260357e-08,0.01968422706086113,0.10052460858050741,12060,201.0,16956,282.6,39936,665.6,0.0005008571354546549,0.8795518236187468,1.3364697402150112,0.0005004225378660131,94.5453554751955,84.5947265625,0.00013025647755367185,0.00024508619281213615,0.00012327741400305293,0.26029298782012034,0.4897585025991723,0.24634664643353885,2,1,1.0
S3,2640,2700,60,30,7.664526497967734e-06,0.024297594737971162,-0.14725613413269972,0.11431317844643193,0.26156931257913163,0.0004762652744563392,0.03038564206432838,0.024297595946834952,24.795673089417313,-0.10775346577634519,0.67111485924258,0.018839016318495473,0.015344856889104948,0.01519005777915893,0.14725613413269972,791.2386853768098,0.018839016318495473,0.01210269313982251,0.0005903731100506839,692.3321891319431,0.016484492229146958,-2.42819648877709e-08,0.021273931837174315,0.13844521058841247,12003,200.05,16989,283.15,39892,664.8666666666667,0.0005903731100506839,0.8755571103475684,1.3353128255399827,0.000585629189929278,94.02443081918582,83.9111328125,0.00015118333873809068,0.00029295794355004,0.00013935161512953825,0.25815540163964157,0.5002447770498228,0.23795196265125837,2,1,1.0
S3,2670,2730,60,30,-2.4177068398204082e-06,0.02660403379690037,-0.2445336393157594,0.2497125084951352,0.4942461478108946,0.0007158374797038476,0.03216747422758105,0.02660403390675789,29.726534044700788,-0.2174990307701735,2.0501269060706973,0.02027915002720857,0.01722006661676691,0.016107370878775385,0.2497125084951352,851.7243011427599,0.02027915002720857,0.012938667923444272,0.0007077746142666173,734.7074005809895,0.01749344985787732,9.101789646597556e-08,0.022877765665009545,0.2036977098071968,11847,197.45,16825,280.4166666666667,39825,663.75,0.0007077746142666173,0.8599359721034118,1.345343064346286,0.000699088644750609,91.98167034815991,81.8603515625,0.0001882176456518339,0.00035103997928024596,0.00015753299929206066,0.26923287492243303,0.5021394381330211,0.2253405207979863,2,1,1.0
S3,2700,2760,60,30,4.589307028450454e-06,0.02779936499756397,-0.2445336393157594,0.2497125084951352,0.4942461478108946,0.0007932773395485839,0.03324632915647645,0.027799365376380874,32.45779804384,-0.23747377081065071,1.8778924835257138,0.021148390947605664,0.018043011823328018,0.01666585392915127,0.2497125084951352,888.2324197994379,0.021148390947605664,0.013450860706512706,0.0007728046942677848,760.5471790423576,0.01810869732713535,1.5149721843188047e-07,0.023730181286533588,0.2036977098071968,11704,195.06666666666666,16524,275.4,39866,664.4333333333333,0.0007728046942677848,0.8536231417017273,1.3406315067943235,0.000770429395903689,91.51254081492898,82.2021484375,0.0002080693981888626,0.00038957434566107155,0.00017031355716826468,0.2700693915563851,0.5056587245144162,0.22106316045806162,2,1,1.0
S3,2730,2790,60,30,-2.0007814288212916e-06,0.02774953838971766,-0.14957898213753154,0.12681348635174075,0.2763924684892723,0.0008079452975160125,0.03458930012978598,0.027749538461847262,32.3415491635127,-0.19967367147803106,0.7305979825512567,0.021475765813866534,0.0175735132387779,0.01730551584743572,0.14957898213753154,901.9821641823944,0.021475765813866534,0.01380824598221111,0.0007700368808424143,769.2949486167576,0.018316982514268377,1.1403267260297003e-07,0.02366861428970862,0.13464612819925517,11705,195.08333333333334,16334,272.23333333333335,39930,665.5,0.0007700368808424143,0.8529372257406201,1.3328023853547575,0.0007698519055780333,91.51666806125942,82.5439453125,0.0002096982407609534,0.0003882055794846562,0.00016973844487512438,0.2723877660645708,0.5042600747908483,0.2204819441833796,2,1,1.0
S3,2760,2820,60,30,3.178032443701763e-06,0.030066438293639496,-0.1920368528259213,0.18439824220659098,0.37643509503251227,0.0009738803006554744,0.03672205247957715,0.030066438461599034,37.967610314135115,-0.21905873854958705,1.1058963829730066,0.023036076829589202,0.019321746454872685,0.0183877402502845,0.1920368528259213,967.5152268427464,0.023036076829589202,0.014643550889832647,0.0009039907116652315,823.0784084229592,0.019597571571298347,-2.0697970349831607e-08,0.025561747232013095,0.15358334569202864,11722,195.36666666666667,16365,272.75,39791,663.1833333333333,0.0009039907116652315,0.8501754342289568,1.3336304186611783,0.0009112579415488995,90.70142551042544,82.5439453125,0.00025286122774359693,0.00046239189617165244,0.00019348517495808477,0.27748589747684305,0.5074215269780887,0.21232755966901176,2,1,1.0
S3,2790,2850,60,30,-5.813638339917577e-06,0.03421092461949574,-0.30458332524961235,0.20272354768342626,0.5073068729330386,0.0013487939080074332,0.0400560925145025,0.03421092511346647,49.15627067900685,-0.35529212590574694,2.090541753373717,0.025739124723198708,0.0225363008411503,0.020072398330819818,0.30458332524961235,1081.0432383743457,0.025739124723198708,0.01605177304256549,0.00117038736332082,925.1062088301612,0.022026862754593233,-1.184661958140467e-07,0.029219677603480095,0.23532745717361414,11742,195.7,16232,270.53333333333336,39647,660.7833333333333,0.00117038736332082,0.85410370893129,1.3237918788092717,0.0011842003161003135,91.8549460632699,83.3984375,0.0003069265169344607,0.0006164495685393044,0.00025758963304820827,0.25918462675740495,0.5205619016969465,0.21752201004005464,2,1,1.0
S3,2820,2880,60,30,-3.0409155377171636e-06,0.03443881769119404,-0.30458332524961235,0.20272354768342626,0.5073068729330386,0.0017061562906051618,0.040235426493385976,0.034438817825449046,49.81335127500762,-0.39649328864806194,2.0212566704673547,0.02591307400398289,0.0226835792783805,0.020183907896562915,0.30458332524961235,1088.3491081672814,0.02591307400398289,0.01616216204674632,0.0011860321639672999,936.1948035521029,0.022290883200840567,-5.212684211405845e-09,0.029567117015458083,0.23532745717361414,11795,196.58333333333334,16171,269.51666666666665,39675,661.25,0.0011860321639672999,0.8585404203065412,1.3216830444619005,0.0012044142212144517,92.17889086811836,83.5693359375,0.0003156359368780388,0.0006153654649210076,0.0002697381231272962,0.26206593322999155,0.5109251070620153,0.22395793604571534,2,1,1.0
S3,5010,5070,60,30,-1.272471759519516e-07,0.009471068074156281,-0.20075541452896045,0.19872566087180862,0.39948107540076905,0.00015181960175161949,0.009194583787628195,0.009471068075011087,3.767447480222757,0.9497437874502118,49.32976704998226,0.006087036892490075,0.007255970806925769,0.00459693773010271,0.20075541452896045,255.65554948458316,0.006087036892490075,0.003707699316050742,8.970113046530237e-05,231.30010177100777,0.005507276405890801,-4.570954309877736e-09,0.008033622900261527,0.17006413326066883,12881,214.68333333333334,18549,309.15,39367,656.1166666666667,8.970113046530237e-05,0.8482277645308967,1.40496043149023,6.126078987513033e-05,92.50443340178126,78.7841796875,2.1524581668016452e-05,2.278679897818512e-05,1.6830662848504715e-05,0.35135984553726196,0.3719638454651356,0.2747379340490247,3,0,1.0
S3,5040,5100,60,30,4.7676125648261835e-07,0.012426988286246131,-0.2253885442352987,0.2615353018948983,0.486923846130197,0.0003968438225014858,0.011288045828140175,0.0124269882953916,6.486061599939593,-0.28960239917629743,34.97584715279747,0.007941237012318293,0.009558597847382526,0.005656151220793933,0.2615353018948983,333.5319545173683,0.007941237012318293,0.004668862854891761,0.00015443003786649854,291.0563603770041,0.0069300783441749595,-3.433853364114581e-08,0.010337182285401038,0.1955443920662924,12381,206.35,17936,298.93333333333334,39104,651.7333333333333,0.00015443003786649854,0.8318332686321082,1.398274845373971,0.00015449704424155302,87.32917339622605,75.0244140625,5.1593272301134825e-05,7.081027300371739e-05,3.166817720320425e-05,0.3339434262604389,0.458327687441107,0.20497594215259995,3,0,1.0
S3,5070,5130,60,30,2.2996651142565524e-07,0.013075243896706746,-0.2253885442352987,0.2615353018948983,0.486923846130197,0.0005841236495469105,0.013148227340571887,0.013075243898729062,7.180404126472566,-0.4749504394236004,26.019611532091112,0.008880510831607864,0.0095967979233152,0.0066048482220847984,0.2615353018948983,372.9814549275303,0.008880510831607864,0.005383558383659056,0.00017096200295836698,327.3213359957904,0.007793550703487949,-5.089440173833901e-09,0.011013477506399721,0.1955443920662924,12420,207.0,17844,297.4,39488,658.1333333333333,0.00017096200295836698,0.8423152633637434,1.4026888543596698,0.0001712851440360949,88.33777079777923,75.537109375,5.6263700182582995e-05,7.780032096746237e-05,3.676432193647497e-05,0.328479743524789,0.4542152292616079,0.21463812371683344,3,0,1.0
S3,5100,5160,60,30,3.462760457435325e-07,0.009685418827972497,-0.1250571781693953,0.1444868419218974,0.2695440200912927,0.0003573077990607493,0.010958289634991363,0.009685418834162582,3.939908195712353,-0.3188275403376708,7.841724712888658,0.007086984557703786,0.006601665537727531,0.005500063957110141,0.1444868419218974,297.653351423559,0.007086984557703786,0.0044304564215916515,9.380733787324416e-05,275.3771869016825,0.006556755801368663,-6.4649894708485e-08,0.00862094787536195,0.09989755678672675,13176,219.6,18783,313.05,39900,665.0,9.380733787324416e-05,0.8900955166196587,1.409243462779353,9.385643912308649e-05,93.26713787640752,79.1259765625,3.2587708154855676e-05,3.522995927936629e-05,2.5790936578090607e-05,0.34720801747143915,0.3753600670185722,0.27479133897534197,3,0,1.0
S3,5130,5190,60,30,-2.4136888687601648e-06,0.007885279145431542,-0.06840291003544244,0.14460391149829893,0.21300682153374137,0.0002854270289938107,0.009379693431447294,0.007885279514847368,2.611460587145405,-0.18364048419604484,7.11790546478478,0.005907171721972971,0.005223308843481728,0.004703278943451558,0.14460391149829893,248.1012123228648,0.005907171721972971,0.003780500045370187,6.217762720137758e-05,237.76421039415624,0.005661187418608925,2.7915532002547868e-08,0.007283271147484583,0.0916190224675438,13741,229.01666666666668,19427,323.78333333333336,40029,667.15,6.217762720137758e-05,0.9236541932322407,1.4082913496831477,5.8669495628701854e-05,97.52208545855882,82.5439453125,2.070451577090721e-05,1.875280284577906e-05,1.9083379892464908e-05,0.3529008652458621,0.3196346354238122,0.3252691997428572,3,0,1.0
S3,5160,5220,60,30,1.102610589573201e-06,0.007750994802581223,-0.06075029863731608,0.06296008277583537,0.12371038141315145,0.00028705278080853425,0.009285047799762698,0.007750994881006646,2.5232727091064318,-0.33704025307919067,2.5644650207733575,0.00585613875534357,0.00507775152243139,0.004654147972993045,0.06296008277583537,245.95782772442993,0.00585613875534357,0.0037534158104377702,6.007792042964113e-05,236.36181490170583,0.005627796254713346,4.164954283809985e-09,0.007214992555591462,0.051076582023965596,13803,230.05,19441,324.01666666666665,40124,668.7333333333333,6.007792042964113e-05,0.9308472962965654,1.4020015665273153,5.799163078144597e-05,98.13321944048168,83.2275390625,1.9794777238947225e-05,1.930701147942847e-05,1.8780123013398072e-05,0.34133851682061045,0.3329275486697577,0.32384195374975805,3,0,1.0
S3,5190,5250,60,30,-9.202793770603431e-07,0.009666420391058207,-0.19098654979331775,0.16758015104431617,0.3585667008376339,0.00034372278800700576,0.010291516915420459,0.009666420434865227,3.924466728990362,-0.32370526241040537,25.773998436788375,0.006772445955596778,0.006897366149632837,0.005155388649809394,0.19098654979331775,284.44273013506466,0.006772445955596778,0.004175295946775715,9.343968317666591e-05,264.49758831677826,0.00629771157210358,-5.786000942060833e-08,0.008496562461424346,0.1718802812393237,13344,222.4,19085,318.0833333333333,39828,663.8,9.343968317666591e-05,0.8789771309019394,1.4186335635187397,9.454775841487824e-05,91.95842449015424,76.5625,3.262285131698243e-05,3.704676007593032e-05,2.463447799033628e-05,0.34504098102286507,0.39183118348896323,0.2605506296853649,3,0,1.0
S3,5220,5280,60,30,3.830785415406552e-07,0.009894952807085975,-0.22849591241958989,0.16758015104431617,0.39607606346390606,0.00026273912339082567,0.009929615478797293,0.00989495281450133,4.112223830450727,-0.541764786384613,35.85528292012667,0.00668176298055857,0.007298228187227694,0.004979791243044558,0.22849591241958989,280.63404518345993,0.00668176298055857,0.0040489483777971826,9.791009105445861e-05,259.6890628091859,0.006183220143555463,7.505455711508674e-09,0.008571601803096065,0.198593478509346,13385,223.08333333333334,18938,315.6333333333333,39664,661.0666666666667,9.791009105445861e-05,0.8662599984264472,1.4159530142735564,8.922403271129577e-05,91.8356769180602,77.4169921875,3.0146414173653353e-05,3.6182430988129286e-05,2.2679352382146077e-05,0.3378732529519125,0.40552337625453,0.25418434577520355,3,0,1.0
S3,5250,5310,60,30,-3.013932909821747e-07,0.00901540997481734,-0.2284959124195549,0.16816773125401002,0.3966636436735649,0.00010429815844623775,0.00936206475274442,0.009015409979855263,3.4136599184047025,-0.18004617239666923,33.9214951701343,0.006179442313851302,0.00656445807318913,0.004686003940488181,0.2284959124195549,259.5365771817547,0.006179442313851302,0.003805800374680735,8.127761701403598e-05,230.7863008938194,0.005495042760394757,2.5658315984953107e-08,0.007528459051489302,0.19859347850934034,12951,215.85,18831,313.85,39645,660.75,8.127761701403598e-05,0.8350656345655358,1.4683451037100679,8.781488974013776e-05,86.2031769825024,72.119140625,3.299892806094017e-05,3.540704471034607e-05,1.923996543688046e-05,0.37577827813245285,0.4032009242979495,0.21909684671717355,3,0,1.0
S3,5280,5340,60,30,5.168893272449913e-07,0.0090729562577117,-0.14333320831599777,0.16816773125401002,0.3115009395700078,4.372921883813159e-05,0.009752734253163834,0.009072956272435378,3.457378491904028,0.22705161030739734,16.668745722006953,0.0064121398934047944,0.006418956107415849,0.0048771188216621625,0.16816773125401002,269.3098755230014,0.0064121398934047944,0.0039650009129823145,8.23185352543499e-05,222.4299381061807,0.005296077004361549,2.5991317077290677e-09,0.0070982931336465846,0.11208816074045368,11893,198.21666666666667,18327,305.45,39513,658.55,8.23185352543499e-05,0.7823572529199929,1.554943515019459,7.835466855480904e-05,80.28537102442286,63.7451171875,3.7057687354685926e-05,2.4863174750100707e-05,1.6318948870138477e-05,0.4729480455751542,0.3173158052823481,0.20827028141562978,3,0,1.0
S3,5310,5370,60,30,1.4651416303223746e-07,0.010935661589031984,-0.32148015550410936,0.2457873375513141,0.5672674930554235,8.901380301553643e-05,0.009716450992279795,0.01093566159001347,5.022725165274428,-1.8280625779732953,100.29711177704088,0.006625690472930311,0.00869993794048075,0.004856139528316598,0.32148015550410936,278.27899986307307,0.006625690472930311,0.0039528599291966645,0.00011958869438982953,235.57055842737742,0.005608956366279612,2.874467665025431e-08,0.00860047844334171,0.18656230510412936,12205,203.41666666666666,18456,307.6,39083,651.3833333333333,0.00011958869438982953,0.7864616487371587,1.4783036366537512,0.00011356790772362433,81.02009057458615,67.67578125,4.937290319967115e-05,4.282668582374209e-05,2.118312653432002e-05,0.43474344283795086,0.37710200603469696,0.18652387773023593,3,0,1.0
S4,270,330,60,30,8.864806853216311e-06,0.018772379442294415,-0.14074380483636162,0.1718623364136534,0.312606141250015,-0.0002748550513506005,0.016533704989325868,0.018772381535390723,14.8008969574317,0.731200405886331,7.4704023240796555,0.012533751335209115,0.013975241893342037,0.008261403400507565,0.1718623364136534,526.4175560787828,0.012533751335209115,0.007035367409385441,0.000352402229925478,423.8700644727718,0.010092384687082354,-6.313488673974927e-09,0.014453543271222856,0.15533834249128384,11951,199.18333333333334,18007,300.1166666666667,38923,648.7166666666667,0.000352402229925478,0.769936667626632,1.4804738040374688,0.0003427337544635803,79.91088096604199,64.599609375,0.00015002830076459332,0.0001351573652059395,5.64466176879907e-05,0.4377400790284159,0.3943509019631787,0.1646952392428825,1,0,0.7451190476190476
S4,300,360,60,30,1.3384596346119935e-06,0.009848704801070071,-0.10212485037353615,0.15942036807915877,0.2615452184526949,4.662583151784244e-05,0.010245057494410167,0.009848704892019805,4.073873498103984,0.5130591737710626,14.053952806306395,0.006829474778008351,0.007096144185869015,0.005122963747656178,0.15942036807915877,286.83794067635074,0.006829474778008351,0.0041654106749149196,9.699698625862066e-05,263.85779219744217,0.0062824779684621575,2.0571685822073146e-08,0.008350243924277204,0.12155073472005419,13667,227.78333333333333,19777,329.6166666666667,39748,662.4666666666667,9.699698625862066e-05,0.847851985914934,1.5112912619647874,9.712837839603129e-05,86.62244205637766,65.4541015625,4.26979426533311e-05,3.092438259309649e-05,2.326967769002842e-05,0.4396031660204857,0.31838668681366633,0.23957650765205435,1,0,1.0
S4,330,390,60,30,3.728906082322149e-07,0.007550151572112123,-0.0897502990738634,0.15942036807915877,0.24917066715302216,9.264084173122656e-05,0.009414723891304363,0.007550151581320376,2.394201133838412,0.07045674931557892,9.163212208054675,0.005785119877391634,0.004851512847053255,0.0047122038753993995,0.15942036807915877,242.97503485044862,0.005785119877391634,0.0037504458252167424,5.7004788761867166e-05,232.10752006359127,0.005526501108683332,1.9849325243450645e-08,0.00698767239531204,0.12155073472005419,13671,227.85,19898,331.6333333333333,40211,670.1833333333333,5.7004788761867166e-05,0.9255009424078712,1.4592439165774538,5.587272833206691e-05,95.07604403319151,71.6064453125,2.304975894068857e-05,1.512256963547377e-05,1.756771127078793e-05,0.4125404222914898,0.27066101990932323,0.31442372325865703,1,0,1.0
S4,360,420,60,30,-1.2639529432060714e-06,0.007845139257855512,-0.04446987264214025,0.03778263726738329,0.08225250990952354,0.0001434145885064335,0.010073332132617832,0.00784513935967506,2.5849408860543575,-0.16592620447603287,0.7249284651280496,0.006124924059209296,0.004902195104403936,0.005047654348960795,0.04446987264214025,257.2468104867904,0.006124924059209296,0.0039933115487097584,6.154620997514575e-05,239.40357763622978,0.005700220901360266,-7.164234598657506e-08,0.00717131288913649,0.03301110276155215,13239,220.65,19904,331.73333333333335,40165,669.4166666666666,6.154620997514575e-05,0.9141090621120198,1.4827332641949484,6.0834467500700255e-05,93.47742047215876,69.5556640625,2.6418314098419254e-05,1.5862494952224078e-05,1.8442108462718886e-05,0.43426556003165734,0.2607484803255899,0.3031522954073133,1,0,1.0
S4,390,450,60,30,6.841780256384698e-07,0.007689556453512442,-0.04699092822417269,0.03778263726738329,0.08477356549155599,0.00015800452668455513,0.009931524612731567,0.0076895564839498005,2.4834297146338855,-0.15572840697459403,0.7944820564726762,0.006011489481969235,0.004794921597693508,0.004979064270520181,0.04699092822417269,252.48255824270788,0.006011489481969235,0.003934985829093612,5.912927845175485e-05,238.52990425384206,0.00567941865886907,3.887609454369768e-09,0.007146210689710026,0.03301110276155215,13443,224.05,20351,339.18333333333334,40150,669.1666666666666,5.912927845175485e-05,0.929339778297066,1.4800200998411344,5.891550707927305e-05,94.82408125654689,69.7265625,2.5592169931012826e-05,1.4913322233321753e-05,1.8303167652348653e-05,0.4343876714254125,0.2531306776882241,0.310668083153745,1,0,1.0
S4,420,480,60,30,-7.771654872095275e-07,0.007603196761173242,-0.04699092822417269,0.046673781547148185,0.09366470977132088,0.00013494496843197433,0.009847542695981941,0.007603196800892469,2.4279612669102617,-0.14562424559547377,0.6935630679869487,0.005955845206712958,0.004726151655075804,0.00492565471158583,0.04699092822417269,250.14549868194422,0.005955845206712958,0.0039008892835991735,5.7808600989115285e-05,232.0042862627674,0.005524043102520713,-1.4332990995301443e-08,0.006948745271879898,0.03383868305366083,13143,219.05,19961,332.68333333333334,40157,669.2833333333333,5.7808600989115285e-05,0.9139241677085894,1.493152355440745,5.682839278056644e-05,92.94259775985257,67.8466796875,2.5154713204900272e-05,1.4337079606163424e-05,1.7197623415902016e-05,0.44264340365970034,0.2522872617834489,0.3026237867100664,1,0,1.0
S4,450,510,60,30,1.3535403149214926e-06,0.007887115924122775,-0.04009122479417692,0.046673781547148185,0.08676500634132511,0.00017628633405235067,0.010145871364147605,0.007887116040266077,2.6126771761701426,-0.15163811791678491,0.5866577604884999,0.006172026053046834,0.004910467781498374,0.005075223005806251,0.046673781547148185,259.225094227967,0.006172026053046834,0.004030268258062074,6.220659760055106e-05,234.33889352276185,0.0055796303131684525,-1.1173652311927787e-08,0.007027639234618253,0.03383868305366083,12821,213.68333333333334,19673,327.8833333333333,40166,669.4333333333333,6.220659760055106e-05,0.8910277599856483,1.512889361441973,6.0410554955231684e-05,90.74637877011452,65.4541015625,2.7559807800250958e-05,1.5233436517421566e-05,1.7496572779514146e-05,0.45620848576336775,0.25216514777443405,0.289627744563517,1,0,1.0
S4,480,540,60,30,1.401317990372544e-06,0.00786230028767814,-0.04060311545441392,0.034858170224412746,0.07546128567882666,0.0001949633851876624,0.010135970915601679,0.007862300412558393,2.5962622466472665,-0.15410777540115306,0.4677516470906813,0.0061677564518304254,0.004875915106748682,0.0050726669037263195,0.04060311545441392,259.04577097687786,0.0061677564518304254,0.0040415314011390865,6.181576581362375e-05,228.4586802481195,0.00543962190166717,-6.079932984660049e-09,0.006876875194763142,0.029086038595866948,12406,206.76666666666668,19334,322.23333333333335,40029,667.15,6.181576581362375e-05,0.8746645311348178,1.5222842211841983,6.160696390939403e-05,88.21170153815528,64.2578125,2.869720827274068e-05,1.6244142010463002e-05,1.656505302720202e-05,0.4658111104930597,0.2636737956175445,0.26888280116456326,1,0,1.0
S4,510,570,60,30,2.5708748686939284e-07,0.007886889197545025,-0.04060311545441392,0.034676730784073684,0.0752798462384876,0.00020748436357274626,0.010209222683672635,0.007886889201735144,2.6125268937787487,-0.17076177619719626,0.42292003479437534,0.006198559316563324,0.004876564741648819,0.005114983686350134,0.04060311545441392,260.3394912956596,0.006198559316563324,0.004064723763585291,6.220302121435242e-05,219.21991004040785,0.005219645944913161,-2.610452075618552e-08,0.006605000071834979,0.03240794749071173,11742,195.7,18471,307.85,39970,666.1666666666666,6.220302121435242e-05,0.8374658127428665,1.5373966841624924,6.109977156797351e-05,84.23236709183475,63.4033203125,2.8862089004230485e-05,1.7510218951447623e-05,1.4629983321419165e-05,0.47237638150776723,0.2865840330019483,0.23944415741625652,1,0,1.0
S4,540,600,60,30,-1.2298766431721073e-06,0.007905448686759632,-0.043558854540694705,0.039551639442441985,0.08311049398313669,0.00025425584016818936,0.010386350157369686,0.007905448782427608,2.6248370589666186,-0.1927830015070817,0.42671552615088393,0.006226156756043264,0.004871456917674935,0.005200505718269268,0.043558854540694705,261.49858375381706,0.006226156756043264,0.004087139071702046,6.24961189389896e-05,218.3194170210113,0.005198205124431803,-1.5858456911275452e-10,0.006582659174740357,0.03240794749071173,11696,194.93333333333334,18239,303.98333333333335,39984,666.4,6.24961189389896e-05,0.8326736957720392,1.5420633043307403,6.293895843250545e-05,83.36020317828499,62.3779296875,3.0149802019364795e-05,1.7909424326109695e-05,1.4742069108137421e-05,0.479032427136475,0.2845522832303528,0.2342280437313963,1,0,1.0
S4,570,630,60,30,2.6827291380772277e-07,0.007840655183612646,-0.043558854540694705,0.039551639442441985,0.08311049398313669,0.00025090379157428883,0.01033796989851882,0.00784065518820221,2.5819866987718534,-0.17929868751221922,0.41967153958627845,0.006176951861719067,0.004829196566540606,0.005170667308143674,0.043558854540694705,259.4319781922008,0.006176951861719067,0.004047619512156161,6.147587370831185e-05,217.69461043381528,0.005183328422910433,-1.816551812004656e-08,0.00655920489800501,0.02975701732504047,11799,196.65,18437,307.28333333333336,39975,666.25,6.147587370831185e-05,0.8365633667597154,1.543824187499131,6.062004367013427e-05,84.09760791393266,62.548828125,2.9222258640451584e-05,1.673030592642769e-05,1.4530728184854447e-05,0.48205604732760265,0.2759863720565121,0.23970171093778533,1,0,1.0
S4,600,660,60,30,5.682725512137405e-07,0.007858110689974163,-0.04279435697375803,0.03747645656649041,0.08027081354024844,0.00025879166683523067,0.010257992621777073,0.007858110710521957,2.5934959654304355,-0.19218356014496246,0.4376854879728662,0.006179548160797042,0.004854182574564926,0.005126822735023279,0.04279435697375803,259.5410227534758,0.006179548160797042,0.004046760597604162,6.17499036158862e-05,210.7940069873896,0.00501902442885282,-3.082417222488954e-09,0.00636245252202618,0.02975701732504047,11392,189.86666666666667,18279,304.65,39886,664.7666666666667,6.17499036158862e-05,0.8096669508796522,1.5708830788259949,6.140617191608249e-05,81.08757640639863,59.130859375,3.109724718272116e-05,1.665565150680637e-05,1.3523921409918015e-05,0.5064189186914074,0.2712374177886865,0.22023716815306077,1,0,1.0
S4,630,690,60,30,1.0320408705677237e-06,0.009289304042509638,-0.07274377452572672,0.07017637436927994,0.14292014889500665,0.0002453855039154379,0.011357108932743078,0.009289304099839461,3.624229167690358,-0.11907582149155044,1.6992159795579767,0.007087989488204112,0.006004296434587674,0.0056832634443679374,0.07274377452572672,297.6955585045727,0.007087989488204112,0.004532265613453363,8.62911695941859e-05,241.8621067459662,0.0057587587024921115,7.481906299450367e-09,0.0075725756154345954,0.06814402792399385,11270,187.83333333333334,17997,299.95,39734,662.2333333333333,8.62911695941859e-05,0.8151929983969775,1.5323402663107994,8.764272381612935e-05,82.30175717903,62.0361328125,4.2009755029853e-05,2.6094101330596608e-05,1.9379482186985458e-05,0.479329637426464,0.29773266044698593,0.22111912253711757,1,0,1.0
S4,660,720,60,30,-2.9793112218416144e-07,0.009392697567855894,-0.07274377452572672,0.07017637436927994,0.14292014889500665,0.000161789590133069,0.011524313110658328,0.009392697572580998,3.705356242978697,-0.08702483740105721,1.5891439283173918,0.007182567911106056,0.006052560275810441,0.005758474677310601,0.07274377452572672,301.66785226645436,0.007182567911106056,0.00459559344710509,8.822276760120602e-05,258.2838918429053,0.006149762895376207,5.1175946964768334e-08,0.007960524622480132,0.06814402792399385,12004,200.06666666666666,18586,309.76666666666665,39943,665.7166666666667,8.822276760120602e-05,0.8475227233678844,1.5080911330155293,9.020773864135203e-05,85.98512171489314,65.1123046875,4.113709786107006e-05,2.671442719566897e-05,2.2216046718603946e-05,0.4560262620552207,0.2961434085148748,0.24627650635308035,1,0,1.0
S4,690,750,60,30,-4.022001666404146e-08,0.008911352108312101,-0.052757046681502134,0.04789038826266794,0.10064743494417008,0.0001295969936106489,0.01116033109681684,0.008911352108402866,3.3353122487973206,-0.054534762561655084,0.9090067146542515,0.006896115571091497,0.005644093056469354,0.005585451328586398,0.052757046681502134,289.6368539858429,0.006896115571091497,0.004445239880601763,7.941219639831854e-05,249.10716030315024,0.005931264084934171,2.4027647932789614e-09,0.007552285175451273,0.054185272663221706,12166,202.76666666666668,18721,312.01666666666665,40070,667.8333333333334,7.941219639831854e-05,0.8474903789747963,1.5149247019882963,7.831818923199362e-05,86.73266284114494,66.30859375,3.487430105260326e-05,2.374160444793028e-05,1.9490263928893055e-05,0.44528993066092015,0.3031429184043449,0.2488599917850389,1,0,1.0
S4,720,780,60,30,1.6798262675023014e-06,0.008729499603915608,-0.052757046681502134,0.04789038826266794,0.10064743494417008,0.00014825086452488413,0.010950514432191845,0.008729499765540926,3.200574978576321,-0.05554948841831711,0.9678468820701278,0.00674970790973197,0.005535847657755832,0.005485021979616107,0.052757046681502134,283.4877322087427,0.00674970790973197,0.0043498113173053386,7.620416333476278e-05,238.205982964193,0.005671706063577538,6.455827277966628e-09,0.007297911536711183,0.054185272663221706,11780,196.33333333333334,18286,304.76666666666665,39929,665.4833333333333,7.620416333476278e-05,0.8360057125654387,1.5098344755256528,7.607182403379538e-05,84.95231441226646,66.1376953125,3.379493253928006e-05,2.4414205389618846e-05,1.7657854846600716e-05,0.44425032485439614,0.32093624281669236,0.23212082884664506,1,0,1.0
S4,750,810,60,30,6.891092476863012e-07,0.007978275287603165,-0.04593030510512337,0.03338891304299292,0.0793192181481163,0.00016767570209405482,0.010403461490903394,0.007978275317363453,2.673420835665338,-0.12456648214043513,0.40305432973372657,0.006276623250075563,0.004925127167521848,0.0051974616371494985,0.04593030510512337,263.61817650317363,0.006276623250075563,0.004112699454110615,6.365287656477936e-05,218.14301653444608,0.00519400501284426,2.7627080426177287e-09,0.006607248184321762,0.0336645243908634,11532,192.2,18028,300.46666666666664,39886,664.7666666666667,6.365287656477936e-05,0.828154951558047,1.5262065522197088,6.300359900814073e-05,84.28686527232249,64.0869140625,2.976830145508145e-05,1.8080105170451425e-05,1.5029023947753675e-05,0.4724857297633913,0.28696940262278164,0.23854230844513766,1,0,1.0
S4,780,840,60,30,1.1891263151460427e-06,0.008198957220097261,-0.04593030510512337,0.03631915199345128,0.08224945709857465,0.0001924590258202965,0.010723027740342736,0.008198957306329044,2.8233618382622687,-0.12543803804223494,0.40055687137191187,0.006461203224283265,0.005047351167247821,0.005365532109381952,0.04593030510512337,271.3705354198971,0.006461203224283265,0.004241316532086547,6.722289949698501e-05,228.85676161460506,0.005449100255115719,-6.9057337374633e-09,0.0068743546150233335,0.03534876042309588,11788,196.46666666666667,18204,303.4,39923,665.3833333333333,6.722289949698501e-05,0.8384425519592826,1.5162594055551857,6.641233985030183e-05,83.94955583723245,63.7451171875,3.167378403455855e-05,1.8782239653457307e-05,1.584267862218718e-05,0.47692618730123837,0.2828124968310681,0.2385502251222847,1,0,1.0
S4,810,870,60,30,-7.696532908363888e-07,0.008724471758845921,-0.04736645292006366,0.059732668321115796,0.10709912124117946,0.00015022149754606866,0.011256376391715821,0.008724471792794461,3.1968891386571805,-0.08927956891113781,0.7925669688556423,0.006803275792358414,0.005461853765561302,0.005628366718840084,0.059732668321115796,285.7375832790534,0.006803275792358414,0.004428822011700374,7.611640747090003e-05,252.3705102670343,0.006008964743613759,-2.1171181693475595e-08,0.00761478848075479,0.05419066224844163,12404,206.73333333333332,18746,312.43333333333334,39996,666.6,7.611640747090003e-05,0.8728079694950013,1.473517325821274,7.355068992967894e-05,89.53448708408479,70.2392578125,3.144017876555882e-05,2.1677030312982944e-05,2.0298090887149414e-05,0.42746273074553687,0.2947223246132447,0.2759741738188481,1,0,1.0
S4,840,900,60,30,1.6201097184537408e-06,0.009133115371368222,-0.04736645292006366,0.059732668321115796,0.10709912124117946,0.00016261156647340833,0.011523747704875532,0.009133115515062644,3.5033795584820764,-0.08862194724522882,0.8267547420865746,0.007092892830761628,0.005753665814314237,0.0057706055028373966,0.059732668321115796,297.90149889198835,0.007092892830761628,0.004611375305368536,8.34137963867225e-05,251.36156630161565,0.005984941696269332,8.256327351422902e-09,0.007667724563385468,0.05419066224844163,11813,196.88333333333333,18286,304.76666666666665,39883,664.7166666666667,8.34137963867225e-05,0.83955192194586,1.5048305524511054,8.4523218733346e-05,85.46016882466142,65.625,3.843461145225538e-05,2.5416003723317182e-05,2.050851989566514e-05,0.454722525102942,0.3006984838509243,0.2426377059818966,1,0,1.0
S4,870,930,60,30,1.7137243344106794e-06,0.008300600974907047,-0.04816313641680258,0.04098052553905934,0.08914366195586193,0.0002316299778572083,0.010599675336161744,0.008300601151812977,2.893799138222114,-0.14397607751972621,0.7174545877902903,0.006481336921283308,0.005185773924332677,0.005304247805981939,0.04816313641680258,272.21615069389895,0.006481336921283308,0.004243648858341109,6.889997654462781e-05,222.02658491518434,0.005286473128293158,1.1714649448261133e-08,0.006745117247370869,0.0394620213490289,11430,190.5,17863,297.71666666666664,39857,664.2833333333333,6.889997654462781e-05,0.8126058905567862,1.5409747807607068,6.644124317117576e-05,81.8021037575256,61.0107421875,3.262071610090558e-05,1.9019143135695105e-05,1.4692001327587973e-05,0.4909708871169563,0.28625507633406516,0.22112773070389827,1,0,1.0
S4,900,960,60,30,-1.43039258982994e-08,0.007570455159812528,-0.04816313641680258,0.038574932053351975,0.08673806847015456,0.00026868177003033864,0.009937597647276942,0.0075704551598260415,2.407095235731343,-0.18316219710157933,0.37191568878358305,0.0059756426456403396,0.004647955066321237,0.004974404716114038,0.04816313641680258,250.97699111689425,0.0059756426456403396,0.003933430015610764,5.7311791326732135e-05,211.56055969554853,0.005037276118373022,1.2064634364509768e-08,0.006336246312833596,0.02734346860376567,11874,197.9,18050,300.8333333333333,40123,668.7166666666667,5.7311791326732135e-05,0.8369703246469666,1.5158093487900755,5.664811662445441e-05,84.46306062362967,63.916015625,2.653444703503665e-05,1.6288991787870144e-05,1.3736312857472508e-05,0.46840828285510916,0.28754692580261976,0.2424848993398429,1,0,1.0
S4,930,990,60,30,-5.730783883525405e-07,0.0079481782050241,-0.05830268052900989,0.05371453190761061,0.1120172124366205,0.000277654045357126,0.01018017764218324,0.007948178225684109,2.653288558504037,-0.16249586215744546,1.0349803573115466,0.006188712541086587,0.0049873213442725535,0.005094496580159846,0.05830268052900989,259.92592672563666,0.006188712541086587,0.004028304280977343,6.317353677882014e-05,223.4319620067895,0.005319935284335091,8.734010295654723e-09,0.006750143105710849,0.05578248354661261,12075,201.25,18403,306.71666666666664,40055,667.5833333333334,6.317353677882014e-05,0.8492692201395328,1.506339449818456,6.204837920079824e-05,86.475835133194,66.4794921875,2.8314433306690638e-05,1.779103045697564e-05,1.5829590498888875e-05,0.4563283307539865,0.2867283672213433,0.2551169055949366,1,0,1.0
S4,960,1020,60,30,-1.505729528330784e-06,0.008150619409669567,-0.05830268052900989,0.05371453190761061,0.1120172124366205,0.0002072484598732399,0.010495299530220839,0.008150619548752333,2.790169159197155,-0.14323662450177,0.9677235170081668,0.00635458188949543,0.005104105018335771,0.005257799551153004,0.05830268052900989,266.8924393588081,0.00635458188949543,0.0041526235967700885,6.64325967612823e-05,226.79502037613457,0.005400010009193899,3.1445838803356716e-08,0.006855761061707598,0.05578248354661261,11859,197.65,18369,306.15,39936,665.6,6.64325967612823e-05,0.8411337491202445,1.518962800500243,6.505429787601883e-05,84.8355187486557,63.0615234375,3.100667336916564e-05,1.7816609370783793e-05,1.610618214149956e-05,0.4766275923576715,0.27387290236747885,0.2475806006268009,1,0,1.0
S4,990,1050,60,30,1.4828596323381566e-06,0.007740793714101305,-0.048790718515682105,0.03913673512133686,0.08792745363701897,0.0001942606132385212,0.010203651073066655,0.0077407938561327785,2.5166353599720046,-0.1499029808512892,0.41518784179763024,0.006109241313057084,0.00475363651344731,0.005099931493195113,0.048790718515682105,256.58813514839755,0.006109241313057084,0.0040353979884793076,5.9919887324270274e-05,222.4558013390906,0.005296692810283355,1.8225467499302384e-08,0.006621009021321822,0.03073352801105428,12186,203.1,18517,308.6166666666667,40000,666.6666666666666,5.9919887324270274e-05,0.8553398095676434,1.5083729737649307,5.9346532902479025e-05,85.88603597081459,64.4287109375,2.7843421510383046e-05,1.611843930798093e-05,1.528315994171044e-05,0.46916677602947165,0.2715986683580572,0.2575240573332976,1,0,1.0
S4,1020,1080,60,30,1.2985251664723987e-06,0.007637651333349911,-0.048790718515682105,0.03913673512133686,0.08792745363701897,0.00020164700132731023,0.01007628305922183,0.007637651443735126,2.4500162221915494,-0.16635479778463477,0.4266722687648228,0.00603128807750832,0.004685859974657294,0.005050244861120214,0.048790718515682105,253.31409925534945,0.00603128807750832,0.003976824142245536,5.8333717889821664e-05,214.23837386700436,0.005101035116717168,-9.063312505434448e-09,0.006407205342446997,0.02807573406384096,11957,199.28333333333333,18235,303.9166666666667,39949,665.8166666666667,5.8333717889821664e-05,0.8388973341149846,1.523420527487334,5.799613628934437e-05,84.6969402934549,63.4033203125,2.7598424387582465e-05,1.5676250269293144e-05,1.4619806806569653e-05,0.47586660342153037,0.2702981831597175,0.2520824272436188,1,0,1.0
S4,1050,1110,60,30,7.037420954525863e-07,0.007936513686124805,-0.04531906114191378,0.0434926950792206,0.08881175622113438,0.00021878920253363802,0.010390895989949623,0.007936513717325719,2.64550649938257,-0.1488944158940556,0.434053841333232,0.006252532541776881,0.004888157812440228,0.005197805644960733,0.04531906114191378,262.606366754629,0.006252532541776881,0.0041126060412102665,6.298824949004635e-05,216.35803585252148,0.005151504460880533,-6.695356105855557e-08,0.006515761265044002,0.030649997929115963,11573,192.88333333333333,17976,299.6,39881,664.6833333333333,6.298824949004635e-05,0.8209853246313091,1.5403569334023595,6.0865470325590025e-05,82.43830322086987,61.181640625,2.9918345564176768e-05,1.65993948619449e-05,1.4254146220662839e-05,0.49154874519384145,0.2727226910947884,0.23419101412364976,1,0,1.0
S4,1080,1140,60,30,1.46083231929909e-06,0.007753432605348791,-0.04531906114191378,0.04351512112370086,0.08883418226561464,0.00018082013889725648,0.010130211142706319,0.007753432742967261,2.5248602105881064,-0.1167806315588663,0.4384319840825808,0.006111012027835419,0.0047719232281510605,0.005072436610697202,0.04531906114191378,256.6625051690876,0.006111012027835419,0.004034303300085125,6.011571716568575e-05,227.4469117795078,0.005415531602645487,-2.834290181476664e-08,0.006767581570575269,0.030649997929115963,12541,209.01666666666668,18863,314.3833333333333,40098,668.3,6.011571716568575e-05,0.8728497318602574,1.4977665076484081,5.9613317095510135e-05,88.19672328284284,66.4794921875,2.7388613356667298e-05,1.5723004887341737e-05,1.639506170094398e-05,0.45943783522038084,0.26374987424623514,0.2750234762926621,1,0,1.0
S4,1110,1170,60,30,-1.3968881448997162e-07,0.007337336913203991,-0.0358165306530032,0.035599778951792095,0.0714163096047953,0.0001548771756196706,0.009719702570086797,0.007337336914533694,2.261133545889911,-0.13196668314277818,0.29171060865133613,0.005813035295950315,0.0044771792063100025,0.004859429661740768,0.0358165306530032,244.14748242991323,0.005813035295950315,0.0038590512073241484,5.3836512977865864e-05,227.33066714864702,0.005412763807439392,1.5919958630328716e-08,0.006715445059608589,0.026267841997780154,13219,220.31666666666666,19386,323.1,40250,670.8333333333334,5.3836512977865864e-05,0.9152428379735067,1.4587913627733056,5.263019216846653e-05,94.58266334069371,74.169921875,2.2072519814686837e-05,1.3713426747839644e-05,1.6744482358737877e-05,0.41938892687364393,0.2605619737040608,0.3181535477799445,1,0,1.0
S4,1140,1200,60,30,-1.5007964381342643e-06,0.008105872009720325,-0.04672547758593755,0.04952793300667495,0.0962534105926125,0.0001881958453578139,0.010149012604076971,0.00810587214865602,2.7596168581950096,-0.12659198952107714,1.2616924654031338,0.006256258532709391,0.005154065624558762,0.005072078210438637,0.04952793300667495,262.7628583737944,0.006256258532709391,0.004055803338421464,6.570516103796742e-05,243.22345584016867,0.005791172547921823,4.5907826394146434e-08,0.0073116840285399765,0.04764732678417257,13237,220.61666666666667,19279,321.31666666666666,40122,668.7,6.570516103796742e-05,0.902023128390384,1.4537372384082303,6.484802212741638e-05,93.05964557432695,73.828125,2.663419178879196e-05,1.8789505802072053e-05,1.929942433886842e-05,0.41071710308234033,0.2897467831039406,0.297610068984803,1,0,1.0
S4,1170,1230,60,30,1.455927260830067e-06,0.0105282637184606,-0.061024162381574154,0.09973994423929129,0.16076410662086543,0.00016154913500420972,0.011962234611391153,0.010528263819128868,4.655462239897476,0.08628978875041514,2.6084556617403676,0.007801191654702696,0.007070059958145688,0.005979358445887472,0.09973994423929129,327.65004949751324,0.007801191654702696,0.00485648854839834,0.00011084433692545382,280.5596786891792,0.006680151400966194,-5.409422317538189e-08,0.008825746639023043,0.06375148464248363,12219,203.65,18244,304.06666666666666,39692,661.5333333333333,0.00011084433692545382,0.8382908022666352,1.4737311269610658,0.00010002341045864141,86.48857869393944,68.5302734375,4.362432581920964e-05,3.214927586271711e-05,2.4110639649252346e-05,0.4361411555472588,0.32141751331315066,0.24104996559002387,1,0,1.0
S4,1200,1260,60,30,1.5320444977002186e-07,0.01258378021837495,-0.0613917674843005,0.09973994423929129,0.1611317117235918,-3.5096277510263335e-05,0.014149001892051656,0.012583780219307563,6.650764033529123,0.29649929638820155,2.325684052896407,0.009317878186974698,0.008457462426788392,0.007061232878763906,0.09973994423929129,391.3508838529373,0.009317878186974698,0.005758638173880916,0.00015835152458436468,318.0989487815933,0.007573964827295729,-3.458029609759532e-08,0.010107232469517925,0.0637699283563462,11409,190.15,17357,289.28333333333336,39468,657.8,0.00015835152458436468,0.8031952477014224,1.4751952666776238,0.0001601914316940524,82.14858695472293,67.333984375,6.976156596007682e-05,5.9242132273941515e-05,3.085444725738279e-05,0.43548874757117817,0.36982085525702346,0.1926098476746953,1,0,1.0
S4,1230,1290,60,30,-5.18133419011976e-07,0.010783030980415638,-0.0613917674843005,0.08554658084179306,0.14693834832609357,4.105806550031043e-05,0.011894105338826219,0.010783030992864004,4.883497810508757,0.33689097845780736,3.310320933521427,0.007883418573432088,0.007357001358510928,0.005942232368974565,0.08554658084179306,331.10358008414767,0.007883418573432088,0.004878613051194786,0.00011627375712460343,267.4472990678942,0.006367944452674926,5.476758707067331e-08,0.008584291618194928,0.06367792643520673,11373,189.55,17462,291.03333333333336,39476,657.9333333333333,0.00011627375712460343,0.7960926416501906,1.4952064862662007,0.00011602645688828957,81.43715142836649,65.966796875,5.17583018629466e-05,4.1321148246122375e-05,2.2627682743050564e-05,0.44609051462098476,0.3561355690272127,0.19502175064120528,1,0,1.0
S4,1260,1320,60,30,-6.136168832071405e-07,0.007434902203904983,-0.045519156924428504,0.043780804712327676,0.08929996163675619,0.00023104246684050754,0.00957881404112492,0.007434902229226478,2.321666388642588,-0.1674288711586955,0.7498083116366305,0.005820163446620257,0.004626388290317002,0.00480005286350467,0.045519156924428504,244.4468647580508,0.005820163446620257,0.0038256581469445355,5.5277770781631174e-05,199.26030590740436,0.004744405959842005,1.7193005456954484e-08,0.006030388037398569,0.03086519402964962,11381,189.68333333333334,17727,295.45,39831,663.85,5.5277770781631174e-05,0.8110917765981198,1.5383532798876505,5.550836591964606e-05,81.64289865004714,61.181640625,2.7233495239897565e-05,1.5532586910525747e-05,1.2635892105591715e-05,0.4906196532486794,0.2798242508707737,0.22763941788312483,1,0,1.0
S4,1290,1350,60,30,-6.650132842459153e-07,0.00715107479852698,-0.04179147754071536,0.029858834811650067,0.07165031235236544,0.00023400574422152405,0.00934288563827029,0.007151074829448393,2.1477905910875554,-0.18862756511017126,0.42181904571608575,0.005629297302003578,0.004410088786183971,0.00468136718060288,0.04179147754071536,236.43048668415025,0.005629297302003578,0.003692395034362784,5.113787077412769e-05,195.9445424026976,0.0046654573300006575,-2.1711193911240368e-08,0.005905159435328922,0.027745025519741402,11499,191.65,17858,297.6333333333333,39831,663.85,5.113787077412769e-05,0.825772293214623,1.5230521386835272,5.080756468788134e-05,83.14814062761863,63.232421875,2.4121620087975313e-05,1.4490308336080523e-05,1.2083888309850666e-05,0.47476434338386664,0.2851998206388499,0.23783640062427408,1,0,1.0
S4,1320,1380,60,30,-5.492395965915737e-07,0.007220984807153198,-0.03689165667540835,0.03268637544321773,0.06957803211862608,0.00022968418138254133,0.009400927960479423,0.007220984828041218,2.1899901192456612,-0.17617803507967608,0.4624366972685787,0.005677807758134179,0.004461515543901285,0.004706868661217149,0.03689165667540835,238.46792584163552,0.005677807758134179,0.0037195227626270343,5.2142621585137314e-05,200.09685685224989,0.004764324313727705,-2.3608971856249167e-10,0.006006602570035963,0.02540103830996674,11698,194.96666666666667,17946,299.1,39892,664.8666666666667,5.2142621585137314e-05,0.8318259531699536,1.5267321494353916,5.095156391931562e-05,83.89763433235008,64.0869140625,2.410605561710594e-05,1.4270485551992334e-05,1.248415429272623e-05,0.4731170893062105,0.2800794412236368,0.2450200412394705,1,0,1.0
S4,1350,1410,60,30,-3.5445539233795945e-07,0.007257865501891964,-0.038865735061790724,0.03268637544321773,0.07155211050500845,0.00023525527473177636,0.009483214335956046,0.007257865510547306,2.212417694306069,-0.17980387444094442,0.4065356788712573,0.005719567599903706,0.004468015022280464,0.004751374024292122,0.038865735061790724,240.22183919595562,0.005719567599903706,0.0037553710281395857,5.267661164355349e-05,203.25391397236027,0.004839494130154534,2.5852357390037847e-08,0.006099012145970963,0.02540103830996674,11796,196.6,17930,298.8333333333333,39925,665.4166666666666,5.267661164355349e-05,0.8403313817789937,1.5106524688518894,5.246793500883345e-05,84.61632610556799,64.599609375,2.4589935042546765e-05,1.464881747313703e-05,1.3143391305476987e-05,0.46866595833068003,0.27919561672611604,0.2505033084161627,1,0,1.0
S4,1380,1440,60,30,2.4728164924564535e-07,0.007038808894156517,-0.038865735061790724,0.029773794163273682,0.0686395292250644,0.0002768436322892154,0.009225378206891314,0.007038808898500164,2.080882889803414,-0.20153573727589044,0.37366111981131445,0.005555592390331931,0.004322062459300079,0.004619865499122966,0.038865735061790724,233.3348803939411,0.005555592390331931,0.0036689662769331987,4.9544830648456883e-05,193.5500190216083,0.004608443511074271,-3.451275590486377e-08,0.005839271396296056,0.024737811977393276,11545,192.41666666666666,17643,294.05,39810,663.5,4.9544830648456883e-05,0.8295823177048756,1.5101803449893418,4.862668403921187e-05,84.51187473503877,65.625,2.2391160655428268e-05,1.4117607772904042e-05,1.2026176339438043e-05,0.46047064688540873,0.29032635171092075,0.24731639792136156,1,0,1.0
S4,1830,1890,60,30,1.5336842665628834e-06,0.006202011242485241,-0.041256251291115736,0.04073060799441076,0.08198685928552649,0.0001681101832418856,0.007619015052146979,0.006202011432116257,1.6155277237722316,-0.2623667977389412,1.7853057955948621,0.0047394674688281384,0.004000299228310372,0.0038081757981437607,0.041256251291115736,199.0576336907818,0.0047394674688281384,0.003047545801206499,3.8464943451913324e-05,213.1374470793237,0.005074821950030326,-2.383239215971005e-08,0.006325495657292524,0.03419912300950097,15747,262.45,20966,349.43333333333334,40381,673.0166666666667,3.8464943451913324e-05,1.019910382290407,1.3804227439569567,3.720338478943162e-05,107.7490280981711,96.38671875,1.3051006882648938e-05,8.58329399965131e-06,1.5532687523311248e-05,0.35080159927696536,0.23071271735709303,0.4175073749666892,3,0,0.9617619047619047
S4,1860,1920,60,30,-7.306789095208683e-07,0.006888771808792475,-0.05247372445272346,0.06383684645290427,0.11631057090562774,0.0001316357132753245,0.008140521776400646,0.006888771847543334,1.9931174578352355,-0.1124539275640733,2.80270964265977,0.005169861921632905,0.004552768968304426,0.004065602355931906,0.06383684645290427,217.134200708582,0.005169861921632905,0.0032787910908949522,4.745517703361394e-05,227.6802868109251,0.005421088283314487,4.465121334682588e-08,0.0068547067009271075,0.05486427720942147,15472,257.8666666666667,21056,350.93333333333334,40283,671.3833333333333,4.745517703361394e-05,0.9950549809442246,1.4051784764413864,4.6097630322008377e-05,103.341200669103,84.9365234375,1.7397148961384368e-05,1.0881215591223652e-05,1.7747051990772386e-05,0.3773979017979684,0.23604717889432675,0.3849883793766166,3,0,1.0
S4,1890,1950,60,30,-1.5907245945956513e-06,0.007425476185327911,-0.05247372445272346,0.06383684645290427,0.11631057090562774,0.00011248909948834217,0.008765651238242734,0.007425476355714607,2.3157833625896207,-0.08857857306282294,2.4675636885797108,0.005587017910493255,0.00489110723426754,0.004391443541989434,0.06383684645290427,234.6547522407167,0.005587017910493255,0.003533933150437327,5.5137696578871953e-05,242.69679183017655,0.005778632630066824,3.868308986926273e-09,0.007353149318514852,0.05486427720942147,15084,251.4,20757,345.95,40289,671.4833333333333,5.5137696578871953e-05,0.9902596325127309,1.397630680295679,5.550680977695055e-05,103.41869679459703,86.1328125,1.9854315006992543e-05,1.4568061070951734e-05,2.0971548724888484e-05,0.35769151725302606,0.26245538393383194,0.3778193848495507,3,0,1.0
S4,1920,1980,60,30,1.7821174093455033e-06,0.007037397381190058,-0.04341332707578477,0.05718478985412284,0.10059811692990761,0.00019382691017963676,0.008686384264621767,0.007037397606837569,2.0800485332223717,-0.15338364515071212,1.488655542574321,0.005406074694880031,0.004505476830492076,0.00434525411735041,0.05718478985412284,227.05513718496132,0.005406074694880031,0.0034690029500267653,4.952496190078068e-05,235.9002538238961,0.005616806443579516,-4.283544849433237e-08,0.007066875389463124,0.049222674756043604,15044,250.73333333333332,20240,337.3333333333333,40392,673.2,4.952496190078068e-05,1.004188765629728,1.3679380381067752,4.8528463162910206e-05,106.11119193425874,94.1650390625,1.5848206249341026e-05,1.3260868065969516e-05,1.9338769914732164e-05,0.32657548202461195,0.27325959244686443,0.39850365443908353,3,0,1.0
S4,1950,2010,60,30,-5.110106666585441e-07,0.006700051816743334,-0.045251841688702055,0.03835163547410208,0.08360347716280414,0.0002593231636876088,0.008566559340678011,0.006700051836230638,1.885409173543457,-0.23878264453032136,0.8340137352706765,0.005234211332322936,0.004182550219275281,0.004286579603444063,0.045251841688702055,219.83687595756334,0.005234211332322936,0.00341621223383584,4.489069434704565e-05,213.67203521717454,0.005087550542088491,-5.669778823499814e-08,0.006381260386277568,0.035757665131429923,13955,232.58333333333334,19294,321.56666666666666,40260,671.0,4.489069434704565e-05,0.9524195574623601,1.402065730988475,4.3851360091322575e-05,99.7953274993735,86.474609375,1.5554841057522307e-05,1.2726999396493903e-05,1.549781316144309e-05,0.3547174141264626,0.2902304368664806,0.35341693231790633,3,0,1.0
S4,1980,2040,60,30,1.0351220468009535e-07,0.006831372901950062,-0.045251841688702055,0.034529813866694646,0.07978165555539671,0.00024263801272691077,0.00866736196282105,0.006831372902734295,1.9600415409209204,-0.21956470201767211,0.8903045701300059,0.005322091568429824,0.004282872525941038,0.004343281147766243,0.045251841688702055,223.52784587405262,0.005322091568429824,0.003468431349653185,4.6667655725497615e-05,211.301413483725,0.005031105823560681,1.6037156148433223e-08,0.0063625467989322695,0.03357613423388356,13513,225.21666666666667,19015,316.9166666666667,40118,668.6333333333333,4.6667655725497615e-05,0.9313716130349197,1.417839731840251,4.606426945540984e-05,96.15931126472731,81.689453125,1.7213820682606453e-05,1.3679953132344903e-05,1.5099073824828018e-05,0.3736913856686561,0.2969753627719437,0.3277827696680158,3,0,1.0
S4,2010,2070,60,30,1.563956840132164e-06,0.006829582733221708,-0.035599863164105607,0.034529813866694646,0.07012967703080025,0.00025557991204781463,0.0087105461168355,0.006829582912292747,1.9590145157470058,-0.20679718766727587,0.7688244637755575,0.005327758443520375,0.004272960650810916,0.004365119716682584,0.035599863164105607,223.76585462785576,0.005327758443520375,0.003473382443217147,4.664320030992009e-05,220.79685091005825,0.005257193050074008,2.790754593746468e-09,0.006592984850127133,0.03357613423388356,14201,236.68333333333334,19510,325.1666666666667,40260,671.0,4.664320030992009e-05,0.9653569050501911,1.3929809527005208,4.620140442650232e-05,101.40687524798865,87.6708984375,1.6125801179669803e-05,1.3136940274599102e-05,1.685844771158667e-05,0.34903270538719006,0.28434071296463476,0.3648903733739364,3,0,1.0
S4,2040,2100,60,30,-9.769176021017088e-07,0.00664318417804472,-0.035599863164105607,0.0311059409158266,0.06670580407993221,0.0003004642487372802,0.008579367378865973,0.006643184249875334,1.8535396730672513,-0.24780520311381585,0.5984676703885712,0.005212233846073502,0.004118800227206647,0.004301857690138012,0.035599863164105607,218.9138215350871,0.005212233846073502,0.0034152660375027636,4.4131896023423706e-05,208.76976372010907,0.004970827013026717,1.8666734592543325e-09,0.006242862399077786,0.026920654054921986,13596,226.6,18992,316.53333333333336,40216,670.2666666666667,4.4131896023423706e-05,0.9397394730843124,1.407891958760338,4.365699633192049e-05,98.1980679460733,83.740234375,1.5625856198604776e-05,1.3145717386174064e-05,1.4813691496040765e-05,0.35792330007778594,0.3011136470825495,0.3393199885629673,3,0,1.0
S4,2070,2130,60,30,3.684159786635953e-07,0.006706589054019182,-0.04573066534488539,0.04528680944530471,0.0910174747901901,0.00033497090197381115,0.008598645530540724,0.006706589064138359,1.8890901487592502,-0.2423432751791919,0.8910870986679384,0.005240421323152826,0.00418525043827313,0.0043145719083288155,0.04573066534488539,220.0976955724187,0.005240421323152826,0.0034316735004999866,4.497833673948991e-05,205.75412204304627,0.004899024311127557,1.3663442249146825e-08,0.00615595854196693,0.03313175635760977,13383,223.05,18685,311.4166666666667,40169,669.4833333333333,4.497833673948991e-05,0.9178970848493743,1.427088392567896,4.4640645260206994e-05,94.25683608523319,78.955078125,1.6943799783380206e-05,1.3717535279475483e-05,1.3917965871158159e-05,0.37955992088859963,0.30728801520491006,0.31177788291435693,3,0,1.0
S4,2100,2160,60,30,-7.58870018711425e-07,0.006727369609633249,-0.04573066534488539,0.04528680944530471,0.0910174747901901,0.00027638935261713865,0.008656345952505718,0.006727369652434799,1.90081510250103,-0.22195039905067696,0.910730134707753,0.005253174809504943,0.0042025774069353455,0.004337786422057944,0.04573066534488539,220.63334199920763,0.005253174809504943,0.0034413529497816227,4.525750186461701e-05,212.6157043326186,0.005062399207900631,-1.388159028552031e-08,0.0063305805752310535,0.03313175635760977,13848,230.8,19037,317.28333333333336,40234,670.5666666666667,4.525750186461701e-05,0.9410186956527536,1.411533456839203,4.483425287691119e-05,98.01852784647524,83.740234375,1.6429340466204486e-05,1.3217004539075088e-05,1.5131020359714614e-05,0.3664461747876096,0.29479702885562303,0.3374879559442109,3,0,1.0
S4,2130,2190,60,30,-5.174441811438405e-07,0.006660459103856838,-0.034636945872722896,0.02816008915130712,0.06279703502403002,0.00026743252046733455,0.00859586235989632,0.006660459123956688,1.8631920611597117,-0.22485508087122702,0.6351849727228394,0.005211990824309007,0.004146910583701633,0.0043018085741270175,0.034636945872722896,218.9036146209783,0.005211990824309007,0.0034015996427159637,4.436171547414943e-05,213.77676476819568,0.0050900441621989975,-6.19451323687831e-09,0.006372321131087881,0.027885897405164763,13880,231.33333333333334,19152,319.2,40197,669.95,4.436171547414943e-05,0.9567390222992128,1.3906700168554558,4.342641880847656e-05,99.1432689489983,86.3037109375,1.5305606020090264e-05,1.320051069732723e-05,1.4860715832878875e-05,0.35244918738504655,0.30397419496057027,0.3422044976450639,3,0,1.0
S4,2160,2220,60,30,1.521345361525983e-07,0.006729757872955563,-0.03575628651789817,0.031223648999505096,0.06697993551740326,0.00027543399297462034,0.0086524921869551,0.006729757874675158,1.9021649241735967,-0.22256593903146002,0.6856481129377956,0.005264227696475837,0.00419255862349103,0.0043310297723024695,0.03575628651789817,221.09756325198515,0.005264227696475837,0.0034323678762268246,4.5289641028607386e-05,220.9394000251929,0.005260587157436913,1.3742988307743376e-08,0.006582770911529747,0.02970840439210984,14278,237.96666666666667,19427,323.78333333333336,40295,671.5833333333334,4.5289641028607386e-05,0.9781586553037066,1.3715445040298861,4.4938139186317205e-05,102.614452422687,91.4306640625,1.4868049643718551e-05,1.346989364950191e-05,1.654440591619107e-05,0.33085592578888057,0.29974302214995213,0.36815956814759526,3,0,0.7382380952380952
S4,3600,3660,60,30,2.9925410973733097e-07,0.015452607351685093,-0.07041651414066605,0.12460267126875174,0.1950191854094178,-0.0005718961378343237,0.01840298339589818,0.01545260735458276,10.028889110306018,0.477534312343521,1.999020409848156,0.01168604112089561,0.010110366807175792,0.00919545349343609,0.12460267126875174,490.8137270776157,0.01168604112089561,0.0073829536593445445,0.00023878307396535216,363.35837555477326,0.008651595884539471,-2.1267795730805515e-08,0.011368092840168889,0.08140296237184995,10209,170.15,16688,278.1333333333333,39435,657.25,0.00023878307396535216,0.7356747364016345,1.568348417830966,0.00023993439428110177,74.70887552730275,58.6181640625,0.0001243801671962951,7.69295919404069e-05,3.811171978081411e-05,0.5183924029273356,0.32062761227253606,0.15884225308758057,2,1,0.7784285714285715
S4,3630,3690,60,30,-8.575950185862648e-07,0.015945713216644054,-0.07111971674461737,0.10975668108018749,0.18087639782480486,-0.000656569245172114,0.019138103269431533,0.015945713239705714,10.679162370362896,0.4484854687969078,1.5594928570813904,0.01211914127759851,0.010363020091485592,0.009586710699035269,0.10975668108018749,509.00393365913743,0.01211914127759851,0.00769285743578534,0.00025426576998745687,375.6469375069302,0.008944187659394991,-1.120548202179392e-07,0.011704193716071901,0.0759969275245074,10209,170.15,16713,278.55,39422,657.0333333333333,0.00025426576998745687,0.734002521997895,1.5737755253693952,0.00025029984186228263,74.1214348632622,57.080078125,0.0001329860468963176,7.702697439615453e-05,3.964814226761109e-05,0.5313069553175658,0.30773880567825335,0.15840258616474026,2,1,1.0
S4,3660,3720,60,30,2.8856585218482636e-06,0.016349014807923577,-0.0711197167446174,0.12197612142916255,0.19309583817377995,-0.0007822482188955395,0.019181305146747086,0.016349015062588006,11.22619232770264,0.5230550200208497,1.8782592380089715,0.012323680132270927,0.010743239805300835,0.009622469003119208,0.12197612142916255,517.594565555379,0.012323680132270927,0.00773781806595139,0.00026729028518970437,376.4945050877176,0.008964368320381857,-2.7534845845210466e-09,0.011835727891729772,0.06744682102818657,10064,167.73333333333332,16614,276.9,39256,654.2666666666667,0.00026729028518970437,0.7239413524779222,1.574386840159209,0.00026960233586014284,73.2434750587177,58.10546875,0.000140843841209838,8.808417004466018e-05,4.010357444238649e-05,0.5224132823645165,0.3267188682310013,0.1487508419184853,2,1,1.0
S4,3690,3750,60,30,8.753166942850086e-07,0.015210012303804227,-0.07604118054107195,0.12197612142916255,0.19801730197023448,-0.0007224782044383947,0.017932878410704806,0.015210012328990904,9.716467952018323,0.5324595162792773,2.0065660892244415,0.011474376594742786,0.009984145271883533,0.008987359660059225,0.12197612142916255,481.923816979197,0.011474376594742786,0.007240101617402726,0.00023134447428187598,360.7987031069601,0.008590649851352654,1.5349477389707756e-08,0.01126606807978549,0.0710420912643133,10422,173.7,16881,281.35,39435,657.25,0.00023134447428187598,0.7407007867421446,1.5602533466778898,0.00023421237697750723,74.84114869826259,59.3017578125,0.00011912118556863983,7.765597594372272e-05,3.701208211678041e-05,0.5086032903379812,0.33156222120225726,0.1580278659668566,2,1,1.0
S4,3720,3780,60,30,5.438025058262817e-07,0.016409462330325003,-0.07604118054107195,0.12850344205305603,0.20454462259412798,-0.0007277890459073794,0.0184829307997433,0.01640946233933569,11.30935907917521,0.6151860431218896,2.864336985572283,0.012141872885646584,0.011038359347968192,0.009286375637513129,0.12850344205305603,509.9586611971565,0.012141872885646584,0.0075270855648756,0.0002692704539703553,389.20401074738504,0.009266982803099717,-5.7920408202129335e-08,0.012325685944467474,0.08464535532567094,10793,179.88333333333333,17243,287.3833333333333,39450,657.5,0.0002692704539703553,0.7511328339923343,1.5556298109476405,0.00026397013422787294,76.38752663231392,59.6435546875,0.00013282167174609902,8.700905756988978e-05,4.3575256064010004e-05,0.5031693154780925,0.32961705241540307,0.16507646287891625,2,1,1.0
S4,3750,3810,60,30,2.521848440946588e-06,0.01788871829350432,-0.08133724780021429,0.12850344205305603,0.2098406898532703,-0.0008583108044278999,0.01980276542990489,0.01788871847126215,13.440262438851176,0.6268861218707207,2.6602700754626767,0.013183588722072028,0.012091287646538345,0.009944494291761533,0.12850344205305603,553.7107263270252,0.013183588722072028,0.008091676165800428,0.0003200062421843561,422.11252126282847,0.010050537423815531,1.191513411760653e-08,0.01341851389073664,0.08464535532567094,10753,179.21666666666667,17367,289.45,39391,656.5166666666667,0.0003200062421843561,0.7501104143167774,1.5556732238328548,0.00032593134324791816,75.91055082232744,59.814453125,0.00016342222807370026,0.00011028500438819417,5.141176823048308e-05,0.5014007749153291,0.33836882114251404,0.15773803070966685,2,1,1.0
S4,3780,3840,60,30,-4.4999997194808474e-08,0.016431624702587674,-0.08133724780021429,0.11885712760004849,0.20019437540026278,-0.0008525647837305359,0.018389961414736936,0.016431624702649292,11.339928195486007,0.5747346700713365,2.352523639403997,0.012166033714499916,0.011044723356715,0.009229957530830692,0.11885712760004849,510.9734160089964,0.012166033714499916,0.007501384050761917,0.00026999829036668943,397.94438374438505,0.00947509187705386,-1.3369443841698644e-08,0.01255377675248909,0.07665592523117729,10943,182.38333333333333,17533,292.21666666666664,39481,658.0166666666667,0.00026999829036668943,0.7640009420682609,1.5474491424550574,0.0002692008658895408,77.68017100442377,61.181640625,0.00013104173259561423,9.175231268915748e-05,4.573620211232284e-05,0.4867805018479532,0.3408321603497573,0.16989619242565673,2,1,1.0
S4,3810,3870,60,30,6.30485310125759e-07,0.015214989153451302,-0.07618873588012609,0.11359188421436767,0.18978062009449376,-0.000742343696952423,0.01765433913282175,0.015214989166514465,9.722827604160406,0.5132075809536927,2.0010283561071356,0.0114124443848568,0.010062405701406747,0.008854553323727964,0.11359188421436767,479.32266416398556,0.0114124443848568,0.007139960485514667,0.00023149589493964078,371.8515109450565,0.00885381820864917,-8.315535078720697e-09,0.011646704382931685,0.09859988206981163,10815,180.25,17591,293.18333333333334,39519,658.65,0.00023149589493964078,0.7654756940980005,1.5574155813450696,0.00022930720844460022,77.27425999083957,59.814453125,0.00011484598953767117,7.362896232439696e-05,4.031777057606155e-05,0.5008389850309374,0.321093099618739,0.17582426147672622,2,1,1.0
S4,3840,3900,60,30,6.745094625606913e-07,0.013655499926789546,-0.07304738698943121,0.11359188421436767,0.18663927120379886,-0.0006030398331534194,0.01577775693421136,0.013655499943448147,7.831852505631518,0.5148339490769861,2.2453509239291165,0.010210778566257671,0.009067120809626685,0.00789875483724084,0.11359188421436767,428.8526997828222,0.010210778566257671,0.0063463809289021735,0.0001864726782505493,344.8704732698558,0.008211397253978804,-5.351969532285316e-08,0.010774139926128835,0.09859988206981163,11369,189.48333333333332,18190,303.1666666666667,39597,659.95,0.0001864726782505493,0.7889963739073353,1.54599983093255,0.00019040775187398735,79.60278886565644,61.3525390625,9.260541468345602e-05,6.0523913590973194e-05,3.6821557790466815e-05,0.486353175078411,0.31786475600546016,0.1933826613048584,2,1,1.0
S4,3870,3930,60,30,-1.7997433306680176e-06,0.010512314335925815,-0.06464135957171267,0.09063446525422925,0.15527582482594193,-0.0003338445600510054,0.012110155582491088,0.01051231448998685,4.641367749328275,0.49971437407469316,2.6054784964470077,0.007835720489103444,0.007007869886993619,0.006064169720082998,0.09063446525422925,329.1002605423447,0.007835720489103444,0.0048739729102568186,0.00011050875269731141,286.67648294750984,0.006825793065251788,-2.9621862086259034e-08,0.008883340850838979,0.056338181871717144,12605,210.08333333333334,19070,317.8333333333333,39827,663.7833333333333,0.00011050875269731141,0.8450414025844126,1.5068863349264512,0.00010830908124028849,86.11681506530181,66.650390625,4.806029848601475e-05,3.429862149880331e-05,2.5700175911069936e-05,0.4437328609536522,0.31667355226391686,0.237285513059177,2,1,1.0
S4,3900,3960,60,30,1.6517071435574936e-06,0.009727104255555702,-0.0540618916846106,0.07372321786129149,0.12778510954590208,-0.0002277063431998308,0.011680001195822343,0.009727104395789447,3.9738955169166275,0.30007259125447855,1.5437682834895181,0.007398018429806665,0.006315527154468364,0.0058323677411267405,0.07372321786129149,310.71677405187995,0.007398018429806665,0.004688151824410666,9.461655719844986e-05,273.49655809495096,0.006511977858876424,-2.3799407770321737e-08,0.008352018657117235,0.046886134409812694,12690,211.5,19065,317.75,39968,666.1333333333333,9.461655719844986e-05,0.8586336115752972,1.5013903702775029,9.092061785667822e-05,87.5677875992889,67.333984375,4.019134462296494e-05,2.754531948569244e-05,2.3005656482856405e-05,0.4420487406533043,0.3029601000854748,0.25303013799489504,2,1,1.0
S4,3930,3990,60,30,1.2442829335662956e-06,0.011102515399778143,-0.0540618916846106,0.07372321786129149,0.12778510954590208,-0.0003929291312505835,0.013760324224488795,0.011102515469502885,5.177165689523136,0.305800421833627,0.9316188200820164,0.008573827568775666,0.007053745853902959,0.006885661351672403,0.07372321786129149,360.10075788857796,0.008573827568775666,0.005504517502841358,0.00012326584820231083,305.79955869162586,0.007281115233496651,3.362410348536626e-08,0.00927467778610331,0.046886134409812694,11965,199.41666666666666,18622,310.3666666666667,39892,664.8666666666667,0.00012326584820231083,0.8353672525677056,1.5170226245714433,0.0001205317778197617,85.43705651527489,65.1123046875,5.4331269364634255e-05,3.795908613977544e-05,2.799358042887693e-05,0.4507630298615442,0.3149301107674518,0.23225062249340905,2,1,1.0
S4,3960,4020,60,30,-1.5377411661929759e-06,0.011953868892950506,-0.05558971095474022,0.059659863867190105,0.11524957482193032,-0.0004886058695240602,0.015360690248772721,0.011953868991857727,6.001589322728902,0.28848714793609653,0.5441008301106351,0.009357192776264707,0.00743894664736327,0.0076982896361968145,0.059659863867190105,393.0020966031177,0.009357192776264707,0.006083800893191942,0.00014289498150984976,328.406653429177,0.007819392210033025,-4.133194991586824e-08,0.009904082467144545,0.044761940061633365,11588,193.13333333333333,18541,309.01666666666665,39923,665.3833333333333,0.00014289498150984976,0.8285252712605229,1.5210865599163814,0.00014107370559237776,84.69176319805723,64.599609375,6.363081156198931e-05,4.588226774294232e-05,3.133259113645156e-05,0.451046573809055,0.3252361419888962,0.2221008585893732,2,1,1.0
S4,3990,4050,60,30,-8.879370133010943e-08,0.01202671801479975,-0.05558971095474022,0.06978875078355276,0.12537846173829298,-0.0005654822277529699,0.015377739448025776,0.012026718015127533,6.074961741046512,0.30454043611516285,0.6298455924611233,0.009378185536545397,0.007529381266579868,0.00772529002292446,0.06978875078355276,393.88379253490666,0.009378185536545397,0.0060798947393503385,0.00014464194620750884,329.24152613846184,0.007839270604977782,3.991713899054665e-08,0.009969850787427289,0.050889468184902406,11580,193.0,18374,306.23333333333335,39910,665.1666666666666,0.00014464194620750884,0.8289751846811959,1.5092975333760745,0.000143482619064871,84.74023717298869,65.966796875,6.31954644428388e-05,4.786106260892626e-05,3.2101196843979935e-05,0.44043985853274,0.3335669708348956,0.22372881853701337,2,1,1.0
S4,4020,4080,60,30,7.170858869934247e-07,0.011890135654028406,-0.05399107781845636,0.08406587197531229,0.13805694979376865,-0.0005728592004001042,0.01497521804287967,0.011890135675651883,5.937763708187206,0.34278011599608826,0.9634937955634664,0.009208267788592288,0.007522175929808033,0.007515121199041406,0.08406587197531229,386.74724712087607,0.009208267788592288,0.0059717245349779815,0.0001413753258711975,322.7939727498425,0.007685753773895629,-1.2802757567723091e-08,0.009820385679851135,0.050889468184902406,11580,193.0,18215,303.5833333333333,39813,663.55,0.0001413753258711975,0.825927135366531,1.5064887858730571,0.00014152039777845326,84.12752083127903,65.4541015625,6.254234004715703e-05,4.6982823647214226e-05,3.1618306903820995e-05,0.44193162984932777,0.3319862322657169,0.22341872549933534,2,1,1.0
S4,4050,4110,60,30,-1.2735756287740768e-06,0.012955014518387988,-0.09117076021274499,0.13517843125085735,0.22634919146360233,-0.0005112610800079432,0.015603348305543522,0.012955014580989032,7.048960917332814,0.4384076506724263,3.1096895041285313,0.00979149312417569,0.008482868924653887,0.007817871611054746,0.13517843125085735,411.242711215379,0.00979149312417569,0.006265811664231956,0.00016783240117164357,337.13025190647875,0.008027101881151426,7.114970733011958e-09,0.010460756783846226,0.1111289207705913,11409,190.15,17979,299.65,39679,661.3166666666667,0.00016783240117164357,0.807467777747259,1.5106601912403188,0.00016713826320995012,82.58632336512923,65.1123046875,7.576040900381772e-05,5.641621071379349e-05,3.456786309187462e-05,0.4532798627245011,0.3375421619819423,0.20682195942440973,2,1,1.0
S4,4080,4140,60,30,-2.164666502119293e-06,0.013218738209845166,-0.09117076021274499,0.13517843125085735,0.22634919146360233,-0.0005729664518065705,0.016138155532146477,0.01321873838708527,7.338871870940471,0.4154485071943467,2.7438372193908283,0.010046912351251047,0.0085903781495625,0.00808779523935002,0.13517843125085735,421.97031875254396,0.010046912351251047,0.006429653648271778,0.0001747350398604206,342.22650788104806,0.00814844419822015,-4.283037013435532e-08,0.010586385243864543,0.1111289207705913,11232,187.2,17736,295.6,39714,661.9,0.0001747350398604206,0.8008620093542608,1.5103517291531792,0.00017977690923847372,81.57412924104717,64.94140625,8.202524486000936e-05,6.195743625452532e-05,3.5373451240107435e-05,0.45626129188372594,0.3446351175853118,0.19676304031450792,2,1,1.0
S4,4110,4170,60,30,3.967799232535369e-06,0.012612925661284849,-0.052688609608300616,0.06771965349605946,0.12040826310436008,-0.0006335830210879279,0.015974116808771845,0.01261292628538392,6.681608198182201,0.3170304705314202,0.6768781080141864,0.009816499635101636,0.007919737646827579,0.008014050139314798,0.06771965349605946,412.29298467426867,0.009816499635101636,0.006342325382492872,0.00015908589373709784,334.55427803200973,0.007965767709517124,-3.7112883963579845e-08,0.010144039682105489,0.05902235943950436,11276,187.93333333333334,17801,296.68333333333334,39803,663.3833333333333,0.00015908589373709784,0.8042574700366656,1.5212079528543867,0.000158654532472298,82.03110516799364,64.4287109375,7.289232137656812e-05,5.2136657281261296e-05,3.320997970297032e-05,0.45944052300740634,0.32861750918061333,0.20932260292512586,2,1,1.0
S4,4140,4200,60,30,-1.0360649483775588e-06,0.01253565714269227,-0.04916119600008102,0.08465593454057285,0.13381713054065386,-0.0005853333541839629,0.015706263062963455,0.01253565718550736,6.599993445047616,0.3586281538605021,0.8472875867502658,0.00971427313419096,0.007923105360078083,0.007878992030780236,0.08465593454057285,407.9994716360203,0.00971427313419096,0.006240152969628171,0.00015714269999913172,330.62408420020955,0.007872189437848749,5.8555671646789226e-08,0.010059117880941134,0.05902235943950436,11340,189.0,17990,299.8333333333333,39743,662.3833333333333,0.00015714269999913172,0.8024404118937755,1.5291703507015961,0.0001575522903148428,81.22834251102195,62.890625,7.417200679263938e-05,5.0950860978806294e-05,3.197144502550297e-05,0.47077707753037806,0.3233901638433134,0.20292592993483752,2,1,1.0
S4,4170,4230,60,30,-3.1916820166880934e-06,0.013333591129282734,-0.10245076397772007,0.11017291709617621,0.2126236810738963,-0.0005778706786900925,0.015866235771259923,0.01333359151128162,7.4669558287682944,0.3924790297496859,2.3205400863536134,0.010064343077551463,0.008746065458654152,0.007950561538263151,0.11017291709617621,422.70240925716143,0.010064343077551463,0.006350427768239432,0.00017778465240288722,333.7592803836458,0.007946838743390219,-2.8174672185925916e-08,0.010332113419037118,0.07714093059147845,11156,185.93333333333334,17860,297.6666666666667,39609,660.15,0.00017778465240288722,0.7748935240969042,1.5537152614664302,0.00017340708437258638,79.06242564451988,61.0107421875,8.497166725831224e-05,5.5513959664926575e-05,3.2500604687244765e-05,0.49001266335659155,0.32013663032156187,0.18742374225849523,2,1,1.0
S4,4200,4260,60,30,1.6635159011514525e-06,0.014606072461629916,-0.10245076397772007,0.1191162682060497,0.22156703218376977,-0.0007310698771831961,0.017153853208715607,0.014606072556360553,8.960168931910093,0.45606153028305096,2.2872063053579605,0.010988618281496314,0.009622246296225944,0.008637555681615687,0.1191162682060497,461.5219678228452,0.010988618281496314,0.00689380584943483,0.00021333735275438378,353.17223108945893,0.008409062860769517,1.5308683265840496e-09,0.010999114779697247,0.07714093059147845,10801,180.01666666666668,17185,286.4166666666667,39529,658.8166666666667,0.00021333735275438378,0.7530508155831673,1.5495986948943725,0.00021257915343934677,76.66532094234546,60.83984375,0.0001042347365250444,7.258950016475571e-05,3.521259153318833e-05,0.490333764334915,0.341470454606298,0.16564461267005287,2,1,0.8049047619047619
S5,270,330,60,30,3.856253106332424e-07,0.024405274629759888,-0.23298830782320984,0.21520883499130722,0.44819714281451706,0.001022939489808161,0.02363560717008966,0.024405274632806506,25.015932055913765,-0.6372003902927977,5.3084469623024475,0.0170841062697471,0.017428446369848815,0.011860910325537533,0.23298830782320984,717.5324633293783,0.0170841062697471,0.009950710552125418,0.0005956174297540017,604.5938243908022,0.014395433805347798,1.5091468481055433e-07,0.020706919133818162,0.17938562663959437,11520,192.0,17350,289.1666666666667,38987,649.7833333333333,0.0005956174297540017,0.8484608121790224,1.4131171892115784,0.0005957357392860269,88.66282811664713,74.3408203125,0.00021068321132140252,0.00024742122817321497,0.00013644921122622785,0.35365212698821896,0.41532043800115565,0.2290431851373539,1,0,0.8438095238095238
S5,300,360,60,30,3.061306044504848e-06,0.027083039203488715,-0.23097600457437253,0.21520883499130722,0.4461848395656798,0.0018146500847334656,0.02870010464350411,0.02708303937650465,30.806622918510655,-0.7288900146637695,3.476834907919142,0.019636017057933927,0.018652556285126954,0.014462905221477133,0.23097600457437253,824.712716433225,0.019636017057933927,0.011859875330549014,0.0007334910124977066,713.6003069041263,0.016990888042670692,3.361308140377998e-08,0.02367772895935519,0.1760675906994425,11772,196.2,17360,289.3333333333333,39270,654.5,0.0007334910124977066,0.8742641023945766,1.3885294424266146,0.0007617355195519439,92.61833913693798,78.61328125,0.00023652481877891034,0.0003327939284904039,0.00019077681140165393,0.3105077979270748,0.43688907757137896,0.25045019761435,1,0,1.0
S5,330,390,60,30,2.1462518722686255e-06,0.02386336869899869,-0.2381625327181375,0.20930843339437366,0.44747096611251114,0.001138739971900013,0.021111480101487196,0.02386336879551476,23.9173355513714,-0.8888503841835746,6.229500129111848,0.0161280550643261,0.01758824067702091,0.010638938154551903,0.2381625327181375,677.3783127016961,0.0161280550643261,0.009040649118101584,0.0005694603656643505,584.0022063306476,0.013905145511337117,-2.8766610706673123e-08,0.020881026565789548,0.1760675906994425,11647,194.11666666666667,17219,286.98333333333335,38686,644.7666666666667,0.0005694603656643505,0.8750242612085911,1.3890537926998625,0.000588024593972855,92.45905313510451,77.7587890625,0.0001809324234719169,0.00025799436801159916,0.00014813458591423628,0.3076953333694565,0.43874758072365416,0.2519190309939224,1,0,1.0
S5,360,420,60,30,7.714376562625911e-07,0.01663168567913175,-0.2381625327181375,0.20930843339437366,0.44747096611251114,0.0003855016813935384,0.014284996685825509,0.016631685697022783,11.617744703231194,-0.91906031087324,14.90991546552375,0.010602667588790186,0.012813914668288153,0.007160234553443531,0.2381625327181375,445.31203872918786,0.010602667588790186,0.005995389930398005,0.0002766129685294362,378.40558981029324,0.009009871420993196,-3.171058675748861e-08,0.014234579565281956,0.17582091511075082,11747,195.78333333333333,17456,290.93333333333334,38858,647.6333333333333,0.0002766129685294362,0.855871126950318,1.41421513046264,0.000282993122503384,89.60053331666556,75.0244140625,9.560152728412073e-05,0.00012006659141050069,6.68134189415761e-05,0.33782279384891245,0.42427388463853904,0.2360955572013138,1,0,1.0
S5,390,450,60,30,-1.8899004036636418e-07,0.011935797100179864,-0.1271070397649356,0.08343072232739848,0.21053776209233407,0.00028126463571248334,0.013655380723455627,0.011935797101676086,5.983456602999929,-0.40161260863296117,3.63463546991449,0.008841736805746693,0.008017913862737834,0.0068380265984725,0.1271070397649356,371.3529458413611,0.008841736805746693,0.005531254519465444,0.00014246325241666204,313.0217015215516,0.007453075109444311,3.1888794433816866e-08,0.01002057027351571,0.0974253984396189,11751,195.85,17577,292.95,39621,660.35,0.00014246325241666204,0.8395392607138661,1.4343295521013406,0.00013995172749807876,87.58889127030498,73.6572265625,5.001950015796055e-05,5.861672070683325e-05,3.1055195734584384e-05,0.35740537864134053,0.418835278097142,0.2218993383630131,1,0,1.0
S5,420,480,60,30,-1.2927049810418598e-07,0.012284985898235965,-0.1271070397649356,0.08343072232739848,0.21053776209233407,0.00044532241357941177,0.01435282030927983,0.0122849858989161,6.33867689853583,-0.43021943470758334,3.1875710125172665,0.009180117560834693,0.008163719746893684,0.007175820929467145,0.1271070397649356,385.5649375550571,0.009180117560834693,0.0057917858581551076,0.00015092087851985652,316.00639124712654,0.007524140842570693,1.2786695655574773e-09,0.010139513745545932,0.0974253984396189,11242,187.36666666666667,17176,286.26666666666665,39582,659.7,0.00015092087851985652,0.8253581916607566,1.447540048957283,0.00015322837703297018,85.7690818208563,71.77734375,5.831240504514944e-05,6.179963826351442e-05,3.2843766706027385e-05,0.3805587853521567,0.4033171887620854,0.21434519729306006,1,0,1.0
S5,450,510,60,30,-7.271647725981357e-07,0.009752557306719605,-0.0494718078479505,0.04201168453395872,0.09148349238190923,0.0003612024098648335,0.012379751768096393,0.009752557333828833,3.994719731083979,-0.2674980598261512,0.6648179784424055,0.007598726773032984,0.006113241855056142,0.0061958892256413056,0.0494718078479505,319.14652446738535,0.007598726773032984,0.004942522408231451,9.511237402084994e-05,257.94233853275824,0.0061416304800771026,3.004636238756775e-08,0.007886462105265822,0.039719563577445716,11087,184.78333333333333,17095,284.9166666666667,39747,662.45,9.511237402084994e-05,0.8086558076241167,1.4700484695881226,9.550210060477472e-05,83.00283161767109,69.2138671875,3.857587265116302e-05,3.804469939025936e-05,1.8684825717015375e-05,0.4039269545578391,0.3983650532222668,0.19564832185566824,1,0,1.0
S5,480,540,60,30,7.043632203555975e-07,0.010140191773703134,-0.08553720563062846,0.074000712033095,0.15953791766372344,0.00031096011809457187,0.012266063485925693,0.010140191798166555,4.318586567551379,-0.34206030858920966,2.5991859882328523,0.007691812692575433,0.006607534124462751,0.006142235020775835,0.08553720563062846,323.05613308816817,0.007691812692575433,0.00492016887055821,0.00010282348920747672,261.1437855323845,0.006217857223562097,3.801782659384598e-08,0.008174358351367204,0.07196047026236825,11217,186.95,17127,285.45,39625,660.4166666666666,0.00010282348920747672,0.8061344926992421,1.4770349155517102,0.00010183098945825402,82.8930268087649,67.333984375,4.3275472861902366e-05,3.7612000593852744e-05,2.0724920603384628e-05,0.42497350847841164,0.3693571160797953,0.20352272636888089,1,0,1.0
S5,510,570,60,30,5.80049598497243e-07,0.010693520570997352,-0.08553720563062846,0.074000712033095,0.15953791766372344,0.0003316030441238018,0.013053543868007882,0.010693520586729193,4.802758066629644,-0.3101034392219041,2.1790117050379205,0.008147217195815331,0.006926343516099386,0.006532934085859969,0.08553720563062846,342.1831222242439,0.008147217195815331,0.005219000435346109,0.00011435138220234352,280.38010824962265,0.006675875812510361,3.119073635957426e-08,0.008677031880975926,0.07196047026236825,11405,190.08333333333334,17357,289.28333333333336,39786,663.1,0.00011435138220234352,0.8114289230910084,1.4698172324985055,0.00011560785796781368,83.69906122073156,69.384765625,4.7000008242953335e-05,4.5021457188269e-05,2.3342664870875885e-05,0.40654683054536467,0.3894325003478864,0.20191244160388047,1,0,1.0
S5,540,600,60,30,-1.544368430312662e-06,0.010693726828750125,-0.06225177251197905,0.04866086510309932,0.11091263761507837,0.00027417699763899626,0.013801551644107922,0.010693726940267554,4.80294342666617,-0.1801762432270742,0.501079543914928,0.008380875773040716,0.006642041640178356,0.0069024682266884,0.06225177251197905,351.9967824677101,0.008380875773040716,0.005469749103892012,0.00011435579348793019,290.88639446002173,0.006926031440272905,-7.340405125518486e-08,0.008745617422620902,0.0451383773762146,11465,191.08333333333334,17291,288.18333333333334,39963,666.05,0.00011435579348793019,0.8178268963359226,1.45040951366728,0.00011266166035676555,85.1632811559538,72.6318359375,4.279859201330977e-05,4.696026976661899e-05,2.266774881486756e-05,0.37988604000490955,0.41682564963013996,0.2012019771685028,1,0,1.0
S5,570,630,60,30,-1.244996510136612e-07,0.010716468767564555,-0.057925134341727524,0.04866086510309932,0.10658599944482684,0.00027886164339493004,0.01366797426518887,0.01071646876828775,4.8233935201908436,-0.1962579555875983,0.572416722104236,0.00836616655302752,0.006697011278823589,0.006845955420271336,0.057925134341727524,351.3789952271558,0.00836616655302752,0.005426951880679757,0.00011484270284618657,291.60650151324165,0.0069431772545356235,4.302714911306368e-09,0.008828765133248448,0.0451383773762146,11522,192.03333333333333,17355,289.25,39839,663.9833333333333,0.00011484270284618657,0.82385021827063,1.4509934886081002,0.00011323417752934312,84.97514567804744,71.77734375,4.4193531641881006e-05,4.541355028425842e-05,2.334343793787328e-05,0.3902843876834699,0.40105868453444726,0.20615187434751436,1,0,1.0
S5,600,660,60,30,-7.93296585056407e-07,0.010485787219747703,-0.06962720074095446,0.04324773661026135,0.11287493735121581,0.00032192192677455073,0.013269723773825265,0.010485787249755915,4.617972838380036,-0.25279812603831386,0.7060758005313943,0.008171166757411861,0.006571435769275314,0.0066321554118600416,0.06962720074095446,343.18900381129816,0.008171166757411861,0.0053117890635670725,0.00010995173361782424,290.17447965974407,0.006909080684295913,4.6741345600734966e-08,0.008831431710281694,0.05624972245520865,11740,195.66666666666666,17731,295.51666666666665,39821,663.6833333333333,0.00010995173361782424,0.8422287735964746,1.443973639819077,0.00010885462090030056,87.69832786993682,73.486328125,4.089457116111011e-05,4.248157125317194e-05,2.5171849875178804e-05,0.3756806171652121,0.39025969593041543,0.23124282338214733,1,0,1.0
S5,630,690,60,30,-8.891901008138588e-07,0.010243244379072373,-0.06962720074095446,0.04184902746211618,0.11147622820307065,0.0002849188623508009,0.013177554260695355,0.010243244417666542,4.406810360402385,-0.20324364779697976,0.5156461972185507,0.008034401380307596,0.006353931905534412,0.006597211845691385,0.06962720074095446,337.44485797291907,0.008034401380307596,0.005263930026403057,0.00010492405540939775,285.620463749658,0.006800649152352627,1.053815689852367e-08,0.00864551876702132,0.05624972245520865,11811,196.85,17527,292.1166666666667,39865,664.4166666666666,0.00010492405540939775,0.8440215274649394,1.4350187263513978,0.00010389263372581006,88.16697221243804,74.51171875,3.7454564614861346e-05,4.250296834196542e-05,2.3717788615458004e-05,0.36051222566664515,0.4091047345487248,0.2282913404433773,1,0,1.0
S5,660,720,60,30,-8.455820432260266e-07,0.009903083516008769,-0.05139820457777505,0.04242039778372751,0.09381860236150256,0.00031214224506237714,0.012833317828978598,0.00990308355210909,4.11898468128225,-0.18399111290953749,0.4303029555146636,0.007782282292228495,0.0061243078110199845,0.006431183455998515,0.05139820457777505,326.85585627359677,0.007782282292228495,0.005093033365380282,9.80710631250446e-05,274.3348138384856,0.006531936804173567,-1.1437622386712642e-08,0.008286151546017997,0.046622079129060044,11683,194.71666666666667,17440,290.6666666666667,39895,664.9166666666666,9.80710631250446e-05,0.8367243932279343,1.4422215730642896,9.765182064701674e-05,86.94490842512145,73.3154296875,3.567560843781623e-05,4.052007121163229e-05,2.121346180751158e-05,0.3653348007383631,0.4149443496614436,0.21723570197622988,1,0,1.0
S5,690,750,60,30,2.9620326022029976e-07,0.010118266652579316,-0.0513084166574722,0.059999048516434346,0.11130746517390655,0.0004016189795812866,0.012978028014568512,0.01011826665691486,4.29993144589827,-0.24890728718701585,0.6046129305016947,0.007917213290693526,0.006300559804501564,0.0064974420024476,0.059999048516434346,332.5229582091281,0.007917213290693526,0.005177147555341636,0.00010237932005269862,282.9205893326663,0.006736364897561044,3.6348163714659913e-08,0.00860616711157633,0.04651593026861606,11864,197.73333333333332,17613,293.55,39849,664.15,0.00010237932005269862,0.8505574528797849,1.4295918607634328,0.00010237452061758896,88.37511512558288,74.6826171875,3.6653921844053406e-05,4.1852605304669965e-05,2.361396720914644e-05,0.3580375431595027,0.40881857177145375,0.23066254246361104,1,0,1.0
S5,720,780,60,30,-5.4572690834578e-07,0.009823997108694468,-0.0500533112522372,0.059999048516434346,0.11005235976867155,0.00037664076272318867,0.012525353050908112,0.00982399712385214,4.053458618557114,-0.2685365626267581,0.7178946721314623,0.00765074774639013,0.006162546422588754,0.006250594427559517,0.059999048516434346,321.33140534838543,0.00765074774639013,0.004973904852212089,9.651091919163724e-05,288.4090539575232,0.0068670457381728904,-1.3446218836707159e-08,0.0087530397150923,0.04651593026861606,12628,210.46666666666667,18380,306.3333333333333,39944,665.7333333333333,9.651091919163724e-05,0.8909855752446889,1.4132988080029827,9.647555437382087e-05,92.83054085196511,77.587890625,3.361791611927272e-05,3.631366545591097e-05,2.6325070798193184e-05,0.34846046065732805,0.376402765359645,0.27286778468449646,1,0,1.0
S5,750,810,60,30,-6.50364704646637e-07,0.009112315991671314,-0.05282622042887575,0.04490083919062635,0.0977270596195021,0.00034531321699147435,0.011722540649282244,0.009112316014880245,3.487440732511806,-0.3007919928561928,0.6091258642291484,0.007127256805388791,0.005677720809011498,0.0058852347355034355,0.05282622042887575,299.3447858263292,0.007127256805388791,0.0046442934086816726,8.303430273206876e-05,280.92987086127243,0.006688965710166252,4.249846489622e-09,0.008484856163341955,0.039391242497403035,13127,218.78333333333333,19263,321.05,40081,668.0166666666667,8.303430273206876e-05,0.9311415639116488,1.4007990043950196,8.234387678835185e-05,98.0573028179484,82.03125,2.7399394169241795e-05,2.884160991991822e-05,2.5916599792281472e-05,0.33274355347230433,0.35025810108564237,0.3147362111562322,1,0,1.0
S5,780,840,60,30,-7.966544542342354e-07,0.008728647630373962,-0.05282622042887575,0.03573965176876487,0.08856587219764062,0.00036039172463865317,0.011245701813915664,0.008728647666728867,3.1999501837754347,-0.313317519960323,0.6608921085958075,0.006829025989637022,0.005436330943085915,0.005625980519841979,0.05282622042887575,286.81909156475496,0.006829025989637022,0.004457034823976308,7.618928945523297e-05,267.11975270741266,0.006360145544118018,1.4013858995970782e-09,0.00806464462997838,0.039391242497403035,13007,216.78333333333333,19461,324.35,40055,667.5833333333334,7.618928945523297e-05,0.9239283072803876,1.4201110478935375,7.544310189642572e-05,96.66476383106898,79.4677734375,2.6558016114407808e-05,2.557432507742934e-05,2.3134222797468983e-05,0.35202709653784864,0.33898824988054976,0.3066446396812989,1,0,1.0
S5,810,870,60,30,1.2742367163195282e-06,0.010061674282755282,-0.07648043067105918,0.05357597480004396,0.13005640547110314,0.00040398140163431726,0.012429775150468898,0.010061674363441615,4.251966221829406,-0.30393902762152575,1.4352051917077207,0.007719390204872476,0.006453549865063189,0.006231965001744514,0.07648043067105918,324.214388604644,0.007719390204872476,0.004945440405514479,0.00010123728937225902,281.5861926998789,0.006704592792682656,-1.1654419164210533e-08,0.008565142714703728,0.07695178210482652,12233,203.88333333333333,18814,313.56666666666666,39929,665.4833333333333,0.00010123728937225902,0.8512641608150185,1.4913369738246856,0.00010173149115056169,86.76622862834388,67.67578125,4.350598506461749e-05,3.3474726869187065e-05,2.4500133425469006e-05,0.42765504144856215,0.3290498005150123,0.2408313605588365,1,0,1.0
S5,840,900,60,30,-7.051479065411137e-07,0.010675443557425862,-0.07648043067105918,0.05357597480004396,0.13005640547110314,0.00038255946179453293,0.013513493208326035,0.010675443580714523,4.786534017090794,-0.26370135537028444,1.0559758581610454,0.008270319471226617,0.006750326769043763,0.006760091394638094,0.07648043067105918,347.3534177915179,0.008270319471226617,0.005343739510858906,0.00011396509514778533,293.01372023314275,0.006976683259914349,3.253987484073109e-08,0.008880967778658056,0.07695178210482652,11711,195.18333333333334,18421,307.01666666666665,39918,665.3,0.00011396509514778533,0.8319062089443989,1.506983678348233,0.00011683696481216678,84.45540113104981,65.283203125,5.1989815568169775e-05,3.835587879989083e-05,2.6090544302777132e-05,0.4449774577057126,0.32828547764445737,0.22330727561026303,1,0,1.0
S5,870,930,60,30,7.358761163133001e-07,0.009617799843667911,-0.05454421410673299,0.0527888944127077,0.1073331085194407,0.0003425158069683694,0.01249418274976731,0.00961779987181955,3.8850871237236304,-0.2154948232112443,0.4856357506770492,0.0075511629133387095,0.005956678019717888,0.006254779977111886,0.05454421410673299,317.1488423602258,0.0075511629133387095,0.004935309940939128,9.250207383285849e-05,276.0198183559999,0.006572056914593203,-2.8326820684335946e-09,0.008312997928847184,0.04470496320735075,11967,199.45,18796,313.26666666666665,40030,667.1666666666666,9.250207383285849e-05,0.8643346777818658,1.4871588700498066,9.152131409066765e-05,88.87140981829828,69.04296875,3.8043547486526914e-05,2.9990617642968772e-05,2.3268616139666626e-05,0.41567964647926947,0.32768998064492266,0.25424259224048124,1,0,1.0
S5,900,960,60,30,-1.2795069112023028e-06,0.010636321022195264,-0.0859513300416438,0.06233585631394676,0.14828718635559057,0.00044548671107841244,0.013125353152074581,0.010636321099155046,4.751515714021894,-0.3107530236083237,1.3874192064706117,0.008169300088114404,0.00681130403040892,0.006582221294490927,0.0859513300416438,343.110603700805,0.008169300088114404,0.0052545526907332735,0.00011313132488719288,296.8686508150814,0.007068469506775909,-3.53809236188473e-08,0.009117370374719129,0.08104413850130862,11980,199.66666666666666,18701,311.68333333333334,39910,665.1666666666666,0.00011313132488719288,0.8571921020147404,1.4797372620237164,0.00011301011952336682,87.96290500566614,68.5302734375,4.745391530497807e-05,3.7257174634060914e-05,2.810136563231649e-05,0.41990854894340807,0.3296799861038758,0.24866238307540275,1,0,1.0
S5,930,990,60,30,2.07165051408991e-06,0.012198791291330119,-0.1360400635470714,0.1989536899406143,0.3349937534876857,0.000503001416532528,0.014654986053555846,0.012198791467238358,6.25004155696903,-0.09317347511175372,5.650881578708432,0.009188449328454385,0.008023896322834286,0.007344500286653689,0.1989536899406143,385.91487179508414,0.009188449328454385,0.005865440596166679,0.00014881050896943152,329.5616762082677,0.007846893407182736,2.321537705538201e-09,0.01028254113320139,0.11422945494074693,11906,198.43333333333334,18340,305.6666666666667,39826,663.7666666666667,0.00014881050896943152,0.8429147517680183,1.4633149157101024,0.00014511575918695283,87.22998762188166,69.8974609375,5.7809557772004936e-05,5.230721009875907e-05,3.470094727984773e-05,0.3983685720689288,0.3604516173282849,0.23912597414828293,1,0,1.0
S5,960,1020,60,30,1.3774220222982812e-06,0.011709546182928405,-0.1360400635470714,0.1989536899406143,0.3349937534876857,0.0004280087804030073,0.014374088058638677,0.011709546263943132,5.758765895711833,-0.0020590630296681064,6.110429589166703,0.00890415963326238,0.007604565400652776,0.00720024199482313,0.1989536899406143,373.97470459702,0.00890415963326238,0.005730589682250569,0.00013711347181013316,323.3194970803438,0.007698266555878564,3.1876978077292135e-09,0.009991104801342276,0.11422945494074693,12082,201.36666666666667,17906,298.43333333333334,39895,664.9166666666666,0.00013711347181013316,0.8532444080461905,1.422200257499741,0.00014207548868960072,88.58798305385581,74.169921875,4.9607615162956695e-05,5.838852334640053e-05,3.381818818249631e-05,0.34916378342598475,0.4109683090653645,0.23802971571247286,1,0,1.0
S5,990,1050,60,30,-1.2639013233872924e-06,0.010920456853097385,-0.05962587611988714,0.059759280171553394,0.11938515629144053,0.00028097044262192627,0.01391044926458583,0.010920456926237481,5.008767938067943,-0.16567881018818695,0.5327242674457735,0.008527614739734464,0.006821742176927511,0.006960526891493416,0.059759280171553394,358.15981906884747,0.008527614739734464,0.0055356880535742834,0.00011925637788036162,307.28759127422404,0.0073165454242773405,-2.128586403927986e-08,0.009300120953443115,0.0531448569157226,11936,198.93333333333334,17362,289.3666666666667,39904,665.0666666666667,0.00011925637788036162,0.8516237991275346,1.3979083222101851,0.0001200223080853475,89.42808210944786,79.1259765625,3.8763041279502875e-05,5.411307994356909e-05,2.692931384290907e-05,0.32296530451604544,0.45085851794392623,0.22436923828993288,1,0,1.0
S5,1020,1080,60,30,9.451203596982633e-07,0.010913088757873465,-0.0933467033554723,0.059759280171553394,0.1531059835270257,0.00027103676309910983,0.01379811996473309,0.010913088798799205,5.002011299480021,-0.2153350110415241,1.1081388885081331,0.008456037846876938,0.006898618054557123,0.00689951709554186,0.0933467033554723,355.1535895688314,0.008456037846876938,0.005474369585337764,0.00011909550623722419,293.0202366313467,0.006976838415946729,-8.758041100487035e-09,0.008942459081379044,0.07022140460567819,11403,190.05,17218,286.96666666666664,39858,664.3,0.00011909550623722419,0.8194251215016765,1.4485848772283334,0.00011924558463352611,84.76058516601341,72.119140625,4.506517254962207e-05,5.0127196434376296e-05,2.3787107364251605e-05,0.3779190037779555,0.4203694131605016,0.19947998441498535,1,0,1.0
S5,1050,1110,60,30,1.6909976242099255e-06,0.012629972977972297,-0.168730616199405,0.08034912146900718,0.24907973766841218,0.0003456197037015659,0.014406213237994727,0.012629973091174161,6.699681251918903,-0.5217979816536885,4.771032502947084,0.00928265045926858,0.008564380931207123,0.007215771130133315,0.168730616199405,389.87131928928034,0.00928265045926858,0.005804092277347193,0.00015951621742431042,321.75792908292203,0.007661085480200053,-1.8800754097658196e-08,0.010381036828247557,0.10550770995093225,11523,192.05,17316,288.6,39618,660.3,0.00015951621742431042,0.8219365826318815,1.4453079195115104,0.000160229252071483,85.33445573124854,72.2900390625,5.952175091785334e-05,6.712589964651183e-05,3.313865281344034e-05,0.3714786791321907,0.418936609755658,0.206820242777244,1,0,1.0
S5,1080,1140,60,30,8.568945420974499e-07,0.012441484463446121,-0.168730616199405,0.08034912146900718,0.24907973766841218,0.0002443871089137402,0.014282852799604999,0.012441484492954989,6.501202528314456,-0.4819849367495893,4.75080982085548,0.00918151177365938,0.008395854806902846,0.007159037821406707,0.168730616199405,385.62349449369395,0.00918151177365938,0.005755195079497321,0.0001547905356541712,329.1433379513592,0.007836932735335584,2.1843407295040437e-09,0.010495730448673572,0.10550770995093225,12134,202.23333333333332,17570,292.8333333333333,39712,661.8666666666667,0.0001547905356541712,0.8436075678517867,1.4142016255982994,0.00015832909648217898,88.71670483244547,75.3662109375,5.2381799398617416e-05,7.048446830763766e-05,3.494549948837892e-05,0.3308412702558013,0.44517697551297003,0.22071432392916024,1,0,1.0
S5,1110,1170,60,30,-1.6183670770162966e-06,0.009982024581787471,-0.08354930223509724,0.07539260604158048,0.1589419082766777,0.00022401795511352366,0.01243582356594166,0.009982024712978894,4.184914329561897,-0.129750212243127,1.1784270425220464,0.007722003605304543,0.006325462646335444,0.006227741922313399,0.08354930223509724,324.3241514227908,0.007722003605304543,0.00498773651206916,9.964081475140935e-05,284.0377321660376,0.006762964169766842,1.2413900726734159e-08,0.008609205467351451,0.06977879069283188,12453,207.55,18102,301.7,39989,666.4833333333333,9.964081475140935e-05,0.862470874201134,1.420711536060018,9.972716045532276e-05,90.46215101328933,76.3916015625,3.223305711155046e-05,4.445532470145707e-05,2.2791156720212043e-05,0.3232124224171679,0.44576948244077214,0.22853510133202237,1,0,1.0
S5,1140,1200,60,30,7.815378928073069e-07,0.009301563169679686,-0.08354930223509724,0.07539260604158048,0.1589419082766777,0.00020128911160748183,0.011631868518306611,0.009301563202512957,3.6338012764344096,-0.1170418573462861,1.4607585983428297,0.007179511145638,0.0059138564169248144,0.0058189714268840065,0.08354930223509724,301.539468116796,0.007179511145638,0.0046342324744493525,8.65190773995416e-05,266.43138366212634,0.006343755414703358,1.4164931562224833e-08,0.008067168645634143,0.06977879069283188,12466,207.76666666666668,18588,309.8,40034,667.2333333333333,8.65190773995416e-05,0.8672917119920984,1.447218616806689,8.50352164051005e-05,90.24888132750256,74.6826171875,3.0375706586571252e-05,3.403064608566573e-05,2.043020875899585e-05,0.3572132567037165,0.40019473724329274,0.24025585660496332,1,0,1.0
S5,1170,1230,60,30,-3.532908204018297e-07,0.013423354716959806,-0.12061220896118077,0.15042659906800165,0.27103880802918245,0.00030645199759360024,0.01350515002403481,0.013423354721608959,7.5678309832499435,-0.5602040755573631,5.676626233924271,0.009375836875275455,0.009606254986745173,0.006755147974619525,0.15042659906800165,393.7851487615691,0.009375836875275455,0.00555816577653172,0.0001801864518573271,346.27532252682875,0.008244846842230261,-2.9178533071883037e-08,0.011706040773982022,0.11506321727991217,12312,205.2,18508,308.46666666666664,39447,657.45,0.0001801864518573271,0.872065219225114,1.4154443718826764,0.0001613035575176463,91.5077502549207,77.0751953125,5.403872551903035e-05,6.643807391140387e-05,4.0526034585787194e-05,0.3350126082192491,0.4118822605889252,0.251240798463814,1,0,1.0
S5,1200,1260,60,30,-1.1282666393004898e-07,0.01621295884981039,-0.14374729550413926,0.15042659906800165,0.29417389457214094,0.0006350904047073503,0.016099325670854987,0.016212958850202974,11.040121456491747,-0.609794416887191,4.275203979685964,0.011415322421719283,0.011513055575587565,0.008090465027793892,0.15042659906800165,479.4435417122099,0.011415322421719283,0.006712682348990327,0.0002628600346656451,423.86114974025656,0.010092172426492454,-2.2695048648423095e-08,0.014267263039086426,0.11506321727991217,12318,205.3,18273,304.55,39374,656.2333333333333,0.0002628600346656451,0.8799913187501417,1.4012473706953754,0.0002743767289922762,92.47064781792413,77.4169921875,8.911184235377826e-05,0.00011438332785641603,7.023772875994363e-05,0.32477915558315,0.41688421710004403,0.25599010899324787,1,0,1.0
S5,1230,1290,60,30,-4.658240994089962e-07,0.01297735159951475,-0.14374729550413926,0.098387089072757,0.24213438457689626,0.0006258619494775236,0.01379700081930546,0.012977351607875167,7.073289499685647,-0.6631422525233597,5.733387245512702,0.009257016451127064,0.009095015182944062,0.006901403276651249,0.14374729550413926,388.79469094733673,0.009257016451127064,0.005661629770162507,0.00016841165453742807,356.25545974112504,0.008482474814665231,-4.96835456815828e-08,0.011745903888619555,0.10944789809396518,12787,213.11666666666667,18809,313.48333333333335,39678,661.3,0.00016841165453742807,0.9051079335061522,1.3966625690984085,0.00015873658936229067,95.49555569528545,79.296875,5.1338204853237105e-05,6.261122694415755e-05,4.446544828792267e-05,0.3234175879643346,0.3944347500200947,0.2801209756777466,1,0,1.0
S5,1260,1320,60,30,-3.167899753470547e-06,0.009524404839130751,-0.06914337090839975,0.041177138840604754,0.11032050974900451,0.0005091744108502644,0.012100320662050168,0.009524405365966219,3.8100004981603357,-0.39217187940858494,0.7433947709347635,0.0074177107191775865,0.0059742669225474054,0.006070317852517385,0.06914337090839975,311.5438502054586,0.0074177107191775865,0.004831915069551233,9.071428753965726e-05,296.2591033772592,0.007053956126985385,2.714706789895846e-08,0.009002368409257602,0.05149299446347221,13278,221.3,19390,323.1666666666667,40158,669.3,9.071428753965726e-05,0.9451896009577022,1.3917117291201486,9.062047707589438e-05,99.85691635979026,82.71484375,2.9785759625977094e-05,3.081698115644491e-05,2.9825929384707726e-05,0.32868685519092566,0.34006641932193515,0.3291301298240639,1,0,1.0
S5,1290,1350,60,30,-1.6266410153780361e-06,0.009061763552571498,-0.049663684924101045,0.03690514732279113,0.08656883224689219,0.00042104918755848713,0.011531402995359511,0.009061763698567414,3.4488535758043164,-0.3401513946611318,0.6850538923388627,0.007060473951410128,0.005680252539292004,0.00578188075219192,0.049663684924101045,296.5399059592254,0.007060473951410128,0.004588313425487457,8.211555868271322e-05,282.6535887068936,0.006730007588440048,1.703074581902325e-08,0.008573293764606069,0.042163268186937414,13346,222.43333333333334,19576,326.26666666666665,40113,668.55,8.211555868271322e-05,0.9460955050160392,1.3981496947789858,8.120172962255704e-05,99.97655911235957,82.71484375,2.7097554760524602e-05,2.726823900192467e-05,2.667340942197303e-05,0.33370662036978543,0.33580859827337745,0.3284832668707517,1,0,1.0
S5,1320,1380,60,30,1.9784506619532283e-06,0.010808144400255142,-0.13183901020355676,0.09461259288750454,0.2264516030910613,0.00042825995444943426,0.011896733861879744,0.010808144581334651,4.90627155022341,-0.402297572297018,6.720219980952278,0.007784758191268008,0.007497568218730606,0.00595505647879691,0.13183901020355676,326.95984403325633,0.007784758191268008,0.004846197931187719,0.00011681598537676658,302.72706803490587,0.007207958952234717,2.21144231973788e-08,0.009796057624066323,0.10277550088860446,13049,217.48333333333332,19311,321.85,39778,662.9666666666667,0.00011681598537676658,0.9063588772773126,1.4110758158257755,0.00011037950884838022,95.79457356356667,78.4423828125,3.68334668190396e-05,4.0805234584671986e-05,3.240096673588456e-05,0.3336984119908966,0.36968124799978025,0.2935415012617175,1,0,1.0
S5,1350,1410,60,30,8.272598010757332e-07,0.011282059991363606,-0.13183901020355676,0.09461259288750454,0.2264516030910613,0.00031289806952584226,0.012697194877192501,0.01128206002169312,5.345964889989618,-0.29802103695190474,5.553197382312378,0.008232426445205934,0.007714404264579355,0.006363243694110205,0.13183901020355676,345.7619106986492,0.008232426445205934,0.005147187307361978,0.00012728487764872737,310.7223452184777,0.00739832722727869,-2.0396739854670455e-08,0.00997887413793978,0.10277550088860446,12781,213.01666666666668,18690,311.5,39890,664.8333333333334,0.00012728487764872737,0.8844904339791303,1.4155167549975316,0.00013106282317326456,92.70766067074716,76.904296875,4.3158627464179914e-05,5.383884359684088e-05,3.367875364772686e-05,0.32929725164797014,0.4107865395640542,0.2569664900564798,1,0,1.0
S5,1380,1440,60,30,2.9153317397815902e-06,0.009666304196360104,-0.06282164606609944,0.05262541939099488,0.11544706545709432,0.00011211186242685261,0.012011907296254516,0.00966630463598826,3.924372703260581,-0.09018438175513727,0.8862931185957521,0.007473148383664448,0.006131027528193098,0.006009433476523989,0.06282164606609944,313.8722321139068,0.007473148383664448,0.004799518688433437,9.343743681656897e-05,280.503222302824,0.0066788071692855545,-1.7458533384530655e-08,0.008503643298808265,0.055660044443360215,12762,212.7,18703,311.71666666666664,40083,668.05,9.343743681656897e-05,0.8797202246139072,1.4365718136289258,9.348412816191214e-05,91.68874159807221,76.3916015625,3.187932868771878e-05,3.863861052318971e-05,2.2749736861036735e-05,0.3410132748149995,0.41331733293023404,0.24335400359764567,1,0,1.0
S5,1410,1470,60,30,-9.044232774749088e-07,0.00879346675654493,-0.06282164606609944,0.05262541939099488,0.11544706545709432,0.000183293759864762,0.010922852569256934,0.008793466803055679,3.2476524534905757,-0.15447993871546517,1.095093106108175,0.0067899967194154165,0.005587575768324773,0.005475576201560526,0.06282164606609944,285.1798622154475,0.0067899967194154165,0.00438504288356246,7.732505759846081e-05,256.86444620671125,0.006115965766011363,-7.359984539803562e-08,0.00781211012342458,0.055660044443360215,12867,214.45,19124,318.73333333333335,40035,667.25,7.732505759846081e-05,0.8883993468912665,1.4579578405755784,7.72431746541653e-05,92.00770101765042,74.51171875,2.809814957336216e-05,2.9025783811861282e-05,1.9958206684416578e-05,0.3637622314096199,0.37577150268377896,0.2583814916175295,1,0,1.0
S5,1860,1920,60,30,-5.777261728239441e-07,0.006686475600493205,-0.049692588766029645,0.038560559815458514,0.08825314858148817,0.000225300959996432,0.008562279354705445,0.0066864756254516105,1.8777761641698574,-0.22425595844559723,1.1362809013592976,0.005203593697965444,0.004198996179594931,0.0042801007831775005,0.049692588766029645,218.55093531454867,0.005203593697965444,0.003412208982400655,4.4708955955990975e-05,195.3453935006571,0.004651191540290415,1.8266463327641786e-09,0.0058568406722631925,0.032096035249010016,12942,215.7,18779,312.98333333333335,40047,667.45,4.4708955955990975e-05,0.8759234344369973,1.482134442578223,4.3460653629298195e-05,89.62129225681579,70.5810546875,1.809031731882839e-05,1.3522739078801459e-05,1.1748965421855245e-05,0.41624586397460756,0.311149003743592,0.27033568160454213,3,0,0.9604761904761905
S5,1890,1950,60,30,-3.9952736489943406e-07,0.006254355412883654,-0.03371485922340852,0.030270641833450226,0.06398550105685874,0.00013375926761633838,0.008185045863097306,0.0062543554256445305,1.6429123951921456,-0.15243673670808233,0.5151551063740403,0.004917091470159978,0.0038651226713222408,0.004094505683243202,0.03371485922340852,206.51784174671906,0.004917091470159978,0.0032380511016420507,3.9116961630667066e-05,200.82941710609333,0.00478176663982698,1.6289948222071216e-08,0.006005907888352114,0.028391688529721237,14011,233.51666666666668,19940,332.3333333333333,40214,670.2333333333333,3.9116961630667066e-05,0.9602760783277919,1.4236553659477422,3.8482362890198626e-05,100.34042283992177,82.373046875,1.4125098400272801e-05,1.0980881448686815e-05,1.3309878582354344e-05,0.36705382256738794,0.28534842000265065,0.34586957719647565,3,0,1.0
S5,1920,1980,60,30,1.0155807992536883e-06,0.0083159279971624,-0.09441075355501086,0.08887811555992259,0.18328886911493344,0.00010601025999331737,0.008591469991649833,0.008315928059176188,2.904495698386541,0.1155230110286919,9.946446509442803,0.005730509593172733,0.006026269101853078,0.004297195472582114,0.09441075355501086,240.6814029132548,0.005730509593172733,0.0035006142499114457,6.915465845398946e-05,229.0257799994684,0.005453124598192062,-9.70662223118215e-09,0.007360315783380995,0.07828727248767242,14178,236.3,20158,335.96666666666664,39837,663.95,6.915465845398946e-05,0.8850865214191989,1.4733713051173785,6.873666715669684e-05,91.39719410991039,70.751953125,2.7690354946095764e-05,2.200050016013629e-05,1.8808663543177635e-05,0.40284692423289775,0.3200693468303087,0.2736336270174419,3,0,1.0
S5,1950,2010,60,30,-2.7962753662917055e-07,0.010618098474519663,-0.17242767562268418,0.15248086802278235,0.3249085436454665,0.00020595861708429036,0.008867668471186042,0.010618098478201657,4.73524864229711,-0.35145138595896674,26.79941532728594,0.006460025686453207,0.008426866761920062,0.004434488559268819,0.17242767562268418,271.3210788310347,0.006460025686453207,0.003684488462267137,0.00011274401521459678,238.4856271502759,0.005678364417016498,-5.793738923763277e-09,0.008418017160695793,0.11296992291526055,13303,221.71666666666667,19082,318.03333333333336,39068,651.1333333333333,0.00011274401521459678,0.7927989348466279,1.5113270281165536,0.00011964048599221708,81.30888666067686,64.7705078125,5.068285868862166e-05,4.686430829796589e-05,2.1719289007372043e-05,0.42362631903650666,0.39170944441845995,0.18153795370561215,3,0,1.0
S5,1980,2040,60,30,-5.249543081482644e-07,0.00894783154907313,-0.17242767562268418,0.15248086802278235,0.3249085436454665,0.00023400981387078248,0.008148280472590638,0.008947831564472224,3.362674967658949,-0.7191439082869577,47.15519324421812,0.00548093898591383,0.007072693796486269,0.004075356130833792,0.17242767562268418,230.19943740838085,0.00548093898591383,0.003297204210415904,8.006368943058846e-05,211.98229273966248,0.005047317620411497,3.0367555615808706e-09,0.00730312434282689,0.11296992291526055,13731,228.85,19456,324.26666666666665,39328,655.4666666666667,8.006368943058846e-05,0.816189297124552,1.5065936163773828,6.603618670415076e-05,87.28783136828004,68.017578125,2.6248529437713116e-05,2.452425342235581e-05,1.5156248587980907e-05,0.39748705592752287,0.3713759780259135,0.22951429124583672,3,0,1.0
S5,2010,2070,60,30,1.632001009370169e-06,0.005782870018843026,-0.027323990332980875,0.026648823027911637,0.05397281336089251,0.00020550335991170472,0.007597611957302932,0.00578287024912896,1.4045467093669552,-0.1579005606065482,0.42473829757134096,0.004556223497766036,0.003561237952828408,0.003808997369160883,0.027323990332980875,191.3613869061735,0.004556223497766036,0.002994567821283876,3.344158565483354e-05,198.8939529277353,0.004735683062161844,1.6312599602177745e-08,0.00593586832435223,0.026356397271681133,15017,250.28333333333333,20773,346.21666666666664,40356,672.6,3.344158565483354e-05,1.026457157952828,1.3679101315162858,3.271869682450733e-05,108.62041792599805,95.703125,1.0612592907328807e-05,8.685632477316237e-06,1.335533675614125e-05,0.3243586675915418,0.2654638882441805,0.4081866960586793,3,0,1.0
S5,2040,2100,60,30,-1.9314721888443464e-07,0.005596693754346132,-0.029432511790118746,0.0344426698768856,0.06387518166700434,0.00016080129034370223,0.007243694422996393,0.00559669375767898,1.3155652027242,-0.12989775533789916,0.6155788220188101,0.004383429879064052,0.003479730379292535,0.00362233807490743,0.0344426698768856,184.10405492069017,0.004383429879064052,0.002867877479033545,3.132298097993701e-05,198.06859365884745,0.004716031183095965,-2.1175288748316692e-08,0.005918080651059547,0.024025436656805683,15639,260.65,21445,357.4166666666667,40416,673.6,3.132298097993701e-05,1.0574244207062142,1.3577122113073115,3.074726500284657e-05,112.31174185842204,100.146484375,1.0181402807101303e-05,7.125467723793206e-06,1.338266544457664e-05,0.33113198218308887,0.23174313953236272,0.4352473445471549,3,0,1.0
S5,2070,2130,60,30,2.3467323750671045e-07,0.0059622043110922895,-0.048843559724263325,0.03679212457278773,0.08563568429705105,0.00014981031497697203,0.00749049508819813,0.005962204315710676,1.4930109726957184,-0.15453401869725647,1.1371124794940686,0.004610561671771395,0.0037802911756995095,0.003747137002681884,0.048843559724263325,193.64359021439856,0.004610561671771395,0.002980558173924471,3.554788024720748e-05,202.67179809647936,0.004825633898342326,1.9653123303141085e-08,0.006085153430251839,0.03449488674862334,15292,254.86666666666667,21053,350.8833333333333,40341,672.35,3.554788024720748e-05,1.0206214199890487,1.3837837904421562,3.461433090779405e-05,107.50095431125663,91.943359375,1.2035974854310485e-05,8.679751885148444e-06,1.3829173227298765e-05,0.34771652488017224,0.2507560209171641,0.3995216104028425,3,0,1.0
S5,2100,2160,60,30,8.315946261104214e-07,0.005805478053107795,-0.048843559724263325,0.03679212457278773,0.08563568429705105,0.0001514302427050244,0.0071387475365308,0.005805478112667887,1.4155501968999675,-0.1928870056564861,1.6242368939597398,0.004440697249502258,0.003739489812117286,0.0035681756918855105,0.048843559724263325,186.50928447909482,0.004440697249502258,0.0028330575552313717,3.3703575425116274e-05,197.13127435619697,0.0046937135254695814,3.2618737555305622e-09,0.005921813360171682,0.03449488674862334,15427,257.1166666666667,20897,348.28333333333336,40299,671.65,3.3703575425116274e-05,1.0200388849978703,1.3761457966623247,3.190065225483252e-05,108.21565949835679,95.1904296875,1.0595501956223212e-05,8.256793238492095e-06,1.2989312355444797e-05,0.3321406055143633,0.25882835161282014,0.4071801495368199,3,0,1.0
S5,2130,2190,60,30,-2.103231685984783e-07,0.005182556073282369,-0.04069473071904177,0.03524276381034911,0.07593749452939089,0.0001532383108900164,0.006551930984802865,0.005182556077550133,1.1280732748719764,-0.1874306200965177,1.2560560550698536,0.004014565095298456,0.0032775226303662828,0.003276983229581078,0.04069473071904177,168.61173400253514,0.004014565095298456,0.0025927863204750993,2.6858887452715975e-05,185.81108423771627,0.004424178771821145,8.308744822200919e-10,0.005531964834226282,0.026751737986388326,15906,265.1,21072,351.2,40377,672.95,2.6858887452715975e-05,1.0674201602458715,1.3276365640117962,2.6235019953349833e-05,114.73691720999267,109.375,7.693044159361837e-06,6.445609459826536e-06,1.2057902257172541e-05,0.2932356892825441,0.24568723299192782,0.4596109428776295,3,0,1.0
S5,2160,2220,60,30,-3.004367319315754e-07,0.005427957992393281,-0.032541945197987955,0.03253503367335974,0.0650769788713477,0.00018786753351258435,0.006862783919374858,0.005427958000707848,1.23743457841283,-0.16500102524376759,1.013295158079207,0.004213640339544197,0.00342169010087328,0.003436644015808849,0.032541945197987955,176.97289426085626,0.004213640339544197,0.002736917551410414,2.94627279671861e-05,193.13390730328612,0.004598535853312844,4.603248463130999e-09,0.005766161700561273,0.037180968324438915,15824,263.73333333333335,20804,346.73333333333335,40391,673.1833333333333,2.94627279671861e-05,1.0623077239436909,1.3226409499388623,2.7784572548660653e-05,113.46446458097024,108.69140625,8.105263184879986e-06,7.0897850053748654e-06,1.2545459180564602e-05,0.291718116976059,0.2551698426512819,0.45152608191445265,3,0,1.0
S5,2190,2250,60,30,-2.138409263094337e-07,0.006487125574318333,-0.10915711824248878,0.08832481264777514,0.19748193089026392,0.0002068859428899511,0.0073407837893379145,0.006487125577842848,1.767477527033522,-0.47939924493140174,14.221909666310257,0.004674995150016579,0.0044974680221236,0.003680050018841977,0.10915711824248878,196.34979630069634,0.004674995150016579,0.002964850213585504,4.208279821697497e-05,203.74493998100223,0.004851185503964434,-2.1768105426357812e-09,0.006259433198194315,0.07470169300491408,15355,255.91666666666666,20513,341.8833333333333,40130,668.8333333333334,4.208279821697497e-05,0.9649008835245272,1.409806322172142,3.262311073298821e-05,110.24224286030937,100.6591796875,9.994665322831368e-06,8.920845807264643e-06,1.3657298957021819e-05,0.3063676362636028,0.2734517220101871,0.4186387701897378,3,0,0.7728571428571429
S5,3600,3660,60,30,1.7697917248729933e-06,0.011953652103845816,-0.10176488727000549,0.08498434578215842,0.1867492330521639,0.0006380347158766447,0.014391683474967368,0.011953652234858612,6.001371673581492,-0.3906738976177468,1.8736177236095104,0.00908481269212648,0.007768911127108993,0.007232314776082651,0.10176488727000549,381.56213306931215,0.00908481269212648,0.005811884136780096,0.0001428897986197775,341.975728468029,0.008142473117646348,4.107768959847688e-08,0.010711697532034816,0.07503499792535656,12239,203.98333333333332,18181,303.01666666666665,39799,663.3166666666667,0.0001428897986197775,0.8961024998032668,1.3888526520837678,0.00014323044913973544,94.26879168167439,81.1767578125,4.748099595705768e-05,5.441783104287078e-05,4.0972375063586105e-05,0.3315007126084991,0.37993200028145424,0.28605911179970894,2,1,0.9604761904761905
S5,3630,3690,60,30,9.664975455168675e-08,0.012134097203718011,-0.10176488727000549,0.08498434578215842,0.1867492330521639,0.0006074731623886467,0.014548723120717021,0.012134097204102927,6.183925228261975,-0.3627848374040416,1.6364736247702112,0.009228355958472805,0.007878690326592226,0.0073026491517584535,0.10176488727000549,387.5909502558578,0.009228355958472805,0.00587845769081835,0.00014723631494927727,357.1472052830834,0.008503707356915245,-3.308316507278232e-08,0.01117626053636896,0.07503499792535656,12718,211.96666666666667,18469,307.81666666666666,39894,664.9,0.00014723631494927727,0.9210623871501902,1.3679486667177723,0.00014690752575845977,97.88427228206716,85.9619140625,4.538198612984092e-05,5.549021438083391e-05,4.568805351220924e-05,0.3089153254439558,0.3777220676364054,0.3109987270994404,2,1,1.0
S5,3660,3720,60,30,1.6927810478230262e-06,0.012409537219116532,-0.07143882363480383,0.07576720959057032,0.14720603322537415,0.000604630674771426,0.014989880393274056,0.012409537334572394,6.467857908042138,-0.3443825979675599,1.2925507881948715,0.009470593677440032,0.008019006936957906,0.007515095083765359,0.07576720959057032,397.7649344524814,0.009470593677440032,0.006013663918604563,0.00015399661399263846,371.17513672601365,0.008837713677135494,-1.8617669172981762e-08,0.011598282522836104,0.07257147129349284,13031,217.18333333333334,18821,313.68333333333334,39968,666.1333333333333,0.00015399661399263846,0.9346265149170339,1.3627032917352964,0.00015338722775635493,99.37722620486034,86.9873046875,4.6481134291828056e-05,5.724674753684319e-05,4.935565980101044e-05,0.3030313212626813,0.3732171731258858,0.3217716398095969,2,1,1.0
S5,3690,3750,60,30,5.602298220687714e-07,0.012554381533107542,-0.07103009626125213,0.08019062746244689,0.15122072372369902,0.0006018491057628623,0.015207071560161352,0.012554381545607458,6.619724831692944,-0.3356029902308438,1.3092823133640605,0.009592993013709757,0.008098578951371959,0.007631630268490746,0.08019062746244689,402.90570657580975,0.009592993013709757,0.0060908315252489005,0.00015761249567883167,371.6465653213311,0.008848938434756329,2.3726170370635136e-08,0.011572123857058737,0.0723739426234163,12925,215.41666666666666,18675,311.25,39960,666.0,0.00015761249567883167,0.9217597718009077,1.3749298558445158,0.00015834680017489167,97.16580341194835,83.5693359375,5.060556537381506e-05,5.888343546051195e-05,4.85265421376191e-05,0.3195869150366283,0.37186375345429196,0.30645735868373886,2,1,1.0
S5,3720,3780,60,30,9.286185189636621e-07,0.01353098969903232,-0.12985838971551938,0.08019062746244689,0.21004901717796626,0.0006438736857269684,0.016406908328444318,0.013530989730897409,7.689682690101347,-0.371511956718714,1.5593626347795357,0.010348565329596418,0.00871750415639282,0.008230755783839045,0.12985838971551938,434.6397438430496,0.010348565329596418,0.006619587367739299,0.00018308768223531877,392.013788826959,0.009333883874067453,9.75556442253973e-09,0.012148015370954928,0.09123764891839445,12461,207.68333333333334,18151,302.51666666666665,39959,665.9833333333333,0.00018308768223531877,0.897792078862029,1.3841181420459852,0.00017938727244916418,94.36053142122954,80.1513671875,6.100114820102227e-05,6.611669586360696e-05,5.183447558115702e-05,0.34005282185395364,0.3685696034112091,0.28895291663373823,2,1,1.0
S5,3750,3810,60,30,-4.498077692251626e-07,0.013743168569301857,-0.12985838971551938,0.07764123610727622,0.2074996258227956,0.0008239337998383507,0.01642462161524564,0.01374316857666286,7.932736666116085,-0.4469067649555431,1.6472766471881926,0.010452224755558445,0.008923322261683967,0.008250726143067162,0.12985838971551938,438.9934397334547,0.010452224755558445,0.006651801900645557,0.00018887468232424646,392.71082564339525,0.009350480383899504,3.260425619350396e-08,0.012269491605260363,0.09123764891839445,12277,204.61666666666667,17920,298.6666666666667,39820,663.6666666666666,0.00018887468232424646,0.8927702184099489,1.3863614028523557,0.00019279662420397753,93.37983594171834,79.1259765625,6.830836699109555e-05,6.907926636549048e-05,5.4969644133941926e-05,0.35430271288788623,0.3583012236376353,0.2851172543134594,2,1,1.0
S5,3780,3840,60,30,9.57365881934467e-08,0.012537505496093214,-0.08327656783746916,0.08897336742059678,0.17224993525806592,0.0008242667929718264,0.014411228193850871,0.012537505496458738,6.601939851096788,-0.5052665696159662,2.0834651476805393,0.0093831704488616,0.008315356661102604,0.007256822906318803,0.08897336742059678,394.09315885218723,0.0093831704488616,0.005863517073152283,0.00015718904406456755,354.0894850986565,0.008430902761938534,-9.557379582644124e-09,0.011259309156778627,0.07605886744707081,12499,208.31666666666666,18096,301.6,39687,661.45,0.00015718904406456755,0.8980501871195284,1.3859774407523726,0.00015528552121521082,94.38689335830139,80.6640625,5.375321393335318e-05,5.492523020547199e-05,4.617383139963072e-05,0.3461572818424996,0.3537047741196096,0.29734795001034403,2,1,1.0
S5,3810,3870,60,30,6.672312485246063e-07,0.011451013748101464,-0.08327656782949677,0.08897336742059678,0.17224993525009355,0.0006109832377351743,0.013236201421434782,0.011451013767540685,5.507280084785065,-0.4213525612096385,2.2998374076476997,0.008570688594638736,0.007594011674874869,0.006643879252610996,0.08897336742059678,359.9689209748269,0.008570688594638736,0.005364529031900343,0.00013112571585920875,333.4511314419997,0.007939501689135448,4.964266215526602e-09,0.010609752760480125,0.07406368643555689,12948,215.8,18570,309.5,39798,663.3,0.00013112571585920875,0.9265339291238893,1.3659447875401538,0.00012984223182108552,98.51078098515404,86.9873046875,4.118151916048944e-05,4.646447740834515e-05,4.186784289901641e-05,0.31716582950634276,0.35785334830327237,0.32245165776808027,2,1,1.0
S5,3840,3900,60,30,-2.5872497559209685e-06,0.012142913562598685,-0.169291694964679,0.18318094877595228,0.35247264374063125,0.0005934476324599477,0.013638541262146798,0.012142913838226984,6.192914972269383,-0.446984098622867,7.448086093110094,0.008916756428177217,0.008242682286923634,0.006860241173542019,0.18318094877595228,374.50376998344314,0.008916756428177217,0.00554782264173807,0.00014745034978874306,342.59677428016624,0.008157260274772406,5.7909897965939014e-09,0.011009707804362131,0.1519322589353454,12762,212.7,18524,308.73333333333335,39654,660.9,0.00014745034978874306,0.9066776064578989,1.3822663580888306,0.00015428022353254305,94.63677295224925,82.2021484375,5.369245555492901e-05,5.507680337808245e-05,4.525568212199871e-05,0.3480190417510214,0.35699198586178377,0.2933343048498547,2,1,1.0
S5,3870,3930,60,30,5.437679775747495e-07,0.011337375654395703,-0.169291694964679,0.18318094877595228,0.35247264374063125,0.00042481662369218335,0.012236414875580791,0.011337375667435918,5.398515655031856,-0.4697636538997141,9.76191597192385,0.008175830468864798,0.00785441806685575,0.0061311849550556175,0.18318094877595228,343.38487969232153,0.008175830468864798,0.005014319073695489,0.00012853608672888439,310.7920616926994,0.0073999871828543395,-6.85332935709813e-08,0.010127948572635756,0.1519322589353454,12772,212.86666666666667,18574,309.56666666666666,39585,659.75,0.00012853608672888439,0.893323894468379,1.4014352183777703,0.0001292264922687982,93.2831407784752,79.4677734375,4.6609107431931475e-05,4.5600821363419726e-05,3.679270708370556e-05,0.36067764909212247,0.35287517723972195,0.2847148942739598,2,1,1.0
S5,3900,3960,60,30,-6.693204028735825e-07,0.010300594725598956,-0.10845913616816205,0.09431667565253168,0.20277581182069374,0.00032425420373133687,0.01165293507174485,0.010300594747344778,4.456294590259127,-0.344102053755588,3.2763020520322206,0.007623643267706129,0.006926926842098583,0.00582976533596256,0.10845913616816205,320.19301724365744,0.007623643267706129,0.004726683140794218,0.00010610225170103703,294.0338812911534,0.007000973387250968,-1.7701219162345277e-08,0.00936838976751243,0.07432923090855663,13007,216.78333333333333,18817,313.6166666666667,39846,664.1,0.00010610225170103703,0.9094998897714306,1.4067235398140083,0.00010729232220946285,94.06620793521766,77.587890625,3.87689979043995e-05,3.6779756733932307e-05,3.153503531921255e-05,0.3613399086349554,0.34279952168551764,0.29391697998341265,2,1,1.0
S5,3930,3990,60,30,5.044715881492915e-07,0.010857050223442233,-0.10845913616816205,0.09431667565253168,0.20277581182069374,0.0004887148152169546,0.012854003067761448,0.01085705023516234,4.950772671971222,-0.35320711809398275,2.417236536266259,0.008191187534682813,0.007126007758941573,0.006456163361722871,0.10845913616816205,344.02987645667815,0.008191187534682813,0.0051623585007816225,0.00011787553955434705,315.8364325291893,0.007520094110078557,-7.624178849387904e-08,0.009894301659227346,0.07432923090855663,12815,213.58333333333334,18829,313.81666666666666,39910,665.1666666666666,0.00011787553955434705,0.9113250335587333,1.4013388554052866,0.0001158033913803359,95.46764757888762,79.296875,4.0263147524340275e-05,4.063607906184428e-05,3.458063154450824e-05,0.34768539197701936,0.3509057772615848,0.298615015780792,2,1,1.0
S5,3960,4020,60,30,8.245996519089125e-07,0.010681139606750899,-0.07183718587980917,0.06821731300640665,0.14005449888621582,0.0005277678545962975,0.01332342531318889,0.01068113963858105,4.791643247112428,-0.3376376472650148,0.9869722234795812,0.00825511157255105,0.006777896200415072,0.006696589500640947,0.07183718587980917,346.71468604714414,0.00825511157255105,0.005316842421657163,0.00011408674329890274,320.03119455764977,0.007619971774510102,-4.4798413709225965e-08,0.009851625671611276,0.05805823309343449,12864,214.4,18621,310.35,40011,666.85,0.00011408674329890274,0.9223384427430069,1.382938479156145,0.0001138667712138244,97.50243850033428,82.8857421875,3.7125986678622345e-05,4.0854188161476206e-05,3.558716055183399e-05,0.3260475930146945,0.3587893792540959,0.3125333244499112,2,1,1.0
S5,3990,4050,60,30,6.474288378880895e-07,0.011036112824719618,-0.0866050358492971,0.07095341163375671,0.1575584474830538,0.0004393076032284118,0.013282626925763328,0.011036112843710187,5.1154230413624076,-0.2735310443786913,1.6918804646065855,0.008413873313863165,0.00714160504070102,0.006676300053347793,0.0866050358492971,353.38267918225296,0.008413873313863165,0.005359452752593399,0.00012179578627994084,322.2318103501117,0.007672368636160663,-3.746215250535558e-08,0.010020605139095489,0.0806042061784449,12802,213.36666666666667,18487,308.1166666666667,39975,666.25,0.00012179578627994084,0.9079832091468376,1.3948428008791867,0.0001228941571993925,95.33445175562565,80.1513671875,4.1700539725452574e-05,4.4629647610047046e-05,3.62309351206586e-05,0.3393207673640217,0.3631551623535416,0.29481413881926766,2,1,1.0
S5,4020,4080,60,30,9.9040490107484e-07,0.010363548215870664,-0.0866050358492971,0.07095341163375671,0.1575584474830538,0.00026666996374612097,0.011957945363811583,0.010363548263195278,4.510931569350271,-0.23764580817770223,2.5574636708001552,0.007753860331589848,0.006876102279763971,0.005983340093288624,0.0866050358492971,325.6621339267736,0.007753860331589848,0.0048435360983671025,0.00010740313162267603,298.12704465386275,0.007098431978234309,-1.9890937082280637e-08,0.009432161456617443,0.0806042061784449,12821,213.68333333333334,18769,312.81666666666666,39866,664.4333333333333,0.00010740313162267603,0.9101285833912652,1.3999027823245636,0.00010502456847452042,95.92506735252631,80.322265625,3.577142108482377e-05,3.7206266910049105e-05,3.177487557497011e-05,0.3406005052379923,0.35426250686357796,0.30254707099966693,2,1,1.0
S5,4050,4110,60,30,2.1066451456709107e-06,0.009832172354124253,-0.10603005311749517,0.09606206126643618,0.20209211438393135,0.0002489189507917965,0.011294369460543595,0.009832172579809562,4.060207940844678,-0.2720343671720914,3.7642088850183315,0.0073081970598774595,0.006577375872881027,0.005653920808514274,0.10603005311749517,306.9442765148533,0.0073081970598774595,0.004553187976903861,9.667161320120525e-05,286.2050482888612,0.006814568163262487,9.853118499714355e-09,0.009096907008171385,0.08456098108314364,13026,217.1,19054,317.56666666666666,39880,664.6666666666666,9.667161320120525e-05,0.9252184238161316,1.3966464364889868,9.551801081625856e-05,97.43546692953072,81.5185546875,3.243526844631704e-05,3.2686527523020294e-05,3.0211847534692763e-05,0.3395722771981772,0.3422027661976454,0.3162947728550296,2,1,1.0
S5,4080,4140,60,30,-1.253577526441516e-06,0.009946387097825736,-0.10603005311749517,0.09606206126643618,0.20209211438393135,0.00022701821965928582,0.011568192009208465,0.00994638717682209,4.155085950592538,-0.25980940099331973,3.5096460497107405,0.007423460501331601,0.0066198830847999475,0.005783678899489143,0.10603005311749517,311.78534105592723,0.007423460501331601,0.0046414377352916765,9.893061629979428e-05,289.5643341953073,0.006894553065437447,-1.1897666991866995e-08,0.00911826419493426,0.08456098108314364,13039,217.31666666666666,19091,318.18333333333334,39861,664.35,9.893061629979428e-05,0.9167413358492248,1.4079387176705556,9.800747703390204e-05,96.43501229411444,80.322265625,3.4123412705765435e-05,3.331877967022413e-05,3.0382027287173123e-05,0.34817152464767265,0.33996160985450874,0.30999703498809167,2,1,1.0
S5,4110,4170,60,30,1.6038475460093179e-06,0.00964861590578894,-0.11242500714639575,0.09485850199577248,0.20728350914216823,0.0001745653687077364,0.011254679664488454,0.009648616039089246,3.910023241730351,-0.27671386018345306,3.892030972626875,0.007221161402852871,0.006399267103639153,0.00562365280023923,0.11242500714639575,303.2887789198206,0.007221161402852871,0.004525134051262682,9.309578889744332e-05,279.36300115966304,0.006651658400430083,2.0928271145591243e-08,0.00878329808440505,0.10098592471425985,12843,214.05,18857,314.28333333333336,39818,663.6333333333333,9.309578889744332e-05,0.9103168962436655,1.4040749957384122,9.143114078601246e-05,95.99992920624352,80.6640625,3.070290183784534e-05,3.2986535893926306e-05,2.7534370384470684e-05,0.33580355198348794,0.36078009757232227,0.30114871309451074,2,1,1.0
S5,4140,4200,60,30,8.162262401646283e-08,0.009351593744221514,-0.11242500714639575,0.09485850199577248,0.20728350914216823,0.00021357304613387135,0.010711818270493886,0.009351593744577724,3.6729968336722596,-0.2945553484424185,4.181251130072863,0.006955403449867138,0.006250973397255946,0.00535784399149704,0.11242500714639575,292.1269448944198,0.006955403449867138,0.00434193406651205,8.745230555696297e-05,266.6777950218262,0.006349622491531376,-1.1079862512367389e-08,0.008479054266381621,0.10098592471425985,12708,211.8,18605,310.0833333333333,39801,663.35,8.745230555696297e-05,0.9066961737533724,1.4065462349152686,8.55270173170742e-05,94.5291522364464,78.4423828125,2.994977475432932e-05,3.037930181573303e-05,2.4968295543501017e-05,0.35017910940699076,0.35520123077726284,0.2919345994603797,2,1,1.0
S5,4170,4230,60,30,-2.53664994698305e-06,0.00909692565897013,-0.06647040617529883,0.05913801508491928,0.1256084212602181,0.0002503666704039069,0.01073755071073326,0.009096926012638671,3.4756706409357285,-0.22412363399471993,1.6819695725256185,0.0068739603560313885,0.005958416895714073,0.0053813339123348364,0.06647040617529883,288.70633495331833,0.0068739603560313885,0.004337754649665127,8.275405644482916e-05,261.0976700574982,0.006216759209921621,-5.336965093565085e-09,0.008241478106502971,0.06907527419279502,12628,210.46666666666667,18438,307.3,39901,665.0166666666667,8.275405644482916e-05,0.905963005026469,1.4080962407233415,8.218830391150773e-05,94.68688427245337,79.638671875,2.8694736196423512e-05,2.9264577068912823e-05,2.396669438268102e-05,0.34913405960194993,0.3560674168482907,0.29160711733978595,2,1,1.0
S5,4200,4260,60,30,-2.884815269405702e-07,0.009178774819774568,-0.06647040617529883,0.05913801508491928,0.1256084212602181,0.0002568972197284096,0.01089918702341177,0.00917877482430794,3.5384961055646693,-0.203393374057274,1.6115159318283165,0.0069521428088102424,0.005993130871360752,0.005464614591621094,0.06647040617529883,291.9899979700302,0.0069521428088102424,0.004390653358827036,8.424990719212767e-05,262.3228758563165,0.006245931471137801,3.719439738977768e-08,0.00826334709379689,0.06907527419279502,12579,209.65,18420,307.0,39875,664.5833333333334,8.424990719212767e-05,0.9002668935721682,1.408936729526125,8.348607084055428e-05,94.15948329216087,79.638671875,2.9144175132849406e-05,3.022983699775867e-05,2.3901992856897866e-05,0.34909027145989846,0.36209437925870375,0.28629917082272377,2,1,0.7895238095238095
S6,630,690,60,30,2.8831653356402077e-06,0.023764718179968433,-0.3526005449992844,0.28563230597573214,0.6382328509750166,-0.00038149515918294106,0.021476392141991905,0.023764718354863042,23.71999721641051,-0.011690609822839476,11.135812244350717,0.015800388572357507,0.01775132556877031,0.010740008626432516,0.3526005449992844,663.6163200390154,0.015800388572357507,0.008996144611818106,0.0005647618301733221,536.2589864475334,0.012768375114824957,3.702586625801085e-08,0.01919507545605278,0.27162201679830644,11037,183.95,15758,262.6333333333333,38683,644.7166666666667,0.0005647618301733221,0.8077131532000469,1.3289241477434341,0.0005065665671456385,86.4119659546101,78.1005859375,0.0001484653509868265,0.000269151554273342,8.751177079199048e-05,0.29308162167785257,0.5313251440771862,0.17275473050875612,1,0,0.7884047619047619
S6,660,720,60,30,2.04005601495238e-06,0.018596325905020535,-0.24771766736999185,0.2157217049994822,0.4634393723694741,-4.763414851971081e-05,0.01936385864789056,0.018596326016919747,14.524580335757783,-0.05792665001604079,8.461444095226316,0.013094222781294079,0.013204721545015839,0.009682599650550936,0.24771766736999185,549.9573568143513,0.013094222781294079,0.007880090273607438,0.0003458233371657378,450.37806559307774,0.01072354259846848,-3.6446298133803065e-08,0.015332237472409735,0.22475698571140126,11132,185.53333333333333,15757,262.6166666666667,39205,653.4166666666666,0.0003458233371657378,0.82447670312502,1.3294071056313157,0.0003531096581675969,88.6857564705324,80.4931640625,9.210139951963523e-05,0.00019421447862167404,6.557967702129958e-05,0.2608294545031137,0.5500117998174203,0.1857204284969555,1,0,1.0
S6,690,750,60,30,-3.853462108279481e-06,0.020028524075898564,-0.24771766736999185,0.2157217049994822,0.4634393723694741,-0.00011329783936148098,0.020989551139048216,0.02002852444659912,16.847955243336784,0.091913600930304,6.105694672177638,0.01427493877539397,0.01404876914419097,0.010509456687369273,0.24771766736999185,599.5474285665467,0.01427493877539397,0.00859758656237898,0.0004011417766588484,487.98126304746813,0.011618878141085934,8.7233966473214e-08,0.016409972039596626,0.20465497735181576,11071,184.51666666666668,15750,262.5,39256,654.2666666666667,0.0004011417766588484,0.8193300703242361,1.3358132043430444,0.00040618150925299083,87.6152819165066,79.4677734375,0.0001103321981534585,0.00022138118726541876,7.319189465577097e-05,0.27163274457365294,0.5450301951769329,0.18019504332035774,1,0,1.0
S6,720,780,60,30,2.3526391336312878e-07,0.020708194124044177,-0.21331052651243862,0.2042334463558609,0.41754397286829953,-0.00027176117553639415,0.022040969588511948,0.020708194125380584,18.010830765246773,0.19351913592520498,3.446819830720938,0.014988221117393084,0.014289245314941548,0.011021950668265099,0.21331052651243862,629.5052869305096,0.014988221117393084,0.009014018804467316,0.0004288293038790978,506.7426503569627,0.012065588474891371,-3.8986345883727265e-08,0.01682352323685409,0.2029558414309775,10922,182.03333333333333,15592,259.8666666666667,39241,654.0166666666667,0.0004288293038790978,0.8124089979106572,1.3343497701753435,0.00043078452739963365,87.1717303103928,79.98046875,0.0001167414483297338,0.00023727904597983313,7.574004157180931e-05,0.2709973104986525,0.5508067975703134,0.17581885317238002,1,0,1.0
S6,750,810,60,30,3.9495119140822595e-06,0.018330683386891214,-0.21331052651243862,0.2042334463558609,0.41754397286829953,-0.0003580574255783917,0.019962150944115506,0.018330683812370283,14.112586699221941,0.15690984851282008,4.195254849891985,0.013334288978120109,0.012578183751125531,0.009983299424476304,0.21331052651243862,560.0401370810446,0.013334288978120109,0.008129050882660534,0.0003360139534304495,454.7199134184166,0.0108269223890668,4.7000751398625036e-08,0.014926462139651344,0.2029558414309775,11083,184.71666666666667,15738,262.3,39432,657.2,0.0003360139534304495,0.8142883614653275,1.3408769704114436,0.0003323255589050473,87.08356919095347,79.4677734375,9.073809322825447e-05,0.00018201237413319803,5.863718899722797e-05,0.27303976717054235,0.547692975324847,0.1764450173210478,1,0,1.0
S6,780,840,60,30,-7.723059943357231e-07,0.01735594850852839,-0.11674668403682074,0.10772892906431893,0.22447561310113967,-0.00033603416136264723,0.020244614582679434,0.017355948525711446,12.651615867540102,0.17211837487655637,1.5842494156606302,0.013073692947845394,0.011415231137940351,0.010150800259492346,0.11674668403682074,549.0951038095066,0.013073692947845394,0.008171945054062806,0.00030122894863068877,448.00449112902277,0.010667027575157093,1.7715295103897612e-08,0.0141775209069366,0.09802235612960161,11180,186.33333333333334,15811,263.51666666666665,39660,661.0,0.00030122894863068877,0.816868112968302,1.355984391268521,0.00030028867261341994,86.74700393944065,77.4169921875,8.814732707439633e-05,0.00015609634270407867,5.527493365527325e-05,0.29354196516055003,0.5198209487742852,0.18407265640163548,1,0,1.0
S6,810,870,60,30,2.267655833486943e-06,0.015256941760291574,-0.08569482654981554,0.10772892906431893,0.19342375561413447,-0.00033942279395080487,0.016221732738560063,0.015256941928813649,9.77651963480606,0.26709797001228125,2.446082528420826,0.011110711708055885,0.010455924749139207,0.008122082917170058,0.10772892906431893,466.64989173834715,0.011110711708055885,0.006689717261145163,0.00023277427187692897,380.19905532998024,0.00905257399771376,6.137753848451416e-08,0.012373657285135129,0.09802235612960161,11339,188.98333333333332,16664,277.73333333333335,39462,657.7,0.00023277427187692897,0.8110181895915328,1.3867762877222738,0.0002367109426093003,85.63657236357055,75.7080078125,7.557318059295138e-05,0.00011698707352224073,4.354499358502256e-05,0.31926356998918953,0.4942191190346954,0.18395851541555094,1,0,1.0
S6,840,900,60,30,-4.89335007592009e-07,0.013098801753927294,-0.09144444485076147,0.17304045441552862,0.2644848992662901,-0.0005063490819317285,0.014478556235276795,0.013098801763067394,7.206301520381774,0.6317316384192966,3.811022580233077,0.009601093470661388,0.008910533754818548,0.007263322486853994,0.17304045441552862,403.2459257677783,0.009601093470661388,0.005919869923695445,0.00017157860738868875,329.9133156376862,0.007855265973896668,5.83875830572424e-08,0.010492935163250028,0.12947346653774366,11443,190.71666666666667,17208,286.8,39610,660.1666666666666,0.00017157860738868875,0.8010606893950454,1.4391920627325623,0.00017214415061620584,83.62091642032333,71.77734375,6.15702173226028e-05,7.785222197276959e-05,3.219206744184029e-05,0.3576666247572546,0.4522501734394715,0.1870064555002643,1,0,1.0
S6,870,930,60,30,-1.2907192694817048e-06,0.01426077317608695,-0.09144444485076147,0.17304045441552862,0.2644848992662901,-0.000714769404407459,0.016481804324482773,0.014260773234497395,8.541525436321805,0.5989261937754368,2.6780264154822895,0.010678848109647521,0.009451553115590837,0.008308051945980804,0.17304045441552862,448.5116206051959,0.010678848109647521,0.00670247161020105,0.00020336965157980108,365.177365115539,0.00869490619099357,-3.022275674331476e-08,0.011471395941239007,0.12947346653774366,11236,187.26666666666668,16789,279.81666666666666,39565,659.4166666666666,0.00020336965157980108,0.8044021035601854,1.420245549102559,0.00020779810745392676,84.348315619855,73.14453125,7.08713020278132e-05,9.760674669709299e-05,3.87883263932577e-05,0.3410584576355051,0.4697191321568435,0.18666352099408745,1,0,1.0
S6,900,960,60,30,1.8933911559740959e-06,0.012658577787719052,-0.06317912158375365,0.07198387180455379,0.13516299338830745,-0.0004726488905903933,0.014974648333461208,0.012658577929319875,6.730062998091899,0.4562094338592864,1.5313825328736943,0.009560918248596869,0.008296290582923891,0.0074970113320825425,0.07198387180455379,401.5585664410685,0.009560918248596869,0.0060137631491856474,0.0001602395916077342,325.30741450105245,0.007745599050002439,1.781060019401618e-08,0.010135400354893829,0.06364092516768036,11243,187.38333333333333,16898,281.6333333333333,39593,659.8833333333333,0.0001602395916077342,0.8006744932062486,1.4458952859860117,0.00015999857651546596,83.22735193876554,71.2646484375,5.882904500877176e-05,7.05691714980592e-05,3.0185623238623355e-05,0.3676848025150096,0.441061245887008,0.18866182372382242,1,0,1.0
S6,930,990,60,30,-8.834835879532047e-07,0.012099885872535809,-0.06317912158375365,0.07194203975507789,0.13512116133883154,-0.0004702300295870718,0.014385682181033903,0.012099885904789966,6.149104034175266,0.44855205018421784,1.6214408728576108,0.009138402516001296,0.007930752698481782,0.007190444146675331,0.07194203975507789,383.81290567205446,0.009138402516001296,0.005768588044319347,0.00014640723812839164,309.5607410354569,0.007370669326304362,-2.5297310342768466e-08,0.009572762852319389,0.049679265096438774,11279,187.98333333333332,16990,283.1666666666667,39653,660.8833333333333,0.00014640723812839164,0.7911448879073764,1.4641046944911924,0.00014428313449457538,82.2215729772907,69.8974609375,5.591888982456518e-05,6.108344991763166e-05,2.6831598329406594e-05,0.3875635916869242,0.42335821252849354,0.185964897584169,1,0,1.0
S6,960,1020,60,30,5.545440535216357e-07,0.015135886357438134,-0.10874521991956532,0.1317795653174688,0.2405247852370341,-0.0006051477971884913,0.015866063985236486,0.015135886367596742,9.62199235757764,0.6340834795369199,4.938166730480077,0.010786360189773563,0.010618356275303113,0.007924587196671905,0.1317795653174688,453.02712797048963,0.010786360189773563,0.0065355061483781144,0.00022909505582528183,368.92342821440417,0.00878410029320708,-3.5969169657510726e-09,0.012198581698547387,0.1049874632101674,11318,188.63333333333333,17035,283.9166666666667,39382,656.3666666666667,0.00022909505582528183,0.8059377171891036,1.4064534738747752,0.0002336182216824528,84.76193089575082,73.6572265625,7.77010709872635e-05,0.00011298524756104002,4.238656285061559e-05,0.3325985037797233,0.48363199902538423,0.181435174642455,1,0,1.0
S6,990,1050,60,30,1.675195679632324e-07,0.014380405249881633,-0.12497767394089077,0.166384683408739,0.2913623573496298,-0.0004112849542469301,0.01412148620439318,0.014380405250857363,8.685434317513213,0.6785042023417118,7.554653101954925,0.009906881998067017,0.01042351880390023,0.007074174097945993,0.166384683408739,416.0890439188147,0.009906881998067017,0.00587631270999839,0.00020679605515082323,345.195752090106,0.008219142172197099,1.3770256797719708e-09,0.01173038036972812,0.10750456030720609,11631,193.85,17524,292.06666666666666,39280,654.6666666666666,0.00020679605515082323,0.8157197357024882,1.402812143300795,0.0002168387015679934,85.69847462680214,74.6826171875,6.751992222383888e-05,0.00010953431462724472,3.937487907920776e-05,0.3113831697736249,0.5051419042596434,0.18158603051245956,1,0,1.0
S6,1020,1080,60,30,1.570933212262099e-06,0.010274181667247488,-0.12497767394089077,0.166384683408739,0.2913623573496298,-0.0003827813239221247,0.01248746565084817,0.010274181787346159,4.433470078776292,0.38072279469446335,6.6804543834168975,0.007762554497456917,0.006730643288233818,0.0062679675375714484,0.166384683408739,326.02728889319053,0.007762554497456917,0.004991458768413809,0.00010555880893160438,274.05093818478144,0.00652517769910668,2.972448076001416e-08,0.00849186840132281,0.10750456030720609,11765,196.08333333333334,17872,297.8666666666667,39795,663.25,0.00010555880893160438,0.8265250388158485,1.4683581068743135,0.00010624806447681593,85.49566164289625,71.77734375,3.8198225735807294e-05,4.593047628798173e-05,2.185652987809449e-05,0.35951926205810947,0.43229471062980246,0.2057122638960048,1,0,1.0
S6,1050,1110,60,30,2.3016476710714728e-07,0.015203521334155196,-0.15783533549907175,0.2710568722740214,0.42889220777309317,-0.0005454998984793516,0.015314857668150626,0.015203521335897419,9.708176562465697,0.3835959108865272,11.651114200606912,0.010485498202519119,0.011009150214982824,0.007658115251028339,0.2710568722740214,440.390924505803,0.010485498202519119,0.006318220795555796,0.0002311470609581122,364.99141029729606,0.008690478589902047,1.1442411014057157e-07,0.012551516226044354,0.16228575514838942,11504,191.73333333333332,17205,286.75,39206,653.4333333333333,0.0002311470609581122,0.8255663901919204,1.3867750137384083,0.0002277330858041994,87.38208451057929,76.5625,6.71976167667391e-05,0.00011541544954785476,4.46589654872266e-05,0.295071822916914,0.5068014124530275,0.1961022278757665,1,0,1.0
S6,1080,1140,60,30,-3.016007565012839e-07,0.018261934262001962,-0.18144513442758656,0.2710568722740214,0.452502006701608,-0.00042522298873718365,0.018583220427635896,0.018261934264492474,14.006926209387059,0.14195919825210132,7.905469390150037,0.012772369702516481,0.01305238733959743,0.009301675770623435,0.2710568722740214,536.4395275056922,0.012772369702516481,0.007662969767742048,0.0003334982429896812,439.98024548360127,0.010475969558408564,-3.3240327935543516e-08,0.014987501701712693,0.16228575514838942,11293,188.21666666666667,16417,273.6166666666667,39181,653.0166666666667,0.0003334982429896812,0.8206962902553834,1.3572363774226328,0.0003514926988776601,87.20370402435357,77.7587890625,9.518994576999493e-05,0.0001927157656589939,6.286781584522336e-05,0.2708162817433843,0.5482781470976449,0.17885952125311433,1,0,1.0
S6,1110,1170,60,30,-1.1400865197390843e-06,0.015368537652578033,-0.18144513442758656,0.1533858168438567,0.33483095127144324,-0.0002720342886190002,0.017051233643419143,0.015368537694865637,9.920061936897252,-0.059737862012812025,6.095758351273414,0.011159891511271816,0.01056639826691902,0.008532169343064888,0.18144513442758656,468.71544347341626,0.011159891511271816,0.006902376033410107,0.00023619194957870873,386.8050545945872,0.009209863439476825,-2.3268504595040826e-08,0.01262576994221865,0.1488672259236609,11434,190.56666666666666,16664,277.73333333333335,39495,658.25,0.00023619194957870873,0.8215335920461313,1.3797723020584283,0.0002500957399537088,87.28901084216159,77.9296875,7.128236907156645e-05,0.00013201144688792312,4.6133222659531004e-05,0.28502032495539664,0.5278436446472764,0.18446224900939928,1,0,1.0
S6,1140,1200,60,30,1.990513879919763e-06,0.011957283306289689,-0.0907442929335689,0.0862587613964016,0.1770030543299705,-0.00031609216955917705,0.014647084844131289,0.011957283471968855,6.005018377218823,0.11967038271504767,1.2361448664625199,0.00917352600993951,0.007669618541621408,0.007343011293014528,0.0907442929335689,385.28809241745944,0.00917352600993951,0.005866174312327855,0.00014297662406687409,321.67350234723443,0.007659075271964438,3.0203846041457373e-08,0.009888714169272153,0.0751766997407939,11622,193.7,17325,288.75,39856,664.2666666666667,0.00014297662406687409,0.8270034184161682,1.4360708199770227,0.0001355874296958416,86.52460970214376,73.9990234375,4.734176412257498e-05,5.951468007195242e-05,2.839850503269177e-05,0.3491604216465719,0.43893951087840194,0.20944791929751244,1,0,1.0
S6,1170,1230,60,30,6.528742210099893e-07,0.012120859977114989,-0.16201693077657423,0.1332351780755119,0.29525210885208614,-0.00026110287076011834,0.014025445193902902,0.012120859994698096,6.170440374465054,-0.011820849958801286,6.5817331818707885,0.008971962654102505,0.008149793441827998,0.007026352719299292,0.16201693077657423,376.8224314723052,0.008971962654102505,0.0056808743061038955,0.00014691524658482798,311.78185253097377,0.007423554192503959,4.3937562042633986e-08,0.009833444969180757,0.11471675976988137,11593,193.21666666666667,17378,289.6333333333333,39752,662.5333333333333,0.00014691524658482798,0.8112827792538625,1.441384272809777,0.00014656167473219405,84.28636935156932,72.6318359375,5.286175328635954e-05,6.643981032413709e-05,2.6856569033396895e-05,0.36067923884570496,0.45332322004057163,0.18324414675576522,1,0,1.0
S6,1200,1260,60,30,2.0791765064735457e-06,0.017074825204934172,-0.16201693077657423,0.14563237696280545,0.3076493077393797,-0.00041690039892695483,0.01655940451379908,0.017074825331523314,12.245085724285271,0.48125644945134777,6.027186865558244,0.01178700998169876,0.012353787103287965,0.008289239879511646,0.16201693077657423,495.05441923134794,0.01178700998169876,0.006952521580269844,0.00029154965577905535,411.6064558590565,0.009800387053478809,-2.020286200855362e-08,0.01416216754667095,0.12020383886990296,11508,191.8,16949,282.48333333333335,39169,652.8166666666667,0.00029154965577905535,0.8294180102399208,1.3657075867459259,0.0002694500348473266,87.98162673065598,78.4423828125,7.81637642121828e-05,0.00014045437830510052,5.009200918289071e-05,0.2900863021096704,0.5212631662292548,0.185904630560814,1,0,1.0
S6,1230,1290,60,30,2.2281851841331092e-07,0.020117827717478148,-0.12059363168360315,0.1693971798639792,0.28999081154758233,-0.0006243690536531947,0.019782175874223012,0.02011782771871208,16.998533669030763,0.5357056674989527,3.943753107036015,0.014157706086909137,0.014292877613569498,0.009924058698991685,0.1693971798639792,594.6236556501838,0.014157706086909137,0.008315363404823611,0.000404726992070132,494.21259678502827,0.01176724676266169,3.1339440951625914e-08,0.0166892991700999,0.12020383886990296,11451,190.85,16625,277.0833333333333,39118,651.9666666666667,0.000404726992070132,0.8295775967700738,1.351612378320622,0.0004065157053583619,88.71732119520453,78.7841796875,0.0001131048408706846,0.00021465131726700865,7.777979584351707e-05,0.27822994137699447,0.5280271203243767,0.1913328189250417,1,0,1.0
S6,1260,1320,60,30,-2.3237999659347566e-06,0.01912221665986569,-0.13614588171354233,0.1693971798639792,0.30554306157752154,-0.0004823559635557239,0.019995848974163042,0.019122216801063917,15.35768536624943,0.4344956625932917,3.7523096586843288,0.013743271726861194,0.013295926354660249,0.010015579310376253,0.1693971798639792,577.2174125281701,0.013743271726861194,0.00828734877948249,0.0003656591699868449,471.0295327024487,0.011215255903770297,-8.072489305313448e-10,0.015533832108033347,0.10578915029084918,11258,187.63333333333333,16221,270.35,39322,655.3666666666667,0.0003656591699868449,0.812344739333293,1.3622753913249084,0.00034470463739935366,86.3381308853112,77.0751953125,0.00010260295000825657,0.00017950472446852996,6.161316934578065e-05,0.2976546842605633,0.5207493749513059,0.17874192181058304,1,0,1.0
S6,1290,1350,60,30,-2.1446130033814485e-07,0.025368187972554274,-0.36074845996213384,0.44063185280431455,0.8013803127664484,-0.0005905644654798931,0.023256189358249184,0.0253681879734608,27.02888836438732,0.3044999301378065,13.52401492706107,0.016790240041321486,0.019016645351156068,0.011657357944382576,0.44063185280431455,705.1900817355024,0.016790240041321486,0.009715305995244847,0.0006435449610108473,575.2197389382537,0.013696034166009993,1.0258023595080626e-07,0.02122019620168435,0.4516679013745917,11011,183.51666666666668,15697,261.6166666666667,38842,647.3666666666667,0.0006435449610108473,0.8364884486287465,1.3182172111557637,0.0005514540265638803,89.43320136381085,80.8349609375,0.00013929592267042563,0.00030677985276699084,0.00010301138424177796,0.2525975257418664,0.5563108400505142,0.18679958669201077,1,0,1.0
S6,1320,1380,60,30,-1.5706164061179642e-06,0.026188927737284567,-0.36074845996213384,0.44063185280431455,0.8013803127664484,-0.0005065017014807109,0.021479926731725114,0.026188927784381495,28.80611741681306,0.2768578306714216,12.982558172715413,0.01678778348362116,0.020100504078321157,0.01075655187362978,0.44063185280431455,705.0869063120888,0.01678778348362116,0.009177582956297635,0.000685859936028713,577.7007641326555,0.013755107600958489,-3.3866236150346544e-08,0.02189244443631745,0.4516679013745917,11384,189.73333333333332,16329,272.15,38496,641.6,0.000685859936028713,0.835942756264499,1.3226619714582022,0.000702451508121936,89.4801430874043,81.1767578125,0.00017477471393952189,0.0003910354453136969,0.0001335172862237943,0.2488068029162568,0.5566725116145932,0.19007331421461982,1,0,1.0
S6,1350,1410,60,30,3.0083271439389115e-07,0.01683089418803554,-0.20280142592349018,0.22482559977080666,0.42762702569429684,-0.00015204729860766875,0.014316428828999472,0.01683089419072406,11.897717968892653,0.20263482902755017,11.187886884787979,0.0109260999223891,0.01280231774895928,0.007157575328348927,0.22482559977080666,458.89619674034225,0.0109260999223891,0.006114966040500619,0.0002832789991688486,378.00236835390876,0.009000270681537864,-9.615832000963077e-08,0.013624368609968282,0.22525987535948944,11971,199.51666666666668,17648,294.1333333333333,38888,648.1333333333333,0.0002832789991688486,0.8094857265309968,1.3897667604455601,0.0002922727252946592,85.64161336287796,75.87890625,9.191979679699711e-05,0.00014565280402018793,5.361933911955266e-05,0.31450008448214517,0.49834552257089965,0.1834565270005797,1,0,1.0
S6,1380,1440,60,30,2.258043777633545e-07,0.011414217155758598,-0.1383336234970323,0.11188954326636147,0.25022316676339373,1.8221814927440918e-05,0.012096255641320563,0.01141421715799211,5.471942839851662,-0.19980551741333633,6.491146565939822,0.008134594717629198,0.008007042032468709,0.006044879758348607,0.1383336234970323,341.6529781404263,0.008134594717629198,0.004960578365963105,0.00013028435327881388,293.6583240486515,0.006992031335237779,-1.562260137788019e-08,0.009463829390932061,0.10651402543802362,12432,207.2,18507,308.45,39631,660.5166666666667,0.00013028435327881388,0.8291264535962903,1.4492702635154442,0.0001340272786369219,85.97764788285296,73.14453125,4.736628842741182e-05,5.9320076979359066e-05,2.6933810990137334e-05,0.35340782047605734,0.4425970413087052,0.20095768013838933,1,0,1.0
S6,1410,1470,60,30,-1.3870490283957772e-06,0.009414875772537827,-0.1383336234970323,0.11188954326636147,0.25022316676339373,1.8992677809266136e-05,0.011078518974004484,0.009414875874711506,3.7228752849214395,-0.157946529957807,4.723636243312869,0.00703790600922295,0.006253620290805018,0.005540123096230965,0.1383336234970323,295.5920523873639,0.00703790600922295,0.004449988720218169,8.863988581231974e-05,263.5177761965865,0.006274382156636742,-1.1660598278223185e-08,0.008129141957444635,0.08189138018111974,12813,213.55,19157,319.28333333333336,39871,664.5166666666667,8.863988581231974e-05,0.8634359235154714,1.4763111444388284,8.471849976394908e-05,89.0360441016727,71.6064453125,3.342575279157444e-05,3.0058387700869885e-05,2.095885883767044e-05,0.3945508110354706,0.3548031160209575,0.24739412166254182,1,0,1.0
S6,1440,1500,60,30,1.0756324706136935e-06,0.007767085003338591,-0.056653861014339744,0.037155352468957695,0.09380921348329743,4.8458044857145914e-05,0.009710407810973994,0.007767085077818606,2.533759645455043,-0.08557688801435341,1.0969667573966415,0.005986635354713303,0.004948515710369038,0.00485792640610766,0.056653861014339744,251.43868489795872,0.005986635354713303,0.0038557758095498365,6.032760944908724e-05,227.06270175852808,0.005406383527191792,2.240841266887874e-08,0.006834175962405002,0.044769125014078356,13083,218.05,19499,324.98333333333335,40048,667.4666666666667,6.032760944908724e-05,0.8798894256297454,1.5041189635734218,5.931492413856366e-05,89.77569791804554,69.384765625,2.4810831870328065e-05,1.8332466418081566e-05,1.6054759087035175e-05,0.41828986938208484,0.3090700474513916,0.27066980730735113,1,0,1.0
S6,1470,1530,60,30,-7.139833130629952e-07,0.011699187305254191,-0.146439944057876,0.26829506144718884,0.4147350055050648,3.786054580739648e-10,0.009933018931345593,0.01169918732704084,5.748581332754107,0.815036563423553,30.556582881467897,0.007214198839440482,0.00921012047794211,0.004975127510552626,0.26829506144718884,302.99635125650025,0.007214198839440482,0.0041165709331971116,0.00013687098360342084,267.23156898093276,0.006362807899734107,-8.104692607394633e-08,0.009678855495810663,0.16206245638365765,13161,219.35,19221,320.35,39193,653.2166666666667,0.00013687098360342084,0.8273100723384279,1.4305992151166416,0.0001404005420331404,85.92323012329445,75.87890625,4.880636981270182e-05,6.363258103418817e-05,2.745908144793917e-05,0.34762237457161294,0.45322176191576397,0.19557674814002982,1,0,1.0
S6,1500,1560,60,30,1.7238568654708667e-06,0.012072390722457346,-0.146439944057876,0.26829506144718884,0.4147350055050648,-0.00023726642602210635,0.010734826258596113,0.012072390845534978,6.121190070548982,0.7984775861409957,26.79248223515826,0.007665981074992382,0.009326057842690841,0.0053675999270594195,0.26829506144718884,321.97120514968003,0.007665981074992382,0.004455544091092122,0.0001457426177556742,281.87371741743175,0.00671143878229081,1.3105622017416172e-08,0.009988260841563316,0.16206245638365765,12827,213.78333333333333,18814,313.56666666666666,39303,655.05,0.0001457426177556742,0.827363947306884,1.4241425706742468,0.00015821432424981837,86.08460752480069,77.4169921875,5.33120274745907e-05,7.332316568769935e-05,3.105441021694023e-05,0.3369608139299176,0.4634420178790071,0.19628064882359017,1,0,1.0
S6,1530,1590,60,30,1.5131056127338005e-06,0.012567898111342466,-0.12853256188382856,0.15231427175092674,0.28084683363475527,-0.0003940942249101042,0.011978177883136779,0.01256789820242725,6.6339867395161125,0.6754560836431606,10.92142231554801,0.008489458485248817,0.009267208849152529,0.00601017712025056,0.15231427175092674,356.5572563804503,0.008489458485248817,0.005018043369382507,0.0001579520629370855,305.9029808059454,0.007283577723420686,1.6387282284475185e-07,0.010352620294093283,0.10925834850016963,12394,206.56666666666666,18290,304.8333333333333,39383,656.3833333333333,0.0001579520629370855,0.8237352182820527,1.4376567132453195,0.00015938055007162132,85.65638557344033,72.9736328125,5.6862236203751056e-05,6.947852396458717e-05,3.264132515787075e-05,0.3567702343742615,0.43592849901299374,0.20480118272400627,1,0,1.0
S6,1560,1620,60,30,2.0616731815246814e-07,0.014981036239539058,-0.2351317624717529,0.18171757883689404,0.4168493413086469,-0.0003783647964129955,0.0140819741008707,0.014981036240957686,9.426120767821278,0.4418566058134497,12.274268800984519,0.010105192705915207,0.011059680249862815,0.0070510223103157936,0.2351317624717529,424.4180936484387,0.010105192705915207,0.005869894717283523,0.00022443144681038256,352.5104024935847,0.008393304661863013,-4.8475565533605306e-08,0.012045085870224063,0.19546981979746533,11866,197.76666666666668,17538,292.3,39176,652.9333333333333,0.00022443144681038256,0.8040222103217255,1.4239874847651548,0.00023559507625770432,84.25916954402034,72.2900390625,8.141664156308965e-05,0.00010986518685718715,4.377502742931753e-05,0.34557870587258166,0.4663305727875728,0.18580620666891387,1,0,1.0
S6,1590,1650,60,30,4.905661156443145e-07,0.014843958206304849,-0.2351317624717529,0.18171757883689404,0.4168493413086469,-0.0004698057199780774,0.015057345089064589,0.014843958214411012,9.254410009789568,0.43102318451555066,9.992264606467382,0.01035950676098964,0.010631261220579152,0.007538444252574837,0.2351317624717529,435.0992839615649,0.01035950676098964,0.006173539366945471,0.00022034309523052509,358.9311857351147,0.008546184093314476,2.46393197926696e-08,0.012043537402697794,0.19546981979746533,11581,193.01666666666668,17079,284.65,39315,655.25,0.00022034309523052509,0.8113427183850733,1.4130815997167119,0.0002209561959348614,85.72824184393285,73.3154296875,7.540621901441251e-05,0.00010120801926081194,4.378608090973573e-05,0.34127225396586075,0.45804562679314226,0.1981663411812358,1,0,1.0
S6,1620,1680,60,30,-2.804846979165451e-06,0.01362409488295078,-0.08134702169658523,0.12984890614539596,0.21119592784198118,-0.0006003003129432007,0.015374967605694942,0.013624095171673317,7.795870708366112,0.5728932516729517,3.7670668265695664,0.00999824121882102,0.009254790207080903,0.007705768534325771,0.12984890614539596,419.9261311904828,0.00999824121882102,0.006194494909998057,0.00018561596137964563,340.816440695295,0.008114870370611087,7.141845945735061e-09,0.011074032019005307,0.10098043962917835,11329,188.81666666666666,16720,278.6666666666667,39460,657.6666666666666,0.00018561596137964563,0.8128269888125466,1.4207562789781787,0.00018087670000047702,85.20734466068392,73.14453125,6.553192983092061e-05,7.844539084709073e-05,3.636358469047459e-05,0.3623016664432057,0.4336953894386831,0.20104073487839333,1,0,1.0
S6,1650,1710,60,30,-2.9248005899352706e-07,0.011910778597476187,-0.07734201236925718,0.1128509781862776,0.1901929905555348,-0.000649882915528358,0.014706074871840084,0.011910778601067243,5.958399169112938,0.469791647479921,2.0599158447858725,0.009126011027829666,0.007653925110920064,0.007373834249120453,0.1128509781862776,383.292463168846,0.009126011027829666,0.005843195218688696,0.00014186664679809678,304.5287992956104,0.007250858336998747,3.0527543939273073e-09,0.00941922292827919,0.0966580183432297,11034,183.9,16407,273.45,39656,660.9333333333333,0.00014186664679809678,0.7908150463207384,1.4460588957442282,0.000141639075630584,82.19348657272596,70.068359375,5.335923583247028e-05,6.124245195219299e-05,2.6675002786131468e-05,0.3767268008133517,0.43238387203205497,0.18833081667169224,1,0,1.0
S6,1680,1740,60,30,-2.6900886238919403e-06,0.01153038275272739,-0.07734201236925718,0.1128509781862776,0.1901929905555348,-0.0005775284643958873,0.01418474832222286,0.011530383066532094,5.583888813760742,0.46520611073127605,2.196565178931195,0.00883825997126797,0.007405058699379255,0.007123871427668096,0.1128509781862776,371.2069187932547,0.00883825997126797,0.005673342307921577,0.00013294972642439326,295.9852420245682,0.007047435463334084,2.4106321514028923e-08,0.009138268181481507,0.0966580183432297,11046,184.1,16439,273.98333333333335,39736,662.2666666666667,0.00013294972642439326,0.7925381470376553,1.4449194477843668,0.00013490596787662409,82.3725695111646,70.9228515625,4.9889652057750266e-05,5.9571855515292204e-05,2.513970130892776e-05,0.3698105639283207,0.4415805798137308,0.1863498087194989,1,0,1.0
S6,1710,1770,60,30,-8.621060675148486e-07,0.016360875234476446,-0.18772699756103933,0.20504758334359574,0.3927745809046351,-0.0005069150493870929,0.015179447121412093,0.01636087525718999,11.242486045615927,-0.026792505233398673,12.170795222584516,0.010803051015648638,0.012287079715482624,0.007603365644028564,0.20504758334359574,453.72814265724276,0.010803051015648638,0.006306065819861157,0.00026767823843810474,364.205286922303,0.008671760921029144,2.8188541573666577e-08,0.013002371108287473,0.16037816328526608,11250,187.5,16511,275.18333333333334,38955,649.25,0.00026767823843810474,0.7947234436998964,1.403121063153692,0.0002558798258137944,83.36562339396994,71.2646484375,8.869803928149971e-05,0.00012234374566543014,4.43367575173728e-05,0.3466394390390351,0.4781297051314259,0.17327179810430612,1,0,1.0
S6,1740,1800,60,30,-1.9114369483069507e-07,0.019435702989735768,-0.18772699756103933,0.21226488452193704,0.39999188208297637,-0.0006033268203861726,0.018118388690054138,0.019435702990675686,15.865355131153912,0.15638585771551328,8.69014286964621,0.0130529362480725,0.014400257152062073,0.009091783100701271,0.21226488452193704,548.223322419045,0.0130529362480725,0.007543768867480931,0.00037774655070522387,444.4582668598805,0.010582591653607955,7.614843244173055e-08,0.015652221531705954,0.168213421833596,11234,187.23333333333332,16254,270.9,38937,648.95,0.00037774655070522387,0.8053334391851987,1.3624055252692049,0.00036417389731882647,85.90137638228865,76.5625,0.00010709655151304666,0.00019310359324535467,6.31983126002025e-05,0.29408080123679464,0.5302510549686558,0.17353883149091745,1,0,1.0
S6,1770,1830,60,30,4.541930916088322e-07,0.016939017013324825,-0.14743074112730453,0.2122648845067932,0.35969562563409774,-0.0006658444847752968,0.018535347324600965,0.01693901701941406,12.051072498527969,0.47432200066013874,6.345020864639492,0.012205981182531201,0.011744970027875487,0.009309262607483252,0.2122648845067932,512.6512096663105,0.012205981182531201,0.007513711885507088,0.00028693029737770787,417.0426215943168,0.00992982265278499,2.3496291466399506e-08,0.01383736818407717,0.1682134218356532,11053,184.21666666666667,16110,268.5,39402,656.7,0.00028693029737770787,0.8168932219143655,1.34973274384669,0.00026689461561138874,87.00618819946851,77.9296875,7.570401039900648e-05,0.0001411320155515223,4.9379799261028634e-05,0.2836475746263653,0.5287930415090023,0.1850160938912607,1,0,0.8782619047619048
S6,2430,2490,60,30,1.281932379401067e-06,0.01082315709489509,-0.13442111109721752,0.1611508808233782,0.2955719919205957,-0.00013496495372970708,0.011094171838699752,0.010823157170813355,4.919910708053398,0.26352935444842684,12.69323275381731,0.00752828123149356,0.007775970218800374,0.005545748614698976,0.1611508808233782,316.1878117227295,0.00752828123149356,0.004516999330476987,0.00011714072950077791,255.3912377714911,0.006080888539524538,1.860903520719067e-08,0.008321712841246817,0.10910283057372441,11807,196.78333333333333,18196,303.26666666666665,39369,656.15,0.00011714072950077791,0.7688803524040027,1.546044306928202,0.00012008041597134851,77.64377740122549,62.548828125,5.592442657163541e-05,4.35634220008478e-05,2.037016665729515e-05,0.4657247905018843,0.36278540216951066,0.1696377089679263,2,1,0.8217380952380953
S6,2460,2520,60,30,1.7383174324180341e-06,0.009419654771513328,-0.06455983928235628,0.10040431830890233,0.1649641575912586,-0.0001729657396100058,0.010653306098889937,0.0094196549319092,3.7266557595221355,0.17174299542312205,3.0160576716728125,0.006985927622068221,0.006318758920505322,0.005322355977406441,0.10040431830890233,293.4089601268653,0.006985927622068221,0.004352031553326822,8.872989601449383e-05,237.94671422608076,0.005665532851403147,2.0269764048781098e-07,0.007443811696165059,0.07551766661033221,11660,194.33333333333334,18150,302.5,39642,660.7,8.872989601449383e-05,0.7902425170268912,1.5501632984696994,8.632799278007884e-05,79.63130445233651,62.3779296875,4.0916060643537364e-05,2.876982178511594e-05,1.642468035027057e-05,0.47396052341644634,0.33326179444953924,0.19025903210923203,2,1,1.0
S6,2490,2550,60,30,-1.4358429221737647e-06,0.017092071053915976,-0.19844527702625706,0.24372742117892016,0.44217269820517724,-0.0002664001444188555,0.012499204718206527,0.017092071114225955,12.269833588897807,0.896886424760085,15.286107096914215,0.010337670103486194,0.013611446352436066,0.0062624695394978246,0.24372742117892016,434.1821443464201,0.010337670103486194,0.005446837408139609,0.0002921388929121124,345.99187626009285,0.008238097960906042,1.9781473665683566e-08,0.013714539980517838,0.20487041386826146,11354,189.23333333333332,17459,290.98333333333335,38172,636.2,0.0002921388929121124,0.8023919358430054,1.3829810882954692,0.0003110817871958574,85.29565911107538,76.0498046875,9.54172631679143e-05,0.00016210479614911868,5.258087235303284e-05,0.30672725660997796,0.5211002470133597,0.16902587845789852,2,1,1.0
S6,2520,2580,60,30,3.838889139608428e-06,0.019195538963962262,-0.19844527702625706,0.24372742117892016,0.44217269820517724,-0.00028331735642578304,0.014272857110085583,0.019195539347829308,15.475686695870657,0.7939499537763554,11.10632584935348,0.011890316749929292,0.015069475718830239,0.007109975429974276,0.24372742117892016,499.3933034970303,0.011890316749929292,0.006205863297570498,0.00036846871611699345,395.0258694443007,0.009405601786811608,1.986951595503089e-08,0.015262978216791553,0.20487041386826146,11275,187.91666666666666,16948,282.46666666666664,38123,635.3833333333333,0.00036846871611699345,0.7951315274578272,1.3751393695484575,0.00038459330902373615,84.78287069077606,76.0498046875,0.00011882215325162348,0.00020231177327258986,6.241353518570444e-05,0.3089553314207296,0.5260408034298477,0.16228450605169636,2,1,1.0
S6,2550,2610,60,30,2.445048366746248e-07,0.013560850577953846,-0.1435991456182191,0.16659048428450568,0.3101896299027248,-0.00014470680246901515,0.012374549407083983,0.013560850580158082,7.723660075209699,0.5622726983673846,11.173308611141362,0.008971264372537362,0.010169222389908463,0.0061800315173149295,0.16659048428450568,376.7931036465692,0.008971264372537362,0.005169681471493532,0.00018389666839759114,294.5615435586139,0.007013537073706847,7.13864745708796e-09,0.010392793579434352,0.18015654980144613,11273,187.88333333333333,17273,287.8833333333333,38868,647.8,0.00018389666839759114,0.7663821321304234,1.4578911006668824,0.00018965719482654674,79.36194641623386,67.1630859375,7.708044354310464e-05,8.320527329969138e-05,2.8838827031265266e-05,0.4064198229526672,0.4387140354774716,0.15205764831458232,2,1,1.0
S6,2580,2640,60,30,1.381366396476063e-06,0.01131005627513086,-0.1717853356520929,0.248678256682998,0.4204635923350909,-0.00015121040820344558,0.011433786599260972,0.011310056359488225,5.372529743901602,0.6400709202470282,23.39083336447802,0.007748385022541797,0.008238926167726594,0.00571714284259311,0.248678256682998,325.4321709467555,0.007748385022541797,0.004657932779839694,0.00012791737294662694,250.5874396703839,0.005966509670953687,-6.65982796707801e-09,0.008416455542506153,0.18716633223822948,11108,185.13333333333333,17484,291.4,39147,652.45,0.00012791737294662694,0.7441568227218014,1.5285915466128288,0.00012809833903822162,76.33951710618884,63.232421875,5.900373790137435e-05,4.894720707655739e-05,1.9734803011759454e-05,0.46061282561805106,0.38210649290271176,0.15405978844012208,2,1,1.0
S6,2610,2670,60,30,1.9013649489779287e-07,0.011114341581711457,-0.1717853356520929,0.248678256682998,0.4204635923350909,-0.000179006496045371,0.011116097363735358,0.011114341583337819,5.188200730906712,0.5194650490233802,23.088904701363074,0.007601352586763634,0.008108515750913604,0.0055587922316155105,0.248678256682998,319.25680864407263,0.007601352586763634,0.004535152042486096,0.00012352858879496033,245.5818074344976,0.005847325113324069,2.776530209343961e-09,0.008216058754194228,0.18716633223822948,11227,187.11666666666667,17644,294.06666666666666,39160,652.6666666666666,0.00012352858879496033,0.7392303623017736,1.544328184646831,0.00012304855706230162,75.63602773053404,62.3779296875,5.7746740789284325e-05,4.609305962011113e-05,1.8833885837079763e-05,0.46930043039875835,0.37459244318300633,0.15306059889466106,2,1,1.0
S6,2640,2700,60,30,7.477873472131627e-07,0.009602187246681021,-0.14815646691317486,0.10621148504751511,0.25436795196068995,-6.670710578168186e-05,0.009913785187552463,0.009602187275798653,3.8724840201394017,-0.16860092978794475,9.31462121069543,0.0067429147248737505,0.006836307592011227,0.004955524733314032,0.14815646691317486,283.2024184446975,0.0067429147248737505,0.004071214478641995,9.220199992032366e-05,224.76798864423682,0.0053517461997722995,-1.7017091660072674e-08,0.007295496577391442,0.09691283728463235,11633,193.88333333333333,18010,300.1666666666667,39320,655.3333333333334,9.220199992032366e-05,0.7597744545039066,1.5577691857810212,8.331891584126053e-05,76.90984003542184,61.181640625,4.0028302919250004e-05,2.8760307271391852e-05,1.4329661199771995e-05,0.4804227529257829,0.3451834074051814,0.1719856896250656,2,1,1.0
S6,2670,2730,60,30,9.098078779279445e-07,0.00916472704215084,-0.14815646691317486,0.10621148504751511,0.25436795196068995,-6.1155299005276505e-06,0.009386863164829947,0.009164727087310417,3.527673348565013,-0.038293207820801874,9.68536984302128,0.00643322555034306,0.006527314271834512,0.004694264136436501,0.14815646691317486,270.1954731144085,0.00643322555034306,0.0038797076377084672,8.399222175713088e-05,218.5968873227421,0.005204811717487133,-6.246985897249759e-08,0.007054142010392657,0.11328100288296866,11811,196.85,18290,304.8333333333333,39377,656.2833333333333,8.399222175713088e-05,0.7697056309422984,1.5607649583009702,8.348388469947956e-05,77.98937132224614,62.7197265625,3.9159965724889484e-05,2.9316340000625956e-05,1.4828487661332552e-05,0.46907215525313967,0.3511616655856063,0.17762095899958755,2,1,1.0
S6,2700,2760,60,30,4.7057718405341816e-07,0.00993889909507347,-0.10562220341631486,0.12382907137784878,0.22945127479416363,-9.05344357324698e-05,0.00953082972026808,0.00993889910621368,4.148832048626794,0.2989726215227364,9.499018017759724,0.006779201440636926,0.007268021964108345,0.004771401931695613,0.12382907137784878,284.72646050675087,0.006779201440636926,0.003969776539240286,9.878171522205223e-05,235.36211929682855,0.005603993411672386,-6.181385241537879e-09,0.007723185657373123,0.11328100288296866,12395,206.58333333333334,18724,312.06666666666666,39424,657.0666666666667,9.878171522205223e-05,0.777066512447175,1.534621165007734,0.00010436878252871683,78.44897089597525,64.4287109375,4.659854169695946e-05,3.9700213052242314e-05,1.784244979376218e-05,0.44647969026694334,0.38038398159256953,0.17095581036267113,2,1,1.0
S6,2730,2790,60,30,1.7038390758437254e-06,0.00858685004839541,-0.09458512033536533,0.12382907137784878,0.2184141917132141,-5.8859500837005196e-05,0.008398504958897372,0.008586850217436883,3.0968278595812255,0.3385786723431862,12.421691019227417,0.005834592652073264,0.006300121049715515,0.004191586934935404,0.12382907137784878,245.05289138707707,0.005834592652073264,0.003463531064180042,7.373399375362825e-05,214.1952716556021,0.005100008849153601,2.7339078414574922e-08,0.0069642811514811775,0.08935975865730131,13350,222.5,19418,323.6333333333333,39596,659.9333333333333,7.373399375362825e-05,0.8110402664807876,1.5193232496190479,7.356433578583204e-05,82.26638245082025,66.4794921875,3.148647846548833e-05,2.6789426822951884e-05,1.5129489581972224e-05,0.42801281530162877,0.3641632393846929,0.20566337506286644,2,1,1.0
S6,2760,2820,60,30,-9.706989506696357e-09,0.006737621339522534,-0.04782225340231319,0.04072602663669676,0.08854828003900996,-4.313865058495252e-05,0.007808919503556815,0.006737621339529526,1.9066127352251132,-0.02286881248774999,2.101561146333971,0.005027955344256435,0.004484997923193144,0.0038979422104078705,0.04782225340231319,211.17412445877025,0.005027955344256435,0.0031533921917278524,4.539554131478943e-05,190.33809326558207,0.004531967267448798,-5.782945307068121e-09,0.005787286765634228,0.042018981119842196,13445,224.08333333333334,19579,326.31666666666666,39997,666.6166666666667,4.539554131478943e-05,0.858951026482641,1.5289082572206842,4.361268697118221e-05,86.77756296617416,66.650390625,1.9733169572793763e-05,1.1819900891979577e-05,1.1985271162835443e-05,0.4524639719133282,0.27101978146381506,0.2748115742273551,2,1,1.0
S6,2790,2850,60,30,-1.1457801104224689e-06,0.00717285456228229,-0.04917233264290696,0.042026560715017876,0.09119889335792483,-0.00010997490510645624,0.00840612961461871,0.007172854653794815,2.1608934431475695,0.04841908284811963,1.5201623639511688,0.0054067665076686046,0.004713461553467789,0.004206278148221677,0.04917233264290696,227.08419332208138,0.0054067665076686046,0.003388614529673031,5.144984257165387e-05,198.29286490310847,0.00472137110176691,3.4632346702500263e-09,0.006051475311568897,0.034266242874544814,12867,214.45,19170,319.5,39894,664.9,5.144984257165387e-05,0.8436634618788941,1.5371618368060191,5.103389165355688e-05,85.01328526216295,65.4541015625,2.3272796750770866e-05,1.483046690200359e-05,1.2834519468243558e-05,0.45602629932198857,0.29060035246146,0.25149011867193233,2,1,1.0
S6,2820,2880,60,30,-8.910997794933343e-07,0.0075892207805144515,-0.04917233264290696,0.044156749001799334,0.0933290816447063,-0.0001434144290805991,0.009051527515735305,0.007589220832829362,2.41904345967695,0.10365221743263776,1.272651574630264,0.005771828331923931,0.00492770439010412,0.004523073129701359,0.04917233264290696,242.41678994080507,0.005771828331923931,0.003655534984225652,5.7596272055392376e-05,207.70895860617634,0.004945569147031509,-2.3195986426540908e-08,0.006334035171424127,0.034266242874544814,12509,208.48333333333332,18829,313.81666666666666,39803,663.3833333333333,5.7596272055392376e-05,0.8346094223120969,1.5332470477664657,5.5191246567174265e-05,84.25075377489,65.1123046875,2.5240367039704466e-05,1.671373497865638e-05,1.3122029420122462e-05,0.4573255472493081,0.3028330762254806,0.23775562677591278,2,1,1.0
S6,2850,2910,60,30,1.1976197817789283e-08,0.007316211852849434,-0.03568994412556123,0.044156749001799334,0.07984669312736056,-0.0001434144290805991,0.00860573846758736,0.007316211852859236,2.2481321467885547,0.12588595879836068,1.4621743163799614,0.005537542801004026,0.004781482573738657,0.004307931093473957,0.044156749001799334,232.57679764216908,0.005537542801004026,0.003511249499915653,5.352695587577455e-05,200.51418877904356,0.004774261024763532,-2.4788629633047972e-08,0.006111529178402131,0.0349191844124398,12605,210.08333333333334,18906,315.1,39813,663.55,5.352695587577455e-05,0.8353406518732618,1.5322721115129292,5.3836357680195294e-05,84.19937016630891,65.1123046875,2.4475562194678294e-05,1.6358927704682973e-05,1.2866096142782156e-05,0.45462886512625433,0.3038639389733624,0.23898526381020738,2,1,1.0
S6,2880,2940,60,30,-6.441879408648812e-07,0.008341156293990497,-0.07832636777953814,0.09023419898241938,0.16856056676195752,-5.9366716118569704e-05,0.008750446290266091,0.008341156318865832,2.9221453269017266,0.048746237243118995,6.002692787222729,0.0059468418663271025,0.005848928154171034,0.004374171447792768,0.09023419898241938,249.7673583857383,0.0059468418663271025,0.0036178759959567186,6.95748883207773e-05,211.17837979489155,0.005028176380268376,2.59274770501974e-08,0.006737828311628517,0.08100005930578819,12497,208.28333333333333,18767,312.78333333333336,39543,659.05,6.95748883207773e-05,0.8077810886343035,1.5250823894105352,6.846607899852944e-05,81.73266581586557,65.966796875,3.063850441789424e-05,2.3341163810285397e-05,1.4362608005724126e-05,0.4474990369837349,0.34091573742358944,0.20977699053034152,2,1,1.0
S6,2910,2970,60,30,4.166840857639879e-07,0.008656968471270723,-0.07832636777953814,0.09023419898241938,0.16856056676195752,-6.453087227095938e-05,0.009348986019238281,0.008656968481298807,3.147610338020441,0.043196979598182285,5.06457838598371,0.0062632325506916066,0.005976204590051958,0.004675509066445919,0.09023419898241938,263.05576712904747,0.0062632325506916066,0.0038491054324795867,7.494310311257535e-05,220.20994141335436,0.005243218681715144,4.412724216771586e-09,0.006980538297839142,0.08100005930578819,12277,204.61666666666667,18545,309.0833333333333,39594,659.9,7.494310311257535e-05,0.8063490494397626,1.525107125750743,7.822735792318346e-05,81.53210808836553,66.650390625,3.448864866362633e-05,2.8031219439093385e-05,1.5584624197316568e-05,0.4408770739450638,0.358330131341251,0.19922217253738936,2,1,1.0
S6,2940,3000,60,30,-2.3918597979274495e-07,0.007949885633124638,-0.06438278871437167,0.0849767783144031,0.1493595670287748,-0.0001560705754465638,0.008712723780108062,0.007949885636722798,2.654428628752801,0.18321544999656592,4.3696646105305765,0.005800958562270267,0.005435950827205368,0.004358008189592282,0.0849767783144031,243.64025961535123,0.005800958562270267,0.003584353017858831,6.320068157976152e-05,213.24286064988584,0.005077331856708156,-1.7009037772669925e-08,0.006683702298449531,0.07089210164918591,13073,217.88333333333333,19154,319.23333333333335,39763,662.7166666666667,6.320068157976152e-05,0.8407293647849066,1.5106980232587406,6.334728817818302e-05,85.51921263200299,68.1884765625,2.6618293919583647e-05,2.175508907816872e-05,1.482930006522708e-05,0.42019626546146394,0.3434257361889918,0.2340952626656295,2,1,1.0
S6,2970,3030,60,30,1.2029092094491877e-06,0.011078460034255966,-0.1039631913848214,0.1491593787041354,0.2531225700889568,-0.000167096676256444,0.009024874032288948,0.011078460099562452,5.154755683459086,0.9009007671957332,16.58318158234344,0.006910681599409662,0.008658796568183016,0.0045134644043824,0.1491593787041354,290.2486271752058,0.006910681599409662,0.0038294034526544156,0.0001227322767306067,251.19656464476162,0.005981012991851273,-3.5571238282781034e-08,0.009077192964182128,0.1129680066276475,13192,219.86666666666667,19204,320.06666666666666,39018,650.3,0.0001227322767306067,0.8193551212094755,1.4376419303094432,0.00012063672189890044,85.84554497742762,74.6826171875,4.1027450975294e-05,5.5546964158725596e-05,2.3795162684320457e-05,0.34009089711238205,0.4604482224349291,0.1972464296921296,2,1,1.0
S6,3000,3060,60,30,-9.366476961705168e-07,0.01097010466555317,-0.1039631913848214,0.1491593787041354,0.2531225700889568,-0.00012032570932859793,0.008581707729916515,0.01097010470553952,5.054414284521014,0.9142740094453823,17.1768143600299,0.006749185686405474,0.00864821888141829,0.004301550343825573,0.1491593787041354,283.4657988290299,0.006749185686405474,0.00368937736117214,0.0001203431963731914,242.7193466947484,0.005779169663438377,3.581437988508571e-08,0.008898537957764617,0.1129680066276475,13009,216.81666666666666,19052,317.53333333333336,38863,647.7166666666667,0.0001203431963731914,0.8111625393790998,1.4409600333926322,0.00012192972217711727,84.3823936386118,72.2900390625,4.297155363400434e-05,5.569725829517829e-05,2.2966207142466256e-05,0.3524288653063861,0.4567980415330683,0.18835610163291555,2,1,1.0
S6,3030,3090,60,30,2.4976210895927763e-06,0.007956440823887953,-0.09379688463209966,0.14495611415818552,0.23875299879028516,-5.0794003819476773e-05,0.007916364953753485,0.007956441215904376,2.65880818652996,0.43458923149214645,11.661090762360017,0.005526814962226182,0.0057235717166341776,0.003954862711489997,0.14495611415818552,232.12622841349966,0.005526814962226182,0.003296867416422218,6.33049505840308e-05,204.63328120806545,0.004872336989167967,1.6936399262648282e-08,0.006596479820178161,0.11841785441722578,13320,222.0,19174,319.56666666666666,39555,659.25,6.33049505840308e-05,0.8290742011645805,1.506836850663899,5.548832071121984e-05,85.1623838424273,68.017578125,2.3926211297941062e-05,1.81573681024754e-05,1.3220838921868765e-05,0.43119364564051654,0.32722864685295744,0.2382634535053696,2,1,1.0
S6,5550,5610,60,30,-1.1079969439839e-06,0.007201684270865274,-0.05245681034003315,0.05826766854852816,0.11072447888856131,3.338010669454432e-05,0.008510654715525909,0.007201684356099308,2.1782988177251914,-0.09002611268158493,2.5601004041656035,0.005408670312484683,0.004755054470322329,0.004254573762129266,0.05826766854852816,227.1641531243567,0.005408670312484683,0.003432666876411018,5.186425633722828e-05,205.0057537749309,0.004881205594774421,-1.3915315621048917e-08,0.006217244217276491,0.051792728348123616,13255,220.91666666666666,18864,314.4,40039,667.3166666666667,5.186425633722828e-05,0.8633041915526098,1.482602580974946,5.007810040633686e-05,88.63782714573205,74.169921875,1.977178525686965e-05,1.7069002425137967e-05,1.3132887468235902e-05,0.3948189946591452,0.34084764171641907,0.26224811567680933,3,0,0.9884047619047619
S6,5580,5640,60,30,-1.0880766045921993e-06,0.021289822006827032,-0.2669890935526803,0.23966217775006204,0.5066512713027423,-2.1689836020215704e-05,0.010460960591949021,0.02128982203463165,19.03677393518407,0.19460797943852648,17.625469419496365,0.011134417502838386,0.01814610892557337,0.005225745796808474,0.2669890935526803,467.64553511921224,0.011134417502838386,0.004895927694924798,0.00045325652108237665,413.42379810816794,0.009843658137292982,5.417497151067053e-08,0.018645989086757013,0.22442147376186594,12973,216.21666666666667,18293,304.8833333333333,36993,616.55,0.00045325652108237665,0.87581704914103,1.2874931337864899,0.00036750750502034097,95.15463088075937,88.8671875,7.719327947415911e-05,0.0002042785636200422,8.507166669955408e-05,0.21004545055450388,0.5558486856172793,0.2314828011331238,3,0,1.0
S6,5610,5670,60,30,-8.185270715484178e-07,0.022390901686478438,-0.26698909998709386,0.23966217775006204,0.5066512777371559,-8.663126547886572e-05,0.011676687389493935,0.02239090170143957,21.05680411814824,0.20014859215943184,14.421180426447005,0.012320327257930438,0.01869657763498512,0.0058247801430057165,0.26698909998709386,517.4537448330784,0.012320327257930438,0.00551629607559964,0.000501352478333543,451.72640195230497,0.010755646609497963,2.354305529075802e-08,0.01944529279407425,0.22442147232088952,12833,213.88333333333333,18071,301.18333333333334,37113,618.55,0.000501352478333543,0.8684461691784837,1.2940224493597923,0.000548475258801749,94.03957741428313,86.3037109375,0.00011808243675526863,0.0003086991422167902,0.00012025081256317513,0.2152921847618846,0.562831481024693,0.2192456462409744,3,0,1.0
S6,5640,5700,60,30,2.9330410338662096e-06,0.009656516797574517,-0.13742456313009713,0.10978056881086629,0.2472051319409634,3.999790426619719e-05,0.008609905571034995,0.009656517243010986,3.916429661111877,0.3595029842885321,14.751887462274464,0.00621346632724754,0.007391966008088071,0.004299443500728533,0.13742456313009713,260.96558574439666,0.00621346632724754,0.003591270935364853,9.32483166618388e-05,233.64649129419965,0.005563144153294118,-2.4785119800625995e-08,0.008083302795009345,0.1007259397294073,13505,225.08333333333334,19006,316.76666666666665,39332,655.5333333333333,9.32483166618388e-05,0.8370826628748449,1.4363766019214468,7.880122260258439e-05,86.9165787720397,73.486328125,2.895949211723585e-05,3.174547013638456e-05,1.794335288260555e-05,0.36750054327565834,0.4028550457457423,0.22770399100403138,3,0,1.0
S6,5670,5730,60,30,3.780186535912971e-07,0.006761771933124103,-0.057505126865904005,0.0716645495181126,0.1291696763840166,0.00011819181789336606,0.007891863969420671,0.006761771943690719,1.9203055123762847,-0.15053745668560295,3.428405259005695,0.005021525416717763,0.004528337698067632,0.0039446806525481,0.0716645495181126,210.90406750214606,0.005021525416717763,0.003164341424425763,4.572155967558487e-05,194.68729942159212,0.004635522260567921,-6.546357943240688e-09,0.005908144300519635,0.047823097455357115,13764,229.4,19430,323.8333333333333,40026,667.1,4.572155967558487e-05,0.8737568138873811,1.5041799936176983,4.510979026709028e-05,88.35010969542388,69.7265625,1.941935269973138e-05,1.2729970601102511e-05,1.2850341252698382e-05,0.43049086650040835,0.2821997292767204,0.2848681223435728,3,0,1.0
S6,5700,5760,60,30,-1.3107130536607334e-07,0.007030391760631196,-0.07396077146862204,0.0716645495181126,0.14562532098673464,0.00010661167496029187,0.008123097091659124,0.007030391761853012,2.075909149655489,-0.16854890446954796,3.955546052146639,0.005203261057990905,0.004727841229094529,0.004068831948932414,0.07396077146862204,218.53696443561802,0.005203261057990905,0.003278229223545342,4.9426408307951005e-05,196.47387041659778,0.004678060678030376,3.489632631243233e-08,0.005990017400425754,0.05593486664775882,13393,223.21666666666667,18932,315.53333333333336,39990,666.5,4.9426408307951005e-05,0.8520175837097254,1.5092284961807294,4.8876892220209604e-05,87.00187512242213,70.068359375,2.0487013412842826e-05,1.533108050657216e-05,1.2939442987837868e-05,0.41915540211805574,0.31366725276843743,0.2647353872161224,3,0,1.0
S6,5730,5790,60,30,2.5555533975181686e-06,0.0066930522532268,-0.07396077146862204,0.06468915733813649,0.13864992880675853,9.671188489115653e-05,0.008004907534042302,0.006693052741109809,1.8814721098016558,-0.18039072016827104,3.055159820955157,0.005040609971498584,0.004403317625439547,0.004003105786915535,0.07396077146862204,211.70561880294053,0.005040609971498584,0.003219036227259417,4.4796948464424346e-05,185.9853389414912,0.004428327792125793,-1.7753046587778865e-09,0.005621579791795057,0.05593486664775882,12846,214.1,18366,306.1,39968,666.1333333333333,4.4796948464424346e-05,0.8399127302621651,1.5026868867160543,4.388873076824718e-05,85.86016808511705,70.9228515625,1.8135503458919213e-05,1.4803866787636384e-05,1.0860035954713927e-05,0.41321549157306614,0.33730450911892745,0.2474447486772845,3,0,1.0
S6,5760,5820,60,30,8.7429938599909e-08,0.011199531614409047,-0.16156468433422794,0.12719517702022998,0.2887598613544579,0.0001124439546465795,0.008730609746001277,0.011199531614750312,5.268039352371252,-0.7428061799692823,26.310490597880403,0.0066322237111973445,0.009024584036642545,0.00436581975594909,0.16156468433422794,278.55339587028845,0.0066322237111973445,0.003680973465717465,0.00012542950838214772,234.0726305422517,0.0055732905674480745,3.956686241588614e-08,0.00921160524134124,0.15025875195725696,12256,204.26666666666668,17750,295.8333333333333,38686,644.7666666666667,0.00012542950838214772,0.8224991507225008,1.3783022399537714,0.00012308981711771643,87.0087610852892,78.61328125,3.554299254579377e-05,6.326553776903282e-05,2.38967601436991e-05,0.2887565631184778,0.5139786478724645,0.19414083718107678,3,0,1.0
S6,5790,5850,60,30,4.5996230611990844e-08,0.011238760128595617,-0.16156468433422794,0.12719517702023317,0.2887598613544611,0.00010522646319242662,0.008877615426172755,0.01123876012868974,5.305008627669501,-0.7385083346798111,25.910152869994892,0.006694954383870318,0.009027032459680305,0.004444915167596165,0.16156468433422794,281.18808412255333,0.006694954383870318,0.0037288991291283707,0.00012630972922811058,240.544765470608,0.005727392687221315,5.7354371604871754e-08,0.009326770473769523,0.15025875195693328,12579,209.65,18058,300.96666666666664,38777,646.2833333333333,0.00012630972922811058,0.8298753925745531,1.3782560958069956,9.623478636818586e-05,88.17700877202246,78.61328125,2.9796447011092476e-05,4.562117396765677e-05,2.0509145512564227e-05,0.30962241550673664,0.47406115490415446,0.2131157171596769,3,0,1.0
S6,5820,5880,60,30,-5.065710790910334e-07,0.006555713524001406,-0.04731175821366942,0.03325891786420331,0.08057067607787273,0.0001124439546123495,0.008091711465098617,0.006555713543573209,1.8050499627463465,-0.1852282813796161,1.7026655971761127,0.005011315951678761,0.004226593486229684,0.0040503561352233704,0.04731175821366942,210.47526997050795,0.005011315951678761,0.00322099227791065,4.297737980877494e-05,191.3560792746937,0.004556205606673819,3.1626599769353346e-08,0.005736861616968734,0.02700098173746705,13298,221.63333333333333,18929,315.48333333333335,40007,666.7833333333333,4.297737980877494e-05,0.8750933969224345,1.4785679699219996,4.180416247899584e-05,89.31307520469743,73.6572265625,1.67889603006807e-05,1.3433629526874343e-05,1.1489595841243747e-05,0.40160977532120573,0.3213466968420659,0.27484334477497546,3,0,1.0
S6,5850,5910,60,30,1.1339794592119319e-06,0.010555389430772683,-0.2741272224614339,0.18964906832801126,0.46377629078944516,0.00016733492874812473,0.008481902393373916,0.01055538949168514,4.679482387489438,-1.4274644547725925,78.53138029815472,0.006059621588030272,0.008642756130486071,0.004247120787396157,0.2741272224614339,254.50410669727142,0.006059621588030272,0.0034893479752455326,0.00011141624603526766,224.61104703151364,0.0053480094057361755,6.637225852647997e-10,0.00870827994501509,0.18225146412705892,13253,220.88333333333333,18818,313.6333333333333,38961,649.35,0.00011141624603526766,0.8250079262473616,1.4015596341902812,0.00011433079902987884,88.03056637377229,78.7841796875,3.28986567081545e-05,5.7217270763019676e-05,2.3836787179446444e-05,0.28774973136990734,0.5004536944420961,0.20848964042678486,3,0,1.0
S6,5880,5940,60,30,-9.626780644020666e-07,0.012455760268202635,-0.2741272224614339,0.18964906832801126,0.46377629078944516,0.0002635158503312571,0.01113385115295246,0.01245576030540426,6.516130520998746,-0.9342466457650045,40.966196388191975,0.00793918715451959,0.009597670139736808,0.00556830705230654,0.2741272224614339,333.4458604898228,0.00793918715451959,0.004627314652490316,0.00015514596385893538,274.20484734328124,0.006528842290132652,2.2812904998780097e-08,0.009994137304513314,0.18225146412705892,11983,199.71666666666667,17794,296.56666666666666,38986,649.7666666666667,0.00015514596385893538,0.8023707175889205,1.408811211399327,0.00014421163816557764,84.27554838065083,73.6572265625,4.902789832448823e-05,6.763176223038675e-05,2.7098116031816137e-05,0.33997185628108945,0.4689757573708084,0.1879051952846083,3,0,0.7115952380952381
S7,90,150,60,30,3.7729723537478493e-06,0.021965043063212026,-0.17945472443490623,0.2807311816248572,0.46018590605976345,-0.0001223194695418948,0.016774862824588968,0.021965043387256925,20.263451502171325,0.6387466255802858,11.095492475944473,0.013826609680036676,0.01706716132694583,0.008385746275795511,0.2807311816248572,580.7176065615404,0.013826609680036676,0.0072908830802003236,0.00048246311676875876,412.7974080575046,0.009828743733362809,-2.551727131716661e-08,0.016097520061828255,0.2542634538066141,9572,159.53333333333333,15200,253.33333333333334,37395,623.25,0.00048246311676875876,0.7328699522920151,1.4272665721161142,0.0004968144267062355,76.4755591135294,65.4541015625,0.00021550142355619136,0.00020916485420050272,7.073704932659633e-05,0.4337664366651264,0.42101203780900087,0.14238123034302078,1,0,0.8228095238095238
S7,120,180,60,30,1.376464421270511e-08,0.01170996515670045,-0.09560707597789894,0.10824191118361096,0.2038489871615099,-5.028661427678143e-05,0.012272011509523067,0.01170996515670854,5.759177926795779,0.04128563618284681,4.18205475158735,0.008383820405006123,0.008175257756666209,0.0061379089337895935,0.10824191118361096,352.12045701025716,0.008383820405006123,0.0050512093862686396,0.0001371232839711386,245.01539139165683,0.005833838695960781,-8.186036121025486e-09,0.008127298685830397,0.07960264020138151,9659,160.98333333333332,15701,261.68333333333334,38871,647.85,0.0001371232839711386,0.6940497753044083,1.5214980501761566,0.00013945265445662803,70.81344976607261,57.2509765625,7.386019876889058e-05,4.858374436846581e-05,1.6624542608230796e-05,0.529643548605683,0.34838881022215407,0.11921280862675361,1,0,1.0
S7,150,210,60,30,1.5520130545274034e-07,0.010730245118661406,-0.09560707597789894,0.10824191118361096,0.2038489871615099,-4.819551855708132e-05,0.010754217372907032,0.010730245119783816,4.835802733887064,0.017864902402106253,5.743855039615086,0.007501494946146697,0.0076724007913807485,0.0053787265737718455,0.10824191118361096,315.06278773816126,0.007501494946146697,0.00446141382874828,0.00011513816030655695,220.76158325710628,0.005256353324057865,-4.67620172013826e-09,0.007468790094013866,0.07960264020138151,9785,163.08333333333334,15989,266.48333333333335,38800,646.6666666666666,0.00011513816030655695,0.6960502776422682,1.5219915250558502,0.0001183816946451719,70.83225909061994,57.2509765625,6.23996087148572e-05,4.1756786147794145e-05,1.3928820699139049e-05,0.5271052159025849,0.3527300928826259,0.11766025770190412,1,0,1.0
S7,180,240,60,30,2.3261979607428285e-06,0.008029603438227898,-0.06132228330039865,0.09171166148981783,0.15303394479021648,3.372033587211137e-05,0.009411760266376579,0.008029603775180829,2.707930545028726,0.08090129978816765,3.3615322652960007,0.005999482214852188,0.005336735888168958,0.004708057727534859,0.09171166148981783,251.97825302379186,0.005999482214852188,0.0037909131299056,6.447453137520128e-05,179.8302853789375,0.0042817754084368085,9.44366125694339e-08,0.0056554045726034015,0.0601778075347858,9999,166.65,16602,276.7,39329,655.4833333333333,6.447453137520128e-05,0.704319287510359,1.607250595499984,6.483101786842095e-05,70.51798490451812,54.5166015625,3.6261190918375514e-05,1.943987267572312e-05,9.030075800106336e-06,0.5593185501416947,0.29985450352141146,0.1392863492970834,1,0,1.0
S7,210,270,60,30,-1.766457912200995e-06,0.009451108283701135,-0.22187257879638433,0.20462827895321625,0.42650085774960056,3.632699063680039e-05,0.01039877247289595,0.009451108448780903,3.751584938245946,-0.45544707498536585,34.379636567179155,0.006708461127126625,0.006657326807093726,0.005197183657032188,0.22187257879638433,281.75536733931824,0.006708461127126625,0.004184475270229609,8.932344779024421e-05,201.00570446025478,0.004785964057721726,2.7783431147532327e-08,0.006511323736857268,0.14833917190086407,10017,166.95,16672,277.8666666666667,39166,652.7666666666667,8.932344779024421e-05,0.6889481679187129,1.6210404224933461,9.235086878092429e-05,68.4221352149339,51.7822265625,5.353313694467288e-05,2.7086037929942523e-05,1.1548021856686507e-05,0.5796711785317878,0.29329489031875067,0.1250450808869037,1,0,1.0
S7,240,300,60,30,-1.041409584390342e-06,0.010035911608635113,-0.22187257879638433,0.20462827895321625,0.42650085774960056,-3.320058784741413e-06,0.010959899169053187,0.010035911662667768,4.230219961836578,-0.17586318271320245,35.20084322623268,0.007038409278866649,0.007154042054952905,0.005474419680489473,0.22187257879638433,295.6131897123993,0.007038409278866649,0.004392151406386766,0.00010071952181633702,208.5122908627713,0.0049646965609364815,7.137362560715652e-08,0.006933019269693907,0.17284559146920656,9759,162.65,16474,274.56666666666666,39082,651.3666666666667,0.00010071952181633702,0.690821077352713,1.6018244630289844,9.333327727062331e-05,68.00630143250366,51.611328125,5.4068342357319047e-05,2.7538330036443825e-05,1.1459842645857511e-05,0.5793040160857726,0.29505371333522784,0.12278410210143238,1,0,1.0
S7,270,330,60,30,-2.1395249987180094e-06,0.012524496904658164,-0.13234095121077055,0.19766123503874433,0.3300021862495149,-9.616435108822916e-05,0.012854751041705524,0.012524497087402716,6.588247146279082,0.39086520564002664,8.32650767059275,0.008772525864613176,0.008939005383545306,0.006433665961045014,0.19766123503874433,368.44608631375337,0.008772525864613176,0.005281580759860605,0.0001568630227147919,262.0882431157681,0.006240344844300295,1.0925786348024056e-08,0.0090243326894533,0.17284559146920656,9716,161.93333333333334,16048,267.46666666666664,38819,646.9833333333333,0.0001568630227147919,0.720534545870416,1.5307570740726644,0.00014722464456502952,73.94693866644467,60.83984375,7.272936524817723e-05,5.242254691736226e-05,2.1694740109753874e-05,0.49400265467139554,0.35607181849372427,0.14735807428063613,1,0,1.0
S7,300,360,60,30,-3.2985643234939896e-07,0.01405696715350077,-0.09142937571707499,0.11919919746520743,0.21062857318228242,8.408733815805911e-05,0.015819488001827545,0.014056967157370924,8.299129677863002,0.1318116014240225,3.059949770778087,0.010357216447562594,0.009504019840138368,0.007913717196067666,0.11919919746520743,435.00309079762894,0.010357216447562594,0.00640398445852611,0.00019759832555459953,313.6909852592054,0.0074690108159528885,-7.71026009887921e-09,0.010244923780917802,0.11858498286942065,9847,164.11666666666667,15726,262.1,39028,650.4666666666667,0.00019759832555459953,0.7288146631520293,1.504550584559714,0.00020095292256629946,74.37001915824557,60.15625,9.991074444922728e-05,7.018402709484951e-05,3.0342043329787585e-05,0.4971848290301137,0.34925606554288363,0.15099080392710873,1,0,1.0
S7,330,390,60,30,-1.4519872417218531e-06,0.01662127397027812,-0.12280702579792685,0.15535682603462633,0.2781638518325532,1.4990797248473772e-05,0.01889546429231336,0.016621274033698858,11.6032035211391,0.22505698946140784,3.3080131653445797,0.012292725556701542,0.01118729855197083,0.009442009536468031,0.15535682603462633,516.2944733814647,0.012292725556701542,0.007669064619485522,0.000276266748395045,374.4354844662749,0.008915342852598273,-5.161834175363825e-08,0.012240466363619943,0.11490115492257844,9739,162.31666666666666,15461,257.68333333333334,39094,651.5666666666667,0.000276266748395045,0.7364337045107455,1.4670224036813453,0.0002827430681850627,76.16474309063335,62.7197265625,0.00013058815810841325,0.0001063548582977085,4.444457696381394e-05,0.46186157258129457,0.37615372493622545,0.15719068640340214,1,0,1.0
S7,360,420,60,30,-1.2026100995423154e-06,0.02108481663853271,-0.12280702579792685,0.15535682603462633,0.2781638518325532,-0.0006256201880190425,0.024200591684327165,0.021084816672829215,18.671918753326306,0.2642705803963304,2.0268134884230644,0.01575112320935817,0.014016833157687059,0.012118552254630773,0.15535682603462633,661.547174793043,0.01575112320935817,0.00982171708019827,0.00044456949268054574,476.1414478753034,0.011336971067770742,3.1304905226792265e-08,0.015429565686450576,0.13346571304308086,9558,159.3,14954,249.23333333333332,39098,651.6333333333333,0.00044456949268054574,0.731785623321613,1.4471648026104942,0.00045562314771698935,75.95577688770476,63.916015625,0.00020716010090148163,0.0001782876473101344,6.848763624489287e-05,0.45467422351017,0.3913050691201447,0.15031641080587507,1,0,1.0
S7,390,450,60,30,-1.6008851919435443e-06,0.020384440840442133,-0.11512840554485809,0.12241753433611399,0.23754593988097208,-0.00035709904163860537,0.02403977688861573,0.020384440903304622,17.452068099493378,0.1628272669541577,1.4389337539557943,0.015431377497407505,0.013319084783603708,0.012014607735384313,0.12241753433611399,648.1178548911153,0.015431377497407505,0.009680760961517808,0.0004155254283774851,458.2212149274338,0.010910288695622128,4.755049707758233e-08,0.014644652366595446,0.13346571304308086,9458,157.63333333333333,14660,244.33333333333334,39138,652.3,0.0004155254283774851,0.718423060079278,1.4481833131170074,0.00043428820994596574,74.50451095401,62.548828125,0.0002032777310005121,0.00016925418539692657,6.048209292717609e-05,0.4680710328880537,0.38972779255965806,0.13926717682412168,1,0,1.0
S7,420,480,60,30,1.17723568917284e-06,0.01583092718591303,-0.08544745465071452,0.09597288445220516,0.18142033910291966,-0.0004383602066761875,0.01905678455418185,0.015830927229684436,10.525966791965693,0.1490951486241209,1.2703008038376238,0.012050876689221855,0.0102661885806142,0.009525208789094873,0.09597288445220516,506.1368209473179,0.012050876689221855,0.007618314526707521,0.00025061825556568025,357.34743424706807,0.008508474826711781,5.6834072774469925e-08,0.011246591010165338,0.09057346178237638,9582,159.7,14990,249.83333333333334,39294,654.9,0.00025061825556568025,0.7104189715541733,1.4731240443676876,0.0002543505136581981,72.93966114577508,60.498046875,0.00012501708884244328,9.497342524449881e-05,3.342328026774919e-05,0.49151498475227784,0.3733958460651124,0.1314063800659909,1,0,1.0
S7,450,510,60,30,-2.181225964264022e-06,0.016813025806804837,-0.10919831730774006,0.12793147997424106,0.23712979728198114,-0.0007915623562203722,0.019518523399665914,0.016813025948294737,11.87246934459735,0.41446396444484923,2.2997411822690044,0.012561796522667567,0.011174932199397414,0.009770007675627218,0.12793147997424106,527.5954539520378,0.012561796522667567,0.007851245578251276,0.0002826778367802854,376.11103892478025,0.008955237956255632,3.777703599651952e-09,0.012056625129560952,0.10254009424756122,9668,161.13333333333333,15156,252.6,39287,654.7833333333333,0.0002826778367802854,0.7171002571518805,1.4777247305853947,0.000277966804954783,74.19092139924973,61.6943359375,0.0001330374964232942,0.00010525216555478935,3.879382200620324e-05,0.4786092945340559,0.37865012540584037,0.13956278704758954,1,0,1.0
S7,480,540,60,30,-1.8846754690504971e-06,0.019177873716289342,-0.11909082761647527,0.13699451577759536,0.25608534339407063,-0.0006982441749904316,0.02186121871366148,0.019177873808896104,15.447215440857612,0.3357969072780259,2.106309389920588,0.014297208424927403,0.012782045027464427,0.01094634260821889,0.13699451577759536,600.4827538469509,0.014297208424927403,0.008866478149030058,0.0003677908402779415,421.55892716160326,0.01003735629804527,-5.8240534694221694e-08,0.013590232968539225,0.10254009424756122,9502,158.36666666666667,14919,248.65,39081,651.35,0.0003677908402779415,0.7086412795072232,1.4722377396457889,0.0003842809118774797,72.74259942403991,59.9853515625,0.00019222869643777357,0.0001419448994402349,4.907192556146889e-05,0.5002296249860619,0.3693779603747042,0.12769805640805415,1,0,1.0
S7,510,570,60,30,-5.264129783264495e-06,0.01731342743332633,-0.11872001351381503,0.13699451577759536,0.25571452929141036,-0.0003715706779532377,0.019977840824793126,0.01731342823360293,12.589701482405001,0.24552729674061569,2.151819527878005,0.012960247989935522,0.01147984186474236,0.009998940631051471,0.13699451577759536,544.3304155772919,0.012960247989935522,0.008096152734236138,0.0002997547694890567,378.80364076473387,0.009019349050328196,-9.855387322392996e-09,0.012130308071592629,0.10166035164308598,9455,157.58333333333334,14937,248.95,39073,651.2166666666667,0.0002997547694890567,0.7006300813808363,1.4820568098533444,0.00029742514436697956,72.01433974448892,59.47265625,0.00015148994812086314,0.00010874428154772933,3.635977600326778e-05,0.5093380670396397,0.3656189922313852,0.12224849408967615,1,0,1.0
S7,540,600,60,30,6.349231201018308e-07,0.016411985159627832,-0.08085379661465171,0.08665039732953267,0.16750419394418437,-0.000255445031713401,0.019903012640793465,0.016411985171909324,11.312836805884803,0.12593420093710375,0.9864808104398417,0.012588076986654945,0.010530601837550392,0.009968432920829384,0.08665039732953267,528.6992334395077,0.012588076986654945,0.008028062121763591,0.00026935325687984417,370.49852195574954,0.008821603418075419,-2.5065848902185825e-08,0.011579987978899442,0.08165850739155418,9492,158.2,14716,245.26666666666668,39259,654.3166666666667,0.00026935325687984417,0.7055811875448977,1.456854888271235,0.0002679438899534063,72.69280759844537,61.3525390625,0.00013039627786319032,0.00010475913856913943,3.206343981043269e-05,0.48665516457891755,0.39097416473037083,0.11966475449769842,1,0,1.0
S7,570,630,60,30,1.454305885285304e-06,0.01889123580979127,-0.14216304174775685,0.13399086807421445,0.2761539098219713,-0.00015993529709716148,0.02205489613333141,0.018891235865769757,14.988909286518119,0.015169539308755345,1.8548206113739996,0.014205346315739461,0.012453390244670445,0.011035229482417782,0.14216304174775685,596.6245452610574,0.014205346315739461,0.008899985266864906,0.00035687879042114003,420.2994730109749,0.010007368580465604,-2.1544700943329744e-09,0.013403335014456388,0.12713106265003393,9563,159.38333333333333,14576,242.93333333333334,39114,651.9,0.00035687879042114003,0.7095001697829361,1.4355561687699097,0.00034679759650825943,74.02926946129762,63.0615234375,0.00016001219770165934,0.0001431172932859224,4.260788219869796e-05,0.4613993848652536,0.41268248317434314,0.1228609500979722,1,0,1.0
S7,600,660,60,30,1.9501073299825815e-06,0.01684731879423374,-0.14216304174775685,0.13399086807421445,0.2761539098219713,4.971348220826513e-05,0.0171624464970265,0.01684731890709795,11.92095048301332,-0.016687789170435185,3.3953322777959096,0.012051791448877313,0.011772275788063566,0.008585039395152743,0.14216304174775685,506.17524085284714,0.012051791448877313,0.007153196063217287,0.0002838321505545414,362.3124112598705,0.008626691379791673,-1.9013949879375763e-08,0.011982202665556153,0.12713106265003393,9991,166.51666666666668,15604,260.06666666666666,38869,647.8166666666667,0.0002838321505545414,0.711223121726482,1.4656439584542085,0.0002954244669839544,73.25747842294848,61.181640625,0.0001423444412069725,0.00011516391002627379,3.704823016502335e-05,0.4818302378953052,0.3898252274160108,0.12540677670761635,1,0,1.0
S7,630,690,60,30,-1.1723555353044507e-06,0.01160322016647978,-0.10524875059016207,0.1530446001751939,0.258293350765356,-1.1588986271376673e-05,0.01281163406640002,0.011603220225705474,5.654658223461265,0.11436155196805331,4.632580503050706,0.008480123100984572,0.00791973685158594,0.006410744129654913,0.1530446001751939,356.16517024135203,0.008480123100984572,0.005260651431633489,0.00013463471823180306,262.87531983295304,0.006259085212337271,1.7571887821002216e-08,0.008417859229787987,0.11887599917124582,10345,172.41666666666666,16792,279.8666666666667,39259,654.3166666666667,0.00013463471823180306,0.7254761272311376,1.5415206535402395,0.00012521571759696717,74.27013151562089,58.447265625,6.439416545483947e-05,4.177921831261348e-05,1.8853512770561266e-05,0.5142658341192076,0.3336579393897544,0.15056826037802393,1,0,1.0
S7,660,720,60,30,-1.6773029742737109e-06,0.018105347235264076,-0.2403760861618395,0.24624124314047882,0.4866173293023183,-0.00035393852466983,0.01570852907712548,0.018105347312957844,13.767751255558856,0.7567296788846024,13.999718040032139,0.011663014152776005,0.013848382656287935,0.007855256355944357,0.24624124314047882,489.8465944165922,0.011663014152776005,0.006613828569258542,0.0003278035985094846,354.8653790058278,0.00844937686625462,9.664898102395987e-10,0.013235025937276886,0.266069777519559,9995,166.58333333333334,16290,271.5,38410,640.1666666666666,0.0003278035985094846,0.7310009449307225,1.4732377542902526,0.00031384537690841836,75.57453797196953,62.7197265625,0.00014551941839934928,0.00012037930302696625,4.632848483564208e-05,0.463665961349536,0.3835624542657945,0.1476156357375975,1,0,1.0
S7,690,750,60,30,2.010161550832297e-07,0.01900056575355357,-0.2403760861618395,0.24624124314047882,0.4866173293023183,-0.0004990356408494246,0.018081084814737837,0.019000565754616894,15.162902957811852,0.6731878055040903,11.105378129479536,0.012782613911976656,0.01405796146576242,0.009061461880222544,0.24624124314047882,536.8697843030195,0.012782613911976656,0.00746120165997147,0.00036102149895511274,381.0199904961561,0.009072120538492727,7.483303710852248e-08,0.013753232076890314,0.266069777519559,9569,159.48333333333332,15688,261.46666666666664,38614,643.5666666666667,0.00036102149895511274,0.723832766627916,1.4759518186079472,0.0003843633877786498,74.81521234398514,61.865234375,0.0001820870215505829,0.00014510875424490017,5.534295840754667e-05,0.4737366443846744,0.37753011566353073,0.14398603032247706,1,0,1.0
S7,720,780,60,30,1.3053871635913485e-07,0.014376887904695306,-0.09711945350498644,0.12183034214254011,0.21894979564752654,-0.0004677420145336717,0.016826912226315736,0.014376887905287936,8.68118604533101,0.3112300884247884,2.1564339844519305,0.010794915574746862,0.00949550965326781,0.008429932016658825,0.12183034214254011,453.3864541393682,0.010794915574746862,0.006762175148475233,0.00020669490582417418,316.04490655845757,0.007525057895627457,5.326853668074796e-08,0.010069070360270067,0.10287119989589491,9513,158.55,15691,261.51666666666665,39204,653.4,0.00020669490582417418,0.700365087842247,1.5412791321469437,0.00020719967763885267,70.96745225625472,56.9091796875,0.00011150728796500585,6.879596046383804e-05,2.6463836577347483e-05,0.5381634239767599,0.33202735278260825,0.12772141771124632,1,0,1.0
S7,750,810,60,30,-8.974678981296344e-07,0.013281290812753045,-0.14390826265588175,0.12183034214254011,0.2657386047984219,-0.00036822442101292017,0.015238837302582785,0.013281290843075725,7.408492831251417,0.2609204427794871,3.1320950621595314,0.009884541548154465,0.008870655265603279,0.0076330274227332795,0.14390826265588175,415.1507450224875,0.009884541548154465,0.006184590148391995,0.00017639268565291844,294.5209844347884,0.007012571357289182,-6.358645749516628e-08,0.009366319479325707,0.12999563340060438,9855,164.25,16031,267.18333333333334,39253,654.2166666666667,0.00017639268565291844,0.7052265936630135,1.5495262086920276,0.00018038237978173865,71.5678308076614,57.2509765625,9.637416717709921e-05,5.990298748554979e-05,2.3762564624925455e-05,0.5342770579571644,0.33208890778595984,0.13173440029828848,1,0,1.0
S7,780,840,60,30,7.289436314729821e-07,0.010575122177802921,-0.14390826265588175,0.10809690511715529,0.25200516777303705,-9.608140518015161e-05,0.01286775130932349,0.010575122202925981,4.696994803486358,0.015050387223147275,2.8667697991559287,0.008061937460892314,0.006843856660062309,0.006433875415700905,0.14390826265588175,338.6013733574772,0.008061937460892314,0.005146010420042324,0.0001118332090754592,244.25164246018744,0.005815653764617906,-5.1094161441854594e-08,0.007518408499118951,0.12999563340060438,10003,166.71666666666667,16588,276.46666666666664,39435,657.25,0.0001118332090754592,0.7109524006162328,1.596357806417361,0.0001102357845655019,71.50291373433743,55.37109375,6.0629010515010885e-05,3.385346158192137e-05,1.5508111266285032e-05,0.5499939130835073,0.3071004730029903,0.14068127992566826,1,0,1.0
S7,810,870,60,30,-1.9909969697929152e-07,0.011510513515000249,-0.09205108135113496,0.10832206421604214,0.2003731455671771,1.8977674919875512e-05,0.013469350192857825,0.011510513516722182,5.564660699583051,0.03543100510386435,2.7387464354203663,0.008630176842496555,0.007616558874313272,0.006732985272008211,0.10832206421604214,362.46742738485534,0.008630176842496555,0.005428921764927268,0.00013249192137900338,257.6897849292261,0.006135617155866238,1.5263173103745603e-08,0.008166820392883134,0.0760965202523494,9787,163.11666666666667,16192,269.8666666666667,39180,653.0,0.00013249192137900338,0.7095096480483094,1.5576846313173809,0.00013421743496681827,71.55211408315478,56.5673828125,7.122643077484437e-05,4.447754387339981e-05,1.81501709270516e-05,0.5306794217342421,0.3313842488823878,0.1352296065823248,1,0,1.0
S7,840,900,60,30,1.0226784680989977e-07,0.014016735009663784,-0.11550441673939905,0.11744244132465172,0.23294685806405077,-5.307333137681493e-05,0.015398655331126103,0.014016735010036864,8.251692134346913,0.11129804604227826,4.621061597644152,0.01018601997037763,0.009628803534430496,0.007699335998740159,0.11744244132465172,427.81283875586047,0.01018601997037763,0.006245989214855338,0.00019646886033113442,307.0023854680243,0.007309754648158868,2.1046847112663972e-08,0.010047355510728306,0.10166158133731772,9880,164.66666666666666,15790,263.1666666666667,38960,649.3333333333334,0.00019646886033113442,0.7168114046388974,1.4979706705853257,0.00018850429373739453,73.31965752922235,60.3271484375,9.361163851139985e-05,6.869886200756967e-05,2.564190542519739e-05,0.49660215507775274,0.3644418949059808,0.13602823000371095,1,0,1.0
S7,870,930,60,30,-1.7499816520609789e-06,0.01582075623647894,-0.11550441673939905,0.11744244132465172,0.23294685806405077,-0.00021781874643064802,0.01826353386996403,0.015820756333264317,10.512445900173969,0.11228986893998617,2.546353254745232,0.011841240945434763,0.010491965679923011,0.009137939936312891,0.11744244132465172,497.33211970826005,0.011841240945434763,0.007380859720121869,0.00025029632789408727,360.6818905612691,0.008587868534042932,-1.3340301247479465e-08,0.011489293828891066,0.10166158133731772,9960,166.0,15544,259.06666666666666,39117,651.95,0.00025029632789408727,0.7262164751896917,1.4770344681814807,0.0002523168256539272,74.65544708360636,61.0107421875,0.0001229146451036193,9.271624052695255e-05,3.598621750702944e-05,0.48714406891043643,0.3674596027698934,0.1426231382459901,1,0,1.0
S7,900,960,60,30,-4.587383945997747e-06,0.016470628793609984,-0.0954128540498837,0.09456935319058117,0.18998220724046488,-0.00031505887395753785,0.02087492740197202,0.016470629432446888,11.3938286238414,0.07486799683311063,0.6604391859221157,0.012801951753126959,0.01036299499235599,0.010437503606818391,0.0954128540498837,537.6819736313323,0.012801951753126959,0.008255991873762136,0.0002712816128568943,387.34354876161075,0.009222685034443933,-4.4734562241205684e-08,0.011975896921199967,0.08039199078457018,9796,163.26666666666668,15191,253.18333333333334,39417,656.95,0.0002712816128568943,0.7271062368818723,1.4710005178285523,0.00027459728625120315,74.97359504327711,62.0361328125,0.0001313084431119091,0.00010388193178268737,3.8826905923833383e-05,0.47818550905775303,0.3783064763708393,0.14139581076673247,1,0,1.0
S7,930,990,60,30,-1.2670168069167847e-06,0.01600156627404568,-0.0954128540498837,0.08078569500962329,0.176198549059507,-0.00017735183036008718,0.019606837819598363,0.01600156632420738,10.754105242776324,0.04723370987787174,0.9281424956225881,0.012287563296615785,0.010250166489363395,0.00980166509791047,0.0954128540498837,516.077658457863,0.012287563296615785,0.007797109858690164,0.00025605012322267617,369.6258470478044,0.00880082494935128,1.4540612107718427e-08,0.011520361166696842,0.08039199078457018,9764,162.73333333333332,15386,256.43333333333334,39357,655.95,0.00025605012322267617,0.7199520952759924,1.4847214216946683,0.0002608576129766746,73.65005604810405,60.83984375,0.00012813584808457536,9.653919846849456e-05,3.551059919232975e-05,0.49120992338465136,0.3700838835672659,0.13613020063748357,1,0,1.0
S7,960,1020,60,30,-1.7710490811149791e-06,0.019136537242573755,-0.1605081371422422,0.24981103705609567,0.41031917419833785,-0.00041352328925759016,0.020089630500048306,0.01913653732452732,15.380696552467143,0.38384275333546125,7.776229627795967,0.013524058178634894,0.013539088268931767,0.010060428206516734,0.24981103705609567,568.0104435026656,0.013524058178634894,0.008208343490267004,0.00036620705763641237,409.8620675575041,0.00975885300977414,1.8635311145971346e-08,0.014108829841910153,0.19808705554862505,9809,163.48333333333332,15549,259.15,38910,648.5,0.00036620705763641237,0.737271830481521,1.45675747261651,0.00037341125476440085,76.36858271556095,65.1123046875,0.00016398807528540966,0.0001548651999047117,5.356118508615456e-05,0.43916211199599725,0.414730937883546,0.14343752204241492,1,0,1.0
S7,990,1050,60,30,-2.4950101374990863e-06,0.021216655426604766,-0.1605081371422422,0.24981103705609567,0.41031917419833785,-0.0006848262601426292,0.01992430027055142,0.021216655573307333,18.90615189608683,0.6170611998269715,8.661298899181888,0.014316069737195453,0.015658755410188564,0.009983827937213242,0.24981103705609567,601.2749289622091,0.014316069737195453,0.008333002153991667,0.0004501464674912774,435.2346628805461,0.010362976806127435,-1.261972913065626e-09,0.01578017413826855,0.19808705554862505,9805,163.41666666666666,15681,261.35,38593,643.2166666666667,0.0004501464674912774,0.7437635113063532,1.4512436793016128,0.00044767509410354047,77.32889021106409,65.625,0.00019042749998508782,0.00018762853799076214,6.879024651926528e-05,0.4253698776037892,0.4191176602452816,0.1536610980269435,1,0,1.0
S7,1020,1080,60,30,-5.90763056434438e-07,0.01810648543012458,-0.1534168763346565,0.23395830740238416,0.38737518373704066,-0.0006729028158874136,0.01845916417159684,0.018106485439762038,13.769482229173217,0.6854450845511493,7.844253249784369,0.012680420302329637,0.01292485032550014,0.009269166607677903,0.23395830740238416,532.5776526978448,0.012680420302329637,0.007609709127900082,0.0003278448146313137,381.47946829418674,0.00908306074654603,-5.7771350055152897e-08,0.013237792058056625,0.19085905725045538,9714,161.9,15715,261.9166666666667,38796,646.6,0.0003278448146313137,0.7311077629694116,1.489169495811656,0.0003364753838876501,75.20117677225957,62.20703125,0.00015979172704362352,0.00012504744424166647,5.1132173635950254e-05,0.4748987138297711,0.37163920521276556,0.15196408440096587,1,0,1.0
S7,1050,1110,60,30,1.008622489796741e-06,0.01506484967941491,-0.11010011070060641,0.09219490810720296,0.20229501880780937,-0.0007731820351796429,0.0178231806624398,0.015064849713179581,9.53188726898885,0.4188382743101758,1.4668221147742688,0.011415480694096933,0.009830386432047679,0.008953153429291306,0.11010011070060641,479.4501891520712,0.011415480694096933,0.007166401613827602,0.00022694969586336752,342.5083915526029,0.008155155874011355,4.624917916215468e-09,0.010832667194171064,0.09505004719224053,9700,161.66666666666666,15793,263.21666666666664,39346,655.7666666666667,0.00022694969586336752,0.7190690531066608,1.5345485492358961,0.00022562481254221445,72.98263657810932,57.5927734375,0.00011866458725336574,7.426030801838064e-05,3.222275279323908e-05,0.525937665792691,0.3291318325394133,0.1428156435020204,1,0,1.0
S7,1080,1140,60,30,-8.622052782342671e-07,0.013769045812740521,-0.11010011070060641,0.09219490810720296,0.20229501880780937,-0.0006653826867426761,0.016330218413935584,0.01376904583973578,7.962638180143299,0.3846045634933001,1.5837997370760082,0.010445076792814865,0.008971454404328517,0.008211176699915832,0.11010011070060641,438.6932252982243,0.010445076792814865,0.006580109559111845,0.0001895866225933473,309.58802589533144,0.00737131898129316,-1.2971209382679819e-08,0.00980618664880666,0.08099125696302482,9570,159.5,15965,266.0833333333333,39298,654.9666666666667,0.0001895866225933473,0.7121907198342661,1.559232806810665,0.00019059197582258622,71.99955659673567,56.396484375,0.00010226087998862427,6.117043579376778e-05,2.678684784514382e-05,0.5365434696149772,0.32094969124360556,0.14054551735209742,1,0,1.0
S7,1110,1170,60,30,3.227518215881081e-06,0.0153047600187047,-0.09868618088674748,0.1438193406843233,0.2425055215710708,-0.0007028008965642581,0.017523868618784723,0.015304760359019533,9.83789896517466,0.5239575912481582,3.6554647951934482,0.011374843407245858,0.010239561861117455,0.008815741190130337,0.1438193406843233,477.74342310432604,0.011374843407245858,0.007131494432807197,0.00023423567923014187,335.31523184727644,0.00798388608888965,-5.245900354569725e-08,0.010963080613950578,0.13159049577188398,9412,156.86666666666667,15605,260.0833333333333,39113,651.8833333333333,0.00023423567923014187,0.716318361121119,1.5310150062542716,0.00023243316688156346,73.02926223112308,59.130859375,0.00011957487841881393,7.879536642145133e-05,3.368620599635936e-05,0.5144484327391341,0.3390022494578047,0.1449285678473081,1,0,1.0
S7,1140,1200,60,30,3.032185097738339e-06,0.014804035051462926,-0.09868618088674748,0.1438193406843233,0.2425055215710708,-0.0005131991871513367,0.01732888223531991,0.014804035361991319,9.204697445961756,0.49670261504807256,4.035006089118065,0.011035855098611668,0.009867591663700735,0.008691232029953883,0.1438193406843233,463.5059141416901,0.011035855098611668,0.0069819532546706265,0.00021915945380494294,325.0565337826986,0.007739625557339426,8.296847727689748e-08,0.01059235203144738,0.13159049577188398,9403,156.71666666666667,15511,258.51666666666665,39126,652.1,0.00021915945380494294,0.7155043874609476,1.534986666031496,0.00021814231136696086,72.98749655227256,58.9599609375,0.00011154002013432183,7.460604762723013e-05,3.163308667286484e-05,0.5113176780578265,0.3420063130335463,0.1450112381896027,1,0,1.0
S7,1170,1230,60,30,2.175823792779931e-06,0.014103459831124043,-0.10985895754998024,0.12722187178880995,0.23708082933879018,-0.00016114743198138376,0.016268290733611038,0.014103459998962618,8.354118525578222,0.17106900823936502,3.321480950524853,0.01047694753433382,0.009441459331329827,0.008140373260706853,0.12722187178880995,440.0317964420205,0.01047694753433382,0.006594165158716022,0.00019890757920812941,302.7321735101872,0.007208080514064315,-1.207176418043949e-07,0.00981537176994563,0.10459318518421579,9320,155.33333333333334,15573,259.55,39029,650.4833333333333,0.00019890757920812941,0.6959548853597398,1.5582293136798118,0.00019953720268047262,70.48996487922223,56.396484375,0.00010681782633255248,6.68135663630103e-05,2.540012368388486e-05,0.5353278731866578,0.3348426532269358,0.12729517775469246,1,0,1.0
S7,1200,1260,60,30,-3.255705498786613e-08,0.013371380394959559,-0.17963028939799236,0.1501916652814857,0.32982195467947806,-0.00012105064040234632,0.013509769723803744,0.013371380394999193,7.50934017404629,0.17396328629149568,8.761824286581053,0.009305423263797151,0.009602234716426775,0.006745513489684303,0.17963028939799236,390.8277770794803,0.009305423263797151,0.005564300310507956,0.00017879381366670886,273.1890839151253,0.006504656870761811,-1.801003401980171e-08,0.00930106974551591,0.17288762274138744,9597,159.95,15831,263.85,38741,645.6833333333333,0.00017879381366670886,0.6955953290373832,1.5442626535719326,0.00018549124828370848,70.79988457816413,57.421875,9.760799324872783e-05,6.351311795572883e-05,2.392597335330794e-05,0.5262134691089932,0.34240493038564085,0.1289870739168956,1,0,1.0
S7,1230,1290,60,30,-1.409163329222604e-06,0.015359313413100062,-0.22343670630467719,0.158273319322886,0.3817100256275632,-0.0001958048559989958,0.013884883247048898,0.015359313477742966,9.908157441318224,-0.1292112907034487,14.618893386022943,0.010046669813535223,0.01161778533823796,0.00693839626210529,0.22343670630467719,421.9601321684794,0.010046669813535223,0.005774542820609309,0.00023590850852183549,303.58821003418547,0.007228462821357306,-1.1861204072439122e-09,0.010985854692374406,0.172887622741336,9912,165.2,15729,262.15,38465,641.0833333333334,0.00023590850852183549,0.7152568866134665,1.4796135907745391,0.00016657416929562196,73.7772223928248,60.83984375,8.19542575992754e-05,6.186830253528487e-05,2.238932946218981e-05,0.4919985970563648,0.3714159452026812,0.13441057252073155,1,0,0.9438571428571428
S7,1560,1620,60,30,-5.291455567083564e-07,0.0063174994618560455,-0.05036998350817059,0.04435005426408294,0.09472003777225353,-8.911941015484403e-06,0.007480482771232241,0.006317499484016318,1.6762535886829508,-0.13192204309204647,2.4717601644226423,0.004735111814266272,0.004182046847769932,0.0037397897773996155,0.05036998350817059,198.8746961991834,0.004735111814266272,0.003002665738177522,3.991079945055143e-05,175.91724330419908,0.004188605521660018,5.285801111407506e-09,0.00538956180135723,0.038020457799089476,12819,213.65,19395,323.25,39908,665.1333333333333,3.991079945055143e-05,0.8531163055728709,1.5502108235769423,3.87122131508976e-05,84.9072845631931,59.814453125,1.9406346383224035e-05,9.217461637311561e-06,1.0026508447573688e-05,0.5012977766881838,0.23810216174886506,0.2590011686619681,3,0,1.0
S7,1590,1650,60,30,-4.7370661039799734e-07,0.0065151583060084305,-0.05036998350817059,0.04062116308388332,0.0909911465920539,-1.920001480961006e-06,0.007800306560813343,0.006515158323229651,1.782786095023441,-0.14590689470252796,2.079357119134321,0.004916378540614715,0.0042751035101072955,0.003902062631220248,0.05036998350817059,206.48789870581803,0.004916378540614715,0.003126450921758459,4.244728775235064e-05,187.04050380576638,0.004453451363264992,-1.2690321752053427e-08,0.00575614607651118,0.038020457799089476,13087,218.11666666666667,19591,326.51666666666665,39920,665.3333333333334,4.244728775235064e-05,0.8835005699251741,1.519182960689462,4.286749265591503e-05,88.32091001293873,63.0615234375,2.0756343576268682e-05,9.942555261032202e-06,1.2108924056313265e-05,0.48419775196263176,0.2319369444076942,0.2824733453273813,3,0,1.0
S7,1620,1680,60,30,-7.762105854473798e-07,0.006298172397866835,-0.037771208129111625,0.033954911900097924,0.07172612002920956,2.445451856708525e-06,0.0076103249713483975,0.0062981724456983995,1.6660129985416914,-0.18419877688211903,1.831974704020669,0.004771601690467746,0.004110814209287487,0.0038030740211986575,0.037771208129111625,200.40727099964533,0.004771601690467746,0.003038870257322733,3.966697555325168e-05,179.88802191542382,0.004283150120608201,-3.0442408642995594e-09,0.0054780769407679,0.03437447578336053,13017,216.95,19724,328.73333333333335,39922,665.3666666666667,3.966697555325168e-05,0.8697883440953922,1.5435867521278162,3.9246959117981424e-05,86.73876930009521,59.9853515625,1.961583040576592e-05,8.849272059210392e-06,1.0737478478616827e-05,0.49980510201562883,0.22547662947869002,0.27358752677726145,3,0,1.0
S7,1650,1710,60,30,-3.836822631287388e-07,0.006336593728929061,-0.037771208129111625,0.034870935289345845,0.07264214341845747,2.674838112212371e-06,0.007663869759855283,0.006336593740545088,1.6864016497740377,-0.17912222542494116,1.8047507897831396,0.004806665577769245,0.0041289691517621485,0.0038352217129793064,0.037771208129111625,201.8799542663083,0.004806665577769245,0.003059574290255364,4.0152420085503104e-05,179.43533469561933,0.00427237159683848,-4.9234849899613075e-09,0.005404770703037768,0.030577297027874865,12872,214.53333333333333,19555,325.9166666666667,39994,666.5666666666667,4.0152420085503104e-05,0.8529457519681036,1.5569782501037366,3.928210582305348e-05,84.56934196859491,59.3017578125,1.977761572595551e-05,9.372571353551437e-06,1.0085587942673221e-05,0.5034764636866444,0.23859645905365282,0.256747639449469,3,0,1.0
S7,1680,1740,60,30,1.6780369755137729e-07,0.00644926536511609,-0.03902224082730102,0.03487093528934583,0.07389317611664685,1.2659310964667578e-05,0.007723267054660198,0.006449265367299136,1.7469069986694505,-0.2150966596664198,1.9770948532261103,0.004870071594481452,0.004227934063164769,0.003863949730308929,0.03902224082730102,204.543006968221,0.004870071594481452,0.0030912028919740635,4.1593023749685974e-05,182.62973067529344,0.00434843045489877,1.6489580309695623e-08,0.0055188099081277045,0.030577297027874865,12943,215.71666666666667,19549,325.81666666666666,39982,666.3666666666667,4.1593023749685974e-05,0.855726907746548,1.5512086061661932,4.039559986285548e-05,85.5799046198151,60.6689453125,1.9988166249479236e-05,9.76221248058088e-06,1.0583622918639856e-05,0.4948104822639045,0.2416652435840523,0.26199939980026626,3,0,1.0
S7,1710,1770,60,30,-6.906546888973144e-07,0.006365410581948471,-0.03902224082730102,0.03316796779612577,0.07219020862342679,1.3051193585353837e-05,0.007589321783533891,0.006365410619416902,1.7017749988589896,-0.22272810283793185,2.210270925295478,0.004792151040940779,0.004189718457676563,0.003794770542461346,0.03902224082730102,201.27034371951274,0.004792151040940779,0.003051507628156406,4.051845187678157e-05,179.3181536432842,0.004269581505352132,-1.28992971964979e-08,0.005413047985199277,0.026829616548707823,13005,216.75,19704,328.4,39973,666.2166666666667,4.051845187678157e-05,0.8503847341049801,1.5657140931669937,3.985446752138372e-05,84.25489717662704,57.9345703125,2.0492529728495467e-05,9.128207084957866e-06,1.0158511087371431e-05,0.5141840050303093,0.22903849060485304,0.2548901470561846,3,0,1.0
S7,1740,1800,60,30,1.3797587114570944e-07,0.006386221389276571,-0.042072433130645376,0.0332117249837098,0.07528415811435518,8.407873668451647e-06,0.007667519098273171,0.006386221390767072,1.7129205933794187,-0.196421137160083,2.0403118915641905,0.004822469988785673,0.004186598483154604,0.003836684637410932,0.042072433130645376,202.5437395289983,0.004822469988785673,0.0030697675155425836,4.078382363285358e-05,174.1740537776838,0.004147100020897731,-2.8630063070940924e-08,0.005247996223753178,0.024074668576658145,12594,209.9,19205,320.0833333333333,39921,665.35,4.078382363285358e-05,0.821768602097847,1.5885229529720613,4.015031307439535e-05,81.69855677810075,56.0546875,2.116456342251136e-05,9.392757292578754e-06,9.53535171911747e-06,0.5271332102266576,0.23393982694916277,0.23749134163534963,3,0,1.0
S7,1770,1830,60,30,3.5686353182117656e-07,0.007474053806193713,-0.08678417197533216,0.09111140968974801,0.17789558166508018,-4.511096869208792e-06,0.008296582477072833,0.007474053814713292,2.3461821778596734,-0.0334909314777354,7.517951268795125,0.005397945755604811,0.005169493403108116,0.004148889635877529,0.09111140968974801,226.71372173540206,0.005397945755604811,0.0033603238758051707,5.586148029787873e-05,178.36864186592413,0.004246973543796856,2.357136708396583e-08,0.005668593883613887,0.09237003025240736,11398,189.96666666666667,18066,301.1,39505,658.4166666666666,5.586148029787873e-05,0.7584363225906068,1.590131371202317,5.484298369726868e-05,75.71224299099644,56.2255859375,2.9166310984055163e-05,1.5774551755686697e-05,9.824421107736178e-06,0.5318148105335071,0.2876311734380037,0.17913724683483,3,0,1.0
S7,1800,1860,60,30,-7.10256237547281e-07,0.007771371598243463,-0.08678417197533216,0.09111140968974801,0.17789558166508018,1.4276821386125156e-05,0.008791345113916474,0.00777137163070002,2.5365571149428616,-0.031097285957572024,6.369671486662485,0.005682885016457842,0.005300852281677733,0.004397129338053541,0.09111140968974801,238.68117069122937,0.005682885016457842,0.003563692991889108,6.039421651798515e-05,186.4898239067884,0.0044403396249146024,2.274056792336069e-08,0.005909366779692787,0.09237003025240736,11205,186.75,18021,300.35,39464,657.7333333333333,6.039421651798515e-05,0.7604020352119646,1.5885621471952598,6.105790578210313e-05,76.05482082670349,56.73828125,3.224767206506086e-05,1.7607669142092775e-05,1.109106220396944e-05,0.5281490030159711,0.28837656510737736,0.1816482576973738,3,0,1.0
S7,1830,1890,60,30,-1.248978875438799e-06,0.006826232590444361,-0.044827571245832726,0.033701974060088805,0.07852954530592153,4.469499644992113e-05,0.00830203848369471,0.006826232704705645,1.957093023429304,-0.16778565699564135,1.496359355261407,0.005205036461649869,0.00441645201170446,0.004150741681419922,0.044827571245832726,218.6115313892945,0.005205036461649869,0.003328832121801846,4.659745137884472e-05,183.08778745742995,0.004359336828434724,-2.5904820706036837e-08,0.005536419030480878,0.03727005607319552,12079,201.31666666666666,18777,312.95,39881,664.6833333333333,4.659745137884472e-05,0.8110504523726577,1.5803066581992107,4.566037631899964e-05,80.9418343474104,57.9345703125,2.3462272892918244e-05,1.1705063861626183e-05,1.0398429768950561e-05,0.5138431783610905,0.25635057801211364,0.2277342108681591,3,0,1.0
S7,1860,1920,60,30,-1.7804924246179228e-06,0.006577780360902907,-0.04615471536983617,0.04202051335048312,0.08817522872031928,2.252470888736949e-05,0.007967966835073132,0.006577780601877296,1.8172223011501965,-0.192078670530094,1.8798859896644569,0.004990770956099602,0.00428478738214464,0.003984785503052887,0.04615471536983617,209.61238015618326,0.004990770956099602,0.0031942307188167264,4.3267194476279974e-05,181.3409335814228,0.004317744079178619,-1.3240771323114063e-08,0.0055009932798784624,0.042665430866187876,12419,206.98333333333332,18816,313.6,39927,665.45,4.3267194476279974e-05,0.8362993256167893,1.5481589938041849,4.213254144554729e-05,82.78763256128023,61.181640625,2.069595539836382e-05,1.1407320054761905e-05,9.957777718571973e-06,0.49121070527187577,0.2707484443943381,0.23634410308339815,3,0,1.0
S7,3090,3150,60,30,2.17764048579173e-06,0.014063408936703818,-0.14197815997900837,0.12428795962676396,0.26626611960577234,0.00018425244986575943,0.01388063303414722,0.014063409105301562,8.306737977849313,-0.2069617949952947,7.797038173692073,0.009732506433103532,0.010151738481298522,0.006946313562355695,0.14197815997900837,408.76527019034836,0.009732506433103532,0.005767435272442991,0.00019777947092096081,308.7177987875059,0.007350598794911924,-2.9481037315111063e-08,0.010277467510195532,0.10996846634465543,10914,181.9,17440,290.6666666666667,39043,650.7166666666667,0.00019777947092096081,0.7307948987654458,1.5479371182106834,0.00020282948207750925,73.64141837228611,58.6181640625,0.00010439874968238617,6.840367518491468e-05,2.960613298351803e-05,0.5147119078206355,0.33724720136481395,0.1459656292580008,2,1,0.8894761904761905
S7,3120,3180,60,30,2.5099690510359317e-06,0.015648856258038548,-0.24360299048459527,0.22323285749352212,0.4668358479781174,0.00020672847442282675,0.014494782890403969,0.015648856459329445,10.285241756357273,-0.2582504573599311,12.509025982207088,0.010486336903477939,0.011615655247615334,0.00725504241455222,0.24360299048459527,440.42614994607345,0.010486336903477939,0.006045828320091863,0.0002448867021847523,329.7744558489664,0.007851959709730384,2.7193368755704987e-09,0.011252777059186576,0.16708577282049078,10873,181.21666666666667,17339,288.98333333333335,38808,646.8,0.0002448867021847523,0.7190798403178006,1.5437747623314786,0.00023627218511309265,72.94962027803771,57.5927734375,0.00012507351713059959,7.730490663147336e-05,3.341716361354357e-05,0.52936200285587,0.32718581154388127,0.14143503010118738,2,1,1.0
S7,3150,3210,60,30,-2.4053873777271473e-07,0.019218434332841716,-0.2444595300383322,0.22323285749352212,0.4676923875318543,9.219039828871865e-05,0.01654610915661779,0.01921843433434701,15.51262516707154,-0.13292934766075354,9.971650547491548,0.01264384823301045,0.01447346952614357,0.008272389635917298,0.2444595300383322,531.0416257864389,0.01264384823301045,0.006997012307128426,0.0003693482182057492,391.63510943439485,0.009324867483378053,-1.4407046137286783e-08,0.013788584816345222,0.16708577282049078,10708,178.46666666666667,16792,279.8666666666667,38445,640.75,0.0003693482182057492,0.7174666040709876,1.4970653904164632,0.00040495675607113174,73.29961531346223,59.9853515625,0.000202348618617772,0.00014625228790889451,5.524570317220686e-05,0.4996795721620926,0.3611553226764907,0.13642371029489087,2,1,1.0
S7,3180,3240,60,30,1.0660194450139817e-06,0.018570257261380053,-0.2444595300383322,0.1869437439412774,0.43140327397960965,3.867341644202922e-05,0.016048517381707438,0.0185702572919773,14.483887147389915,-0.07887798320727502,8.686266751337254,0.012258122940371966,0.0139496551164881,0.008035582351219948,0.2444595300383322,514.8411634956226,0.012258122940371966,0.0067944934262764945,0.0003448544547538386,380.0802354854113,0.009049744886435661,4.9655030189674546e-08,0.01337878221959464,0.16469158292352637,10747,179.11666666666667,16940,282.3333333333333,38479,641.3166666666667,0.0003448544547538386,0.720441404299662,1.4999054687391107,0.00036526389085386106,73.9140254481481,60.498046875,0.00018006828838411712,0.00013240121537072566,5.1703908514659475e-05,0.4929813564740263,0.3624809861747277,0.1415522032407681,2,1,1.0
S7,3210,3270,60,30,1.0092702864430122e-06,0.017195463043161528,-0.1832308787776034,0.2354477395032365,0.4186786182808399,0.00011651477619401061,0.014870664536779984,0.017195463072780574,12.418725912069135,-0.10482949277906263,10.374505342611384,0.011248146482191164,0.013006273524823739,0.007442119842604548,0.2354477395032365,472.4221522520289,0.011248146482191164,0.006302922855708926,0.0002956839492687339,351.64674212184497,0.008372740830063691,-1.8271369833607816e-08,0.012517077572928836,0.2191140748970278,10807,180.11666666666667,17272,287.8666666666667,38580,643.0,0.0002956839492687339,0.7279290788221465,1.491513526274441,0.0002796192785910926,74.97871570058489,61.181640625,0.00013614442205379986,0.00010203320163142532,4.060374216408027e-05,0.4868921153784022,0.36490045373672464,0.14521081081629583,2,1,1.0
S7,3240,3300,60,30,-1.4082335174977897e-06,0.02104665368587341,-0.18822045736297086,0.2354477395032365,0.4236681968662074,0.00017124067049625218,0.017751741107835534,0.021046653732985924,18.604388600960835,-0.13352294779904822,6.993046806881571,0.013887716853735266,0.01581432748954845,0.008875445428115133,0.2354477395032365,583.2841078568812,0.013887716853735266,0.007596656872033576,0.0004429616313730887,432.8411814936417,0.010305987797177117,-2.600432656830399e-08,0.015499267544245927,0.2191140748970278,10541,175.68333333333334,16680,278.0,38404,640.0666666666667,0.0004429616313730887,0.7364243159780356,1.4378433867012677,0.00047665574255514767,76.23689815424247,64.7705078125,0.00021026659830296947,0.00019599490611479245,6.869532324247198e-05,0.4411288473643895,0.41118754819599473,0.14411936563320463,2,1,1.0
S7,3270,3330,60,30,-1.7623806439670345e-07,0.020647081506248718,-0.32210170753997636,0.34277282245326607,0.6648745299932424,8.470115157565498e-05,0.017106627417692297,0.02064708150700088,17.904682939782983,-0.056941906868145126,12.182296523943476,0.013423820490504616,0.015687670897728767,0.008557287694046567,0.34277282245326607,563.8004606011939,0.013423820490504616,0.0073151409440799136,0.00042630197472567785,420.40841045942364,0.010009962390995586,-4.4033679974274286e-08,0.015178741558003675,0.3529248337995694,10721,178.68333333333334,16751,279.18333333333334,38465,641.0833333333334,0.00042630197472567785,0.7351519173985882,1.4507214821228411,0.00044702011508430473,76.21572773294481,64.4287109375,0.00020118157964616194,0.0001774146207626015,6.696838441821606e-05,0.45005039562530774,0.3968828577862596,0.14981067329729963,2,1,1.0
S7,3300,3360,60,30,1.38626915572141e-07,0.019505550206396202,-0.32210170753997636,0.34277282245326607,0.6648745299932424,5.06143447415034e-05,0.014403210149902645,0.019505550206888815,15.97959253268533,0.24268575519851177,23.756149301018695,0.011851525144162711,0.015492186438031894,0.007206854741602587,0.34277282245326607,497.7640560548339,0.011851525144162711,0.0062598226292678305,0.00038046648885424293,376.15186203538946,0.008956209958222563,5.960064508229017e-08,0.014276780717782335,0.3529248337995694,11185,186.41666666666666,17356,289.26666666666665,38144,635.7333333333333,0.00038046648885424293,0.7319342734100746,1.4569159507021363,0.0003005728903091003,75.78444740467349,62.20703125,0.00014217519718901468,0.00011131817680883773,4.638205554583631e-05,0.47301404009791403,0.37035334987916374,0.1543121719930842,2,1,1.0
S7,3330,3390,60,30,-3.3300412602536187e-06,0.026461929781627855,-0.24052884453450357,0.33576558504866183,0.5762944295831653,3.260292544445724e-05,0.020177088696181886,0.026461929991158577,29.40981703199307,0.09556387223237278,7.91586136321329,0.017044735367079282,0.020241312584000443,0.010088458219171256,0.33576558504866183,715.8788854173298,0.017044735367079282,0.008794419005494918,0.0007002337277678032,537.3231947596206,0.01279371401127695,1.234908606938107e-08,0.019675740392646635,0.2756633933736937,10839,180.65,16524,275.4,37877,631.2833333333333,0.0007002337277678032,0.7435489609040994,1.407943689624532,0.0006325539966583324,77.22274821704596,65.966796875,0.00027300999742432467,0.000262335808998755,9.551012860404572e-05,0.43159951382267253,0.41472476718924767,0.150991265739539,2,1,1.0
S7,3360,3420,60,30,1.4222355715000636e-06,0.024132342699681793,-0.1961742024777578,0.24117961506021385,0.43735381753797165,-2.465766306119577e-06,0.014578819891266206,0.0241323427415914,24.459538580300844,0.05128399438764245,7.906923435735827,0.01452614394600085,0.01927073190768067,0.007284142488453709,0.24117961506021385,610.0980457320358,0.01452614394600085,0.006761004894949049,0.0005823699641748851,469.8814181836775,0.011187919192925487,4.6531024525694325e-08,0.018147407234310634,0.17880496395894635,11688,194.8,17488,291.46666666666664,37375,622.9166666666666,0.0005823699641748851,0.7519952563308295,1.4094237448325995,0.0006032691810015388,78.52944135503924,66.9921875,0.00025436727873149874,0.0002518273979821272,9.522193151835032e-05,0.4216480581839136,0.4174378634162067,0.15784318927127067,2,1,1.0
S7,3390,3450,60,30,-1.80749640673705e-06,0.011183341874127027,-0.18108421210770909,0.18404465541684437,0.3651288675245534,3.2912559381883654e-05,0.009016412898281916,0.011183342020194423,5.252819827107143,0.26955126818364494,29.76534117973091,0.0066483682843153594,0.008992571261700177,0.004505682375191994,0.18404465541684437,279.2314679412451,0.0066483682843153594,0.003755473591280071,0.000125067135473603,237.79448004124993,0.005661908141652181,1.19656691547716e-08,0.0088151671030013,0.11584212990374516,12899,214.98333333333332,19446,324.1,38949,649.15,0.000125067135473603,0.7882408677316245,1.5078239351921487,7.799516336166275e-05,82.55526486416278,63.7451171875,3.6704064412203184e-05,2.431143255833346e-05,1.68069920396264e-05,0.4705941090475934,0.31170436102045973,0.21548761891416976,2,1,1.0
S7,3420,3480,60,30,6.983322084487205e-07,0.008920559353310703,-0.07519501726928533,0.055645575535259485,0.13084059280454483,0.00015664016908366004,0.009897198997702208,0.008920559380644634,3.3422079458714924,-0.26115000468626487,2.7952265182008382,0.006570177404625451,0.00603399938145142,0.004955909160874321,0.07519501726928533,275.94745099426893,0.006570177404625451,0.004047689760605316,7.957637917593909e-05,238.83754937936993,0.00568674371721636,-3.2644478382277746e-08,0.0073528618252273244,0.05060358992158569,12856,214.26666666666668,19403,323.3833333333333,39845,664.0833333333334,7.957637917593909e-05,0.8242601762969541,1.5616981350688852,6.922488144238386e-05,84.87958406735926,62.890625,3.3102007672936236e-05,1.918347828579468e-05,1.6795577364399282e-05,0.47818077811353377,0.2771182541029148,0.2426234182629595,2,1,1.0
S7,3450,3510,60,30,2.256897348866758e-08,0.010447297757694252,-0.0804848629559928,0.08341233139058554,0.16389719434657835,0.00019290810123155687,0.011529580888093133,0.010447297757718629,4.584133278414173,-0.20075337628224704,3.3031621582248993,0.007660941405760779,0.007103239205878734,0.005776711648033542,0.08341233139058554,321.75953904195273,0.007660941405760779,0.004698874080735802,0.00010914603043792334,272.3793784196291,0.006485377709460442,2.3122185104021816e-08,0.008405845474820798,0.05606466275224828,12497,208.28333333333333,18825,313.75,39785,663.0833333333334,0.00010914603043792334,0.8045951852602307,1.5578391136087666,0.0001069731380745881,81.66238702542026,59.9853515625,5.349100894222387e-05,3.005105380117564e-05,2.316439873767543e-05,0.5000415048582264,0.2809214943308687,0.21654407035833442,2,1,1.0
S7,3480,3540,60,30,-3.872524548559673e-07,0.010315254043835589,-0.0804848629559928,0.0834123313911415,0.1638971943471343,0.00017310632628128554,0.01188137226188691,0.010315254051104651,4.468987577830899,-0.12038310376635339,2.87489121123944,0.007689712893977501,0.006875520470991786,0.005938291717818677,0.0834123313911415,322.96794154705503,0.007689712893977501,0.0048067188462697485,0.00010640446598886648,279.86674260473353,0.006663652529934844,-3.860946631252496e-09,0.008574795871487349,0.05606466275224827,12631,210.51666666666668,18986,316.43333333333334,39893,664.8833333333333,0.00010640446598886648,0.8312733583727546,1.5328348639067793,9.635191382500151e-05,87.30156403384723,65.966796875,4.30645502274584e-05,2.8322441951835392e-05,2.4798639061066874e-05,0.4469506470382528,0.29394789192538334,0.2573756771049429,2,1,1.0
S7,3510,3570,60,30,-5.462674480544328e-07,0.00935739052234971,-0.06285074023159239,0.051938252921084546,0.11478899315267693,0.00016182938549017813,0.010966250958268718,0.009357390538294761,3.677551822819069,-0.1426088839736317,1.6517301601018168,0.007062172390700623,0.006138931406213475,0.005487681660904517,0.06285074023159239,296.61124040942616,0.007062172390700623,0.0044378465991276785,8.756075738776018e-05,264.9571433137238,0.00630865361827005,5.591121387820911e-08,0.008134801278212334,0.05496188831866738,12984,216.4,19531,325.51666666666665,39894,664.9,8.756075738776018e-05,0.8693450656764538,1.5102134652622106,8.282754784042272e-05,89.49972207654183,66.8212890625,3.722484380029203e-05,2.2905634773042477e-05,2.2552174777589188e-05,0.44942588270281997,0.27654609330186797,0.2722786725624025,2,1,1.0
S7,3540,3600,60,30,4.270765102940274e-07,0.010957897980054756,-0.07815273831280717,0.05540647807618895,0.13355921638899612,0.0001980596012762753,0.012495479828100835,0.010957897988377261,5.043172189594662,-0.20183541265707547,1.5691145565157036,0.008209258364961879,0.007258347292668343,0.00624816193609446,0.07815273831280717,344.7888513283989,0.008209258364961879,0.005074480139305561,0.0001200755281412881,282.6943349911236,0.006730977761163923,-5.69445377208176e-10,0.008713139245493084,0.05496188831866738,11957,199.28333333333333,18588,309.8,39670,661.1666666666666,0.0001200755281412881,0.7951469580527656,1.573061804779848,0.00012136271034444374,79.25550721077931,58.2763671875,6.293172865930614e-05,3.363602095811125e-05,2.4524413832056064e-05,0.518542544746219,0.2771528491959984,0.2020753636965792,2,1,1.0
S7,3570,3630,60,30,3.035177711025033e-07,0.011260483250169201,-0.07815273831280717,0.05540647807618895,0.13355921638899612,0.00017933821559039994,0.012911770141083717,0.011260483254259747,5.325536291017496,-0.20560530669523835,1.4951919566700038,0.008456009976878063,0.007436018988034043,0.006455276242900118,0.07815273831280717,355.1524190288786,0.008456009976878063,0.005239013461694958,0.00012679848302734115,288.4371163755659,0.006867713906892209,1.7142134363659476e-08,0.008881015449941352,0.05170602392736662,11857,197.61666666666667,18222,303.7,39651,660.85,0.00012679848302734115,0.7886886603918979,1.5601308428408442,0.00012767556955245186,79.13579741308952,59.130859375,6.461726133120244e-05,3.7202394174425956e-05,2.5476351958080964e-05,0.5061051347388451,0.2913822456781163,0.19953975570568913,2,1,1.0
S7,3600,3660,60,30,-1.5380542950226095e-06,0.009262415140811104,-0.0729347941970375,0.05021194545258193,0.12314673964961942,0.00011447638093259533,0.010632376170018585,0.009262415268510573,3.603278137466187,-0.18969669962469024,2.018575072618437,0.00692048321446223,0.00615623656828458,0.005316872463348459,0.0729347941970375,290.66029500741365,0.00692048321446223,0.004305626227252861,8.579233424072677e-05,252.28563934318845,0.006006943959217801,-1.1332742650697118e-08,0.007776467383703227,0.07122583839729552,12749,212.48333333333332,18737,312.28333333333336,39783,663.05,8.579233424072677e-05,0.83957232163341,1.5100373596124328,8.828115339069232e-05,84.79924307076217,64.599609375,4.0706985251810394e-05,2.6275737693642678e-05,2.110305019343358e-05,0.4611061782536953,0.29763700047458813,0.23904366201516486,2,1,1.0
S7,3630,3690,60,30,-7.901657859473883e-07,0.008492987804861667,-0.0729347941970375,0.04525183855798637,0.11818663275502386,0.00014512576836286234,0.010028905416899683,0.008492987841619165,3.0294953840714207,-0.19315445487680794,1.6348562440396108,0.006422687905345069,0.005556970626917615,0.00501011333199304,0.0729347941970375,269.7528920244929,0.006422687905345069,0.004051108863405675,7.2130841853529e-05,238.61788308017464,0.005681513442705175,-4.51649928026987e-08,0.00729947559136943,0.07122583839729552,12789,213.15,18638,310.6333333333333,39945,665.75,7.2130841853529e-05,0.8594708669181144,1.4812411371399903,7.168809251257812e-05,87.4786153795505,68.701171875,3.165376677563212e-05,2.1277682748522604e-05,1.8644861984987772e-05,0.44154845897285205,0.2968091631785195,0.26008310908420973,2,1,1.0
S7,3660,3720,60,30,-3.7401076588675516e-07,0.009409984956725103,-0.07641711314092976,0.06870289517065001,0.14512000831157978,0.0001720421240028068,0.010931457575948086,0.009409984964157849,3.719008315078425,-0.10015353266930481,2.2028146632824823,0.007060622685281871,0.006220564630462401,0.005465476862134902,0.07641711314092976,296.5461527818386,0.007060622685281871,0.004449362832746027,8.854781688579275e-05,253.2548127377116,0.006030020065661363,-4.0066177129508376e-08,0.007758943633030835,0.06262411674600087,12453,207.55,18637,310.6166666666667,39856,664.2666666666667,8.854781688579275e-05,0.8245436808573954,1.5332172817607004,8.868528026840249e-05,82.6490110279854,61.3525390625,4.3224959367375816e-05,2.5210928627257496e-05,2.0113191269098428e-05,0.48739722349139775,0.2842741044619538,0.22679289289301055,2,1,1.0
S7,3690,3750,60,30,-3.3130361706069626e-07,0.010656804024319714,-0.08728220479018503,0.10103099283698637,0.1883131976271714,0.00016575468791812866,0.01157361947328958,0.010656804029469573,4.769833829145795,-0.030120190300921237,4.109299684654561,0.00773178862787887,0.007333956417672654,0.005797995568813239,0.10103099283698637,324.73512237091256,0.00773178862787887,0.004755546928962186,0.00011356747201275685,263.498733524522,0.0062739287488874015,-3.455733459907495e-08,0.008193273756449921,0.07627453456875351,12098,201.63333333333333,18548,309.1333333333333,39633,660.55,0.00011356747201275685,0.7688302926235848,1.6036454848382666,0.00011722648373037129,76.86270925926706,56.0546875,6.353872153442875e-05,3.186252201412349e-05,2.160328408273154e-05,0.5420167824923593,0.27180310285011544,0.1842867191378062,2,1,0.7771904761904762
S8,150,210,60,30,5.521189212112917e-07,0.015006114975128763,-0.13285814103637975,0.10573073846634198,0.23858887950272173,0.000271825744856411,0.015042321310704227,0.0150061149852858,9.457706451968,-0.3291333914687735,4.385780346042122,0.010554238617049539,0.010667311477874792,0.007526812295562147,0.13285814103637975,443.2780219160806,0.010554238617049539,0.006288610810387481,0.00022518348664678372,371.1500866788603,0.008837117233240323,-2.7444725030527322e-08,0.012525002146405359,0.1114239345112324,11748,195.8,17226,287.1,39291,654.85,0.00022518348664678372,0.8346598814659478,1.3686544939243237,0.00021833833617143647,88.9269505552596,80.4931640625,6.63562771557232e-05,0.00010337983751117149,4.780893048351828e-05,0.3039149162683969,0.4734845896691223,0.21896718332587878,1,0,0.8578095238095238
S8,180,240,60,30,-2.655403567328189e-06,0.010669999245999137,-0.05529114491829641,0.050801081670564664,0.10609222658886108,0.00013421384502287372,0.01370472709845847,0.010669999576419401,4.781653420353189,-0.08696629350582333,0.4547592193161418,0.008360823563180983,0.006629141747326564,0.006856553045185423,0.05529114491829641,351.1545896536013,0.008360823563180983,0.00545217965274277,0.00011384888390962214,286.72320862247653,0.006826905607811532,3.025750612920734e-08,0.008605840216190883,0.03770021217800931,11443,190.71666666666667,17332,288.8666666666667,39868,664.4666666666667,0.00011384888390962214,0.8065455318019598,1.4836179914240348,0.00011177924346826318,83.20199600026766,70.9228515625,4.4203232214230216e-05,4.62391124674181e-05,2.1090380020953958e-05,0.39545116644827333,0.41366456806040647,0.1886788581365021,1,0,1.0
S8,210,270,60,30,-4.262126356473019e-08,0.017282772800149566,-0.394699378789065,0.26028490961869866,0.6549842884077637,0.00010073981070906983,0.013580890155460656,0.01728277280020212,12.545157897863065,-0.5286911375155144,48.25740147626248,0.009818213801447522,0.01422311194543837,0.00679436234667096,0.394699378789065,412.36497966079594,0.009818213801447522,0.005620529090776388,0.0002986942356615897,332.53189007606375,0.007917614468822203,-1.8824560955477636e-08,0.014058572467647974,0.36428923978799643,11293,188.21666666666667,17053,284.21666666666664,38488,641.4666666666667,0.0002986942356615897,0.8134442678970073,1.3227517251911127,0.0003430461872505027,88.02567797755727,82.5439453125,8.94760480734994e-05,0.00019260599525506937,5.9989943936367e-05,0.2608279916784537,0.5614579097899218,0.17487424774250743,1,0,1.0
S8,240,300,60,30,1.4559676370999553e-07,0.016441884256414272,-0.394699378789065,0.26028490961869866,0.6549842884077637,0.0001036848391794791,0.011574728299250055,0.01644188425705892,11.35409343274592,-0.6022654352231792,59.32916548196221,0.008659558357970675,0.013976680827987099,0.005788421093936274,0.394699378789065,363.70145103476835,0.008659558357970675,0.0048204389060945655,0.0002703355579013235,295.0096934450358,0.0070242075631571175,3.098175833263238e-08,0.013433273565465866,0.36428923978799643,11386,189.76666666666668,17254,287.56666666666666,38075,634.5833333333334,0.0002703355579013235,0.8170154561345551,1.310309937545231,0.0002667724602025505,88.41705133395564,82.373046875,6.849237029453822e-05,0.00014841421418791098,4.90979094767642e-05,0.25674453143527065,0.5563325917346398,0.18404414548445502,1,0,1.0
S8,270,330,60,30,-5.987400199385822e-08,0.010382405221100066,-0.06334956278566396,0.05577440901932991,0.11912397180499387,0.00018071462053201597,0.01276169579691403,0.01038240522127271,4.527362203505855,-0.07575689385034179,0.9876735184595775,0.00799239827051812,0.006626907881065632,0.006380758483027729,0.06334956278566396,335.68072736176106,0.00799239827051812,0.0051321582101384,0.00010779433817512591,262.77615732402904,0.00625672414400412,-1.1670259899676819e-08,0.008048565769451501,0.04330776036779028,10951,182.51666666666668,16784,279.73333333333335,39642,660.7,0.00010779433817512591,0.7752120629133676,1.4857616772853406,0.00010571868414780525,79.9739071516031,67.333984375,4.423323723253786e-05,4.273585535011061e-05,1.855649798285038e-05,0.41840510586279517,0.40424127196250026,0.17552713725519462,1,0,1.0
S8,300,360,60,30,2.6964826608812705e-07,0.012593194831123549,-0.09660053157092169,0.08823091641630411,0.18483144798722578,0.0002595139542225567,0.015621302947957294,0.012593194834010432,6.660719357348576,-0.1092461889193501,1.4795487803786944,0.009679256866298735,0.008056087303620526,0.00781536783619544,0.09660053157092169,406.52878838454683,0.009679256866298735,0.006231282395056166,0.00015858855605463686,311.70225574989445,0.007421658985925723,6.072657175547802e-09,0.009578387518402391,0.07340519921332325,10641,177.35,16033,267.21666666666664,39637,660.6166666666667,0.00015858855605463686,0.7606002802981983,1.4536975579447926,0.00016049343561948476,78.9035543321085,67.8466796875,6.388694444056135e-05,7.14406002226382e-05,2.4810482623611192e-05,0.3980657787900525,0.4451309796371817,0.15458876886675024,1,0,1.0
S8,330,390,60,30,-1.0930453377658995e-06,0.0123541755389496,-0.09660053157092169,0.08823091641630411,0.18483144798722578,0.00018633791816958568,0.015358890034467878,0.012354175587303621,6.410277486561009,-0.12725477666646612,1.5339874484196327,0.00950586447679025,0.007890766438745098,0.007692942279762492,0.09660053157092169,399.2463080251905,0.00950586447679025,0.006128341190877351,0.00015262565324718064,305.16920410539745,0.0072661064336150254,1.4254382255367514e-08,0.00938987659134909,0.07340519921332325,10567,176.11666666666667,15771,262.85,39643,660.7166666666667,0.00015262565324718064,0.7600569185491316,1.4434546994945312,0.00014982269122338192,79.4657732990354,69.04296875,5.7632428154396356e-05,6.845773098246061e-05,2.3401877443834887e-05,0.38467089119676695,0.4569249852840504,0.15619715046329843,1,0,1.0
S8,360,420,60,30,2.7890367564719606e-06,0.011771925002829054,-0.06970582078080503,0.053463404138133504,0.12316922491893853,0.0001667053762478229,0.015166864416837685,0.011771925333222168,5.82028549414023,-0.1242215756300606,0.4819132956322143,0.009222509883126312,0.007315978233059155,0.007591282039471541,0.06970582078080503,387.3454150913051,0.009222509883126312,0.006020114974322864,0.00013857821827223182,297.9421772483651,0.007094030268538896,2.2696529627578268e-08,0.009026283909935193,0.049994279169152424,10579,176.31666666666666,15894,264.9,39671,661.1833333333333,0.00013857821827223182,0.7667636268295948,1.4473150758448217,0.00013683144032387363,79.62093212631302,68.8720703125,5.3122158727175986e-05,6.120566312015752e-05,2.2147429922518433e-05,0.38823064787915934,0.44730701493228875,0.1618592179552923,1,0,1.0
S8,390,450,60,30,-1.2949224348114162e-06,0.012309304913983443,-0.11191660252750253,0.12945207717760324,0.24136867970510578,0.00020234287475559413,0.015087400040962037,0.012309304982095497,6.363797543974123,-0.06046033867428223,2.9091343968760315,0.009404071892711932,0.007942444269804255,0.0075456966411724235,0.12945207717760324,394.97101949390117,0.009404071892711932,0.006046526139029222,0.00015151898746541693,302.7017961978037,0.007207357227500742,-6.239357611315065e-09,0.009310123202142754,0.08939120616901088,10643,177.38333333333333,15990,266.5,39590,659.8333333333334,0.00015151898746541693,0.7563484101824791,1.4613408848344465,0.00015304982617875124,78.50173882998523,67.67578125,6.23410761377869e-05,6.618457393123025e-05,2.4093168531187677e-05,0.4073253638653401,0.4324380862342921,0.1574204240065492,1,0,1.0
S8,420,480,60,30,-1.4116802680023833e-06,0.011829060322526706,-0.14593784505419277,0.12945207717760324,0.27538992223179604,0.00014373116324920845,0.013946850717735968,0.011829060406761679,5.876920144486305,-0.05155938482315379,5.318447677250047,0.00886831758051991,0.00782812962321513,0.006983297452669113,0.14593784505419277,372.4693383818362,0.00886831758051991,0.005624852680184311,0.00013992666811397562,283.5890471646074,0.0067522809391796805,1.1205408102631367e-08,0.008856641595714213,0.11673085593937109,10626,177.1,16157,269.28333333333336,39527,658.7833333333333,0.00013992666811397562,0.7487189475945135,1.4810500290820743,0.00014399155296290143,77.1638140407904,66.1376953125,6.121558934948828e-05,6.089833682870582e-05,2.1485935824037188e-05,0.4251331976762561,0.422929925926946,0.14921664071206256,1,0,1.0
S8,450,510,60,30,-2.5734826053273677e-07,0.009655169090035092,-0.14593784505419277,0.12925586922365978,0.27519371427785255,0.00016276083337225908,0.011748715397338736,0.009655169093464765,3.9153361893826832,-0.11566346653262669,5.212066853898614,0.007325535252369196,0.006289580549583049,0.005873885009603524,0.14593784505419277,307.67248059950623,0.007325535252369196,0.004673336664066895,9.322229015716908e-05,242.61632059401904,0.005776716602633849,-2.5035927750899634e-09,0.007481516147300741,0.11673085593937109,11054,184.23333333333332,17069,284.48333333333335,39666,661.1,9.322229015716908e-05,0.7748715820028739,1.5096593067390496,9.598732837167652e-05,78.95382420960982,66.4794921875,4.142029010821616e-05,3.767009391077375e-05,1.6730677597024606e-05,0.43151831404069224,0.3924486132680953,0.17430089867947002,1,0,1.0
S8,480,540,60,30,6.571231831664479e-08,0.008984700521838538,-0.1029397657520907,0.07676638893370243,0.17970615468579312,0.00021326806683039405,0.011112657316099825,0.00898470052207884,3.3904434258006395,-0.18185955835940035,2.917728863949117,0.0068684386755143885,0.005792183839636132,0.005568785914112572,0.1029397657520907,288.4744243716043,0.0068684386755143885,0.004430043821168542,8.07248434671257e-05,230.79718167650012,0.005495301832817451,1.1848442017079825e-08,0.00702048959908986,0.08007052144911882,11364,189.4,17748,295.8,39744,662.4,8.07248434671257e-05,0.7813827051915202,1.559948433021186,8.130961006114676e-05,78.29655052905717,60.6689453125,4.010558831148729e-05,2.5079284108686665e-05,1.5940423836708002e-05,0.4932453652320671,0.3084418199746186,0.19604600027869307,1,0,1.0
S8,510,570,60,30,-8.1970046859347e-08,0.013757116575582151,-0.297696843498974,0.24971891201175295,0.547415755510727,0.00012565373804085807,0.012369995222332038,0.013757116575826353,7.948846772196802,-0.16576213759339992,30.478077370914676,0.008670124978600641,0.01068116048640416,0.0061959069783174975,0.297696843498974,364.1452491012269,0.008670124978600641,0.005100164154742946,0.00018925825647415716,280.842891944959,0.006686894734278411,6.771327309264955e-08,0.009974809688546403,0.22502202661247023,11209,186.81666666666666,17385,289.75,38806,646.7666666666667,0.00018925825647415716,0.725065433133782,1.5031920232262181,0.00012900904722976933,76.09845137423336,64.2578125,5.7478942602522356e-05,5.15573194381656e-05,1.9428447430365403e-05,0.4455419510241827,0.39964111467578184,0.1505975576717709,1,0,1.0
S8,540,600,60,30,-5.38849419329571e-07,0.02014361286114445,-0.297696843498974,0.24971891201175295,0.547415755510727,0.00046527847107767054,0.018152808931060894,0.020143612868351667,17.04213585438096,-0.38551824159284465,8.532316462045815,0.013587972419605283,0.014870512597555908,0.009086069526575171,0.297696843498974,570.6948416234219,0.013587972419605283,0.00769971726137976,0.0004057651390996641,451.1132014837017,0.010741046250713152,-3.807816607179984e-08,0.015602773685480315,0.22502202661247023,11132,185.53333333333333,16372,272.8666666666667,38736,645.6,0.0004057651390996641,0.7745767252892811,1.386645683235245,0.000424457009188051,81.17847794560784,72.6318359375,0.00015287654454837574,0.00020707068274468626,6.363970656839272e-05,0.3601696785283748,0.487848423426425,0.14993204303571261,1,0,1.0
S8,570,630,60,30,-3.077084727741678e-07,0.02037759547960798,-0.16150673745939653,0.12466140347306107,0.28616814093245757,0.0008922281801365117,0.024271128578720047,0.02037759548193123,17.440348700259413,-0.4133998479791411,2.2038610816305217,0.015394494374937624,0.013351252396881648,0.012165890003296667,0.16150673745939653,646.5687637473802,0.015394494374937624,0.009747665790777092,0.00041524639753053955,523.7983143977942,0.01247168538293279,-6.539858872279921e-08,0.016458253849626625,0.1381800922453429,11132,185.53333333333333,15801,263.35,39650,660.8333333333334,0.00041524639753053955,0.8076641753977563,1.3587428232152905,0.000399197729286121,86.19551669631579,78.271484375,0.00012386411455993077,0.00020310939983910723,7.11738420625695e-05,0.3102826130334835,0.5087939758633512,0.17829220168623844,1,0,1.0
S8,600,660,60,30,-7.463345292304187e-07,0.017035934382027773,-0.11484510926250573,0.09801842503444719,0.21286353429695293,0.0005894845118470378,0.021802290248139535,0.017035934398376015,12.189368554682389,-0.25796020235152844,0.6451945700126704,0.013310592114012592,0.01063255371019385,0.010934812068839183,0.11484510926250573,559.0448687885289,0.013310592114012592,0.00866371242431319,0.00029022306026875596,446.6304209535036,0.01063431083962722,-5.246299346244842e-08,0.013590036133325326,0.08321125954967168,10958,182.63333333333333,15671,261.18333333333334,39787,663.1166666666667,0.00029022306026875596,0.7977276636884837,1.3847185285072015,0.00029140941977194904,84.35842219943919,76.0498046875,9.551686039414307e-05,0.00014501088749291422,5.007553568386889e-05,0.32777547297164444,0.49761908042093056,0.17183911118266856,1,0,1.0
S8,630,690,60,30,1.8702980808837557e-07,0.018067636072989977,-0.16261199554952757,0.11142154634052137,0.2740335418900489,0.0007190254645495277,0.021896786357435923,0.018067636073958015,13.710457878641535,-0.3575024560261426,2.122239286114718,0.01375643683150105,0.011713236913932472,0.010979288692218018,0.16261199554952757,577.7703469230441,0.01375643683150105,0.008812708280856386,0.0003264394732660087,450.3527772445797,0.010722940480596674,3.272167065626026e-08,0.014003776523710026,0.1277051465700664,10779,179.65,15566,259.43333333333334,39572,659.5333333333333,0.0003264394732660087,0.775075193408662,1.3990179158467224,0.0003262134800733317,81.36337583125085,72.119140625,0.00011482349359317817,0.00016187271007934455,4.86508607297565e-05,0.3519888067389681,0.4962171092468531,0.14913810649032638,1,0,1.0
S8,660,720,60,30,-1.807378603206998e-06,0.016644538953591585,-0.16261199554952757,0.11142154634052137,0.2740335418900489,0.0005852363767607307,0.019305355987246052,0.016644539051720388,11.635708570258293,-0.38960127149666973,3.1738530782843517,0.012405316068070812,0.011097243508885853,0.009680544539691726,0.16261199554952757,521.0232748589741,0.012405316068070812,0.007792221208607376,0.00027704067697762765,407.14148545302396,0.009694075703064929,2.9447473144067897e-08,0.012890759188272195,0.1277051465700664,10928,182.13333333333333,16045,267.4166666666667,39440,657.3333333333334,0.00027704067697762765,0.7744737913266505,1.4146921921729512,0.0002867094637607167,81.29518659112831,71.77734375,0.00010160517541649563,0.0001420312005130338,4.2326153371410625e-05,0.35438375170375874,0.49538371928863456,0.14762733261827515,1,0,1.0
S8,690,750,60,30,-2.1534517158063018e-06,0.012834294570909262,-0.09524200926649228,0.0660268074574123,0.16126881672390458,0.00042163325158157435,0.01622258004262213,0.01283429475157187,6.918203114349461,-0.24118272392329232,0.968534955085639,0.00995737027284796,0.008097524252487855,0.00811607773705954,0.09524200926649228,418.2095514596143,0.00995737027284796,0.006446003409840639,0.00016471911713287094,334.37952449822706,0.00796160681202474,-2.6971734550651758e-08,0.010207625580202358,0.07477736324320239,11104,185.06666666666666,16527,275.45,39739,662.3166666666667,0.00016471911713287094,0.7953398236112937,1.4342151441323623,0.00015967747132822287,83.37318942328903,72.802734375,5.588450942387399e-05,7.582852403868504e-05,2.7565202862388513e-05,0.3499836824757911,0.47488555153041434,0.17263050719113177,1,0,1.0
S8,720,780,60,30,5.893020239340888e-07,0.011862730970997762,-0.06309249179482959,0.051781922176991714,0.1148744139718213,0.00035243555462006245,0.015215024155383318,0.011862730985635069,5.9104242303769485,-0.2041256337746175,0.5324680172124077,0.009277377834300164,0.007392878124058478,0.007622571929661065,0.06309249179482959,389.64986904060686,0.009277377834300164,0.0060380996661528645,0.0001407243860902695,316.67970021645107,0.007540172390210507,3.407772899996758e-08,0.009584855985344526,0.050371332338877944,11223,187.05,16832,280.53333333333336,39833,663.8833333333333,0.0001407243860902695,0.8079805576622929,1.441854319512739,0.0001423372994639818,84.19642074671675,72.2900390625,5.102745797458512e-05,6.432004959005513e-05,2.6619813580157817e-05,0.35849674095789297,0.4518847121047931,0.1870192400755356,1,0,1.0
S8,750,810,60,30,-1.2424146301164916e-07,0.015406504214676622,-0.1330301622132604,0.1289585174183897,0.26198867963165007,0.000411292761579032,0.01698145630853182,0.015406504215177575,9.969135629555945,-0.3245102260081701,4.269034001832916,0.011191891895445248,0.010587819791295626,0.00850579589376808,0.1330301622132604,470.0594596087004,0.011191891895445248,0.00688794773853583,0.0002373603721168485,369.1410587447874,0.008789282095878174,-3.797768750401071e-08,0.011841696407418428,0.10410892252409354,11012,183.53333333333333,16304,271.73333333333335,39403,656.7166666666667,0.0002373603721168485,0.768616698662746,1.4126588950099115,0.00023823141122502966,80.54617954304072,71.435546875,8.348642607702476e-05,0.00011923659032016633,3.463677471010525e-05,0.35044256190954093,0.5005074255616835,0.14539130055099198,1,0,1.0
S8,780,840,60,30,-1.0239059622246154e-06,0.015869802181271757,-0.1330301622132604,0.1289585174183897,0.26198867963165007,0.00037786850427666855,0.01760993810908324,0.015869802214302522,10.577726137485413,-0.29756851756262526,3.7756061363189923,0.01159976940821238,0.010830326495419308,0.008809993799667449,0.1330301622132604,487.19031514491996,0.01159976940821238,0.007171573037221196,0.00025185062127269786,379.75407689513503,0.009041979020813235,-2.8078182516815356e-08,0.012138005467427125,0.10410892252409354,11004,183.4,16140,269.0,39436,657.2666666666667,0.00025185062127269786,0.7648491977897119,1.4107456130596085,0.0002639442293059279,80.03635083661742,71.435546875,9.286122071637125e-05,0.00013353333001165938,3.669176875892767e-05,0.3518213713577321,0.5059149440880024,0.13901333950514075,1,0,1.0
S8,810,870,60,30,-1.2728627483859926e-06,0.011839787177729745,-0.06950220715087174,0.06555824346204803,0.13506045061291977,0.00027933902148882025,0.014952886489585133,0.011839787246150719,5.887583605432756,-0.14633856941614293,0.8405358662759466,0.009199295566482803,0.0074534235834684106,0.007482459679922369,0.06950220715087174,386.37041379227776,0.009199295566482803,0.005987851735776337,0.00014018056041393369,310.0761190811451,0.007382940524325463,-1.1438500650755432e-08,0.009410662523477116,0.06128633448557059,11215,186.91666666666666,16771,279.51666666666665,39781,663.0166666666667,0.00014018056041393369,0.7948337569089303,1.4591087342831512,0.00013794063893126044,82.39018104322514,70.9228515625,5.2010152093113316e-05,6.086298912803988e-05,2.479591146552559e-05,0.37704734801925477,0.441225947622075,0.17975784118182941,1,0,1.0
S8,840,900,60,30,-1.0640365438357492e-06,0.011496691847668543,-0.10042564912795351,0.08052880864877829,0.1809544577767318,0.00028879146763678373,0.014115905654116299,0.011496691896907654,5.551304832041728,-0.31501027484254174,2.2802491304687855,0.008773728553462472,0.0074293749294661,0.007060982810448471,0.10042564912795351,368.4965992454238,0.008773728553462472,0.005652176108106423,0.00013217392344024834,292.7571849080064,0.0069705751305508806,3.412412226112799e-08,0.008962436010438831,0.06688400366624818,11156,185.93333333333334,16859,280.98333333333335,39675,661.25,0.00013217392344024834,0.7795665161066622,1.48731143746339,0.00013332450755370722,80.44633787969254,67.5048828125,5.4281900864398294e-05,5.57623588001704e-05,2.2921801589648096e-05,0.4071412065222283,0.41824537606266876,0.17192489220644214,1,0,1.0
S8,870,930,60,30,2.528626291326894e-07,0.014545002449896628,-0.23162428911710636,0.14880719443713086,0.3804314835542372,0.00024490439325443314,0.015987875564209553,0.014545002452094618,8.885398045920416,-0.2970908064907186,6.630890538339196,0.010524226096968493,0.010039808832409399,0.007995763667827008,0.23162428911710636,442.01749607267675,0.010524226096968493,0.006514321843193752,0.00021155709626749893,342.1832320719659,0.008147413797280076,2.8047147583607994e-08,0.011180852324504319,0.1829292485284032,10859,180.98333333333332,16338,272.3,39366,656.1,0.00021155709626749893,0.7687074899450279,1.4213108719056404,0.00021501848687235762,80.63502260203272,71.435546875,7.915130448497596e-05,0.00010263700408482132,3.234829203333577e-05,0.368113949811036,0.47734037002013774,0.15044423623229583,1,0,1.0
S8,900,960,60,30,-8.618969976766436e-07,0.013827162202664391,-0.23162428911710636,0.14880719443713086,0.3804314835542372,0.00013304367865841788,0.01495206678189425,0.013827162229526969,8.029997443509604,-0.2175192032614348,7.595265403436857,0.009942139817989552,0.009609592663646253,0.007469041550935758,0.23162428911710636,417.5698723555612,0.009942139817989552,0.006108744380645068,0.00019119041457879078,327.74314739516046,0.0078035940711721815,1.893455523410344e-08,0.010749418881764847,0.1829292485284032,11110,185.16666666666666,16618,276.96666666666664,39383,656.3833333333333,0.00019119041457879078,0.77741323376488,1.416460340471784,0.00019346619805142394,81.22879281879909,72.4609375,6.978551186519825e-05,9.33572306440291e-05,2.9631180245680687e-05,0.36071165179278003,0.48255060359026875,0.15315946942733957,1,0,1.0
S8,930,990,60,30,1.529959601605857e-06,0.009769022910020485,-0.06527386293518894,0.0716793390352769,0.13695320197046584,6.40183129972697e-05,0.012161307290219223,0.00976902302982655,4.008220060205822,-0.054190695222832,1.143320767862769,0.007522624651730163,0.006232489815993535,0.006082686169957524,0.0716793390352769,315.95023537266684,0.007522624651730163,0.004833168220936289,9.543380861650509e-05,265.4350535223898,0.006320032703692703,3.892725358060789e-08,0.00801471729290247,0.05215056020227791,12063,201.05,17933,298.8833333333333,39913,665.2166666666667,9.543380861650509e-05,0.8204215883946233,1.492570055337988,9.224645796376802e-05,84.50645269684135,70.2392578125,3.670120491187417e-05,3.631498624391125e-05,1.905627642512956e-05,0.39786031596236937,0.3936735029780203,0.2065800340281289,1,0,1.0
S8,960,1020,60,30,-3.1982552311869106e-07,0.009081874689267347,-0.05305869264978397,0.04365284871861014,0.0967115413683941,2.685275690754614e-05,0.01151127264620227,0.009081874694898804,3.464178814901416,-0.03437864640570076,0.6688018231643413,0.007069597843099677,0.005700985380676189,0.005757215155005943,0.05305869264978397,296.92310941018644,0.007069597843099677,0.004573978700697691,8.248044787155488e-05,263.73071477691815,0.006279452243551469,-1.6528658096943873e-08,0.007889127673718924,0.038319806411279564,12784,213.06666666666666,18741,312.35,40118,668.6333333333333,8.248044787155488e-05,0.8686673119418866,1.4759751482338053,8.220378708196155e-05,89.07365931069845,73.6572265625,3.142064394757965e-05,3.0511573045882332e-05,2.011502841141655e-05,0.38222866686484397,0.37116991964689744,0.24469710125837385,1,0,1.0
S8,990,1050,60,30,-1.4122066506966859e-06,0.00855644062486508,-0.043494263428475274,0.05402435291147577,0.09751861633995104,2.070051842034573e-05,0.010791058176994002,0.008556440741404638,3.0749324827691042,-0.019462640493792573,0.8347801821677336,0.006640012778817463,0.0053965645051560285,0.005396301482028223,0.05402435291147577,278.88053671033344,0.006640012778817463,0.004302803698783066,7.321267616684153e-05,256.43597900819793,0.00610576392314574,-1.1237979529365437e-08,0.0076826625937854495,0.038319806411279564,13270,221.16666666666666,19389,323.15,40129,668.8166666666667,7.321267616684153e-05,0.8978806644739139,1.4697475725558822,7.20318646634263e-05,92.79621976873065,75.0244140625,2.7440088455323793e-05,2.4177670379626135e-05,2.02875396627773e-05,0.38094374737540726,0.3356524295545856,0.2816467372817875,1,0,1.0
S8,1020,1080,60,30,-5.274806731460328e-07,0.008250268453090582,-0.04118023481111264,0.05402435291147577,0.09520458772258841,6.40702615906292e-05,0.010481274628171531,0.008250268469952811,2.8588110527044956,-0.039351420056178886,0.7737999645877252,0.006419857538348326,0.005181926187587939,0.005231515366175852,0.05402435291147577,269.6340166106297,0.006419857538348326,0.0041787315405814275,6.806692954806166e-05,250.78786298443936,0.005971281768243038,4.9229875924908484e-09,0.007499158473603283,0.03496231141830852,13415,223.58333333333334,19557,325.95,40094,668.2333333333333,6.806692954806166e-05,0.9089593285651293,1.470876938475842,6.750574857896434e-05,93.28863178854934,73.828125,2.6211975922699014e-05,2.1977874293237477e-05,1.9196625449253157e-05,0.3882925006310796,0.3255704107558932,0.2843702329557615,1,0,1.0
S8,1050,1110,60,30,-9.69520165679875e-07,0.008234374041777143,-0.04548955913170956,0.050697656090908046,0.09618721522261761,7.572578010182012e-05,0.010435540192861546,0.008234374098853088,2.8478065055942303,-0.06228471349147973,0.7995435627954666,0.0063944679620024526,0.0051880339515838585,0.0052109884830835,0.050697656090908046,268.567654404103,0.0063944679620024526,0.004140897806146151,6.780491585989326e-05,250.24770890915389,0.005958420650709634,2.48438644649377e-08,0.007487500887244618,0.049660236623186214,13407,223.45,19438,323.96666666666664,40096,668.2666666666667,6.780491585989326e-05,0.9092981262761127,1.4673453670824113,6.698439070242445e-05,93.65887860858956,74.51171875,2.5667539753202653e-05,2.1988780111410224e-05,1.920234493200904e-05,0.38318688106352566,0.3282672258540728,0.2866689497455416,1,0,1.0
S8,1080,1140,60,30,1.85883797185454e-06,0.008084221918942225,-0.04840709794475363,0.050697656090908046,0.09910475403566169,8.803040793250224e-05,0.010084611841495998,0.008084222132647303,2.7448951945793496,-0.06673331340223837,1.059913978178387,0.006237950513753198,0.005142238897401668,0.0050491062112913675,0.050697656090908046,261.9939215776343,0.006237950513753198,0.004020319687067245,6.535464403470591e-05,245.02838102445324,0.005834147980296037,5.6535190182269034e-08,0.007355369901713141,0.049660236623186214,13487,224.78333333333333,19580,326.3333333333333,40111,668.5166666666667,6.535464403470591e-05,0.909842650964182,1.4702175872406755,6.438742637863358e-05,93.77156790921794,74.169921875,2.539074583620501e-05,1.9606388954822528e-05,1.9282985450977967e-05,0.3943432322778895,0.3045064860882333,0.2994837118909425,1,0,1.0
S8,1110,1170,60,30,2.586076327725659e-06,0.008093960367101053,-0.04840709794475363,0.04145271321519021,0.08985981115994385,8.312436796249637e-05,0.010052381467318988,0.00809396078023568,2.751512446703722,-0.06220562225090979,0.9640295152791896,0.006242877450323436,0.005151570852879396,0.005030918933673882,0.04840709794475363,262.2008529135843,0.006242877450323436,0.004012585910343523,6.551219442420261e-05,245.073655638309,0.005835225972959094,1.5843008175550094e-08,0.0073532436113990934,0.03525626549012517,13500,225.0,19562,326.03333333333336,40106,668.4333333333333,6.551219442420261e-05,0.9084852504698814,1.4645554140744723,6.310647298695717e-05,93.65805717767599,74.51171875,2.5306437835160778e-05,1.8472570718813766e-05,1.920116838281917e-05,0.40101176055887494,0.29272069637977827,0.30426622617283117,1,0,1.0
S8,1140,1200,60,30,-9.469010445964802e-07,0.010597661438577783,-0.1521650262708072,0.17857068474398063,0.3307357110147878,9.138835078524577e-05,0.011415414304002284,0.010597661480880588,4.717038012260286,-0.13264514363773838,13.910447906634381,0.007486570908807946,0.007500778952264272,0.0057087099814667796,0.17857068474398063,314.4359781699337,0.007486570908807946,0.004622621495323667,0.00011231042796671854,277.0204790082167,0.006595882735498861,-5.818492433062287e-09,0.008736912210732896,0.0940055865554647,12857,214.28333333333333,18937,315.6166666666667,39619,660.3166666666667,0.00011231042796671854,0.8244188834839207,1.5056429667396978,8.295283233898518e-05,90.77896192244805,73.828125,3.14652524711538e-05,2.9218551373303206e-05,2.206834107153639e-05,0.3793149864078376,0.3522309070039001,0.26603481097974485,1,0,1.0
S8,1170,1230,60,30,-4.443375944375422e-07,0.010555435509176042,-0.1521650262708072,0.17857068474398063,0.3307357110147878,0.00011328888228303593,0.011431631415646168,0.010555435518528373,4.679523197404035,-0.13446101076219422,14.133086263044433,0.0074607338472518015,0.007466904944237719,0.005715849311763591,0.17857068474398063,313.35082158457567,0.0074607338472518015,0.0046210707429802395,0.00011141721878837447,275.31621593159457,0.0065553040770398,4.847670108580421e-09,0.008672528365991587,0.0940055865554647,12831,213.85,19075,317.9166666666667,39697,661.6166666666667,0.00011141721878837447,0.8216172945637716,1.520177667857782,0.00010692568623564743,84.38587970629237,66.9921875,4.494869929771106e-05,3.816742225246199e-05,2.3539650187100787e-05,0.42037325997282987,0.35695279213216347,0.2201496292969595,1,0,1.0
S8,1200,1260,60,30,-3.282066853600547e-07,0.00983718401056195,-0.08638740953975162,0.07078934519073952,0.15717675473049114,0.0001147313762247281,0.011895664008189276,0.009837184016037075,4.064347953345763,-0.08113443191692576,1.9892410750050278,0.0074778274423023304,0.006391579312542829,0.005948395329067357,0.08638740953975162,314.0687525766979,0.0074778274423023304,0.004747322347788638,9.677018925765567e-05,276.19893590752474,0.006576321719743916,3.972485620208696e-08,0.008393795212024182,0.06819805030815487,12595,209.91666666666666,18899,314.98333333333335,39959,665.9833333333333,9.677018925765567e-05,0.8532721562402374,1.4883977458046396,9.152127139099581e-05,88.58283957657501,70.751953125,3.6604736858939504e-05,3.1626099646272386e-05,2.311902469494087e-05,0.39995878884327657,0.3455600994785118,0.25260821166013,1,0,1.0
S8,1230,1290,60,30,3.5457639616447526e-07,0.01075751779884393,-0.09681929374433546,0.1289857213571357,0.22580501510147116,0.00010485412635064204,0.012819659306723146,0.01075751780468749,4.860415951363071,-0.05245737295097852,3.735561333103316,0.008090383300055038,0.007090126047988069,0.006410357328292983,0.1289857213571357,339.7960986023116,0.008090383300055038,0.005142086893809164,0.00011572418919244393,292.14915710103196,0.006956097933308697,-4.293258722059533e-08,0.00898079407947879,0.09964384577568725,12176,202.93333333333334,18478,307.96666666666664,39820,663.6666666666666,0.00011572418919244393,0.8348388770915093,1.4820617153355289,0.00011750287446958912,85.9378806128528,69.5556640625,4.486399520354255e-05,4.6694069422472054e-05,2.568106567976451e-05,0.38181189529243204,0.3973866140147655,0.2185569144217916,1,0,1.0
S8,1260,1320,60,30,-1.3756696074973111e-07,0.009231621895865719,-0.09681929374433546,0.1289857213571356,0.22580501510147105,5.898012459902265e-05,0.011017888877824424,0.00923162189689071,3.5793593995803854,-0.03888559454846639,5.294417804197,0.006925717954895097,0.006103873659930693,0.005509318818835068,0.1289857213571356,290.88015410559404,0.006925717954895097,0.0044329350713556434,8.522284282822737e-05,263.07713487577473,0.006263890446814799,-3.6526716856784264e-08,0.008059579507361648,0.09964384577568719,12879,214.65,19479,324.65,39953,665.8833333333333,8.522284282822737e-05,0.8730404687578294,1.4820114827464532,7.600605468627217e-05,91.35902095244877,71.77734375,2.9982096989996443e-05,2.463615182343058e-05,2.1249526973228363e-05,0.3944698499843547,0.3241340696490623,0.27957676610027155,1,0,1.0
S8,1650,1710,60,30,-9.416131641050905e-07,0.01053381420237467,-0.28915426958525037,0.23904356740873162,0.5281978369939819,0.00015161976185538583,0.01088425400561251,0.010533814244459866,4.660372186544995,-1.3691757697904923,78.35994384093928,0.007134876286254125,0.007749502107660476,0.005445404369876504,0.28915426958525037,299.66480402267325,0.007134876286254125,0.004423364776347705,0.00011096124165015029,253.2337973031362,0.006029519686257678,3.474418207291837e-08,0.008172410021498695,0.2195569147582679,12368,206.13333333333333,18185,303.0833333333333,39601,660.0166666666667,0.00011096124165015029,0.7758262927835166,1.51785463889319,0.00011070292123813536,78.97601896008291,65.625,4.649974072279013e-05,4.524912412535743e-05,1.8632325913381593e-05,0.4200407740168262,0.40874372256194663,0.1683092524116975,3,0,0.7911428571428571
S8,1680,1740,60,30,-2.1486883790361473e-07,0.00941104035810089,-0.2786545636782741,0.173423590476074,0.45207815415434816,0.00016501084556215994,0.01093041157255422,0.009411040360553785,3.719842588054838,-1.2471062087352376,47.51480158228368,0.00688313187186944,0.006417957330991492,0.005458615666911257,0.2786545636782741,289.0915386185165,0.00688313187186944,0.004395466151394918,8.856768062180373e-05,246.16997916409164,0.005861329535562553,2.463089340605281e-08,0.007627305600358336,0.15901551948265943,12406,206.76666666666668,17917,298.6166666666667,39815,663.5833333333334,8.856768062180373e-05,0.8104635948981836,1.488030339993412,8.813633168713839e-05,83.26085437769039,71.6064453125,3.4246385232111426e-05,3.6301976640288434e-05,1.7413262416642938e-05,0.3885614998554444,0.411884360800847,0.19757189893556723,3,0,1.0
S8,1710,1770,60,30,-1.2453656871845278e-07,0.009560838028946972,-0.18232098563586985,0.16209167706370625,0.3444126626995761,0.00011074275184839739,0.01145764401452562,0.009560838029758061,3.8392042009132554,-0.2556787253022161,12.45443479024503,0.007153819338389058,0.006342908852014094,0.005741316350029526,0.18232098563586985,300.46041221234043,0.007153819338389058,0.004569020040021595,9.140962381575863e-05,246.25857504719724,0.0058634390115764,1.8710362909937002e-08,0.007658109416121321,0.1550949094079188,11768,196.13333333333333,17427,290.45,39734,662.2333333333333,9.140962381575863e-05,0.8009872558174467,1.494562011464899,8.874689326734953e-05,82.4668099176864,70.751953125,3.567794477065036e-05,3.563234084723316e-05,1.7279028389967838e-05,0.40201908435454464,0.4015052193420555,0.19470009319554274,3,0,1.0
S8,1740,1800,60,30,2.428770636679163e-07,0.011538537386662419,-0.27743466307585735,0.19629748214485604,0.4737321452207134,0.00019367788865071894,0.012245216764882438,0.011538537389218602,5.591789493460617,-1.2862644771890315,51.23960603882693,0.007889952637905338,0.008419411645358971,0.006139510710941442,0.27743466307585735,331.3780107920242,0.007889952637905338,0.004922322896121641,0.0001331378450234064,262.9508687499664,0.0062608840389048875,1.3090196259659832e-08,0.008778329353711985,0.19599475755386275,11284,188.06666666666666,16953,282.55,39339,655.65,0.0001331378450234064,0.7607835429695793,1.4799026090961256,0.00014722653727104794,77.81220877056249,69.5556640625,6.197534699289048e-05,6.411225896943537e-05,2.0834292996612152e-05,0.42095228307103516,0.4354667314589014,0.14151180475199024,3,0,1.0
S8,1770,1830,60,30,-1.7022929960913884e-08,0.011143437285525455,-0.27743466307585735,0.19629748214485604,0.4737321452207134,0.00018119890851123763,0.012329659366647924,0.011143437285538457,5.215400170542605,-1.3180249366330252,52.66573061365243,0.007788744041152654,0.007969420355216415,0.0061661619580993966,0.27743466307585735,327.12724972841147,0.007788744041152654,0.004931683520294878,0.00012417619453643892,260.67515903585956,0.0062066991841677075,-2.148823919780166e-08,0.008514248311823047,0.19599475755386275,11213,186.88333333333333,16921,282.01666666666665,39439,657.3166666666667,0.00012417619453643892,0.7640594274158531,1.4812141677429485,0.00011980047176407787,79.11607385587844,69.5556640625,5.0661881052573666e-05,4.9784366427776634e-05,1.9115145826704305e-05,0.4228854887344827,0.41556068765585996,0.15955818491556203,3,0,1.0
S8,1800,1860,60,30,-1.050454492017918e-06,0.00978586980534005,-0.07117917104451335,0.05579476025696699,0.12697393130148033,0.0001118980691452282,0.012391364829022443,0.00978586986172005,4.022056455921874,-0.06475761804757271,1.0614136718630114,0.007587872055817565,0.006179599227705928,0.006198369196554395,0.07117917104451335,318.6906263443377,0.007587872055817565,0.004925628700556746,9.576324784706614e-05,253.590726827427,0.00603801821061042,6.039109676002317e-08,0.007682943576721887,0.05247835632063433,11100,185.0,16757,279.28333333333336,39779,662.9833333333333,9.576324784706614e-05,0.7851058444012182,1.4858972965114428,9.624954275807982e-05,80.37208642292707,68.5302734375,3.995407348739439e-05,3.88294250559993e-05,1.7258169506701823e-05,0.4151092290154322,0.4034245144789501,0.179306509019785,3,0,1.0
S8,1830,1890,60,30,1.7115277595127526e-08,0.010123830462438452,-0.07117917104451335,0.05751758347168783,0.1286967545162012,0.00010724880719492581,0.012831910757549456,0.010123830462452918,4.304661615764567,-0.07802031466357018,1.0178751657679719,0.007850981660360133,0.006391715747839427,0.006419074050005116,0.07117917104451335,329.7412297351256,0.007850981660360133,0.00509112833615356,0.00010249194323219678,259.6397604796658,0.006182046250617058,1.5259923094225792e-08,0.00786471780231662,0.0448695574040234,11039,183.98333333333332,16535,275.5833333333333,39816,663.6,0.00010249194323219678,0.7768519861623899,1.4772287643658326,0.00010196240482373791,79.63181797790291,68.1884765625,4.22210072649355e-05,4.1889295547029204e-05,1.7631817747559525e-05,0.4140840669452905,0.4108307921870134,0.17292469492103088,3,0,1.0
S8,1860,1920,60,30,-5.121931465576883e-07,0.011520055347544064,-0.11621514280533396,0.14788259701681333,0.2640977398221473,0.0002319112061024229,0.01373889684602812,0.011520055358930375,5.573890369858459,-0.11942083164192781,5.318984983808672,0.008630541895297114,0.007630558437384628,0.00687842198821645,0.14788259701681333,362.48275960247884,0.008630541895297114,0.0055038680151168525,0.0001327116752104786,284.1373553804607,0.00676533620753972,-2.0214578889239415e-08,0.008923035512292872,0.13320972914404092,10918,181.96666666666667,16342,272.3666666666667,39626,660.4333333333333,0.0001327116752104786,0.7745653335072868,1.4438664862702892,0.00013880820117333345,80.57973220091793,72.4609375,5.1442940884836635e-05,6.47992597835729e-05,2.2284983781666782e-05,0.3706044776172734,0.4668258736575396,0.16054515218332768,3,0,1.0
S8,1890,1950,60,30,-1.662236289624099e-06,0.011718264101015384,-0.11621514280533396,0.14788259701681333,0.2640977398221473,0.00031636884507131287,0.013889320591241445,0.011718264218909528,5.767344084775365,-0.1106109301346814,5.1736146669909555,0.00877185408573189,0.007769960888112894,0.006949773640740213,0.14788259701681333,368.4178716007394,0.00877185408573189,0.005591063208096961,0.0001373177135411459,287.25481196657057,0.006839563131659577,4.5570879459416313e-08,0.009033880280949428,0.13320972914404092,10774,179.56666666666666,16191,269.85,39600,660.0,0.0001373177135411459,0.770923082384416,1.4410234707790863,0.0001377834798803189,79.80883375902827,71.435546875,5.274020066000636e-05,6.32550142670309e-05,2.1485764440235452e-05,0.38277593733165544,0.45908997451635924,0.15593861077466148,3,0,1.0
S8,1920,1980,60,30,1.9207840834138534e-06,0.010401738511913852,-0.05992593560402798,0.09793165670998524,0.15785759231401322,0.0002690535572361522,0.01301351220540468,0.010401738689259758,4.544239045905019,-0.11892549706601312,1.1888225380870265,0.008036716919142916,0.006603586065253129,0.00650557660575876,0.09793165670998524,337.54211060400246,0.008036716919142916,0.0051979303638560355,0.0001081961640702318,266.87243558192705,0.006354256900924476,2.692488709273184e-08,0.008095002238216246,0.05654852285709413,11118,185.3,16323,272.05,39762,662.7,0.0001081961640702318,0.7782355063958263,1.4642366040602344,0.00010873757323121492,80.62595959644142,70.41015625,4.3372132369903407e-05,4.64342675883158e-05,1.8729099673397926e-05,0.39886978420677793,0.42703056734197997,0.17224128805572264,3,0,1.0
S8,1950,2010,60,30,-6.613616830256431e-07,0.010158137700566804,-0.0557086147915466,0.055944176208341634,0.11165279099988823,0.00023368566368313424,0.012839441608451713,0.010158137722096306,4.333886003205189,-0.1325546260733983,0.7825729414326559,0.007879070243640308,0.006411553171959024,0.006408498546424425,0.055944176208341634,330.9209502328929,0.007879070243640308,0.005087584054467824,0.00010318776154367664,266.5148116337387,0.006345741842275737,-1.1151008176723746e-08,0.00805620574385981,0.04399760843286136,11310,188.5,16482,274.7,39839,663.9833333333333,0.00010318776154367664,0.7930790053584615,1.453561183671384,0.0001032388522531847,81.74688413846661,72.119140625,4.034496985193382e-05,4.384068655987808e-05,1.8827727224662692e-05,0.3907925066136065,0.42465298289409925,0.1823705592782963,3,0,1.0
S8,1980,2040,60,30,-1.0779286674015931e-06,0.009999659499330396,-0.048415807835128936,0.05658273224129507,0.10499854007642401,0.0002024688004387895,0.012806190315499172,0.009999659557428884,4.19971403310811,-0.1201300664673187,0.5885257035768978,0.0078114989001352095,0.006242890051704036,0.006397373469254198,0.05658273224129507,328.0829538056788,0.0078114989001352095,0.005070868106415699,9.999319010254863e-05,265.36034272927736,0.006318253832931197,-5.1965665783912746e-08,0.007994810295389222,0.04135000125140839,11278,187.96666666666667,16545,275.75,39851,664.1833333333333,9.999319010254863e-05,0.7995082528484672,1.4486697080527078,0.00010007076934481139,82.14103180936783,72.119140625,3.8607165775340325e-05,4.2812138005574216e-05,1.8394306832278356e-05,0.3857986305902432,0.42781861562448353,0.1838129850775659,3,0,0.8755
S8,3300,3360,60,30,1.8646933808764754e-07,0.012155667124583287,-0.15051183279323352,0.1206004716143382,0.2711123044075717,3.176248456588488e-05,0.012826390032971428,0.012155667126013518,6.205930217694721,-0.0532844309471403,6.596804544122376,0.008660885724111209,0.008529320122514596,0.006413418135231735,0.15051183279323352,363.7572004126708,0.008660885724111209,0.005235892571328164,0.0001477602432436749,296.64845290227834,0.007063226574496496,-1.845967722419638e-08,0.009517931809103902,0.1495562547405635,11979,199.65,18206,303.43333333333334,39504,658.4,0.0001477602432436749,0.7830036567762783,1.546643278240757,0.00014518530095537817,79.26871840620774,63.4033203125,6.744804572622937e-05,5.1111709563971286e-05,2.6330579792257882e-05,0.4645652506307035,0.3520446576040102,0.18135844068918813,2,1,1.0
S8,3330,3390,60,30,-1.2560954941406584e-06,0.012026045587326355,-0.15051183279323352,0.1206004716143382,0.2711123044075717,5.124037941179184e-06,0.012809498012937412,0.012026045652924639,6.0742825099415585,0.006706802973926702,5.304583905505346,0.00864689484092256,0.008358049034090096,0.006405230428672531,0.15051183279323352,363.1695833187475,0.00864689484092256,0.005240725509847325,0.00014462577246845168,300.51566721340805,0.0071553052980644315,-1.3970570281691661e-08,0.009512255962976793,0.1495562547405635,12194,203.23333333333332,18473,307.8833333333333,39581,659.6833333333333,0.00014462577246845168,0.7909712210804589,1.547212489896189,0.00013668886362883142,79.7886371021047,62.890625,6.412560352782656e-05,4.626025375973288e-05,2.6020854722815628e-05,0.46913553763937155,0.33843469417778765,0.1903655794042838,2,1,1.0
S8,3360,3420,60,30,-9.049270688687663e-07,0.01023017810535431,-0.0820457997582923,0.07353592660648217,0.15558172636477446,-9.435029302050347e-05,0.011778316336096469,0.010230178145377708,4.395574885218875,0.11437944092894317,2.1628740936660726,0.00764591265931145,0.006796805462299519,0.005882345509859374,0.0820457997582923,321.1283316910809,0.00764591265931145,0.004781438408748072,0.0001046565440672707,282.50046469594025,0.006726361691848383,-3.4282022802734066e-08,0.008643175230552455,0.05957338630586689,12914,215.23333333333332,19056,317.6,39877,664.6166666666667,0.0001046565440672707,0.844870454995183,1.5120546585460177,0.00010502157299501248,85.9905578625197,67.67578125,4.52923651968632e-05,3.446352148151293e-05,2.4995301176702762e-05,0.4312672521008056,0.3281565920094305,0.23800158828215037,2,1,1.0
S8,3390,3450,60,30,-5.323181995046515e-07,0.011357846110940269,-0.1285478997573141,0.14704267298405907,0.27559057274137316,-9.71550074811004e-05,0.012318072873927943,0.011357846123414582,5.418028079652873,0.14454180246939494,6.302063081804603,0.008215938983559622,0.007842130780699142,0.006164922650768078,0.14704267298405907,345.0694373095041,0.008215938983559622,0.005043377511091224,0.00012900066827980098,299.8215262331168,0.007138777738353694,5.305585918347381e-08,0.009391979924899927,0.08551954413821689,12825,213.75,18933,315.55,39730,662.1666666666666,0.00012900066827980098,0.8269155818067696,1.5196208335913204,0.00012538972036919328,83.99578725408358,66.650390625,5.452705015865917e-05,4.352467215724234e-05,2.70316235466409e-05,0.4348606089726618,0.3471151544886595,0.21558085835944044,2,1,1.0
S8,3420,3480,60,30,-2.0264708448111544e-06,0.011232743109443206,-0.1285478997573141,0.14704267298405907,0.27559057274137316,-5.872703619831318e-05,0.012205645976217903,0.01123274329223845,5.299329918511772,0.14304076713437236,6.521758455891092,0.008123616333822619,0.007757665855795688,0.006107202606437632,0.14704267298405907,341.19188602055,0.008123616333822619,0.0049977224266536825,0.00012617451776274384,295.42074978110213,0.007033994851808427,-4.558612048358629e-08,0.009255292843865247,0.08551954413821689,12813,213.55,18768,312.8,39715,661.9166666666666,0.00012617451776274384,0.8239566020239931,1.5195602695990684,0.00011931232144918174,84.06590183828563,67.1630859375,5.132148168502088e-05,4.165064004891538e-05,2.6082319906257787e-05,0.4301440208493475,0.3490891765663573,0.21860541802773434,2,1,1.0
S8,3450,3510,60,30,1.363054783799557e-07,0.010182699642110458,-0.07892534179995465,0.11187256396790532,0.19079790576786,-6.217034161521957e-05,0.011664522056724788,0.010182699643022751,4.354869624840657,0.17607176899288343,3.412518329157364,0.007550273542226218,0.0068323306021865204,0.005830071375191577,0.11187256396790532,317.11148877350115,0.007550273542226218,0.0047150023738629365,0.00010368737200143646,276.6923361588915,0.006588069624488477,8.937125243277965e-09,0.008590189124473301,0.08948852948414329,12711,211.85,18783,313.05,39730,662.1666666666666,0.00010368737200143646,0.8436062563358597,1.4943796436139112,0.00010352973788664445,85.58990970924476,70.5810546875,4.266232999297298e-05,3.7050792022648014e-05,2.3572842413078694e-05,0.4120780257328992,0.35787584107684334,0.22769151061590429,2,1,1.0
S8,3480,3540,60,30,1.7003629057123438e-07,0.011756572263174402,-0.1423811945998371,0.23814081213425847,0.3805220067340956,-5.55732695627152e-06,0.012323282226272263,0.011756572264404028,5.805113639142469,0.3917205909815368,13.930142809393768,0.008287027709030207,0.008339194395019196,0.0061521348841768785,0.23814081213425847,348.0551637792687,0.008287027709030207,0.005014610662320989,0.00013821699137924167,295.1908718305091,0.007028521436951096,-4.368941593613379e-08,0.009444107595282246,0.1566226094747213,12511,208.51666666666668,18649,310.81666666666666,39452,657.5333333333333,0.00013821699137924167,0.8033045163056936,1.5307786627137394,0.00013924521677668506,81.05413544692772,65.966796875,6.203032440551582e-05,4.931838776093114e-05,2.757199635522569e-05,0.4454754413934171,0.35418371203389815,0.19801036612585668,2,1,1.0
S8,3510,3570,60,30,1.5188016369752316e-06,0.01199972108869591,-0.1423811945998371,0.23814081213425847,0.3805220067340956,1.5309967628692476e-05,0.01202612374037713,0.011999721184813078,6.047718957556574,0.2581698236309419,15.614886758928915,0.008232457004421264,0.008730404353957897,0.006018249357907107,0.23814081213425847,345.7631941856931,0.008232457004421264,0.004934559391730561,0.00014399330620649335,298.65283965002345,0.007110951204791148,1.4249479097684655e-08,0.009685622104907452,0.1566226094747213,12948,215.8,18734,312.23333333333335,39529,658.8166666666667,0.00014399330620649335,0.8071539357720233,1.5134183371862227,0.00015030456029761828,82.00754382524886,67.333984375,6.309968691286643e-05,5.6518228946258026e-05,3.041487459382606e-05,0.4198121919116935,0.37602471165443146,0.20235496869557065,2,1,1.0
S8,3540,3600,60,30,-1.4925663757784531e-06,0.011912516805175154,-0.11502842626146001,0.12967427276538365,0.24470269902684366,7.616063877544587e-06,0.012507141555002767,0.011912516898679929,5.960138472176064,-0.06534357278371516,6.208360549062425,0.0084700601082664,0.008376523182304757,0.006256619170684551,0.12967427276538365,355.74252454718885,0.0084700601082664,0.00513973070426645,0.00014190805663358045,295.84475951113535,0.007044090561945174,-1.3880740622461176e-09,0.009488005423327396,0.1207176217024876,12177,202.95,18210,303.5,39503,658.3833333333333,0.00014190805663358045,0.7964736233744932,1.5068594162556386,0.00013590159146678902,81.68968346606529,65.966796875,5.929292070337704e-05,4.9148870101662376e-05,2.7200355567139063e-05,0.4362930563463398,0.36165043816777626,0.20014743958157513,2,1,1.0
S8,3570,3630,60,30,-7.851728052624838e-07,0.013752419495622977,-0.1640799863790219,0.2914171567453141,0.455497143124336,6.032130543454279e-05,0.012333235667314858,0.013752419518037082,7.943419789203666,0.6180398366534682,27.95520056755003,0.00889194881356353,0.010491057568093574,0.006173278707007601,0.2914171567453141,373.4618501696682,0.00889194881356353,0.005156044229542511,0.00018912904198359093,301.6999700797165,0.007183503656746981,1.420480078140159e-08,0.01065765575302858,0.18225381470557722,12013,200.21666666666667,17996,299.93333333333334,39065,651.0833333333334,0.00018912904198359093,0.7749658710178688,1.5190720222902576,0.00019515197548888034,79.02492269110017,64.7705078125,8.8954482808972e-05,7.164367548261567e-05,3.421072855563322e-05,0.4558215851319455,0.3671173468940769,0.1753030092056769,2,1,1.0
S8,3600,3660,60,30,2.439993913288345e-06,0.012026584150060554,-0.1640799863790219,0.2914171567453141,0.455497143124336,0.00010607705475794148,0.009889201495511243,0.012026584397577644,6.074826755426438,0.8738762717911628,47.73218453715197,0.007240279225815212,0.009602972925312593,0.004941191648038584,0.2914171567453141,304.0917274842389,0.007240279225815212,0.004107019848782551,0.00014463872631848774,268.49077536314695,0.006392789717925354,2.018180964886943e-08,0.009733874511221425,0.18225381470557722,13708,228.46666666666667,19523,325.3833333333333,39110,651.8333333333334,0.00014463872631848774,0.8093631898939829,1.5207319623247104,0.00013404397023725702,82.51328358260604,66.4794921875,5.98836224885051e-05,4.614638972205557e-05,2.7737475304964087e-05,0.44674611161182,0.3442630775586305,0.20692818375842587,2,1,1.0
S8,3630,3690,60,30,-2.299085887640652e-06,0.00848568254400282,-0.13454250108596888,0.06552250065512866,0.20006500174109754,0.00014076959053238488,0.00956196874194356,0.008485682855456601,3.0242861679823836,-0.32651628171735847,5.579356348104863,0.0062332668404283505,0.005757881382887847,0.004782206245697369,0.13454250108596888,261.7972072979907,0.0062332668404283505,0.0038721273868689656,7.200680823759416e-05,247.39911178871253,0.0058905952948573185,-1.2502757548148271e-08,0.007586189695529028,0.09213448084100606,14163,236.05,20229,337.15,39995,666.5833333333334,7.200680823759416e-05,0.8939987627619301,1.4994430543729025,6.890374661693807e-05,91.40101335690004,70.5810546875,2.9397806679299507e-05,1.9253817700062758e-05,2.0098309348854522e-05,0.426650336486534,0.27943063542106056,0.29168674180503723,2,1,1.0
S8,3660,3720,60,30,3.6993957681625345e-07,0.009432225541792906,-0.05782434526866073,0.07286630563890983,0.13069065090757057,8.441703883181714e-05,0.011566749810202174,0.009432225549047572,3.7366089099404425,-0.045580295807319995,1.3264887502980294,0.007226185864711617,0.006062104969129765,0.005779325523880823,0.07286630563890983,303.49980631788793,0.007226185864711617,0.0046340680887511886,8.896687867125048e-05,279.90289932463236,0.006664513424715645,2.881668039527805e-08,0.008448821575628825,0.050778895123877746,13303,221.71666666666667,19375,322.9166666666667,40090,668.1666666666666,8.896687867125048e-05,0.8957399860927039,1.4634611252177427,8.996009050993264e-05,91.86937288029327,74.169921875,3.5287821332737014e-05,2.9533103179720508e-05,2.4956053724120848e-05,0.3922608473680985,0.32829116792028695,0.2774125012842824,2,1,1.0
S8,3690,3750,60,30,-3.0099445541215724e-07,0.01108502559814231,-0.13270840976719434,0.19481644509284268,0.327524854860037,4.588105454345721e-05,0.013254859325720956,0.011085025602228798,5.160867289286853,0.17066281026558694,10.13440433281078,0.008308938564190203,0.007337529048568107,0.006629564020979071,0.19481644509284268,348.97541969598853,0.008308938564190203,0.005316552866514335,0.00012287779251147026,310.3034880781356,0.007388354200769914,1.3118083169505868e-08,0.009497114494425248,0.1410431719689566,12607,210.11666666666667,18649,310.81666666666666,40014,666.9,0.00012287779251147026,0.856751697173963,1.4718699671871889,0.00012516596375084188,88.05371921550096,70.751953125,4.817945079446555e-05,4.6467507786923445e-05,3.009351902258739e-05,0.3849245381945257,0.3712471537344025,0.2404289322814005,2,1,1.0
S8,3720,3780,60,30,1.5055722675350037e-06,0.011816952739660802,-0.14027198472789013,0.19481644509284268,0.33508842982073284,9.74255397733451e-05,0.013122032631972657,0.011816952835571645,5.86489572136124,0.11889531918793117,12.412189016538628,0.008542876135639912,0.008164535605240438,0.006551882292732096,0.19481644509284268,358.8007976968763,0.008542876135639912,0.005315959243333799,0.00013964037205137691,310.0426995411013,0.0073821448020453175,2.3612985767412776e-08,0.0097260561939763,0.1410431719689566,12482,208.03333333333333,18671,311.18333333333334,39723,662.05,0.00013964037205137691,0.8230595829780294,1.5139545177403322,0.00014776676496167337,82.94577077491027,64.7705078125,6.564655914737933e-05,5.0588571486159906e-05,3.111438243377598e-05,0.44425794368852994,0.34235419242805504,0.21056414439232118,2,1,1.0
S8,3750,3810,60,30,-1.749890497449497e-06,0.017766264656606273,-0.1950819144145866,0.25488894155946146,0.44997085597404807,0.0001813764825588989,0.015139209945945899,0.017766264742784116,13.256886842249148,0.11453148527294414,13.437950955823965,0.011419325439534342,0.013610259711581472,0.007579777150354374,0.25488894155946146,479.6116684604424,0.011419325439534342,0.006390268061602155,0.00031564015984857725,394.8307638495361,0.009400956304900976,-1.8225535234386575e-07,0.013882377239482813,0.15406849193971145,12087,201.45,18321,305.35,38874,647.9,0.00031564015984857725,0.7813897579377069,1.477481521422447,0.0002880923251914754,81.04604227492841,68.8720703125,0.0001200264747975837,0.00011900137346142478,4.83830810143887e-05,0.416625034067847,0.41306679510581423,0.16794297099803596,2,1,1.0
S8,3780,3840,60,30,-3.305912948463203e-06,0.02647368547591214,-0.1950819144145866,0.25488894155946146,0.44997085597404807,0.00032664630766961124,0.02625118823622147,0.026473685682325797,29.43595341147644,-0.030621050950234673,3.183679596425618,0.018925537542278437,0.01851161965745816,0.013126403316672164,0.25488894155946146,794.8725767756944,0.018925537542278437,0.010947438179434265,0.0007008560226775215,647.7386765919098,0.015422716650203809,2.4587284296971192e-08,0.021232465675706438,0.15406849193971145,11442,190.7,17024,283.73333333333335,39040,650.6666666666666,0.0007008560226775215,0.8020215279442455,1.4089758881292611,0.0007212458688323911,83.69701580824037,72.9736328125,0.0002645223353550883,0.00032693359864634914,0.00012799592487778598,0.3667575050146459,0.45329008147473293,0.17746503711001593,2,1,1.0
S8,3810,3870,60,30,2.0277151129541347e-07,0.02760735981362454,-0.18603311066574935,0.1455737660082846,0.33160687667403393,0.00028655625844686275,0.03431077601225345,0.027607359814369205,32.010985268642,-0.0858372728779193,0.7966544874731198,0.021376426862091166,0.01747039468729069,0.017167509006803604,0.18603311066574935,897.809928207829,0.021376426862091166,0.013763525609230335,0.0007621663158789313,746.3088542016793,0.01776968152102858,4.739014035652756e-08,0.022823209961824194,0.12372359179134473,11461,191.01666666666668,16517,275.28333333333336,39732,662.2,0.0007621663158789313,0.826707447430764,1.3870798502524488,0.0007685060411601854,87.29323732363017,76.0498046875,0.000256392972587334,0.00035283536377378737,0.00015709339313269206,0.33362518816412545,0.45911852981809326,0.20441399900452822,2,1,1.0
S8,3840,3900,60,30,-7.225102264589524e-06,0.0246845127134412,-0.11998725761458057,0.12229576719895638,0.24228302481353695,0.00032859249828574074,0.03148933726934483,0.0246845137708269,25.591659244290007,-0.08828693767785212,0.5386286335248873,0.019281141482599403,0.015413072478585426,0.01576159652889049,0.12229576719895638,809.8079422691749,0.019281141482599403,0.012548183811224705,0.0006093251679000403,673.3716890823621,0.016033041002937263,-5.7522019442916936e-08,0.020463966158459607,0.10650534355978836,11441,190.68333333333334,16517,275.28333333333336,39835,663.9166666666666,0.0006093251679000403,0.8290204629932426,1.3896673843352865,0.0006109977804167659,87.46794337410503,76.5625,0.00020009402431912435,0.00028457930486510357,0.00012474429986101426,0.3274873178469467,0.4657616017377183,0.20416489856301162,2,1,1.0
S8,3870,3930,60,30,-1.8825225365419168e-06,0.02435912840834548,-0.11998725761458057,0.16464537534517287,0.28463263295975344,0.00024745524793312883,0.030907449387245423,0.024359128481088045,24.921419895042504,-0.048392414663609586,0.6663573969184431,0.01897260967417367,0.015277670716100887,0.015452928541123756,0.16464537534517287,796.8496063152941,0.01897260967417367,0.012326600703419753,0.0005933671368142637,656.743228077554,0.015637115837937903,1.5505194711450482e-08,0.01998522051145552,0.1239189410558007,11352,189.2,16378,272.96666666666664,39820,663.6666666666666,0.0005933671368142637,0.8204407061054183,1.3901103238319064,0.0005855632933691845,86.70686368743463,76.220703125,0.00019509601755118847,0.0002711457702093525,0.0001177239842377307,0.3331766518844698,0.46305117359602177,0.20104399570604295,2,1,1.0
S8,3900,3960,60,30,-5.984962926512035e-06,0.024650327830753774,-0.12639530945115168,0.16464537534517287,0.29104068479632456,0.0001799331085135026,0.030908636388943853,0.02465032855731167,25.520825315303448,-0.02770087022785074,0.7911906679314575,0.019115448052774646,0.015564007958269918,0.015445558499652836,0.16464537534517287,802.8488182165352,0.019115448052774646,0.012376775523796334,0.0006076386621636341,657.0678367880787,0.015644844800782844,-7.377032181647818e-08,0.020041680771350715,0.1239189410558007,11323,188.71666666666667,16305,271.75,39836,663.9333333333333,0.0006076386621636341,0.8130391169218728,1.393968670763972,0.0006032015342300126,85.6826992932351,75.537109375,0.00020958953196351554,0.0002750283738717052,0.00011731304024106012,0.34746186816493563,0.455947735979782,0.19448398849119367,2,1,1.0
S9,60,120,60,30,-2.729080886365907e-06,0.019232539773081276,-0.1694115452849398,0.11172486916128128,0.28113641444622106,0.0008350036151921515,0.022095520683950265,0.019232539966708394,15.5354049299835,-0.2976274417241724,2.715175559402012,0.014294473793876031,0.012866958169172197,0.011058014417618129,0.1694115452849398,600.3678993427933,0.014294473793876031,0.008925793386845281,0.0003698905861231532,468.4181092634867,0.01115307767478956,-1.0570962545024318e-08,0.014834529943605717,0.11376229043027303,10839,180.65,16585,276.4166666666667,39517,658.6166666666667,0.0003698905861231532,0.7713245426050692,1.4779981708649228,0.00037689850182224594,79.62926805010484,64.7705078125,0.0001670268350533616,0.00013952326512169655,6.940138170376841e-05,0.4431613133132997,0.37018790058098705,0.18413812039109592,1,0,0.745904761904762
S9,90,150,60,30,-6.202495195844642e-06,0.01675508687523279,-0.10995912936304032,0.15900609024333437,0.2689652196063747,0.0008025300786336463,0.020594174573737,0.016755088023270567,11.790784936036882,-0.3237134795219052,1.5707166588884576,0.01285529929923623,0.010745894778686477,0.010331936928024728,0.15900609024333437,539.9225705679216,0.01285529929923623,0.008268643454837478,0.00028073293619659817,421.69333194680746,0.010040556488173705,2.890767946302379e-08,0.012951776528364753,0.092917879451358,10867,181.11666666666667,16606,276.76666666666665,39663,661.05,0.00028073293619659817,0.7730056325467309,1.4879697510948946,0.00028535648221439207,78.91026393889209,63.232421875,0.00013207449443927152,9.875153874667588e-05,5.3746821418296964e-05,0.4628403511788536,0.34606376550606116,0.1883497476602486,1,0,1.0
S9,120,180,60,30,1.6696635133156127e-07,0.015061823704686847,-0.10521104093495087,0.15900609024333437,0.26421713117828527,0.000493999267799263,0.01835792154419657,0.015061823705612293,9.528058400235665,-0.22649066309599666,2.1117709689079316,0.011487078835354434,0.009741948119821653,0.009207223569301797,0.15900609024333437,482.4573110848862,0.011487078835354434,0.0073619618964299175,0.00022685853331106664,391.2322972842612,0.009315276489541684,7.167770334755937e-08,0.011986935464396501,0.092917879451358,11484,191.4,17204,286.73333333333335,39741,662.35,0.00022685853331106664,0.7958488759011618,1.48570636165598,0.00023031129241898738,81.12094752170695,64.599609375,0.00010399372165389356,7.75179744563994e-05,4.8058614335837714e-05,0.45153548730344445,0.3365791301078585,0.20866807628524103,1,0,1.0
S9,150,210,60,30,1.6576045770445425e-06,0.01425408834347476,-0.08204681075704026,0.09184825443014719,0.17389506518718745,0.00040282265236201873,0.018225945438536853,0.014254088439855983,8.533519564551911,-0.20869750466215667,0.7129423759138214,0.011130325839738482,0.008904767484470655,0.009118518014850698,0.09184825443014719,467.47368526901624,0.011130325839738482,0.0072536033807098005,0.00020317903450358307,383.7176497437664,0.009136352049900388,-4.283238383807254e-08,0.011549890580542618,0.07798882679106828,11490,191.5,17330,288.8333333333333,39879,664.65,0.00020317903450358307,0.8102861650797841,1.484267171640138,0.0002038193629959342,82.61709194736036,66.30859375,9.052605070864253e-05,6.851544403416572e-05,4.432861356237396e-05,0.4441484330929263,0.3361576791677662,0.21748970711510973,1,0,1.0
S9,180,240,60,30,-1.342755903317906e-06,0.015104195602536443,-0.08204681075704026,0.10633455265946536,0.18838136341650563,0.00044981399010051554,0.019355071541057946,0.015104195662221629,9.581742517312337,-0.18747289822401675,0.7794537315780432,0.01180199882668918,0.009426003941093058,0.00970128352631578,0.10633455265946536,495.6839507209456,0.01180199882668918,0.00771928932120582,0.00022813672479968125,404.9844464543013,0.009642716408826432,-5.6040611766884126e-08,0.012226082547046897,0.0741133898711144,11358,189.3,17324,288.73333333333335,39882,664.7,0.00022813672479968125,0.8094494317190762,1.4823997809173033,0.00022657902075433605,83.39633217258952,66.8212890625,9.845494823575794e-05,7.802159494405762e-05,4.954744675665922e-05,0.43452808608660126,0.3443460682472056,0.2186762330938842,1,0,1.0
S9,210,270,60,30,2.071785162769439e-06,0.015008324117380772,-0.08546149400458036,0.10633455265946536,0.1917960466640457,0.000429781977570388,0.019140363809341393,0.015008324260377875,9.460491478395177,-0.1996633831835065,0.8589127895099007,0.011693073542549106,0.009408603947089344,0.009578573476992728,0.10633455265946536,491.10908878706243,0.011693073542549106,0.007623346277540296,0.00022524979281235332,401.11689382186216,0.009550629629797427,-7.643935057363127e-08,0.012139889387529258,0.0741133898711144,11393,189.88333333333333,17489,291.48333333333335,39813,663.55,0.00022524979281235332,0.80887707998459,1.488899066703752,0.0002249759387314352,82.89030901397906,66.30859375,9.758252660733126e-05,7.935963932058934e-05,4.7474305428505824e-05,0.433746502659648,0.3527472305175036,0.21101947922163458,1,0,1.0
S9,240,300,60,30,2.2383014681690157e-06,0.014642516020210218,-0.08546149400458036,0.059029742396657495,0.14449123640123784,0.0003799328171997815,0.018885589995343764,0.01464251619128715,9.004937777308466,-0.23876061430050521,0.5980295579047388,0.011466155292082798,0.009106621943945407,0.009444450984486843,0.08546149400458036,481.5785222674775,0.011466155292082798,0.00749811942589188,0.0002144032754021129,395.4880971845204,0.009416607471237896,-5.123602963713711e-08,0.011920779906631674,0.061797075838242656,11353,189.21666666666667,17492,291.53333333333336,39817,663.6166666666667,0.0002144032754021129,0.814121008314289,1.4829272390668051,0.0002142602882634594,83.58268560744838,67.5048828125,9.166703844481965e-05,7.542123496505434e-05,4.6549906763921915e-05,0.42783027684581354,0.3520075305430124,0.21725867701010032,1,0,1.0
S9,270,330,60,30,-1.143305688352953e-06,0.015034809292780255,-0.13339784731648333,0.09350986190469318,0.2269077092211765,0.00045728763407369396,0.01910364801866616,0.015034809336250973,9.493910654651614,-0.23634039057594652,1.0168936815409602,0.011708142240126408,0.009432120496600284,0.009586690421035523,0.13339784731648333,491.74197408530915,0.011708142240126408,0.0076402121888324405,0.00022604549047027152,407.81072609788555,0.009710010383530216,5.4584717899055495e-08,0.012455513748785452,0.11378317190121082,11412,190.2,17345,289.0833333333333,39849,664.15,0.00022604549047027152,0.8284450774355092,1.4626438043398353,0.00021201001132860792,83.76130962384549,67.8466796875,8.992488862759722e-05,7.471155533480943e-05,4.677239244563772e-05,0.4241539730320417,0.3523963555617626,0.22061407455491425,1,0,1.0
S9,300,360,60,30,1.1221566314809419e-06,0.014128416464509953,-0.13339784731648338,0.09350986190469321,0.2269077092211766,0.0005335744764777789,0.01766538341889498,0.014128416509073882,8.3837104282626,-0.2749248728441635,1.2993023432275894,0.010925263206433592,0.008958279797149665,0.00886961344654237,0.13339784731648338,458.8610546702108,0.010925263206433592,0.007063559483430102,0.00019961215179463591,389.435800981287,0.00927250174959611,3.3274301445868314e-08,0.011949910103688314,0.11378317190121086,11790,196.5,17753,295.8833333333333,39884,664.7333333333333,0.00019961215179463591,0.8458067564546979,1.4570460791290896,0.00020273831151523092,87.88956143983121,71.2646484375,8.097645939907867e-05,7.14373764746784e-05,4.98479522209752e-05,0.39941370130724024,0.35236249103964545,0.24587337168007498,1,0,1.0
S9,330,390,60,30,-3.461563088154055e-06,0.012513479807198474,-0.08035462469534665,0.06073274078107521,0.14108736547642187,0.0005022682625949704,0.01599094419264106,0.012513480285978916,6.576661932438485,-0.30931571860176027,0.6277269148893496,0.00976496767965352,0.007825125882879145,0.008020640295171588,0.08035462469534665,410.12864254544786,0.00976496767965352,0.006337212823768132,0.00015658717688516396,348.56290396149234,0.008299314363710859,-2.661341034036597e-08,0.010526663487466366,0.060434502692844325,11882,198.03333333333333,18031,300.51666666666665,39929,665.4833333333333,0.00015658717688516396,0.8412259139468802,1.474879066038465,0.00015466303332859998,86.49008308898205,69.7265625,6.511798190430504e-05,5.2469907487100347e-05,3.679766313191965e-05,0.4210313253455604,0.3392530610441462,0.23792151453371954,1,0,1.0
S9,360,420,60,30,9.15980732970169e-07,0.012475962614727807,-0.07688473158919774,0.050942069795907326,0.12782680138510508,0.000407137423502187,0.016046335118950903,0.012475962648353297,6.537285048130477,-0.24939001677588568,0.6164193611942999,0.009765967382123557,0.0077637313898927095,0.008040926584991406,0.07688473158919774,410.1706300491894,0.009765967382123557,0.006376428927358666,0.0001556496431640859,343.5532443986986,0.00818003391506223,6.896314083960676e-08,0.010326430140446763,0.05272579691429047,11749,195.81666666666666,17862,297.7,39918,665.3,0.0001556496431640859,0.827706082435392,1.4863107088237457,0.00014847864998839125,85.4085263153225,69.384765625,6.218430096270598e-05,5.243757513421002e-05,3.359870798633918e-05,0.4188097141748517,0.35316575910617337,0.22628645929206712,1,0,1.0
S9,390,450,60,30,-1.4816985420218727e-06,0.013799542813465474,-0.07688473158919774,0.07222725826262273,0.14911198985182048,0.000508876758424343,0.017450804891423435,0.013799542893012693,7.997950130356079,-0.26690680135300654,0.7178031164111025,0.010744696493111376,0.008659034664846726,0.008729860803824731,0.07688473158919774,451.27725271067777,0.010744696493111376,0.006981345220378129,0.00019042738186066658,368.97094536329143,0.008785231680832672,-7.773316142350553e-09,0.011137897700608088,0.05272579691429047,11458,190.96666666666667,17628,293.8,39862,664.3666666666667,0.00019042738186066658,0.8071207757506158,1.5033603441456092,0.00018951636257101104,82.34392807797363,64.94140625,8.550173071716135e-05,6.33710549290328e-05,4.0280944536504505e-05,0.4511575125083154,0.334383026717748,0.21254599861482354,1,0,1.0
S9,420,480,60,30,-6.203143279336357e-07,0.014712998374151194,-0.09058286591686181,0.07222725826262273,0.16281012417948454,0.0006016118473061095,0.01872316686290937,0.01471299838722772,9.091837504787751,-0.30735931738629263,0.7548250061755826,0.011471507660060172,0.009212862397091702,0.009397339203936832,0.09058286591686181,481.80332172252724,0.011471507660060172,0.007465701260042184,0.00021647232115777566,386.4185136665935,0.009200659864915677,2.4686639714033616e-08,0.011701823018531383,0.06258617577670356,11151,185.85,17327,288.78333333333336,39890,664.8333333333334,0.00021647232115777566,0.7953391090622256,1.5059076398341733,0.00021362807315392302,81.4508438149267,64.2578125,9.770119219494386e-05,7.031362952616927e-05,4.5146686385471116e-05,0.45734247729018424,0.32914040036071,0.21133311609725602,1,0,1.0
S9,450,510,60,30,2.136747482212114e-06,0.014913500903613026,-0.09058286591686181,0.09375022452593637,0.18433309044279816,0.0005228980600919816,0.018759954652465397,0.014913501056685393,9.341325578245765,-0.2887409058449288,1.1116808591114715,0.011543857811376772,0.00944202629727707,0.009407255334627074,0.09375022452593637,484.84202807782447,0.011543857811376772,0.007474881145176772,0.00022241250920206654,390.6922192394995,0.009302417182301946,-6.52667141040271e-08,0.01189835729934005,0.07324603868699028,11250,187.5,17480,291.3333333333333,39824,663.7333333333333,0.00022241250920206654,0.7978245601914631,1.5055862953725765,0.00022501700929554154,81.45701603983176,63.916015625,0.00010435800766894646,7.211253747744514e-05,4.8051546196612134e-05,0.46377830722956903,0.3204759395887765,0.21354628411001736,1,0,1.0
S9,480,540,60,30,-9.310640110891822e-07,0.013363739091393607,-0.14710649123267197,0.13120666586208973,0.2783131570947617,0.0004921742750942753,0.014906140534430222,0.013363739123827652,7.500759981528319,-0.30305907120066533,3.166729648705333,0.009863366894902822,0.00901684628161404,0.007468047061489482,0.14710649123267197,414.26140958591856,0.009863366894902822,0.006112292923825158,0.00017858952250284166,342.08974617987815,0.008145187889708758,-2.2531359714175195e-08,0.010752194402074582,0.09145042245111859,11840,197.33333333333334,17986,299.76666666666665,39609,660.15,0.00017858952250284166,0.8045797907712153,1.5134045852832319,0.0001835422622175694,81.71503883789647,63.0615234375,8.673983063184728e-05,5.5882897132480485e-05,4.050782414118582e-05,0.4725877821481062,0.3044688261836796,0.22070025536226745,1,0,1.0
S9,510,570,60,30,-1.7531746662297363e-06,0.009997197875467505,-0.14710649123267197,0.13120666586208973,0.2783131570947617,0.00039900801698242595,0.011345922409870448,0.00999719802919165,4.197646674264683,-0.3687484440072909,6.574229116429466,0.007318579535024541,0.006810459751323209,0.005699103671892193,0.14710649123267197,307.3803404710307,0.007318579535024541,0.00461478317479162,9.9943965361252e-05,267.17348258215554,0.00636142485730983,4.8371700956588673e-08,0.008347200968151218,0.09145042245111859,12532,208.86666666666667,18535,308.9166666666667,39825,663.75,9.9943965361252e-05,0.8349540613410008,1.510733247807568,0.00010162180128481047,84.11900511698184,64.7705078125,4.713988101966281e-05,2.9284664503807495e-05,2.4991827227056378e-05,0.46387566864265833,0.28817305079775934,0.24592977993976903,1,0,1.0
S9,540,600,60,30,2.393236114076158e-07,0.01039721587124267,-0.0980475310183972,0.08216156044306579,0.18020909146146297,0.00030667491320229747,0.0116637466945699,0.010397215873997051,4.540288113080843,-0.3928696664427289,4.6143850985402475,0.0075819937836164265,0.007114454876917707,0.005834985893342361,0.0980475310183972,318.4437389118899,0.0075819937836164265,0.004723057500730105,0.00010810209787322046,281.20092984751506,0.006695419649218197,4.168380342033424e-08,0.008825508592657284,0.08042078591643506,12872,214.53333333333333,18965,316.0833333333333,39781,663.0166666666667,0.00010810209787322046,0.8488338322442144,1.5054663605918313,0.0001036605675657167,86.9696604851905,67.333984375,4.475276568709799e-05,3.1778873311094176e-05,2.6931659342945862e-05,0.4317241043343363,0.30656665362118174,0.25980621151695177,1,0,1.0
S9,570,630,60,30,-1.0275621480484238e-06,0.012570966601461937,-0.0992966692396711,0.08216156044306579,0.1814582296827369,0.0004671422963127052,0.014133065214360288,0.012570966643458865,6.637226498740128,-0.42354714318793285,2.740475618336088,0.009301222083786507,0.008456741103938186,0.007068015736337971,0.0992966692396711,390.65132751903326,0.009301222083786507,0.005769670784058593,0.00015802920129507147,334.7938535285216,0.00797147202382251,-5.994913467691506e-09,0.010375173676432717,0.08042078591643506,12544,209.06666666666666,18865,314.4166666666667,39676,661.2666666666667,0.00015802920129507147,0.8253282349207849,1.5280723711247997,0.00015581349114504966,83.67551369384796,64.4287109375,7.104903888545795e-05,4.856871129433067e-05,3.5883038837186974e-05,0.4559877220087257,0.3117105645820949,0.23029481319934478,1,0,1.0
S9,600,660,60,30,5.06141739355036e-07,0.012038154210322302,-0.0992966692396711,0.059011159482966674,0.15830782872263777,0.0006419960396184958,0.014492224479022731,0.012038154220962615,6.086520596002561,-0.41814402768312103,1.5387961856870342,0.009171340399813505,0.007797670954742108,0.007263087617498021,0.0992966692396711,385.19629679216723,0.009171340399813505,0.005861111368644162,0.00014491715679150057,327.57871376051787,0.0077996788914145064,-9.435441042464919e-08,0.009934736821497583,0.053826585714506325,12279,204.65,18667,311.1166666666667,39810,663.5,0.00014491715679150057,0.8252707722400572,1.5328511440729629,0.0001470577782039677,83.46357070623927,64.2578125,6.773755540379376e-05,4.5456831109863426e-05,3.364492984982762e-05,0.4606186509212891,0.30910864875719285,0.2287871492466208,1,0,1.0
S9,630,690,60,30,-1.5746820769310037e-06,0.010643995099100675,-0.086113319831498,0.056864446511698405,0.14297776634319642,0.00044846244954046557,0.01277378347502216,0.010643995215580607,4.758374634270719,-0.3987807578421468,1.9988283383252403,0.008062443344824189,0.006949218766221349,0.006407713661714703,0.086113319831498,338.62262048261596,0.008062443344824189,0.0051463248122472684,0.0001132946316696792,298.2379712597419,0.00710107315078316,2.7623282271234434e-08,0.009037616257440307,0.05044264142988887,12951,215.85,19033,317.21666666666664,39938,665.6333333333333,0.0001132946316696792,0.8490812118284333,1.5148671156327707,0.00011055345434330871,86.20645427425484,67.67578125,4.9483796910307946e-05,3.272937354885977e-05,2.8171208725471384e-05,0.447600639927928,0.2960502115765931,0.25481979638546187,1,0,1.0
S9,660,720,60,30,8.808664957714277e-08,0.012704908526156904,-0.08676521876796836,0.0653419063789892,0.15210712514695757,0.0004947552117352133,0.014659162009830601,0.012704908526462269,6.7794174279624935,-0.420852195920092,2.031999987576004,0.009500443662524827,0.008435417647097591,0.007349563192595158,0.08676521876796836,399.0186338260428,0.009500443662524827,0.0059458513555957805,0.00016141470065801438,330.06518627845145,0.007858882027630455,-9.315152208067632e-10,0.010198891177008777,0.06731562843516517,12137,202.28333333333333,18051,300.85,39666,661.1,0.00016141470065801438,0.8027520352477366,1.5174892384233543,0.00015410844306289502,81.69757827618136,64.7705078125,7.046716270444803e-05,4.986197976606382e-05,3.3457095631450975e-05,0.4572569893246462,0.32355125244964067,0.21710099048756468,1,0,1.0
S9,690,750,60,30,6.213258638527834e-07,0.016043550736848378,-0.08723240183128733,0.0803434566370291,0.16757585846831644,0.0008962839577835418,0.019748084171900365,0.01604355074887956,10.810611866538704,-0.38544677540393485,0.9612225329723865,0.012360731713360933,0.010227797032703927,0.009947567872301829,0.08723240183128733,519.1507319611592,0.012360731713360933,0.007930308994846988,0.0002573955202458281,406.43353176596827,0.00967721926155309,3.312080591059652e-08,0.012483217476189266,0.06731562843516517,10868,181.13333333333333,16771,279.51666666666665,39586,659.7666666666667,0.0002573955202458281,0.7780832111882916,1.496079501296458,0.00025728123394097623,79.52018553911587,64.599609375,0.00011698833535504098,9.028581718264715e-05,4.944611723173485e-05,0.4547099435238237,0.35092266855094423,0.192187033909665,1,0,1.0
S9,720,780,60,30,2.8221414058631527e-07,0.016273535300938256,-0.08723240183128733,0.0803434566370291,0.16757585846831644,0.0008418026074761538,0.0203748064703223,0.01627353530338532,11.12277395336219,-0.37505490117480345,0.7732705416670598,0.012611443447342718,0.010284913487482755,0.010259487678083323,0.08723240183128733,529.6806247883942,0.012611443447342718,0.008097338589317115,0.0002648279511908835,425.1922714279297,0.01012386655463058,-3.193643446598289e-08,0.012923573671283313,0.0631396510601123,11240,187.33333333333334,16976,282.93333333333334,39752,662.5333333333333,0.0002648279511908835,0.7941466578892787,1.4839087875086479,0.0002638790879956652,81.29705206762017,65.7958984375,0.00011811508232264633,9.107451410922938e-05,5.410132589386866e-05,0.44761062053006123,0.34513729299657686,0.205023165362605,1,0,1.0
S9,750,810,60,30,2.0318808805813353e-06,0.014883913429291571,-0.10558178720602489,0.06692250435698952,0.1725042915630144,0.0006870926006875421,0.018932449081484073,0.014883913567982915,9.304297090165807,-0.3592826012177024,0.6976837679832522,0.01160314097493352,0.009321909815858802,0.009488745551533232,0.10558178720602489,487.33192094720783,0.01160314097493352,0.007510270971338302,0.00022153087897064597,400.37920408994637,0.009533065170359923,5.774330871916706e-09,0.012118491145570495,0.0631396510601123,11483,191.38333333333333,17283,288.05,39826,663.7666666666667,0.00022153087897064597,0.8142005933547881,1.4771874881140765,0.00022032388001676792,83.60071239544848,67.1630859375,9.537552835095999e-05,7.545456855555135e-05,4.898595445819464e-05,0.43288783922878155,0.34247113181652766,0.22233611015958202,1,0,1.0
S9,780,840,60,30,2.4383768293198108e-06,0.014738728615201384,-0.10558178720602489,0.06403372052774484,0.1696155077337697,0.0007659963748938383,0.018889405680376545,0.014738728816904044,9.123665339805981,-0.33922956541205823,0.6598972278722686,0.0115179691753691,0.00919600528563816,0.009448076900116014,0.10558178720602489,483.7547053655022,0.0115179691753691,0.007481275968568995,0.00021723012119255613,401.15293997236256,0.00955148789191082,6.941595811385471e-08,0.012127809274586648,0.07977990061752616,11514,191.9,17561,292.68333333333334,39887,664.7833333333333,0.00021723012119255613,0.8228531504459714,1.481479247761094,0.0002158309754725579,84.2805998788214,67.5048828125,9.324921977529516e-05,7.249019130698245e-05,4.9570406090851174e-05,0.43204743698687237,0.33586555937240486,0.22967234421434501,1,0,1.0
S9,810,870,60,30,1.5276607666737277e-06,0.01534142339977487,-0.1284696882220733,0.15359204797713016,0.2820617361992035,0.000716409602944308,0.019057088226790347,0.0153414234758352,9.885089519126108,-0.31881153564662074,1.7649096386932843,0.011776187412133616,0.009832633640038316,0.009526865630691165,0.15359204797713016,494.59987130961184,0.011776187412133616,0.007551085825881614,0.00023535927193115992,413.0352143213945,0.009834405922078966,1.3329426170117662e-07,0.01276009242231985,0.15965221739651853,11625,193.75,17859,297.65,39813,663.55,0.00023535927193115992,0.8317411031434736,1.4787129717229006,0.0002188004178205313,84.67420679503195,67.67578125,9.523347769231237e-05,7.273717395788667e-05,5.038964614923531e-05,0.4352527231937309,0.3324361748593577,0.23029958832421826,1,0,1.0
S9,840,900,60,30,1.2103822707168147e-06,0.014642632594629754,-0.15794054688117848,0.15351378293901205,0.3114543298201905,0.0004664282304764444,0.01528329620815861,0.014642632644655774,9.005081012186235,-0.5165270409920082,6.449413809101101,0.010425923654822146,0.010281381556491276,0.00765067810460158,0.15794054688117848,437.8887935025301,0.010425923654822146,0.0063177274147571474,0.0002144066893013137,374.54077681186163,0.008917849872898441,-2.5578946764246958e-09,0.012169648543227066,0.1597894409660845,12309,205.15,18587,309.78333333333336,39483,658.05,0.0002144066893013137,0.8311106943767976,1.486380999298685,0.0002202128946388416,85.49065763751793,68.5302734375,9.272965877108765e-05,7.631667895678342e-05,5.0914620229095704e-05,0.421090958016642,0.34655862946602645,0.23120635289135916,1,0,1.0
S9,870,930,60,30,4.7001676592678103e-07,0.014441315403705662,-0.15794054688117848,0.10272633874611131,0.2606668856272898,0.00043633269023679805,0.014808284914389382,0.014441315411354403,8.759166814029333,-0.5508126399564928,6.083037653740245,0.010237941409320356,0.0101850943299287,0.0074237704272567635,0.15794054688117848,429.99353919145494,0.010237941409320356,0.0061395467174229675,0.00020855159058930645,375.72828796910227,0.008946124621279132,-4.593142939967861e-08,0.012128630634869882,0.104674761208463,12773,212.88333333333333,18847,314.1166666666667,39551,659.1833333333333,0.00020855159058930645,0.8398563632061978,1.47785265800406,0.00019063084952584524,87.43496858320792,69.8974609375,7.67901538710903e-05,6.663844555828973e-05,4.679363481055113e-05,0.4028212330904987,0.34956800394080534,0.24546727314566663,1,0,1.0
S9,900,960,60,30,-3.0244996682397616e-06,0.015898589642450413,-0.10785056193552704,0.09988583264345575,0.2077363945789828,0.0007002819413086717,0.018499961648727293,0.01589858993013625,10.616136794198452,-0.30018096723044807,1.7200069107835656,0.01197654327084241,0.010455982643839325,0.00925797381461782,0.10785056193552704,503.0148173753812,0.01197654327084241,0.007479546456162698,0.0002527651526190315,427.4255021904558,0.010177039981677082,1.438256670549726e-08,0.013286839917561927,0.0810281783344288,12106,201.76666666666668,18001,300.01666666666665,39781,663.0166666666667,0.0002527651526190315,0.8357244394864485,1.4596963243362249,0.000264103551690007,86.18076234809025,69.7265625,0.00010750458006193626,9.35006735498886e-05,6.245224230649416e-05,0.40705465478980135,0.3540303526839182,0.23646877108187403,1,0,1.0
S9,930,990,60,30,6.747357753591467e-07,0.013791210280540853,-0.1010196462131542,0.09988583264345575,0.20090547885660995,0.000702734115921917,0.015912014609974476,0.013791210297046596,7.988294221209291,-0.30249953392377443,2.2909275115470464,0.010314198411939354,0.009155041921067962,0.007998575225825626,0.1010196462131542,433.1963333014529,0.010314198411939354,0.006478243980555851,0.00019019748100209568,367.0244130771773,0.008738884570517805,-6.4498794276434904e-09,0.011496459513745134,0.07931391561764095,11886,198.1,17854,297.56666666666666,39732,662.2,0.00019019748100209568,0.8336077312929112,1.4612971742563503,0.0001931454051972083,85.60195500982884,69.384765625,8.087333991072302e-05,6.588233520164567e-05,4.594364375846479e-05,0.41871738977247985,0.341102265075255,0.23787075706799604,1,0,1.0
S9,960,1020,60,30,-4.610660933491983e-07,0.011089874778690443,-0.07373003392333317,0.05952936487508629,0.13325939879841947,0.0004950613551061231,0.013782368164565666,0.01108987478827495,5.165383558423887,-0.28028850179967835,0.9727032096673627,0.008566842330016635,0.007042338767217285,0.006910609565003647,0.07373003392333317,359.8073778606987,0.008566842330016635,0.005536845533764963,0.0001229853226070344,310.04719883161704,0.0073822519305606574,-1.0053631468357364e-08,0.009426870972645314,0.05095712856568087,12088,201.46666666666667,18165,302.75,39917,665.2833333333333,0.0001229853226070344,0.8500430492469901,1.4745499030077915,0.0001237339609071883,87.1098413212019,70.41015625,5.216744874646623e-05,4.0295234667128726e-05,3.096929746452248e-05,0.4216097857369696,0.3256602663625535,0.25028938892332286,1,0,1.0
S9,990,1050,60,30,4.4783620768563296e-07,0.011083306823898886,-0.06632944451942846,0.05952936487508629,0.12585880939451474,0.0003654499272663158,0.013461738518480162,0.011083306832946603,5.159266994836116,-0.20639565301453097,1.208739510814592,0.008483522028886366,0.007132288856926692,0.006734897420611092,0.06632944451942846,356.30792521322735,0.008483522028886366,0.00543909419978433,0.0001228396901526836,307.32809875374005,0.0073175099110393115,1.4647832289598312e-08,0.009386489390281236,0.05095712856568087,12226,203.76666666666668,18347,305.78333333333336,39886,664.7666666666667,0.0001228396901526836,0.8469033240188921,1.483189455089862,0.00011920539311310699,86.84337060802734,69.8974609375,5.145447393685211e-05,3.768898069869704e-05,2.9800330765010497e-05,0.43164552033337944,0.3161684191833182,0.24999146420107615,1,0,1.0
S9,1020,1080,60,30,1.3142153698968874e-06,0.01139053295658015,-0.08836635985296927,0.07761460501343936,0.16598096486640862,0.00033790690638389937,0.013539097412850327,0.01139053303239583,5.449258196008224,-0.14319709842124068,2.221051646279804,0.00858079135579346,0.007490945365602449,0.006790604436543336,0.08836635985296927,360.3932369433253,0.00858079135579346,0.005454685883655527,0.00012974424103493853,307.56741580797654,0.007323208071810675,-9.681908996886685e-08,0.009479048944799997,0.0702595209540807,12115,201.91666666666666,18176,302.93333333333334,39810,663.5,0.00012974424103493853,0.8321866045191576,1.484584247040614,0.00013191580672561852,84.83938373028252,68.1884765625,5.662651891548806e-05,4.505254952815513e-05,3.0003118769786948e-05,0.42926257528235234,0.3415250275644622,0.22744142278713167,1,0,1.0
S9,1050,1110,60,30,2.5741616387921772e-06,0.01060024828708404,-0.08836635985296927,0.07761460501343936,0.16598096486640862,0.00033356111781013265,0.012447377540187009,0.01060024859963842,4.719341355713723,-0.17297875158065687,2.7725778966589516,0.007922101390008908,0.007043122882681742,0.006237072755314342,0.08836635985296927,332.72825838037414,0.007922101390008908,0.004989638391491037,0.00011236526374782811,284.45349852267384,0.006772863604435197,1.280807453043531e-08,0.008801851347775684,0.0702595209540807,12091,201.51666666666668,18023,300.3833333333333,39747,662.45,0.00011236526374782811,0.830343885293741,1.4834472878273504,0.00011188526691591365,84.75734529127583,68.5302734375,4.8024374943872065e-05,3.780854126339511e-05,2.5822680138832333e-05,0.4292287650344915,0.3379224298746123,0.23079607217846773,1,0,1.0
S9,1080,1140,60,30,5.448075524475433e-07,0.009092117514064869,-0.05445089963570986,0.0457967044840881,0.10024760411979795,0.0003733028809980135,0.011377475595685079,0.00909211753038754,3.471997249827978,-0.264361699878179,1.0185278396543316,0.00702739486575828,0.005769083340279857,0.005693106385352106,0.05445089963570986,295.1505843618478,0.00702739486575828,0.0045490861436390155,8.266660088956514e-05,259.1816268609874,0.006171138047596072,1.6213126226774812e-08,0.007843840346433902,0.041237860353272066,12405,206.75,18322,305.3666666666667,39928,665.4666666666667,8.266660088956514e-05,0.8627077613438267,1.476249798799688,8.205081407537519e-05,88.09808935356111,71.77734375,3.396127684276564e-05,2.6346227662952636e-05,2.1579520581560594e-05,0.41390542221272103,0.32109648100200355,0.2630019071076708,1,0,1.0
S9,1110,1170,60,30,1.2240282531274799e-06,0.009924367331744061,-0.06597693183206044,0.05560274590118434,0.12157967773324477,0.00029766164459986183,0.012344076923812262,0.009924367407227219,4.136708874212624,-0.15685510106180506,1.057049387156133,0.007655051270091304,0.0063161110254576274,0.006165124494286975,0.06597693183206044,321.51215334383477,0.007655051270091304,0.004964577812785733,9.849306693538873e-05,281.6557300650867,0.006706248483656437,-9.426766444199587e-08,0.008549650390091484,0.05052122268024445,12411,206.85,18436,307.26666666666665,39964,666.0666666666667,9.849306693538873e-05,0.8614806470075518,1.4772802924530803,9.590139098113916e-05,88.12447649887977,71.2646484375,3.9486790784078784e-05,3.1536493630842566e-05,2.4710165436786282e-05,0.4117436710781871,0.32884292196601006,0.25766222141288864,1,0,1.0
S9,1140,1200,60,30,-1.448879528066345e-06,0.012582967102729156,-0.2651051741785607,0.1736867244187771,0.4387918985973378,0.000311134550304187,0.014217444938969929,0.012582967186145563,6.649904654719872,-0.589217476891592,19.53925794677672,0.009136067576109482,0.008652359935438251,0.007112588063151358,0.2651051741785607,383.7148381965983,0.009136067576109482,0.005771717105238299,0.00015833106110836414,330.4348000711982,0.007867682565565803,-5.992894137177345e-08,0.010412256820912088,0.13194387628859205,12226,203.76666666666668,18239,303.98333333333335,39705,661.75,0.00015833106110836414,0.827488201781418,1.4967948074313664,0.00014962125697742535,84.94273868814919,67.333984375,6.43561884470253e-05,5.022972381077035e-05,3.468227199635928e-05,0.4301273077577157,0.33571248381069907,0.23180043195060238,1,0,1.0
S9,1170,1230,60,30,5.633682020995943e-07,0.01685476306768439,-0.2651051741785607,0.1736867244187771,0.4387918985973378,0.0005842843546630834,0.018807890155888657,0.016854763077099648,11.931487612176785,-0.5127757780860577,7.787031067795935,0.012325192375930409,0.011496637390187985,0.009426654517669542,0.2651051741785607,517.6580797890772,0.012325192375930409,0.007665512791007794,0.0002840830380677778,420.81044563871586,0.010019534885085737,6.744883516514745e-08,0.01330219840004517,0.13194387628859205,11510,191.83333333333334,17480,291.3333333333333,39526,658.7666666666667,0.0002840830380677778,0.7892248824042772,1.5022696727194975,0.0002851271814820925,80.7423145596333,63.916015625,0.00012831275072259216,9.917717436415087e-05,5.6617261850711134e-05,0.45001935646970537,0.34783486389697194,0.19856844779376812,1,0,1.0
S9,1200,1260,60,30,9.68226792513629e-07,0.01745320562900313,-0.1569688164186256,0.11711594041132609,0.2740847568299517,0.0007652575537320985,0.021117593296422904,0.017453205655859606,12.793804281960647,-0.3884751371451339,1.885564900962355,0.01329416773333412,0.011308381490899022,0.010560190093448232,0.1569688164186256,558.355044800033,0.01329416773333412,0.008490844127063924,0.0003046143867282665,450.24735505234605,0.010720430368636064,-1.5618865290852167e-08,0.01389018883353739,0.10475323281771567,11255,187.58333333333334,17270,287.8333333333333,39665,661.0833333333334,0.0003046143867282665,0.7958531589437734,1.4855663403247041,0.00031044995062868506,81.84681128615958,65.966796875,0.00013433128074575806,0.00011236517899148578,6.282200834695487e-05,0.4326986700230645,0.36194297587723123,0.2023579266794389,1,0,0.9207619047619048
S9,1860,1920,60,30,-1.306007227953997e-06,0.01696945876953348,-0.10546231619556043,0.12472458100055803,0.23018689719611846,0.0003139736091022345,0.021177031467999194,0.016969458819790086,12.094426370735164,-0.05785770952208733,1.4341222549250388,0.013097785270487857,0.010789372254433658,0.010603382599222798,0.12472458100055803,550.10698136049,0.013097785270487857,0.008502564308989867,0.00028796253093089664,450.9851457984537,0.01073799723323064,-5.14808035316841e-09,0.013772385256453547,0.09889467090166812,11398,189.96666666666667,17589,293.15,39870,664.5,0.00028796253093089664,0.8115983805671002,1.496449385245975,0.0002803242934857487,82.79739398037086,64.7705078125,0.0001268917367239551,9.144409025829793e-05,6.128359087187362e-05,0.4526605066799396,0.32620822519952886,0.2186167674225823,2,1,0.7959047619047619
S9,1890,1950,60,30,-6.795878903405363e-07,0.015359331583671015,-0.08843440852462872,0.10609337173908935,0.1945277802637181,0.0003565844760683168,0.019319571699016314,0.015359331598705514,9.908180820677735,-0.16713854381142873,0.9189842408999205,0.011920074686748394,0.009686118243204233,0.009661439240136158,0.10609337173908935,500.64313684343256,0.011920074686748394,0.007711697108618314,0.00023590906669715398,412.71186483228126,0.009826706941410064,-5.903907742350414e-08,0.012513441821887333,0.06858964960026773,11563,192.71666666666667,17763,296.05,39870,664.5,0.00023590906669715398,0.8147126555423,1.4996855244550014,0.00023790786866630781,82.8091570592602,64.94140625,0.00010870313196159463,7.549092500499862e-05,5.310650959412667e-05,0.4569127224373685,0.31731159388798114,0.22322300599739492,2,1,1.0
S9,1920,1980,60,30,2.5156416717624107e-06,0.014660403711121074,-0.09115858163566899,0.07510419143112272,0.1662627730667917,0.000498852238299314,0.018384880114376174,0.014660403926955954,9.026952618663232,-0.2350285195883681,0.9372420558939352,0.011350195141681738,0.00927903624021643,0.009197365412067197,0.09115858163566899,476.708195950633,0.011350195141681738,0.00732105619133972,0.00021492743697305256,391.84149131999663,0.009329781454796463,-3.067042568520972e-08,0.01187178466186529,0.07775933148418471,11500,191.66666666666666,17757,295.95,39857,664.2833333333333,0.00021492743697305256,0.8097856577346232,1.50804972262862,0.00021797033985427276,81.68107492285432,63.0615234375,0.00010265017310681063,6.77209142342191e-05,4.704729637326352e-05,0.4709364272929927,0.3106886665382772,0.2158426527421927,2,1,1.0
S9,1950,2010,60,30,4.6942838180224914e-07,0.014132632259825764,-0.09115858163566899,0.07510419143112272,0.1662627730667917,0.0005922238037247306,0.01772091226471051,0.01413263226762201,8.388714382096897,-0.2402590727190852,0.8768971201538016,0.01094051500412978,0.008946307967884965,0.008858193655748393,0.09115858163566899,459.50163017345074,0.01094051500412978,0.007082328384792574,0.0001997312945914679,379.2935675071698,0.009031014250510007,1.199414512949265e-08,0.011520703046643871,0.07775933148418471,11531,192.18333333333334,17688,294.8,39800,663.3333333333334,0.0001997312945914679,0.8151845201118894,1.4999961283433658,0.00020176105378129374,82.86746516045228,64.94140625,9.253673603915353e-05,6.341834120017252e-05,4.5316731997482774e-05,0.45864518600037696,0.31432399866882704,0.22460594425029867,2,1,1.0
S9,1980,2040,60,30,2.6227147083113484e-06,0.012907139080333871,-0.07286994921377565,0.06000838267591035,0.132878331889686,0.0004729069000514504,0.01610809559736467,0.012907139346800062,6.996958336944002,-0.24127515453043677,0.8757532002985218,0.009983877506127892,0.008180246699235167,0.008067271854671383,0.07286994921377565,419.3228552573715,0.009983877506127892,0.006448047645508401,0.0001665942392390819,352.1546976303036,0.008384835296800008,-1.9565356584043803e-08,0.010673568380297305,0.06819586884456294,11846,197.43333333333334,17859,297.65,39909,665.15,0.0001665942392390819,0.8269507529023394,1.4890383166445615,0.00016451946387231335,84.62386078205606,68.1884765625,7.200617246453468e-05,5.344394046114484e-05,3.874703057834155e-05,0.4376757057780107,0.3248487394939707,0.23551639220277212,2,1,1.0
S9,2010,2070,60,30,-4.6101261403050607e-08,0.012871629904108837,-0.09329206378869961,0.06000838267591035,0.15330044646460997,0.00035845285293454937,0.01599118309844061,0.012871629904191394,6.9585119683999155,-0.22876746900244663,1.023720716090244,0.009936656409836752,0.008181791722069462,0.00801042933757161,0.09329206378869961,417.3395692131436,0.009936656409836752,0.006398082477305043,0.00016567885638834888,359.72472777977515,0.008565078401385156,9.34135633308546e-09,0.010898189676234318,0.06819586884456294,12118,201.96666666666667,18327,305.45,39943,665.7166666666667,0.00016567885638834888,0.8466829575915196,1.4831697055923325,0.00016547548354972717,85.86993196153483,68.8720703125,7.271150243323663e-05,5.1891788235448045e-05,4.056921256181736e-05,0.4394095177935289,0.31359200240592744,0.24516751177600202,2,1,1.0
S9,2040,2100,60,30,2.710988001195323e-06,0.01437637286611812,-0.09329206378869961,0.09424403748113942,0.18753610126983905,0.00046138880486409645,0.017678201500683093,0.014376373121726954,8.680564373674756,-0.2185044179886154,1.1473265439052884,0.011061954745951674,0.00918222529312097,0.008836377418474872,0.09424403748113942,464.6020993299703,0.011061954745951674,0.0070992902803666234,0.00020668009678565734,404.7638393073019,0.009637463732643679,1.192732291571454e-08,0.01231761468302873,0.09466449078181162,12160,202.66666666666666,18531,308.85,39897,664.95,0.00020668009678565734,0.8567957159805294,1.479883346451203,0.00020197028121822714,87.2860559867672,68.359375,8.854533127739271e-05,6.165032968782119e-05,5.144328810084606e-05,0.43840772386567234,0.3052445603183002,0.2547072162822907,2,1,1.0
S9,2070,2130,60,30,-1.168447668370182e-07,0.014904299678269584,-0.09740268691632753,0.09424403748113942,0.19164672439746694,0.0004396519776905428,0.017605575154500463,0.014904299678727596,9.32980225435942,-0.1835954495518635,1.589842609791476,0.011279340249929243,0.009742414097114002,0.00880528507251975,0.09740268691632753,473.7322904970282,0.011279340249929243,0.0071214871872072065,0.00022213814889966683,408.6781746450896,0.009730664412130994,2.5829135498166645e-08,0.012593458237228681,0.09466449078181162,12182,203.03333333333333,18543,309.05,39814,663.5666666666667,0.00022213814889966683,0.8449547116655135,1.4962691468424258,0.00022600555772302162,86.0363714946033,66.650390625,0.00010176601626970985,6.758835739470242e-05,5.621303074297442e-05,0.4502810342143354,0.2990561739969887,0.24872410797908617,2,1,1.0
S9,2100,2160,60,30,4.404289200757239e-08,0.017089642809330733,-0.13340553161790333,0.16581008172587355,0.2992156133437769,0.00033854153979252246,0.018709778028364103,0.01708964280938749,12.266347436802878,-0.06081504418266894,3.441914786255503,0.012489619176943566,0.01166470334673681,0.009371437257974383,0.16581008172587355,524.5640054316298,0.012489619176943566,0.007642916657679428,0.00029205589135050967,434.5822547972286,0.010347442910479501,3.2653109819514296e-08,0.013685577218553173,0.10574050027977273,11955,199.25,18505,308.4166666666667,39576,659.6,0.00029205589135050967,0.8008111913890333,1.5481984390418235,0.00030220768186140645,79.98471903564368,60.6689453125,0.00014927024933420027,9.0471437397067e-05,6.184179439958041e-05,0.4939326770742252,0.2993684238594489,0.204633429629169,2,1,1.0
S9,2130,2190,60,30,2.340471519862697e-06,0.015538350025006944,-0.13340553161790333,0.16581008172587355,0.2992156133437769,0.0003327259833778446,0.015819517568467577,0.015538350201274273,10.14049373305249,-0.055243773230608875,5.00566356693388,0.011001776395924028,0.010972750025017844,0.007911012267133337,0.16581008172587355,462.0746086288092,0.011001776395924028,0.00651800539063196,0.00024144032149963328,398.37367824895455,0.00948531341815173,9.376900555620478e-09,0.01272249131327162,0.10574050027977273,12731,212.18333333333334,18936,315.6,39569,659.4833333333333,0.00024144032149963328,0.8187800694923485,1.5337442502938452,0.00024577181185267676,82.62275754949505,62.7197265625,0.00011696131671852266,7.38860563890782e-05,5.4450252485552684e-05,0.4758939433975158,0.30062868411194277,0.22154799639183947,2,1,1.0
S9,2160,2220,60,30,-3.7857546335088186e-07,0.009905737945414491,-0.06929590962976197,0.0642796533393833,0.13357556296914527,0.000232961863436625,0.011908136406169424,0.009905737952648652,4.121193064234844,-0.22989969778822308,1.6733968528576044,0.0075160254212226964,0.006452364392536901,0.005961980256178326,0.06929590962976197,315.67306769135325,0.0075160254212226964,0.004767351469191183,9.812364424322452e-05,302.3031479891848,0.007197865377489579,4.077922472417342e-08,0.009237363481696698,0.059166617809950445,13758,229.3,19593,326.55,40130,668.8333333333334,9.812364424322452e-05,0.9325265348830276,1.4281202045814725,9.306341158142657e-05,96.51876345116715,81.5185546875,3.569818636265279e-05,2.6191801683137972e-05,3.101991853282929e-05,0.38358991741258464,0.28144037745941913,0.33332023838056013,2,1,1.0
S9,2190,2250,60,30,-1.2158018572388255e-06,0.011030387539238873,-0.06929593121013564,0.07312668530222045,0.1424226165123561,9.919699679740044e-05,0.013059023411933738,0.011030387606243506,5.110116931246754,-0.07687310227468536,1.884702705844167,0.008309242146185818,0.007254374245930496,0.006529554352866581,0.07312668530222045,348.98817013980437,0.008309242146185818,0.0052513313927101835,0.00012166944926579619,322.8298740769778,0.00768660858775156,2.6392896373915535e-08,0.009891155216579253,0.05781854713375816,13311,221.85,19236,320.6,40005,666.75,0.00012166944926579619,0.8967187400617631,1.4526470032786225,0.00011966680267392243,92.40796407079434,75.537109375,4.768661072483962e-05,3.6671415792093655e-05,3.5054564249813756e-05,0.39849490133683835,0.30644602323017545,0.29293474436125116,2,1,1.0
S9,2220,2280,60,30,-3.2367883371621988e-06,0.010964082494008506,-0.06815624052084565,0.07312668530222045,0.14128292582306612,6.575113269506838e-05,0.013141704670406394,0.010964082971786675,5.048866847313346,-0.05793286800192943,1.844710536500651,0.008293350543064522,0.007171572504135613,0.006566050681870676,0.07312668530222045,348.3207228087099,0.008293350543064522,0.0052843193501079955,0.0001202111049354238,318.44556640316637,0.007582217824309302,-8.37839465221703e-08,0.009759326564905146,0.05905908359511408,13101,218.35,18926,315.43333333333334,39903,665.05,0.0001202111049354238,0.8901179437712441,1.4471968522137166,0.00012152257818303302,91.84015491628686,75.7080078125,4.743051755106185e-05,3.9312529344630214e-05,3.4502637025562755e-05,0.3903021007308097,0.32349979676549545,0.28391956080454533,2,1,1.0
S9,2250,2310,60,30,-5.121739760396896e-07,0.00924957930170666,-0.0590866846240887,0.06854121318677002,0.1276278978108587,8.645352994927414e-05,0.011551740377849536,0.009249579315886882,3.593298135877063,-0.15165413547336812,1.287909825291715,0.007129787403403898,0.005892439995718712,0.005762124548993081,0.06854121318677002,299.4510709429637,0.007129787403403898,0.004624663224375051,8.555471725856027e-05,283.6763809972804,0.006754360365658239,3.378924055995651e-09,0.008552057426790731,0.05905908359511408,13637,227.28333333333333,19276,321.26666666666665,40083,668.05,8.555471725856027e-05,0.924588799969829,1.4240581126629874,8.478530486980771e-05,95.76491254973361,80.8349609375,3.066279016190434e-05,2.7265036070180687e-05,2.670138378522499e-05,0.36165217792150023,0.3215773784389592,0.3149293834140995,2,1,1.0
S9,2280,2340,60,30,1.8134566855072651e-06,0.008853880816766399,-0.05205056179321477,0.04020837534743385,0.09225893714064862,0.0001021086459275706,0.011283839714280368,0.008853881002482989,3.2924307698574253,-0.1407093124283627,0.8995943511181701,0.006882625054137442,0.0055696212770967425,0.005640210150080381,0.05205056179321477,289.07025227377255,0.006882625054137442,0.004478033698841353,7.839120551750403e-05,274.89947062676515,0.006545381333526159,-1.9909467591967335e-08,0.008239201822709295,0.0388070781391113,13649,227.48333333333332,19282,321.3666666666667,40199,669.9833333333333,7.839120551750403e-05,0.9305751899333116,1.421306270479563,7.736225405233899e-05,96.14466126745417,80.8349609375,2.8140633016816203e-05,2.473848748498326e-05,2.432372952596376e-05,0.36375146202148945,0.31977464705522385,0.31441340255556255,2,1,1.0
S9,2310,2370,60,30,9.469864105810775e-07,0.008956946863624329,-0.053454496911531584,0.040646699205454384,0.09410119611698597,0.00016692930201227826,0.011400653670778638,0.008956946913685095,3.3695297166120635,-0.16557249871130775,1.0749294325756171,0.006946855331654776,0.00565403387110765,0.005704438669149994,0.053454496911531584,291.76792392950057,0.006946855331654776,0.004517568180183739,8.022689711778968e-05,271.0408793431026,0.006453507925024467,7.48226439419617e-09,0.008149462574173162,0.0388070781391113,13265,221.08333333333334,18871,314.51666666666665,40097,668.2833333333333,8.022689711778968e-05,0.9098482661842625,1.4310929166473938,7.905746216631731e-05,94.0273418668039,79.296875,2.902961552245642e-05,2.5680439845997516e-05,2.4191097098745855e-05,0.36719640027636224,0.3248325855941623,0.3059938484725677,2,1,1.0
S9,2340,2400,60,30,-3.32026058179523e-07,0.008979464386620938,-0.05579859331340639,0.04405091531760406,0.09984950863101044,8.271432810646605e-05,0.011321533160853523,0.008979464392759462,3.3864927927950723,-0.1562214316038498,1.1973055426172712,0.006937585783019093,0.0057009371408643355,0.005663969961852695,0.05579859331340639,291.3786028868019,0.006937585783019093,0.0044930097250888016,8.063078067059374e-05,272.86867396101536,0.0064970278806880015,4.505043685904067e-08,0.008220141213688886,0.04361610761380677,13567,226.11666666666667,18878,314.6333333333333,40094,668.2333333333333,8.063078067059374e-05,0.9154378100698951,1.4244214841622285,7.910290973697933e-05,94.78760391079538,80.6640625,2.8990915082682696e-05,2.5024913460121084e-05,2.495273923756993e-05,0.3664961905836179,0.31635894992143815,0.3154465407219392,2,1,1.0
S9,2370,2430,60,30,9.207453729995621e-07,0.009046241542851724,-0.05950562822466656,0.04804129316645073,0.1075469213911173,5.708986236589806e-05,0.011398542640806102,0.009046241589709417,3.437048449774311,-0.14541281591570235,1.0992651915661273,0.006999891864303503,0.005730270568432696,0.005697249449560137,0.05950562822466656,293.99545830074715,0.006999891864303503,0.004525135581843343,8.183448605161633e-05,278.4430878245895,0.006629755180470713,-3.92324118966573e-08,0.008387054969672968,0.04361610761380677,13828,230.46666666666667,19137,318.95,40153,669.2166666666667,8.183448605161633e-05,0.9271314423723696,1.4156131750840504,8.076815919043099e-05,96.35237641019538,82.71484375,2.9186966443331865e-05,2.494036269134558e-05,2.6490396688737027e-05,0.3613672359984873,0.30878953960734057,0.3279806913300988,2,1,1.0
S9,2400,2460,60,30,-2.0977934122616013e-07,0.008892566442337393,-0.05950562822466656,0.04804129316645073,0.1075469213911173,0.00011839147722207829,0.011234707663577245,0.008892566444811784,3.3212649949664845,-0.16581345437180667,1.035750830490497,0.006898773818314584,0.005611119120026744,0.005618506049456224,0.05950562822466656,289.74850036921254,0.006898773818314584,0.004483791395408316,7.907773793138512e-05,277.02940866957664,0.006596095351545909,-1.070783292538136e-08,0.008334379852670482,0.04063884037446226,13897,231.61666666666667,19252,320.8666666666667,40178,669.6333333333333,7.907773793138512e-05,0.9372299781748731,1.4031978555873619,7.801532117208273e-05,97.49938910295029,84.2529296875,2.7538546788618926e-05,2.380154623751281e-05,2.651766743341096e-05,0.3529889562061229,0.30508810166931716,0.33990332969237497,2,1,1.0
S9,2430,2490,60,30,-4.707103975693295e-07,0.010791191498117367,-0.07827042641472723,0.1037160546123258,0.18198648102705303,3.336413009443471e-05,0.012374250244788245,0.01079119150838353,4.89089219516557,0.09165114327439608,3.2530896974373107,0.008000434803227435,0.007241744066860965,0.006183905426620306,0.1037160546123258,336.0182617355523,0.008000434803227435,0.0050282877546753415,0.00011644981394904054,312.97329981711835,0.007451922660470924,-1.33311238583419e-07,0.009709550556621873,0.08878721494271236,13562,226.03333333333333,19066,317.76666666666665,39905,665.0833333333334,0.00011644981394904054,0.8997663101721254,1.4334897993973215,0.00011682088853878789,93.50557734774668,76.220703125,4.3939621784787734e-05,3.672696531117144e-05,3.5851836939279836e-05,0.37612812515287897,0.3143869711192706,0.3068957734162071,2,1,1.0
S9,2460,2520,60,30,7.800302380100532e-07,0.011606051535689154,-0.07827042641472723,0.1037160546123258,0.18198648102705303,-0.00015051865268919716,0.013902256492600617,0.011606051561901653,5.6574181800158305,0.14935990774483182,2.2925675987007903,0.008757107235354335,0.007616659748605324,0.006956310100469468,0.1037160546123258,367.79850388488205,0.008757107235354335,0.005547173333071615,0.00013470043224907258,335.65312436272285,0.007991931340334837,-1.75251349678724e-09,0.010312065185629389,0.08878721494271236,13081,218.01666666666668,18764,312.73333333333335,39945,665.75,0.00013470043224907258,0.8885076163860987,1.4365875848850316,0.00013465021981479304,91.80438260804445,74.6826171875,5.2002261201061934e-05,4.253551273173441e-05,3.9802855484124664e-05,0.38620257191254004,0.31589634825877455,0.29560186042675746,2,1,0.9540952380952381
S9,4050,4110,60,30,2.5199335560708822e-08,0.013741386898552288,-0.08342674737128546,0.08101192136073353,0.16443866873201898,0.000599908516302297,0.017099105158454815,0.013741386898575394,7.930679983646259,-0.27173526858418234,1.216425217214347,0.010593431289143996,0.00875242408813264,0.008564551349833742,0.08342674737128546,444.9241141440478,0.010593431289143996,0.006843346960236836,0.00018882571389570448,362.86135674308423,0.008639761821545376,4.5019087852163325e-08,0.011108486908227702,0.06416743089177102,11443,190.71666666666667,17477,291.28333333333336,39817,663.6166666666667,0.00018882571389570448,0.8083963423952517,1.4826869628869395,0.00018654852894555476,82.80688314538118,65.625,8.441051131129121e-05,6.014711270073106e-05,4.154378961122475e-05,0.4524855370793457,0.32242072902266267,0.22269695636865378,3,0,0.8625714285714285
S9,4080,4140,60,30,-9.039915963998365e-07,0.012317763497311889,-0.07902911226473049,0.0555919638053407,0.13462107607007118,0.0005118491727414474,0.015893118006254977,0.012317763530483528,6.37254653250222,-0.27386084635309965,0.592105396627447,0.00963800636188156,0.007670471417145141,0.00796104965431175,0.07902911226473049,404.7962671990255,0.00963800636188156,0.006292482205135994,0.0001517272975757092,340.5078393394298,0.008107522544332717,8.79679017020469e-09,0.010231302417023021,0.05341451567328813,11816,196.93333333333334,17921,298.68333333333334,40021,667.0166666666667,0.0001517272975757092,0.8306136433984792,1.484635638144112,0.0001518355116092513,84.81048136677047,67.1630859375,6.71779765622955e-05,4.868379362776444e-05,3.5637293158728586e-05,0.4424391622901633,0.320635094595342,0.23470986978620104,3,0,1.0
S9,4110,4170,60,30,8.647181955937984e-07,0.012145881324558148,-0.06271625589304881,0.05151751226945944,0.11423376816250826,0.0005401006262468564,0.015637859168352607,0.012145881355339675,6.195942223715493,-0.2557126885454001,0.47963480979485107,0.00951472076036499,0.0075493392260692176,0.007849019258334103,0.06271625589304881,399.61827193532963,0.00951472076036499,0.006227707650137837,0.0001475224331502504,335.9542030515398,0.007999100051228359,5.389623084164772e-08,0.010075355257675398,0.04934176091948625,11819,196.98333333333332,17871,297.85,40033,667.2166666666667,0.0001475224331502504,0.8295285445695665,1.4849761678719016,0.00014728756866352077,84.63063606844688,68.017578125,6.407962975288467e-05,4.851897625101419e-05,3.435372411404443e-05,0.4350647534910086,0.3294166418203022,0.23324252294859787,3,0,1.0
S9,4140,4200,60,30,7.032406618027579e-08,0.011998825044610216,-0.07654351027710168,0.04993275419553271,0.12647626447263438,0.0004516869994996206,0.015339704338238844,0.011998825044816296,6.046815703156653,-0.27415937189620226,0.5583829290247322,0.009388668788232035,0.007471592925272926,0.00769440072771011,0.07654351027710168,394.32408910574543,0.009388668788232035,0.006133406461065484,0.00014397180245116534,330.68084382422154,0.007873540889645505,3.527037753983745e-08,0.009927021709093181,0.04668348522371697,11747,195.78333333333333,17761,296.01666666666665,39980,666.3333333333334,0.00014397180245116534,0.8273328156870098,1.4846244171089589,0.0001420625783987292,84.74013188927674,67.8466796875,6.169066089970348e-05,4.6879561235661274e-05,3.321212635272419e-05,0.4342499030712744,0.3299923298877745,0.23378518626845704,3,0,1.0
S9,4170,4230,60,30,-4.548304150716452e-07,0.011919953848844983,-0.07654351027710167,0.05259063277639327,0.12913414305349494,0.00045167641369290245,0.015102336489891692,0.01191995385752248,5.967582598549532,-0.3080908665700475,0.6980305508651212,0.009287726392516116,0.007471508443629344,0.007561366430707257,0.07654351027710167,390.0845084856769,0.009287726392516116,0.006023614225800375,0.00014208529975859432,328.1720199074857,0.007813805564596436,5.064789440450162e-09,0.009872420009694426,0.04610034136364673,11826,197.1,17890,298.1666666666667,39904,665.0666666666667,0.00014208529975859432,0.8282263618538289,1.4856574861791767,0.0001404163273217925,84.37405710527038,66.30859375,6.26011375528698e-05,4.4581017854446e-05,3.296883482450578e-05,0.44582520243110046,0.31749169562225876,0.23479345638310997,3,0,1.0
S9,4200,4260,60,30,-7.392048827831594e-07,0.011654600709168659,-0.0634701530091311,0.05259063277639327,0.11606078578552437,0.0004707096156084437,0.01479056026901658,0.011654600732611068,5.704848165936296,-0.2878451554109739,0.654413340353897,0.00908625414618022,0.0072986097188164015,0.007418142347989156,0.0634701530091311,381.6226741395692,0.00908625414618022,0.005897696785841029,0.0001358297176901546,322.74805444070887,0.007684660454789611,-3.109743425963579e-08,0.009712805031601433,0.057416760216115165,11925,198.75,17932,298.8666666666667,39924,665.4,0.0001358297176901546,0.8333880562686615,1.481036308252076,0.00013453206228115368,85.25485701114236,67.8466796875,5.888321232735329e-05,4.3062751126212554e-05,3.234145635110238e-05,0.4376890633274869,0.3200928492140206,0.24039961777671365,3,0,1.0
S9,4230,4290,60,30,-1.0770909074449275e-06,0.011816738979709814,-0.07279954585520584,0.0498792405066365,0.12267878636184235,0.0004347155142010228,0.01524669020822039,0.01181673902879801,5.864683493538162,-0.2849972069890203,0.6126981353308074,0.00925897409542603,0.007342119583263943,0.007626998388470063,0.07279954585520584,388.8769120078932,0.00925897409542603,0.006065215411947913,0.00013963532011459332,325.79985834053224,0.0077573241824932075,4.5905538325654124e-08,0.009797037191044335,0.057416760216115165,11702,195.03333333333333,17883,298.05,39952,665.8666666666667,0.00013963532011459332,0.8290812895052136,1.4848624504957038,0.0001374052583732417,84.73508722487935,67.67578125,5.979008475894225e-05,4.491829337187279e-05,3.2430976081199725e-05,0.4351368023815439,0.3269037437407139,0.23602427203408494,3,0,1.0
S9,4260,4320,60,30,2.015484724122145e-08,0.012011396945227128,-0.07279899345125063,0.0467721787242793,0.11957117217552993,0.0004886893762136423,0.015391718353508235,0.012011396945244036,6.059493576201147,-0.29844277053500456,0.658849707419995,0.009388978782552295,0.007491377309747561,0.007701163740747681,0.07279899345125063,394.3371088671964,0.009388978782552295,0.006117818954760572,0.0001442736565758116,327.13329084069653,0.0077890733312863765,-1.068239218792912e-08,0.00982668168088114,0.04615812400818109,11568,192.8,17728,295.46666666666664,39931,665.5166666666667,0.0001442736565758116,0.8181131408521045,1.4934938862371818,0.000144173136983629,83.43703611629249,66.30859375,6.338372287017301e-05,4.797820122193909e-05,3.2532761954834215e-05,0.43963614995330436,0.3327818359628747,0.22565064918111855,3,0,1.0
S9,4290,4350,60,30,-1.5402682244747747e-06,0.011884358867719092,-0.07206407386355052,0.0479840379206688,0.12004811178421931,0.000367447707703772,0.015183968228597178,0.011884358967532057,5.931995498904705,-0.23847320205827519,0.604740296412897,0.009278564184518914,0.007426051086743378,0.007585086086495883,0.07206407386355052,389.6996957497944,0.009278564184518914,0.006008476905853237,0.00014123798569673344,327.62186478933006,0.007800706321325033,-1.8186986425381126e-08,0.009825429836281017,0.0433091309286375,11761,196.01666666666668,17731,295.51666666666665,39932,665.5333333333333,0.00014123798569673344,0.8267530411732479,1.4846297547741947,0.0001391688912241979,84.59813825939892,67.1630859375,6.0762188407306885e-05,4.525441328635452e-05,3.287820205793551e-05,0.43660754837387034,0.3251762149448377,0.23624677734170832,3,0,1.0
S9,4320,4380,60,30,-2.90847152776562e-07,0.011745805313541377,-0.06386199452796071,0.0479840379206688,0.1118460324486295,0.0002814488158080367,0.015034744418469543,0.011745805317142324,5.794485587024774,-0.2016722365854335,0.5855247249287805,0.009180659266842887,0.007326625278690097,0.007513359425206615,0.06386199452796071,385.58768920740124,0.009180659266842887,0.0059684179996453745,0.00013796394246361684,331.20861240152647,0.007886107107348423,-3.756293750693555e-08,0.009927151016130741,0.04725911254551014,12117,201.95,18150,302.5,40045,667.4166666666666,0.00013796394246361684,0.8451656358279697,1.475926956368471,0.00013737827137915527,86.54930798069118,69.04296875,5.909828009224029e-05,4.3417926647896986e-05,3.4606567277071604e-05,0.4301865171176365,0.3160465349579649,0.2519071388047946,3,0,1.0
S9,4350,4410,60,30,2.7191344928786085e-08,0.011532771911271096,-0.05804493806672343,0.05571032921379605,0.11375526728051949,0.00038405029272619716,0.014795106400388124,0.011532771911303152,5.586202774242004,-0.20601931345783964,0.5712800978945745,0.009019115510147538,0.00718751579982674,0.007399624859952807,0.05804493806672343,378.80285142619664,0.009019115510147538,0.005901129784474063,0.00013300482795740358,328.245506813234,0.007815555294488774,-6.437538129869587e-08,0.009826473067635663,0.04725911254551014,12295,204.91666666666666,18320,305.3333333333333,40018,666.9666666666667,0.00013300482795740358,0.8520478115094038,1.472095824119258,0.00012978329662061825,87.78564905815412,70.2392578125,5.466263689070656e-05,4.1002071930126634e-05,3.3885956658642296e-05,0.4211839143714777,0.3159271878413109,0.2610964395341068,3,0,1.0
S9,4380,4440,60,30,-2.863929249379588e-06,0.011854247438088097,-0.08372125383190385,0.056101953223675054,0.1398232070555789,0.0004418712472354781,0.01511638271392935,0.011854247784043866,5.901974002071375,-0.22528780947670085,0.7166806045656515,0.009255883197840752,0.007406201236358499,0.0075796662104743295,0.08372125383190385,388.7470943093116,0.009255883197840752,0.0060617117875014425,0.0001405231823234182,334.3500420339281,0.007960904831875238,1.1719403259459805e-08,0.01005321128312455,0.05323909852996331,12084,201.4,18175,302.9166666666667,39953,665.8833333333333,0.0001405231823234182,0.8480682840163469,1.4742771794033143,0.00014049503452597472,86.87469541106995,68.8720703125,5.9556776943004375e-05,4.488060617922931e-05,3.574991615552258e-05,0.4239066323158454,0.31944620911802957,0.2544567946912966,3,0,0.8374285714285714
S10,90,150,60,30,-7.835707819768588e-07,0.008663108646850036,-0.041170899832594525,0.0330074789030577,0.07417837873565222,0.000231280421337979,0.01143025726882722,0.008663108682286692,3.152076985726664,-0.1388890869420155,0.17300903961094294,0.0068645954248346495,0.005284579613786725,0.005719798881385751,0.041170899832594525,288.3130078430553,0.0068645954248346495,0.004522336471613963,7.504945142712786e-05,250.67054881598742,0.005968488507249873,-1.4595534286767427e-08,0.007503137591701543,0.03486631333443302,12144,202.4,18841,314.01666666666665,39969,666.15,7.504945142712786e-05,0.8661022154477692,1.5089160158767936,7.450963831772629e-05,87.8122204591778,65.7958984375,3.367987244746948e-05,2.187203028025487e-05,1.8799473860806063e-05,0.45202034539277636,0.2935463219803522,0.2523092889089163,1,0,0.9523809523809523
S10,120,180,60,30,1.0620159322762347e-06,0.00815179713414321,-0.041170899832594525,0.0330074789030577,0.07417837873565222,0.0001983073392226034,0.010738350231882934,0.008151797203322915,2.7909755010523383,-0.13784223307923574,0.19974860275167083,0.006450594190769423,0.004984138062906673,0.00537715694317578,0.041170899832594525,270.92495601231576,0.006450594190769423,0.0042514728112655695,6.645179651622544e-05,240.11943566621346,0.005717265545994272,-5.012407234066101e-08,0.007171053204825069,0.03158528686740495,12348,205.8,19431,323.85,40040,667.3333333333334,6.645179651622544e-05,0.8796898508170222,1.5196834565961692,6.65576612740723e-05,88.92245373818953,63.916015625,3.101997935569873e-05,1.7531933543961006e-05,1.787101886567191e-05,0.4660617389779384,0.2634096993247359,0.2685043092497243,1,0,1.0
S10,150,210,60,30,1.8315827549976673e-06,0.00758640019976225,-0.03245587560517518,0.030522402055376895,0.06297827766055208,0.0001791329669629416,0.01002782753796877,0.007586400420861536,2.4172457965172196,-0.13048307794781094,0.13694762260028748,0.0060145020437321626,0.004623768648147281,0.005014423500494242,0.03245587560517518,252.60908583675084,0.0060145020437321626,0.0039726882148460535,5.755346799095271e-05,231.25522503160983,0.0055062078866546784,2.7253671785297157e-08,0.0068903641565469225,0.029316419641139062,12747,212.45,20226,337.1,40192,669.8666666666667,5.755346799095271e-05,0.9082521321196394,1.5180212116394227,5.6865314950107435e-05,91.67728534081756,62.3779296875,2.740223788489904e-05,1.278464109220271e-05,1.658888542699333e-05,0.4818796468276181,0.224823182697919,0.2917223872152666,1,0,1.0
S10,180,240,60,30,-1.977950700764815e-06,0.007595623367560059,-0.04038180602520815,0.030522402055376895,0.07090420808058503,0.00015332706198988336,0.009977999652408467,0.007595623625095795,2.423126926672762,-0.13970163804518274,0.22281966948205856,0.006008572410958462,0.004646563874131314,0.004983662149366885,0.04038180602520815,252.3600412602554,0.006008572410958462,0.003965650175194106,5.769349434182441e-05,228.8861767498419,0.0054498006321541444,7.607729649445817e-09,0.006806202354673099,0.029316419641139062,12658,210.96666666666667,20014,333.56666666666666,40196,669.9333333333333,5.769349434182441e-05,0.8960689630480526,1.518991946159631,5.7336286636165833e-05,90.49023102677056,62.3779296875,2.7511702412910383e-05,1.3350745691192692e-05,1.6355894886725705e-05,0.479830558045887,0.23284984910012438,0.28526254221020564,1,0,1.0
S10,210,270,60,30,-3.8690624486213937e-08,0.007746280473521585,-0.04038180602520815,0.03343923826760095,0.0738210442928091,0.00010573541903688942,0.010277549854921884,0.007746280473618209,2.5202041693902677,-0.11668026526246218,0.1694187140526564,0.00614406766744262,0.004717551660961962,0.0051378374308241525,0.04038180602520815,258.05084203259,0.00614406766744262,0.004062613821371775,6.0004861174461796e-05,230.53197913131854,0.005488987336158445,-1.3985073347398137e-08,0.00682553137148032,0.028164824038267443,12499,208.31666666666666,19644,327.4,40169,669.4833333333333,6.0004861174461796e-05,0.8811366170914441,1.5230722607352198,5.9975544947376816e-05,88.57244486274516,61.6943359375,2.9137788642228124e-05,1.4010594172761014e-05,1.6706161066250732e-05,0.4858278264548314,0.2336051166363567,0.27854955016930477,1,0,1.0
S10,240,300,60,30,-4.1403930286035204e-07,0.007983540280910598,-0.03946216239209051,0.04175699875966442,0.08121916115175493,6.984463985075127e-05,0.010603135957347746,0.007983540291646973,2.676950454710726,-0.06590045159547528,0.2473022883297209,0.006323056416982078,0.004873999706197406,0.005299560068626134,0.04175699875966442,265.56836951324726,0.006323056416982078,0.00416389024345906,6.373691541692208e-05,233.704570239109,0.005564527018241124,2.8799051189774567e-08,0.006931392946354579,0.032646446919226614,12250,204.16666666666666,19324,322.06666666666666,40070,667.8333333333334,6.373691541692208e-05,0.8682104307694415,1.5211385395009538,6.333719763784905e-05,87.81394754069791,62.548828125,3.0315388964703762e-05,1.5738958127059694e-05,1.717186960726316e-05,0.47863483222042474,0.2484947031766749,0.27111824090242975,1,0,1.0
S10,270,330,60,30,-7.769691204648726e-07,0.007669341560925251,-0.03946216239209051,0.04175699875966442,0.08121916115175493,0.0001217707083700113,0.010036824284537737,0.007669341600282019,2.4703896244362875,-0.07948815389192343,0.3493993552651844,0.006050847844085091,0.004712328612219991,0.00503098750271499,0.04175699875966442,254.13560945157383,0.006050847844085091,0.003966148573328614,5.881879997813537e-05,231.00560748068233,0.005500264470122677,-2.9720498525772194e-08,0.006868858836254935,0.032646446919226614,12699,211.65,19684,328.06666666666666,40131,668.85,5.881879997813537e-05,0.8956256259665474,1.4957624683605937,5.926706330370664e-05,90.90359269886346,64.7705078125,2.741205079846356e-05,1.4514980150657584e-05,1.7232850628454044e-05,0.46251744679829915,0.24490803730695054,0.29076606242739683,1,0,1.0
S10,300,360,60,30,-1.10942127528037e-06,0.007238828810580219,-0.04231329023046871,0.029959092149337774,0.07227238237980649,0.00017235502541331925,0.009513609988102245,0.007238828895595046,2.2008270387474753,-0.14015308601036836,0.25598071564337044,0.005719126141392155,0.004437593937996882,0.004762648995801325,0.04231329023046871,240.2032979384705,0.005719126141392155,0.0037537229780425494,5.240064254888623e-05,226.6239183105621,0.005395936053490847,4.712887547815939e-09,0.006758591819513477,0.027816127094411405,13190,219.83333333333334,20210,336.8333333333333,40224,670.4,5.240064254888623e-05,0.9336581920040944,1.4716073448401774,5.1398496938389105e-05,95.59093088679799,67.8466796875,2.2721746968277476e-05,1.2044583879162789e-05,1.6515849395254477e-05,0.4420702612279464,0.2343372782593335,0.32132942360263705,1,0,1.0
S10,330,390,60,30,-7.573729974637382e-07,0.007355623214538177,-0.04231329023046871,0.029351169439661665,0.07166445967013038,0.00022218003960884105,0.009761639634905072,0.007355623253529697,2.2724181248104056,-0.1503100229767215,0.2078842674165493,0.005826297983615818,0.004489927087824594,0.004881495573043324,0.04231329023046871,244.70451531186436,0.005826297983615818,0.003842924683987602,5.410519287425294e-05,227.79014446456608,0.005423704004013574,6.519071887239989e-09,0.00681396529060097,0.03093298974424112,13100,218.33333333333334,19945,332.4166666666667,40168,669.4666666666667,5.410519287425294e-05,0.9263613825587701,1.473132852604959,5.4192234667790813e-05,94.75640206610184,68.5302734375,2.4013983725394304e-05,1.3235573531194287e-05,1.6854106547678014e-05,0.4431259178110075,0.24423376545239345,0.31100593380208513,1,0,1.0
S10,360,420,60,30,-1.5061282132675998e-06,0.007643579204409436,-0.05935870794526436,0.03507321025778057,0.09443191820304493,0.00022192294255737378,0.010074280826369995,0.007643579352796868,2.453820823545109,-0.16980583534155488,0.43799667055490055,0.006039504679838354,0.004684942747218284,0.005040061456813902,0.05935870794526436,253.65919655321088,0.006039504679838354,0.003977980293830281,5.842430305408038e-05,233.51834572768865,0.0055600929957305804,-1.994981134201894e-08,0.00699317322110863,0.05244554070802639,13021,217.01666666666668,19876,331.26666666666665,40129,668.8166666666667,5.842430305408038e-05,0.9149081907955373,1.4897440748119706,5.8080101495068277e-05,92.93288577824902,66.8212890625,2.643358019571755e-05,1.4222930600529156e-05,1.7337304765802676e-05,0.4551228306300754,0.24488474080467748,0.29850679181879236,1,0,1.0
S10,390,450,60,30,-2.407933483391622e-06,0.007982004653228625,-0.05935870794526436,0.03943245183254289,0.09879115977780725,0.00021342065477808405,0.0104503361590952,0.007982005016429587,2.6759209714568977,-0.20066390723582628,0.5848124752200645,0.006287551226147695,0.004917225199324888,0.005229103301345984,0.05935870794526436,264.0771514982032,0.006287551226147695,0.004126304460392153,6.371239828416342e-05,237.4266754021613,0.00565315067982955,-5.397789100495901e-08,0.007113375103822274,0.05244554070802639,12674,211.23333333333332,19452,324.2,40084,668.0666666666667,6.371239828416342e-05,0.8911765167845397,1.502819658363224,6.358165105166443e-05,90.16845406369401,65.283203125,2.9300082118920612e-05,1.6471455968121074e-05,1.7713557124741514e-05,0.460826065921319,0.25905989693059234,0.2785954254372545,1,0,1.0
S10,420,480,60,30,-4.248048922886544e-06,0.008414136592045401,-0.0627421250182921,0.0684875416461564,0.13122966666444852,0.00028091520580022166,0.010980816847162034,0.008414137664402516,2.9735039306917157,-0.17508252563388008,1.0738162519487986,0.006595841986333668,0.00522423019466361,0.0054957645715207094,0.0684875416461564,277.02536342601405,0.006595841986333668,0.004332641497520209,7.07976945895974e-05,236.97553917291623,0.00564240908528575,6.837590520176596e-08,0.007135717767928984,0.04098668908245222,11991,199.85,18397,306.6166666666667,39924,665.4,7.07976945895974e-05,0.8480629818483081,1.516306692739753,6.516303556503511e-05,88.38963653640982,66.30859375,2.946593744220423e-05,1.8417333127310903e-05,1.71353469663046e-05,0.45218791891295695,0.28263467113851265,0.26296115301754,1,0,1.0
S10,450,510,60,30,1.686690147217515e-06,0.008612818618692912,-0.06274214912051782,0.06848751471409122,0.13122966383460904,0.00020698594277192555,0.010918873723005169,0.008612818783849275,3.1155871909439306,-0.1134142017512053,1.7156311815754997,0.006663666392709398,0.00545675705983895,0.00546523793790601,0.06848751471409122,279.87398849379474,0.006663666392709398,0.004343042169103109,7.418064455850328e-05,245.43835397744436,0.005843909473498044,2.4714664896962947e-08,0.007418759369191653,0.04347214784292294,12446,207.43333333333334,18992,316.53333333333336,39926,665.4333333333333,7.418064455850328e-05,0.8613625454842714,1.5213623799955842,7.521666607247867e-05,86.63777856339073,63.57421875,3.5636597301234964e-05,2.0605476749098563e-05,1.878011630177161e-05,0.4737859195579819,0.2739482859987859,0.24968025415637427,1,0,1.0
S10,480,540,60,30,-2.725791182081641e-07,0.008647618102320112,-0.06350600302203349,0.06373100354030162,0.1272370065623351,0.00014930321089807943,0.010789335473436495,0.008647618106616056,3.140814554550702,-0.17479966435114577,1.8237183346912555,0.006645547413028853,0.005533353277991509,0.005395099937276205,0.06373100354030162,279.11299134721185,0.006645547413028853,0.004293976376790822,7.478129884357448e-05,253.20146387429747,0.006028749824383854,-1.2423452260112793e-08,0.00764815989795387,0.049824533852796817,12911,215.18333333333334,19712,328.53333333333336,40015,666.9166666666666,7.478129884357448e-05,0.8844238734249733,1.5052201285426061,7.294713600476971e-05,90.86158525752194,67.333984375,3.224972553227508e-05,2.0453920277628336e-05,2.005039544445832e-05,0.4420972131128823,0.28039373987610616,0.27486199654428256,1,0,1.0
S10,510,570,60,30,-1.3116495177305075e-06,0.008426092082045818,-0.06350600302203349,0.04257519893197845,0.10608120195401194,0.00014355374573215055,0.010835207669895458,0.008426092184134926,2.9819592388126663,-0.19120185743164078,1.1180659098425387,0.006564276682326389,0.005282925433261927,0.005427487224708507,0.06350600302203349,275.69962065770835,0.006564276682326389,0.004271843336368758,7.099902777511522e-05,246.25047771424536,0.005863246213344255,3.189315148520105e-08,0.007375722859295327,0.049824533852796817,12542,209.03333333333333,19307,321.78333333333336,40073,667.8833333333333,7.099902777511522e-05,0.8753432537262914,1.4984796982036421,7.02517161643918e-05,89.62083005485795,67.333984375,3.1097338773304376e-05,1.9965369220754037e-05,1.9046056920030647e-05,0.4426559302912312,0.2841976012946685,0.27111162488133556,1,0,1.0
S10,540,600,60,30,-7.002354447595559e-07,0.010030678676976563,-0.12622542462435749,0.0975888495204554,0.2238142741448129,0.0001606736032509306,0.011868960978351847,0.010030678701418064,4.225809638865442,-0.40916753740081435,5.386817918324642,0.007468669644095534,0.006695781430008589,0.0059390050295782424,0.12622542462435749,313.6841250520124,0.007468669644095534,0.004758006703747479,0.00010061451472075228,259.3659431704202,0.006175526635644187,3.058115661088768e-08,0.007944085737838115,0.06497730326159504,11724,195.4,18332,305.53333333333336,39803,663.3833333333333,0.00010061451472075228,0.7919788873381212,1.5612488252281955,9.640212589915955e-05,80.54127884716834,60.15625,4.807527879887355e-05,2.7891796789181104e-05,2.0277339970561125e-05,0.49869521393296035,0.28932761107734317,0.21034121168419073,1,0,1.0
S10,570,630,60,30,4.008762795423102e-06,0.011704231214254528,-0.12622542462435749,0.0975888495204554,0.2238142741448129,0.0003495592755823019,0.01401055396133783,0.011704231900766028,5.753539864250184,-0.43039949307530023,3.3526956484526274,0.008807036951309466,0.007708770623463824,0.00700426201274991,0.12622542462435749,369.8955519549976,0.008807036951309466,0.005622763491830079,0.00013698902831673002,282.5140966733589,0.0067266862704673655,-7.74683305409268e-09,0.008734388606604877,0.06497730326159504,10746,179.1,17002,283.3666666666667,39587,659.7833333333333,0.00013698902831673002,0.7462590619337137,1.5650602923577295,0.00013541728950483022,75.592769899394,58.10546875,7.045451518353577e-05,4.162894910270114e-05,2.3079220612020816e-05,0.5202771037668917,0.30741236407051453,0.17043038371549743,1,0,1.0
S10,600,660,60,30,-7.903954500508157e-07,0.01014104792748593,-0.08294835704069185,0.056378432001785106,0.13932678904247697,0.00032839618499405404,0.012280265615292298,0.010141047958287725,4.319315855076249,-0.3596440495763623,1.9486965699499246,0.007711596764871953,0.006585751971362731,0.006156483598609849,0.08294835704069185,323.88706412462204,0.007711596764871953,0.004939465210643328,0.0001028408530675667,257.8163990153191,0.006138631848742092,-5.48643970783467e-09,0.007918436481178931,0.053595092898816844,11227,187.11666666666667,17383,289.71666666666664,39717,661.95,0.0001028408530675667,0.7808301999753976,1.5315326493771821,0.00010280239710526367,79.2571068823294,61.5234375,4.9652491897897284e-05,3.315066625632689e-05,1.9796241456963945e-05,0.48298963152635466,0.32246977881636885,0.19256595190765588,1,0,1.0
S10,630,690,60,30,3.3625255007264626e-06,0.010007923513614583,-0.1108013470830323,0.06269467490210506,0.17349602198513736,0.0003121149806225857,0.01211312491864908,0.010007924078495871,4.2066588631593715,-0.4051783683733938,3.0248405563699077,0.007564561368475823,0.0065525533697559915,0.006053737341438943,0.1108013470830323,317.71157747598454,0.007564561368475823,0.004837319449092419,0.00010015853305435967,259.6201628822029,0.006181579630043642,4.7130736645410904e-08,0.008013975185403087,0.06941410514234567,11393,189.88333333333333,17850,297.5,39743,662.3833333333333,0.00010015853305435967,0.8007630328610157,1.5332746571064189,0.00010249859643792725,81.49349479849474,62.0361328125,4.925433631547198e-05,3.131797827577839e-05,2.171634672899886e-05,0.48053669052239373,0.3055454353928098,0.21186969854899615,1,0,1.0
S10,660,720,60,30,-1.8998292982568925e-07,0.01016485934232793,-0.1108013470830323,0.06269467490210506,0.17349602198513736,0.0002803755596658018,0.012797543061207211,0.010164859344103336,4.339623350387006,-0.3688985728322609,2.3726857204190406,0.007818972255718794,0.006495231970430669,0.0064145246059223275,0.1108013470830323,328.3968347401893,0.007818972255718794,0.00505245536270169,0.00010332436544931141,256.2444313282624,0.006101203155509951,2.844822280377493e-09,0.007902302435623688,0.06941410514234567,10791,179.85,17203,286.71666666666664,39664,661.0666666666667,0.00010332436544931141,0.7774138499602614,1.549676574364118,0.00010799074168330161,77.70750678175096,59.130859375,5.4767040682515095e-05,3.263627395940914e-05,2.034631851890965e-05,0.5071457036856671,0.30221362915646705,0.1884079894420779,1,0,1.0
S10,690,750,60,30,-8.464879544963622e-08,0.009369846441335669,-0.08574569262373134,0.052864387531653026,0.13861008015538437,0.00018276654175676164,0.011974415433528115,0.009369846441718035,3.687348938337797,-0.23416910777645344,1.3192748757124786,0.0072972065118876404,0.005877482408671314,0.006003081441428346,0.08574569262373134,306.4826734992809,0.0072972065118876404,0.004764751332609101,8.77940223342107e-05,247.05207233829074,0.005882332254060591,9.015616148556623e-09,0.007496331224756396,0.04914680143729139,11226,187.1,17594,293.23333333333335,39789,663.15,8.77940223342107e-05,0.800048460952984,1.5352656891135064,8.602583231936926e-05,80.62587943581703,60.3271484375,4.273542652092779e-05,2.5177305992321867e-05,1.7914756441423075e-05,0.4967743452021869,0.29267146057769716,0.20824856858013166,1,0,1.0
S10,720,780,60,30,1.2671670120467224e-06,0.009058770075116407,-0.09566478563978176,0.06326819170125633,0.1589329773410381,0.00016322920011127052,0.010934020203307086,0.009058770163743905,3.4465753089405435,-0.2586428360257282,3.05738545632507,0.006866310141941893,0.005908900228824536,0.005459707315819771,0.09566478563978176,288.3850259615595,0.006866310141941893,0.004392078941363776,8.206131527382452e-05,258.85794970474126,0.00616343126514301,1.0473428816218192e-07,0.007838480451674781,0.05906764238856061,12869,214.48333333333332,19260,321.0,40014,666.9,8.206131527382452e-05,0.8652919090204477,1.4994663730297104,8.204581215809839e-05,88.20319082036838,65.7958984375,3.73902402444919e-05,2.3009682317243012e-05,2.144547531542666e-05,0.4557239335073274,0.28044919919744893,0.26138415540457133,1,0,1.0
S10,750,810,60,30,1.1860720206406359e-07,0.007403005340833655,-0.09566478563978176,0.06326819170125633,0.1589329773410381,0.00016641804359913016,0.009047532376100474,0.007403005341783788,2.301788499800131,-0.15934441436630636,4.016011035817184,0.005618407374263264,0.004820579494967744,0.004525846225034083,0.09566478563978176,235.9731097190571,0.005618407374263264,0.0035863488259524853,5.480448807641163e-05,233.34289021214425,0.005555915383988768,-1.154744255882396e-08,0.007047678696347582,0.05906764238856061,14242,237.36666666666667,20536,342.26666666666665,40214,670.2333333333333,5.480448807641163e-05,0.9520023790167818,1.4485143568599668,5.2310743168974296e-05,99.03708487896779,75.87890625,2.181361025569153e-05,1.2410425730704816e-05,1.801128322973828e-05,0.41700058026759723,0.2372443016268499,0.34431327369137515,1,0,1.0
S10,780,840,60,30,-4.252782998534244e-06,0.010098589104438019,-0.11169416637996103,0.10186458185888335,0.21355874823884438,0.00023473399136630848,0.010088340811390983,0.010098589999917687,4.2832238394303745,-0.4500813152099518,10.51845015240365,0.00686780696231996,0.007403698232285468,0.005051254976414895,0.11169416637996103,288.4478924174383,0.00686780696231996,0.004105030238114495,0.00010198150190027426,247.8628561756051,0.005901637090778473,3.401628171495772e-08,0.0078915610069032,0.07410775038748318,13008,216.8,19508,325.1333333333333,39537,658.95,0.00010198150190027426,0.7814518370130638,1.6113128680901636,0.00010679065559343002,77.52629951241308,56.396484375,5.776035237933528e-05,2.8748312282298907e-05,2.0026368809276133e-05,0.5408745929909696,0.2692025076777182,0.18752922433138614,1,0,1.0
S10,810,870,60,30,-5.388264609534776e-07,0.010262640248524179,-0.11169416637996103,0.10186458185888335,0.21355874823884438,0.0003480201096027326,0.010795222176014184,0.010262640262669369,4.423514976760421,-0.4490158271327065,9.643205873154308,0.007139639754737572,0.007372064116211498,0.005408774490056632,0.11169416637996103,299.864869698978,0.007139639754737572,0.004392689046821458,0.00010532178487062843,242.03777868461154,0.005762941467287591,2.9211367936605613e-08,0.007759939545033964,0.07410775038748318,11778,196.3,18334,305.56666666666666,39388,656.4666666666667,0.00010532178487062843,0.7561348110346051,1.6056245498576656,0.0001066114545770527,75.67120196083636,56.396484375,5.767779129948959e-05,2.9998187313293436e-05,1.8657595967298922e-05,0.5410093270775455,0.2813786514057216,0.17500554739935822,1,0,1.0
S10,840,900,60,30,6.463811140284355e-07,0.007280936137530901,-0.054510017244197226,0.05217681741966587,0.1066868346638631,0.00031029393505637814,0.009553246456501949,0.007280936166222854,2.2265053211777017,-0.17156018617533234,0.8327356465402778,0.0057250694041043135,0.00449840102423079,0.0047882500786338815,0.054510017244197226,240.45291497238117,0.0057250694041043135,0.003774009048825593,5.30120310388034e-05,210.49506880201824,0.0050119066835405185,4.5430364717729e-08,0.006348325180800844,0.030972816525535504,12303,205.05,18623,310.3833333333333,39978,666.3,5.30120310388034e-05,0.8719105704110292,1.485911782553165,5.244367778320425e-05,89.41520980222505,68.701171875,2.293059244013778e-05,1.5223068457583276e-05,1.4185139983353706e-05,0.43724226464303373,0.2902746165231504,0.27048331816073884,1,0,1.0
S10,870,930,60,30,-7.451865680726275e-07,0.007092650623031183,-0.054510017244197226,0.05217681741966587,0.1066868346638631,0.000272839707949117,0.00937610557279225,0.007092650662177551,2.1128391234588815,-0.17100146864628712,0.8175598273388198,0.005590609670326743,0.004364719570572292,0.004687591863105026,0.054510017244197226,234.8056061537232,0.005590609670326743,0.0036869428823763976,5.030569286038463e-05,211.79791055127623,0.005042927463779524,1.3187891842799293e-09,0.006369159389410505,0.030972816525535504,12666,211.1,18823,313.71666666666664,40114,668.5666666666667,5.030569286038463e-05,0.8979942376871962,1.459253440079679,4.9469973813005864e-05,92.49000786775036,72.802734375,2.0569511987571174e-05,1.4178045930659199e-05,1.462610239904641e-05,0.41579791542487865,0.28659901831061274,0.2956561581037495,1,0,1.0
S10,900,960,60,30,-5.189491657792512e-07,0.008817484251724034,-0.1229305553271779,0.12571776983942812,0.248648325166606,0.00022741473887003276,0.00997998344248979,0.008817484266995298,3.2654172095458027,-0.0553061642143941,16.767927083232586,0.006307305194887466,0.0061616499395255485,0.004993847215916726,0.12571776983942812,264.90681818527355,0.006307305194887466,0.004009160749991087,7.774802852940135e-05,224.32574585074642,0.005341216358740599,2.3420094101050863e-08,0.006996724289766897,0.07282835506818612,12148,202.46666666666667,18370,306.1666666666667,39752,662.5333333333333,7.774802852940135e-05,0.7935057313426861,1.569915926591549,7.98525231457808e-05,78.9584304830842,58.10546875,4.109332833951393e-05,2.2506913523351363e-05,1.6091057750145864e-05,0.5146152772717388,0.2818560095122125,0.2015096970795728,1,0,1.0
S10,930,990,60,30,-8.839923328628249e-08,0.009148045978080744,-0.1229305553271779,0.12571776983942812,0.248648325166606,0.00014948973256918852,0.010523136670326238,0.009148045978507853,3.514843299445536,-0.03136482588608183,14.337804841070309,0.0066214975310691674,0.006312092812288064,0.005267600134674517,0.12571776983942812,278.102896304905,0.0066214975310691674,0.0042253570389929745,8.368674521707927e-05,236.20027263397472,0.005623949918664128,2.6446671293625337e-08,0.007309685802704219,0.07282835506818612,12193,203.21666666666667,18651,310.85,39733,662.2166666666667,8.368674521707927e-05,0.7990434044842643,1.57544816764033,8.844466087557206e-05,78.72521617030105,57.5927734375,4.594314283077282e-05,2.468210445622898e-05,1.7644152010576065e-05,0.5194563739173323,0.2790683373296312,0.19949369284595544,1,0,1.0
S10,960,1020,60,30,-2.1746197226607624e-06,0.008117636588959268,-0.037783550684099214,0.04525514739850435,0.08303869808260356,0.00015123345861575005,0.01065733588678139,0.008117636880236834,2.7676331978140105,-0.07127316103111159,0.38591948765312534,0.0064049574982709846,0.004987238510911976,0.005335219571071826,0.04525514739850435,269.00821492738135,0.0064049574982709846,0.004227672414803634,6.589602379041027e-05,236.94667559144506,0.00564172184079252,-3.287144098452883e-08,0.007067068126255881,0.03442296065761659,12335,205.58333333333334,19242,320.7,40129,668.8166666666667,6.589602379041027e-05,0.8705819789799093,1.5170768192156696,6.505040616232732e-05,87.95407716259749,64.599609375,3.0416694331017206e-05,1.731552383936858e-05,1.7179520285624858e-05,0.46758653981521864,0.26618625249101874,0.2640955114523796,1,0,1.0
S10,990,1050,60,30,9.593797547696422e-07,0.008645420217488905,-0.09507079916665306,0.05796814599583344,0.1530389451624865,0.00018392714067532487,0.010899767337256838,0.008645420270719949,3.1392182496097667,-0.2091161272937286,2.089080943504393,0.00667760663954368,0.005491162101495233,0.005453594299592844,0.09507079916665306,280.45947886083457,0.00667760663954368,0.004343002935687501,7.474329073696589e-05,236.33448467397372,0.005627145519511744,-1.0260987602279732e-08,0.007158224552899543,0.06592804603144296,11734,195.56666666666666,18870,314.5,39957,665.95,7.474329073696589e-05,0.8279787879389716,1.5604413240553312,7.496383884933686e-05,82.68138640870701,59.3017578125,3.800020532759118e-05,1.9509220022376443e-05,1.7283556626900134e-05,0.5069138121910274,0.2602484120588633,0.2305585852084872,1,0,1.0
S10,1020,1080,60,30,-1.3627114908586016e-06,0.0078425838924091,-0.09507079916665306,0.05796814599583344,0.1530389451624865,0.00018080500059162639,0.009881903723957555,0.007842584010800091,2.583257206591205,-0.2913548506266781,2.943947581630556,0.0060318097660241295,0.005012324302452226,0.00495269856080799,0.09507079916665306,253.33601017301345,0.0060318097660241295,0.003921744609649105,6.150612210947466e-05,218.52418785641123,0.005203080736598758,-5.22074629887395e-09,0.006671538066423753,0.06592804603144296,12133,202.21666666666667,18895,314.9166666666667,39875,664.5833333333334,6.150612210947466e-05,0.8506811221848948,1.52585179598998,6.189786106407454e-05,85.75261417600782,63.232421875,2.9334411953353734e-05,1.7132551132205714e-05,1.529243444407188e-05,0.4739164075958579,0.2767874501264379,0.24705917427811722,1,0,1.0
S10,1050,1110,60,30,-1.5983185944568334e-07,0.006946494902004711,-0.03163364348118193,0.027357625294893464,0.0589912687760754,0.00016235542222586445,0.009406067825003386,0.006946494903843496,2.026659240863194,-0.12523235266545674,0.05631101857809018,0.0055397266672809736,0.00419108815237042,0.004708826116588698,0.03163364348118193,232.6685200258009,0.0055397266672809736,0.0036849875113084034,4.825379142357743e-05,212.70084060633587,0.005064426310301099,1.7927709732671184e-08,0.006364650736431451,0.02882124204420946,12880,214.66666666666666,19170,319.5,40095,668.25,4.825379142357743e-05,0.916239171872804,1.4480563857523925,4.782444825401445e-05,93.9423459946657,74.3408203125,1.9271124670180506e-05,1.4177113026947293e-05,1.4300264258924488e-05,0.40295550442786054,0.29644070228781466,0.29901577082437336,1,0,1.0
S10,1080,1140,60,30,3.449141090320394e-07,0.008346778887406729,-0.10262639279349237,0.09294717743371837,0.19557357022721072,0.00019898894372338295,0.010316643550046068,0.008346778894533176,2.9260861523974278,-0.20563236921704572,5.3640423806287,0.006312956142813543,0.005460339060272467,0.005162860313444161,0.10262639279349237,265.1441579981688,0.006312956142813543,0.004082496655808645,6.966871779525872e-05,237.27807083655205,0.005649612391641516,-1.9944008832592725e-08,0.007213563389402855,0.07074014164914448,12769,212.81666666666666,18842,314.03333333333336,39993,666.55,6.966871779525872e-05,0.8642331954290029,1.4840695811073477,6.946929503519898e-05,88.17745625193979,68.017578125,3.0390695055546727e-05,2.0884402049986773e-05,1.810503754525721e-05,0.4374694610064525,0.30062781030676905,0.26061927843205657,1,0,1.0
S10,1110,1170,60,30,8.703816107515178e-07,0.009048991753843794,-0.10262639279349237,0.09294717743371837,0.19557357022721072,0.0002247224258459179,0.011098896121770632,0.009048991795702831,3.4391386057852795,-0.21372289125100685,4.143820000502337,0.006855891300798473,0.005906014475967102,0.005559079114746367,0.10262639279349237,287.94743463353586,0.006855891300798473,0.004424712294587238,8.188425176113298e-05,242.48358344326957,0.005773556119033062,-6.855323787448041e-09,0.007421990375085654,0.07074014164914448,11814,196.9,18136,302.26666666666665,39789,663.15,8.188425176113298e-05,0.8202008109834967,1.5153107498709828,8.522808215139005e-05,82.83852004931158,63.7451171875,3.986621133546577e-05,2.6520639976945973e-05,1.8702280775214898e-05,0.46775910391426734,0.31117255378148184,0.21943801037308533,1,0,1.0
S10,1140,1200,60,30,1.1801654950093786e-06,0.009587060565421359,-0.08214120082700468,0.07269052489704492,0.1548317257240496,0.00025210748068473193,0.011730485478103183,0.009587060638060443,3.8602927304696113,-0.19025665253869337,2.4575429471289736,0.007293009641420625,0.0062228403521216655,0.005872133969310934,0.08214120082700468,306.30640493966627,0.007293009641420625,0.0046851329267489,9.19117302850573e-05,242.0743681504455,0.005763812665788364,3.549687942932639e-08,0.007424491632569529,0.046417872922604894,10999,183.31666666666666,17607,293.45,39568,659.4666666666667,9.19117302850573e-05,0.774428364346441,1.5627898650555057,9.295138443618243e-05,78.26261452387422,59.3017578125,4.725443415681524e-05,2.8137872254200422e-05,1.73491838539e-05,0.5083779487895491,0.30271601036258927,0.18664793385419037,1,0,1.0
S10,1170,1230,60,30,1.529385105027323e-07,0.009829371614239432,-0.08530945036907744,0.07269052489704492,0.15799997526612236,0.00026500429317563617,0.012100579351773342,0.009829371615429242,4.057894946876655,-0.19551030275894662,2.2923274722489264,0.007510721763994341,0.006340788983877939,0.006060081302053663,0.08530945036907744,315.4503140877623,0.007510721763994341,0.0048386294687644904,9.66165463308159e-05,249.52148553466333,0.00594112920628261,-3.600916877615317e-09,0.0076218404846589635,0.046417872922604894,11070,184.5,17736,295.6,39690,661.5,9.66165463308159e-05,0.7754148264795989,1.5697575657240523,9.498514937873695e-05,78.20664450218365,58.2763671875,4.898687471499603e-05,2.770866909244531e-05,1.8106398031157126e-05,0.5157319332064141,0.29171580266681224,0.19062346218945214,1,0,1.0
S10,1200,1260,60,30,-1.5065112614217038e-06,0.008841516132078276,-0.08530945036907744,0.05810515167287691,0.14341460204195436,0.00019057527628708664,0.011450162844710829,0.008841516260425956,3.2832412109018163,-0.1843355273224078,1.1633044838516904,0.0069207471870507044,0.005502332973958078,0.005725686774822221,0.08530945036907744,290.6713818561296,0.0069207471870507044,0.004552227211479087,7.81724075138004e-05,244.09297757455482,0.005811875939297479,3.7560937443868006e-08,0.007370996123270823,0.04831944066344438,11719,195.31666666666666,18222,303.7,39980,666.3333333333334,7.81724075138004e-05,0.8336801079316931,1.5136491603386015,7.884886903670364e-05,84.18985798433403,63.0615234375,3.7526795676958585e-05,2.2446416940498743e-05,1.873979168495457e-05,0.4759332142036191,0.284676460356712,0.23766722229371884,1,0,1.0
S10,1230,1290,60,30,-2.325010022748556e-06,0.008943133530383443,-0.06117486835807664,0.07915008756666456,0.1403249559247412,0.0001593427251652162,0.01128670150361571,0.008943133832608132,3.359144995413489,-0.036484980402254306,2.1275197266271775,0.006885243755553863,0.005707281417150092,0.005648913885421464,0.07915008756666456,289.18023773326223,0.006885243755553863,0.004470797543289584,7.997963734226863e-05,250.14531479393148,0.005955982637537357,1.1976845493402628e-08,0.007642267369482584,0.059570062866940166,12129,202.15,18577,309.6166666666667,39915,665.25,7.997963734226863e-05,0.8545402283795394,1.4949612301041408,7.529055736508821e-05,87.81462212824482,65.966796875,3.370142576149121e-05,2.1706001770557793e-05,1.9625733934290237e-05,0.4476182265203732,0.28829646811225146,0.26066660443385925,1,0,0.7142857142857143
S10,1590,1650,60,30,1.1199198158930214e-06,0.006416733747199426,-0.03295935353300117,0.025815597860790424,0.05877495139379159,0.00036763842877197603,0.008508743458973456,0.006416733844929863,1.7293278759400719,-0.2637675165709042,0.13474368296523842,0.005097768973132495,0.003897079000127666,0.004272077448842813,0.03295935353300117,214.10629687156478,0.005097768973132495,0.003381994979555329,4.117447198244799e-05,196.47087232374318,0.004677989293167532,-1.4603286466530064e-08,0.005904172712710294,0.02458765364873172,12846,214.1,18502,308.3666666666667,40150,669.1666666666666,4.117447198244799e-05,0.9201211933231858,1.4159209558030088,4.071926689665449e-05,96.13271407475231,78.955078125,1.4847567606751562e-05,1.3131299649982075e-05,1.2620181842981295e-05,0.3646324882133731,0.32248369508491687,0.30993146008771033,3,0,0.9023809523809524
S10,1620,1680,60,30,5.0518527779805e-07,0.00634796274150097,-0.03295935353300117,0.024265192183457858,0.057224545716459026,0.0003334895502250379,0.008352893672983717,0.006347962761602866,1.6924585113532609,-0.25066265635386686,0.14675668208386705,0.005035073000184436,0.0038658338176272397,0.004193037135667273,0.03295935353300117,211.4730660077463,0.005035073000184436,0.003323295016677601,4.029663096748452e-05,199.87113511154703,0.0047589498586048965,1.896549521665563e-08,0.006000393576604127,0.02458765364873172,13251,220.85,18893,314.8833333333333,40193,669.8833333333333,4.029663096748452e-05,0.9452471321823382,1.400149419189176,3.99071810698344e-05,99.55668600917762,83.740234375,1.390497694890839e-05,1.258641854544573e-05,1.330986260508577e-05,0.34843295307117245,0.31539232308642634,0.33352049050506893,3,0,1.0
S10,1650,1710,60,30,-5.943098137571765e-07,0.006534891436118706,-0.031697020321939065,0.028320427818751548,0.06001744814069061,0.0003117312888436628,0.008605218261213772,0.0065348914631431915,1.7936018702725938,-0.21796109899565533,0.19310097931757708,0.005179630762952189,0.003984498913858691,0.0043136426126668586,0.031697020321939065,217.5444920439919,0.005179630762952189,0.0034175510905181472,4.2704806081857604e-05,197.73515009185394,0.004708091861517035,-4.8499758918266347e-08,0.005958379377481245,0.02339650826770162,12673,211.21666666666667,18669,311.15,40050,667.5,4.2704806081857604e-05,0.9117793976727682,1.436034334268172,4.218393643432491e-05,94.22194932060023,75.87890625,1.6368092476733217e-05,1.3114221343342965e-05,1.2624614871102787e-05,0.3880171899608345,0.31088187712780574,0.29927540998355445,3,0,1.0
S10,1680,1740,60,30,1.6832228799603809e-07,0.0066806730992318665,-0.031697020321939065,0.028320427818751548,0.06001744814069061,0.00031855489297016306,0.008883186413251098,0.006680673101352341,1.8745185096595738,-0.2398247292462198,0.19471870246717637,0.00529941799687209,0.0040678694646658605,0.004454495561368894,0.031697020321939065,222.5755558686278,0.00529941799687209,0.0035074959076544666,4.463139305880032e-05,191.49098546199622,0.0045594177352317015,2.807015968820252e-08,0.00578924317592745,0.024121507436184006,11913,198.55,18117,301.95,39914,665.2333333333333,4.463139305880032e-05,0.8665658519637921,1.4780063643265458,4.419532697923818e-05,88.99038597935879,69.5556640625,1.8742678960614278e-05,1.3635181794780626e-05,1.1750427393020783e-05,0.42408734682332144,0.30852089410235795,0.2658748830739691,3,0,1.0
S10,1710,1770,60,30,-1.8745930252182888e-07,0.006580669385152657,-0.03032665002109066,0.02691169259824823,0.05723834261933889,0.0003480054790997993,0.008778923106148685,0.006580669387822674,1.8188188028567107,-0.2595298001110042,0.16312504635711766,0.00521935891912919,0.004007929897731872,0.004404618435861171,0.03032665002109066,219.21307460342598,0.00521935891912919,0.003449463561333486,4.3305209556685447e-05,186.9245436278436,0.004450690340909155,-1.6114114149336803e-08,0.00565493597535595,0.024121507436184006,11801,196.68333333333334,17987,299.78333333333336,39942,665.7,4.3305209556685447e-05,0.8593253428161348,1.4809157803346853,4.331267446134375e-05,87.4659204360561,69.04296875,1.858239692430692e-05,1.3575745246444393e-05,1.1082797927664382e-05,0.4290290811039982,0.3134358571775716,0.2558788637620542,3,0,1.0
S10,1740,1800,60,30,1.4736077612185094e-06,0.006555278070651271,-0.03386369469998768,0.027796273374851403,0.06165996807483908,0.00030974426592757286,0.008688068846812202,0.006555278236282674,1.8048102557134138,-0.2258233118340855,0.16695152574515681,0.005197738075592445,0.003994395029615603,0.004356999964804268,0.03386369469998768,218.30499917488268,0.005197738075592445,0.0034348507752549923,4.297167058356145e-05,195.14744759886514,0.004646478430411799,-2.940424342243643e-09,0.005870387769132953,0.02488379626027161,12423,207.05,18220,303.6666666666667,40130,668.8333333333334,4.297167058356145e-05,0.8955207858252954,1.4377587230624753,4.218881215683954e-05,92.2920228354959,75.3662109375,1.658124279187187e-05,1.3387112693467062e-05,1.2137757437242642e-05,0.3930246419413295,0.31731428331519823,0.2877008575666879,3,0,1.0
S10,1770,1830,60,30,9.281392127485791e-07,0.0067203498508418905,-0.03386369469998768,0.027796273374851403,0.06165996807483908,0.0002718663548260168,0.008845124686410197,0.00672034991493397,1.896850325124427,-0.19237866926909783,0.20102467643884436,0.005322426568463771,0.0041030328298057766,0.004420688806357818,0.03386369469998768,223.54191587547837,0.005322426568463771,0.003514387801889545,4.5163102117710624e-05,213.28961160579337,0.005078445001209395,-1.3075429636462109e-08,0.006346488335706948,0.024979476996309813,13332,222.2,19007,316.78333333333336,40307,671.7833333333333,4.5163102117710624e-05,0.9443687421886069,1.402662781797299,4.4945108234737746e-05,98.4786317882291,82.373046875,1.6164332719449705e-05,1.3928058486552623e-05,1.4747610904288415e-05,0.3596460961897609,0.3098904204170484,0.32812493914276736,3,0,1.0
S10,1800,1860,60,30,-2.3453632590809933e-07,0.006909036902793765,-0.03037794598110701,0.026197400307396618,0.05657534628850363,0.0002469985433235833,0.009202007741978845,0.006909036906774586,2.0048612211252808,-0.1710444625913109,0.11530764940854832,0.005489264079892343,0.0041955656162640355,0.004603494523793902,0.03037794598110701,230.54909135547842,0.005489264079892343,0.0036377451819057677,4.773479092416606e-05,221.64392647164968,0.005277361996039184,-5.475163902385832e-09,0.0065544837039446776,0.026415277511525136,13474,224.56666666666666,19236,320.6,40364,672.7333333333333,4.773479092416606e-05,0.9486826885081887,1.4017777377232075,4.778930740984974e-05,99.00056271313758,82.5439453125,1.7165801203549864e-05,1.4662209604555266e-05,1.5831738298602902e-05,0.3591975304503338,0.3068094182409782,0.33128202011439617,3,0,1.0
S10,1830,1890,60,30,-1.467932847283836e-06,0.007004338261043758,-0.033991105898609514,0.04769905673348612,0.08169016263209564,0.00023946559862947673,0.00924562801249642,0.0070043384148646285,2.06055177845783,-0.15694084076216377,0.2714386086038969,0.005541800540000518,0.004283597017087195,0.0046292272117984725,0.04769905673348612,232.75562268002173,0.005541800540000518,0.003645350523320883,4.90607544751215e-05,221.33932562524478,0.005270109422253977,2.3540638309575887e-08,0.0065572874786524,0.029639534339199653,13368,222.8,19229,320.48333333333335,40292,671.5333333333333,4.90607544751215e-05,0.9361751580620065,1.4196933306227766,4.87529141079764e-05,96.9421073638511,78.61328125,1.8348302538688405e-05,1.4561533018791155e-05,1.5709074354428076e-05,0.37635293960174704,0.2986802591233979,0.32221816155719674,3,0,1.0
S10,1860,1920,60,30,1.2471893172862427e-06,0.007086218362061474,-0.033991105898609514,0.04769905673348612,0.08169016263209564,0.0002528513773061066,0.009322123701541422,0.007086218471815443,2.109008673672532,-0.14884578794484224,0.25643326162073743,0.005601106905915536,0.0043407480529055915,0.004670424420364631,0.04769905673348612,235.2464900484525,0.005601106905915536,0.0036605659896509707,5.0214490674817194e-05,221.88624214906145,0.005283131554300375,-3.432141633911672e-08,0.006579989244666814,0.029639534339199653,13330,222.16666666666666,19383,323.05,40193,669.8833333333333,5.0214490674817194e-05,0.9285614566854259,1.4357973172185847,5.0063255674263565e-05,95.54382286059737,75.0244140625,1.9770709803282145e-05,1.4334742200783261e-05,1.584584619803513e-05,0.39491458429951526,0.2863326007811442,0.3165164946749785,3,0,1.0
S10,1890,1950,60,30,5.211987139022524e-07,0.007726419102835522,-0.05206629655722901,0.08046519433673979,0.13253149089396882,0.00020761746098424297,0.009669252321292761,0.007726419120414695,2.507297201821011,0.09494011035230523,2.8858596611611453,0.005920538366464135,0.004964350700296665,0.004831941601390989,0.08046519433673979,248.66261139149364,0.005920538366464135,0.0038219470896093542,5.969755215266168e-05,232.50993046902784,0.005536082536942019,-1.9587862848926873e-09,0.0069805099828590044,0.06380570130348188,13344,222.4,19542,325.7,40127,668.7833333333333,5.969755215266168e-05,0.9034599197831793,1.4616377207709197,6.063009135659283e-05,92.33700249402466,70.751953125,2.5378056868165247e-05,1.772635226167993e-05,1.7421808287634776e-05,0.4185719714474036,0.29236888589567317,0.2873459019741416,3,0,1.0
S10,1920,1980,60,30,-2.0264516228167155e-07,0.007529712609469726,-0.05206629655722901,0.08046519433673979,0.13253149089396882,0.00011885932952766516,0.009281524968454143,0.007529712612196593,2.3812560249354426,0.1254026484475156,3.3008249810865937,0.005734292370723956,0.004880006457918829,0.0046450155508239895,0.08046519433673979,240.84027957040615,0.005734292370723956,0.003694425426722659,5.669657198120738e-05,233.14831155145208,0.005551282448426203,8.596160404530292e-09,0.0070035617632135845,0.06380570130348188,13711,228.51666666666668,20170,336.1666666666667,40215,670.25,5.669657198120738e-05,0.9301233827178971,1.4509099560061094,5.753719017148922e-05,95.55469354388693,72.4609375,2.377997712054705e-05,1.5981609258508202e-05,1.7688963451357584e-05,0.413297504616944,0.2777613785253524,0.3074353022564318,3,0,0.7976190476190477
S10,3180,3240,60,30,6.502808338117412e-07,0.008058939507143667,-0.09570851136844347,0.0840567998904376,0.17976531125888107,0.00016247295143165111,0.009648138862366535,0.008058939533379448,2.7277532689119783,-0.12557243547212996,3.8938558723117804,0.00608015050297698,0.0052894495237042335,0.004831547922735958,0.09570851136844347,255.36632112503315,0.00608015050297698,0.0038702025663162293,6.494650597980101e-05,252.45984553837133,0.006011091824528473,-1.0037300068485197e-08,0.007643722490435073,0.06682569204816509,14391,239.85,20623,343.71666666666664,40217,670.2833333333333,6.494650597980101e-05,0.9484774620357264,1.4452945061959959,6.352501387574335e-05,98.14444749009571,75.3662109375,2.5834614352812617e-05,1.6557117047862824e-05,2.1041930059809974e-05,0.4066841197917063,0.26063932989056865,0.3312384960823237,2,1,0.7857380952380952
S10,3210,3270,60,30,3.28418000410965e-08,0.007695429009107163,-0.04323476707271153,0.052058985724008716,0.09529375279672025,0.00014078797209455586,0.009900937587135512,0.007695429009177242,2.4872243606820383,-0.07435269568379864,0.7493846144381902,0.006005027364955735,0.004812408334858901,0.004952804750264597,0.052058985724008716,252.2111493281409,0.006005027364955735,0.003884205197304878,5.921962763420805e-05,245.12761478690933,0.005836510745182251,-7.391120981340519e-09,0.007336023068468408,0.0360241990744621,13926,232.1,19954,332.56666666666666,40213,670.2166666666667,5.921962763420805e-05,0.9532961787817916,1.4190332601352886,5.881557930453147e-05,98.76754271116873,79.638671875,2.317046998721074e-05,1.5636906439771506e-05,1.9913809295310783e-05,0.3939512330098832,0.26586334139136425,0.33858051779448367,2,1,1.0
S10,3240,3300,60,30,-1.477650335603747e-07,0.007968134969437272,-0.05970470088283912,0.05957792688452039,0.11928262776735951,0.00020037689345348616,0.010037095758839444,0.007968134970807386,2.6666293463461526,-0.0833983327918819,1.672426027537803,0.006142000907430976,0.005076120542906827,0.005024296800152777,0.05970470088283912,257.964038112101,0.006142000907430976,0.003972356994891313,6.349117489116913e-05,240.68901870630708,0.0057308273698494505,5.366566015024225e-08,0.007198535714914628,0.03645559498526181,13506,225.1,19303,321.71666666666664,40104,668.4,6.349117489116913e-05,0.9034153842179464,1.4628636578821992,6.260678889864669e-05,92.12431758461732,71.09375,2.7321542531584458e-05,1.6243718798877895e-05,1.892763575287629e-05,0.4363990393408444,0.259456188132802,0.3023256117402538,2,1,1.0
S10,3270,3330,60,30,4.290045197003816e-07,0.00798374047861433,-0.05970470088283912,0.05957792688452039,0.11928262776735951,0.000161265979726628,0.009832997329910777,0.007983740490140561,2.6770847129842137,-0.07515896970719738,2.155571599980518,0.0060944583569409174,0.005157294789850863,0.004912592091539544,0.05970470088283912,255.96725099151854,0.0060944583569409174,0.00392450854011146,6.374011202986498e-05,235.42525055691848,0.005605496572702171,-2.172340104072771e-08,0.007051826772060523,0.03914420451085725,13274,221.23333333333332,19271,321.18333333333334,40091,668.1833333333333,6.374011202986498e-05,0.8832735471487229,1.4874670695488237,6.387188797045648e-05,89.98973767340544,67.333984375,2.8706077317077253e-05,1.6849430697304563e-05,1.818506192832068e-05,0.4494321090110106,0.26380041725239367,0.28471151403465733,2,1,1.0
S10,3300,3360,60,30,-1.683588943539495e-06,0.008493129866460234,-0.0578941680158983,0.05510516180520422,0.11299932982110253,5.762161143448767e-05,0.010749625575120356,0.008493130033328735,3.029596826047284,-0.0321840631716342,0.9736307461189289,0.006585965529670509,0.005362678044132653,0.0053753416646664404,0.0578941680158983,276.6105522461614,0.006585965529670509,0.00424438034093681,7.213325492855884e-05,240.0637304388385,0.005715939199477094,-6.584449962486715e-08,0.00721256660048563,0.03914420451085725,12321,205.35,18644,310.73333333333335,39990,666.5,7.213325492855884e-05,0.8492236329705014,1.512555889161093,7.090509592201318e-05,86.53026253743049,64.599609375,3.286499717840699e-05,1.9954103449188566e-05,1.7941500112031787e-05,0.4635068432113033,0.28141987807386376,0.2530354113301703,2,1,1.0
S10,3330,3390,60,30,3.851956437617538e-07,0.008907343611793819,-0.05003479491537424,0.045005291116266166,0.09504008603164041,7.335115239095699e-05,0.011354074248990126,0.00890734362012266,3.332312355411474,-0.04911993146238584,0.6577807278536394,0.006933920854576639,0.005591199508996889,0.005675903390473112,0.05003479491537424,291.22467589221884,0.006933920854576639,0.004462233984471947,7.934077021856416e-05,248.1157651270597,0.005907658875855608,9.523440993207906e-09,0.007439051437730235,0.038561358598378455,12103,201.71666666666667,18779,312.98333333333335,39959,665.9833333333333,7.934077021856416e-05,0.8351593653444016,1.5369769961879165,8.079895494352567e-05,83.7786841906135,60.498046875,4.002128272285541e-05,2.1144881001703637e-05,1.9429286597213633e-05,0.49531931138005725,0.2616974565634274,0.2404645779242282,2,1,1.0
S10,3360,3420,60,30,1.3376155168174982e-08,0.008044792206290705,-0.05003479491537424,0.03807200302624194,0.08810679794161619,8.815484896386114e-05,0.010174961675793612,0.008044792206301827,2.7181846289881335,-0.051726097061116735,0.7438636415642694,0.006250663943748797,0.005064373791979947,0.005086900716177099,0.05003479491537424,262.52788563744946,0.006250663943748797,0.0040256134624459435,6.471868164239568e-05,242.42084302206396,0.0057720622639125686,-7.120875640972565e-09,0.007253899842724989,0.03226691888663589,13195,219.91666666666666,19901,331.68333333333334,40069,667.8166666666667,6.471868164239568e-05,0.9016889009330445,1.4878130334126816,6.470165756793965e-05,91.2913893336898,66.8212890625,2.9140724592775818e-05,1.6714590178380833e-05,1.8710021123103736e-05,0.45038605946341864,0.2583332607952086,0.28917375267329704,2,1,1.0
S10,3390,3450,60,30,-8.26729519109205e-07,0.007796606995694706,-0.04073361859950445,0.06065697069962951,0.10139058929913397,8.580087754609842e-05,0.009937372172870796,0.007796607039526701,2.553057415809487,0.0238047060849288,0.9151385310833584,0.0060733775091374054,0.004888881974470365,0.0049717818600043115,0.06065697069962951,255.08185538377103,0.0060733775091374054,0.0039471215273217345,6.078708064531562e-05,233.25945495740427,0.005553928783004459,3.278649583480379e-08,0.00699768787907448,0.03172004298846587,13092,218.2,19497,324.95,40052,667.5333333333333,6.078708064531562e-05,0.8975298976771062,1.4890626843173511,6.013899455691504e-05,91.92932446973228,69.04296875,2.6520789762792426e-05,1.5876295012753804e-05,1.76257175516097e-05,0.4409915722434197,0.2639933562196257,0.29308301014126314,2,1,1.0
S10,3420,3480,60,30,3.1708297961121525e-07,0.009055852047885744,-0.07838322200891865,0.09717732646606046,0.1755605484749791,0.00010793112716978373,0.010717048252695817,0.009055852053436939,3.4443551693769967,0.23178820160387442,4.5375879971105855,0.006753546703708039,0.006033080749879974,0.0053542360651058895,0.09717732646606046,283.6489615557376,0.006753546703708039,0.004286757703769297,8.200845631319641e-05,244.4360568495716,0.005820044687958561,1.503143994817232e-08,0.00754704422681387,0.08530718358838191,12436,207.26666666666668,18699,311.65,39805,663.4166666666666,8.200845631319641e-05,0.8333886405063197,1.5153770612969224,8.594450554729264e-05,83.986608341132,64.7705078125,3.9591300210928587e-05,2.6474977686852793e-05,1.9700753553041714e-05,0.46066121340523275,0.3080473558869266,0.2292264459209785,2,1,1.0
S10,3450,3510,60,30,-5.39424061209544e-07,0.008309485302874463,-0.07838322200891865,0.09717732646606046,0.1755605484749791,0.00016268798500382916,0.009574142798834222,0.008309485320383269,2.8999969441659315,0.23488933790285166,6.213734238376427,0.006110692650854849,0.0056308952766370626,0.00479356999408358,0.09717732646606046,256.6490913359037,0.006110692650854849,0.003842752566974417,6.904754599868671e-05,238.95475444714282,0.0056895343805124605,2.315064474843162e-09,0.007373623737586717,0.08530718358838191,13664,227.73333333333332,19658,327.6333333333333,39986,666.4333333333333,6.904754599868671e-05,0.8873743040421519,1.4737403486282936,6.873988462575582e-05,91.24416316708412,70.2392578125,2.836673929278251e-05,2.1433623668312025e-05,1.8804348445678776e-05,0.4126678339252538,0.3118076759221263,0.2735580449117173,2,1,1.0
S10,3480,3540,60,30,-9.2551284475158e-07,0.007418517333167456,-0.09054351502977404,0.05702734690896319,0.14757086193873722,0.00018040704031177025,0.00876678748848497,0.0074185173908996125,2.3114448117213597,-0.37110404404486175,4.465166765684778,0.005544297558133631,0.004929012565002596,0.004387624918507204,0.09054351502977404,232.86049744161247,0.005544297558133631,0.003504900456899483,5.503439942250598e-05,230.3648656787501,0.005485008349692852,4.053095946827083e-09,0.0070117477761018855,0.05526044750667079,14471,241.18333333333334,20525,342.0833333333333,40117,668.6166666666667,5.503439942250598e-05,0.9451683484991074,1.4490773914221515,5.3372613226951873e-05,97.91238825568986,76.220703125,2.1939735688584726e-05,1.3603216195595789e-05,1.775735939396115e-05,0.41106729391892866,0.2548725905128905,0.33270545173520033,2,1,1.0
S10,3510,3570,60,30,-1.2387651911928956e-06,0.007328951332261315,-0.09054351502977404,0.05702734690896319,0.14757086193873722,0.00014494260137649343,0.00849290325675267,0.007328951436951545,2.2559682249381527,-0.37532103358881247,4.78114351731277,0.00543468617486107,0.0049170840287682755,0.004251304959261234,0.09054351502977404,228.25681934416497,0.00543468617486107,0.0034107539391154164,5.3713527630654905e-05,228.9438914007652,0.005451174823228296,-1.2660387951734054e-08,0.006968561819742719,0.05526044750667079,14680,244.66666666666666,20804,346.73333333333335,40151,669.1833333333333,5.3713527630654905e-05,0.9508265922121494,1.4511722534360851,5.3724733959236286e-05,97.47616358311649,74.853515625,2.2710731182681236e-05,1.3225095243020249e-05,1.7721078756016725e-05,0.4227239394040189,0.2461639968855836,0.32984953949632617,2,1,1.0
S10,3540,3600,60,30,-1.4335055146176687e-06,0.0063967311315181845,-0.03300829534982649,0.044078192067869185,0.07708648741769566,0.00013249446972738365,0.0080381165203512,0.006396731292142259,1.7185631914026231,-0.10270666600269128,0.855082496113726,0.004957857924698091,0.004042006435222526,0.0040225354820867375,0.044078192067869185,208.2300328373198,0.004957857924698091,0.003196712543594046,4.091816916893392e-05,218.32041956837477,0.005198228995175475,-1.4408363975350942e-08,0.006502902870088985,0.029470301822220765,15131,252.18333333333334,20950,349.1666666666667,40422,673.7,4.091816916893392e-05,1.016597811661595,1.3866761306383182,4.033273542756869e-05,106.6292201377579,89.55078125,1.4783677029738906e-05,9.59264738739445e-06,1.5893030953797666e-05,0.36654288069025437,0.23783775847837918,0.39404793117340314,2,1,1.0
S10,3570,3630,60,30,4.6170748900177164e-07,0.006396868670591829,-0.03981218887467315,0.044078192067869185,0.08389038094254234,0.00013042215382766224,0.007923966574321865,0.006396868687254185,1.7186370180828692,-0.06475877809807523,1.1637374824999185,0.004928673631455,0.004077757378335948,0.003966570235600979,0.044078192067869185,207.00429252111,0.004928673631455,0.0031716923680582473,4.0919928788799274e-05,217.13084453733657,0.005169905105772437,1.513805153377029e-08,0.006477303866628663,0.0429678777438023,15173,252.88333333333333,20882,348.03333333333336,40345,672.4166666666666,4.0919928788799274e-05,1.0125741515386453,1.385555499649669,4.040748063291402e-05,106.13668479539473,89.0380859375,1.4651827120807439e-05,9.857882255591433e-06,1.583210710000292e-05,0.3626018472647056,0.24396181353513216,0.391811289692405,2,1,1.0
S10,3600,3660,60,30,7.456803587202313e-07,0.005977346163063192,-0.03981218887467315,0.04365967449766458,0.08347186337233772,0.0001779274241602768,0.007428489020406486,0.0059773462095754045,1.5006040437832693,-0.12166943767646245,0.9886445122159597,0.004621212616541129,0.0037911820929423254,0.0037168168413600675,0.04365967449766458,194.09092989472742,0.004621212616541129,0.002976511435106929,3.572866715308626e-05,213.83983218236716,0.0050915458030516714,-4.211408630639738e-08,0.006400035411669765,0.0429678777438023,15869,264.48333333333335,21167,352.78333333333336,40383,673.05,3.572866715308626e-05,1.0707152032148595,1.327993951678062,3.5542939164070744e-05,114.80801022836341,104.7607421875,1.0676458231190576e-05,9.050009120457561e-06,1.5768196963223785e-05,0.3003819740935515,0.25462185551626904,0.443637958313908,2,1,1.0
S10,3630,3690,60,30,-1.1045605000668045e-06,0.005777529745265075,-0.03191542193926129,0.03137787604102958,0.06329329798029087,0.0001987631880523762,0.007378531433435526,0.005777529850851194,1.4019537494540182,-0.1882994128421422,0.48597750393135497,0.004514919888769812,0.003604906319929466,0.00369304918414882,0.03191542193926129,189.6266353283321,0.004514919888769812,0.002920384731875412,3.337984995742272e-05,214.41564410515787,0.00510525593716893,-4.7346065024646253e-08,0.00640263922601918,0.027984861526690878,16179,269.65,21302,355.03333333333336,40438,673.9666666666667,3.337984995742272e-05,1.108196670257978,1.2905266529001154,3.277501232237883e-05,121.27137198513941,117.919921875,8.32489975785541e-06,8.326397752166793e-06,1.6065469232959728e-05,0.2540014226683038,0.2540471280458227,0.49017431557120117,2,1,1.0
S10,3660,3720,60,30,-1.068685775028538e-06,0.00593765305796789,-0.030025302969803037,0.02980257600194458,0.059827878971747614,0.0001585584781229991,0.007710112123501948,0.00593765315414135,1.4807404491131582,-0.1855144229173649,0.3819616351132793,0.004667074759652047,0.0036707135773175635,0.003872613282682817,0.030025302969803037,196.017139905386,0.004667074759652047,0.0030377137026780044,3.5255723836795434e-05,216.93958126919887,0.005165351110007354,-6.6953134160760405e-09,0.0064732249922509035,0.02807594191789195,15740,262.3333333333333,21257,354.28333333333336,40481,674.6833333333333,3.5255723836795434e-05,1.0901992637586522,1.3097997354982442,3.4723147010902684e-05,117.44653916241941,110.5712890625,9.871434979860603e-06,8.65285932974469e-06,1.6132646136243563e-05,0.2842897556710825,0.24919571163949475,0.4646078343987108,2,1,1.0
S10,3690,3750,60,30,-4.582937525358299e-07,0.007085569286228821,-0.07452888617318706,0.062033824374394544,0.13656271054758162,0.00010696550213989161,0.008632333591317693,0.007085569301050012,2.108622277439259,-0.05812951370281068,2.8559165608096606,0.005386170010261452,0.004603744665002883,0.004319144744672022,0.07452888617318706,226.219140430981,0.005386170010261452,0.0034466267793854203,5.02052921099492e-05,229.61170392581073,0.005467075500031208,4.5047416669283116e-08,0.006914061051664307,0.04615121761716858,14729,245.48333333333332,20779,346.31666666666666,40337,672.2833333333333,5.02052921099492e-05,0.9757947135034232,1.4282620004909297,4.8706963913925286e-05,101.6958433568455,79.1259765625,1.9065850526269166e-05,1.2353761397583635e-05,1.7220246620870008e-05,0.3914399296158604,0.2536343964985201,0.35354793723750766,2,1,1.0
S10,3720,3780,60,30,1.3982996288988974e-06,0.00778365286939381,-0.07452888617318706,0.062033824374394544,0.13656271054758162,7.515961898831849e-05,0.009665034267354544,0.007783652994993055,2.544580665751503,-0.01841944222597773,1.8469144333085081,0.005995575682185242,0.004963700855778209,0.004833440783584218,0.07452888617318706,251.81417865178017,0.005995575682185242,0.0038647193040936066,6.0585251991222495e-05,242.4360089957229,0.005772423367121191,1.1209617676895699e-08,0.007287139133869515,0.04615121761716858,13815,230.25,20330,338.8333333333333,40239,670.65,6.0585251991222495e-05,0.9362107041699351,1.4656603398310764,6.114478466271236e-05,96.03695747090354,71.09375,2.5866928685002495e-05,1.6265756880846227e-05,1.8916399370428804e-05,0.4230439084492647,0.2660203477789905,0.3093706106706514,2,1,1.0
S10,3750,3810,60,30,1.5294082396898783e-06,0.007361098705132111,-0.033844678682565396,0.0330636044561229,0.0669082831386883,9.211195114514851e-05,0.009630718509311848,0.007361098864013932,2.275802612403063,-0.04002296895924422,0.2344858759412225,0.005814855415086756,0.004513671785522673,0.004815966367368895,0.033844678682565396,244.22392743364372,0.005814855415086756,0.003815332001791243,5.418577414669764e-05,239.02878781094023,0.005691297121620521,2.0174769788146068e-08,0.0071500617106838,0.033314627498840205,13766,229.43333333333334,20385,339.75,40209,670.15,5.418577414669764e-05,0.9713307750782941,1.4229004034770514,5.401548831277806e-05,100.86558315160147,79.1259765625,2.0718379675562868e-05,1.4844510713449676e-05,1.8339413943577917e-05,0.3835636837270185,0.27481952264306414,0.3395213950003205,2,1,1.0
S10,3780,3840,60,30,2.932189333287067e-06,0.007252979552708537,-0.03423816189830205,0.03165883107541255,0.0658969929737146,8.63412856263754e-05,0.009612628262210498,0.00725298014541212,2.209440281569181,-0.05704870053540827,0.2032312736016646,0.005740278233285454,0.004433387733349253,0.004809098848285006,0.03423816189830205,241.09168579798907,0.005740278233285454,0.003766404863105568,5.260571239200812e-05,234.69091651440743,0.005588012012533809,9.643743247173875e-09,0.007021316404869321,0.031474377713596326,13720,228.66666666666666,20186,336.43333333333334,40142,669.0333333333333,5.260571239200812e-05,0.9680595890067408,1.4210571737933828,5.227682093562234e-05,101.49619506344624,80.8349609375,1.984984114070487e-05,1.401473810314751e-05,1.8304987954268663e-05,0.37970635523436813,0.2680870384296384,0.3501549563775276,2,1,1.0
S10,3810,3870,60,30,-1.7653777729312205e-06,0.007587174020744702,-0.04418223224597824,0.04448577798223137,0.08866801022820961,7.487872174506693e-05,0.009836621138742776,0.007587174226128065,2.4177389349801244,-0.08180806258008987,0.6568584219537241,0.005938598584328732,0.0047221033016899144,0.004919034743716653,0.04448577798223137,249.42114054180672,0.005938598584328732,0.0038629817156967563,5.7565209621063334e-05,237.43864578905144,0.005653435695827316,1.1795145541936149e-08,0.007120990142994903,0.03230583604358781,13544,225.73333333333332,20064,334.4,40114,668.5666666666667,5.7565209621063334e-05,0.9385563219618834,1.4541875795976666,5.740896305261383e-05,96.19412916462261,72.9736328125,2.4128069704423247e-05,1.490264273724568e-05,1.8274288458886966e-05,0.4202840187569752,0.2595873874883926,0.31831768921063863,2,1,1.0
S10,3840,3900,60,30,8.437447957655323e-07,0.007834010080550556,-0.04418223224597824,0.04448577798223137,0.08866801022820961,8.481198479430357e-05,0.010219290178089976,0.007834010125987395,2.5776120154710673,-0.07360459494546748,0.6183843006807548,0.006142514242442168,0.004862225152691735,0.005106961264983488,0.04448577798223137,257.98559818257104,0.006142514242442168,0.004016361645001398,6.137171394216775e-05,232.40274829694658,0.005533530519701578,9.477329376172755e-09,0.006993648385205688,0.033310649110867,12718,211.96666666666667,19153,319.21666666666664,40087,668.1166666666667,6.137171394216775e-05,0.8927290510601679,1.4805690660323343,6.0088839172177485e-05,92.24029449892176,70.2392578125,2.5761989671640395e-05,1.6752489929812358e-05,1.745351724975867e-05,0.42873169171769904,0.2787953663376667,0.29046188094510655,2,1,1.0
S10,3870,3930,60,30,1.0277583619189865e-06,0.007357190722684258,-0.050495163876316904,0.045722422067483094,0.0962175859438,0.0001772327024154447,0.009718932366146297,0.0073571907944703025,2.2733867682220192,-0.10303174643648173,0.3952710692457053,0.005817508947146734,0.004503870117588457,0.004865201884941629,0.050495163876316904,244.33537578016282,0.005817508947146734,0.0038437863052946195,5.4128255329951315e-05,226.76231376664177,0.0053992312618548486,-1.0916922545514384e-08,0.006804431479023616,0.033310649110867,13225,220.41666666666666,19258,320.96666666666664,40150,669.1666666666666,5.4128255329951315e-05,0.9248681644263574,1.4377937780354972,5.327376688606909e-05,95.5123360828454,75.87890625,2.111887721343182e-05,1.537352926327565e-05,1.6663100954646345e-05,0.3964216996067972,0.2885759757922388,0.3127824805458555,2,1,0.7975952380952381
S11,90,150,60,30,1.6986318594584657e-06,0.010724143130994573,-0.06380872117282507,0.0805528090646398,0.14436153023746487,-6.195206460825288e-05,0.012799504039268345,0.01072414326552048,4.830304448735148,0.09398378368351155,2.0691502148406578,0.008101582682069466,0.0070264932096317,0.006402328044671361,0.0805528090646398,340.2664726469176,0.008101582682069466,0.005137605311844597,0.00011500724589405809,288.8698559938474,0.006878017476460092,5.541901926368055e-09,0.008915189465176882,0.06607512500308496,12064,201.06666666666666,18069,301.15,39837,663.95,0.00011500724589405809,0.8313195148813791,1.4692378088222424,0.00011651402398475737,85.43312275888086,69.8974609375,4.621263104761994e-05,4.478164155440045e-05,2.5238016754097385e-05,0.3966271996035909,0.38434550642812654,0.21660926205242967,1,0,1.0
S11,120,180,60,30,1.4190199501378837e-06,0.009882180554965628,-0.06380872117282507,0.08394958933864893,0.147758310511474,-8.022402814749627e-06,0.011420062811876098,0.009882180656846866,4.101614770451452,0.09573568422208593,2.807038340184448,0.007359011041304219,0.006595638788511766,0.005713868241164165,0.08394958933864893,309.0784637347772,0.007359011041304219,0.004624812068541177,9.765749252094076e-05,267.9677705980796,0.0063803369270239675,-2.6130482667394204e-08,0.008332386991495546,0.06527313964077465,12512,208.53333333333333,18455,307.5833333333333,39751,662.5166666666667,9.765749252094076e-05,0.843172915648527,1.47063949823391,8.924879552689768e-05,87.18392291046581,70.068359375,3.6131568827328864e-05,3.180599947355156e-05,2.1143405542335272e-05,0.4048409685981654,0.35637455145224806,0.2369040995736811,1,0,1.0
S11,150,210,60,30,9.200101017166164e-07,0.010109647196216457,-0.059532482027565704,0.08394958933864893,0.14348207136621463,-9.92783953180467e-05,0.012161944046385278,0.010109647238078381,4.292608625692205,0.0951015396250009,1.8127729730237157,0.007679701391308176,0.006574736026543204,0.006077753288794187,0.08394958933864893,322.5474584349434,0.007679701391308176,0.004894976686300086,0.00010220496643196726,273.72442402338453,0.006517403367303615,5.661533454795052e-09,0.008446761341359391,0.06527313964077465,12040,200.66666666666666,17788,296.46666666666664,39811,663.5166666666667,0.00010220496643196726,0.835514947002364,1.45447485357811,0.00010224255464948036,86.81183494761311,71.6064453125,3.925515799775254e-05,4.0119033915846694e-05,2.2579453451084524e-05,0.3839414824124022,0.39239076188371236,0.22084203127057997,1,0,1.0
S11,180,240,60,30,-1.3175384917914916e-06,0.009743691699067303,-0.057110038226200394,0.06366276430331813,0.12077280252951852,-8.366236654670832e-05,0.012496939498341113,0.009743691788145842,3.9874602458199906,0.04502505613383999,0.8791324507848746,0.007593007348793773,0.006106207420612608,0.00624628650440002,0.06366276430331813,318.9063086493385,0.007593007348793773,0.004948545827568598,9.493952792647305e-05,268.51823416918205,0.006393443514588015,-3.25895326609406e-08,0.00815054597631236,0.0544654494641081,11747,195.78333333333333,17522,292.03333333333336,39935,665.5833333333334,9.493952792647305e-05,0.8364946498761404,1.4501598570599303,9.155593963727443e-05,87.53317081963458,72.119140625,3.534487257872714e-05,3.491405606779378e-05,2.1048293766402628e-05,0.38604674605226236,0.38134124564846367,0.22989544807023538,1,0,1.0
S11,210,270,60,30,-7.441696617726264e-07,0.009128654183655691,-0.0647280981432852,0.039799228682608344,0.10452732682589355,-4.871308994337841e-05,0.0121221573058873,0.009128654213988119,3.499957765859648,-0.0010261609212430256,0.2742198729732874,0.007228176794066948,0.005575463029406178,0.00606156634897673,0.0647280981432852,303.5834253508118,0.007228176794066948,0.0047655234759477,8.333232720477455e-05,257.9770967895139,0.006142458077323601,-1.7804734133076606e-08,0.007777853193111117,0.05097745598925361,11731,195.51666666666668,17388,289.8,40004,666.7333333333333,8.333232720477455e-05,0.8520262720694248,1.4294868666462712,8.302050766773244e-05,88.93240625979226,73.9990234375,3.0508187499654424e-05,3.23547877046013e-05,1.990601634112532e-05,0.36747772757250957,0.38972042707920745,0.239772279167382,1,0,1.0
S11,240,300,60,30,-9.64125086291676e-07,0.010298200483267027,-0.09571444285677042,0.10179035329243258,0.197504796149203,-0.00010179221089294446,0.012711773060509121,0.010298200528398076,4.454223233170134,0.033764626698353346,2.3438855284141287,0.007867008980442876,0.006645532621598479,0.00635340078803024,0.10179035329243258,330.4143771786008,0.007867008980442876,0.005055108428499531,0.00010605293319356124,281.3435836590352,0.006698816249411538,-4.7737768689384584e-08,0.008667049952026695,0.09714195172542836,11825,197.08333333333334,17567,292.78333333333336,39860,664.3333333333334,0.00010605293319356124,0.8416081980642446,1.4387219958269521,0.00010455231022303671,88.20607044800367,73.486328125,3.781229099636235e-05,4.273844603556331e-05,2.368504213487118e-05,0.3616590672716758,0.4087757214010032,0.22653772149410137,1,0,1.0
S11,270,330,60,30,-2.541409865043097e-07,0.01101712863828854,-0.09571444285677042,0.10179035329243258,0.197504796149203,-0.00010208157208498454,0.013387755139502697,0.011017128641219778,5.097839186881776,0.04434904563031794,2.509616338353414,0.008366451268577272,0.007167957635736063,0.006694800536910624,0.10179035329243258,351.3909532802454,0.008366451268577272,0.005348352194177338,0.00012137712343259749,296.6044138554098,0.00706217800079549,3.5703921865220615e-08,0.009139576041218315,0.09714195172542836,11791,196.51666666666668,17719,295.31666666666666,39801,663.35,0.00012137712343259749,0.8295787715008569,1.4483672844745097,0.00012608444575956383,86.04093424066397,71.435546875,4.758427062075345e-05,5.1482070890624e-05,2.6646518580064377e-05,0.37740000627431924,0.4083142102142996,0.21133866607842997,1,0,1.0
S11,300,360,60,30,-1.2019178740894174e-06,0.010245741365392481,-0.09095715185949853,0.08292564163676347,0.173882793496262,-0.00011433549095570678,0.013176212017898589,0.010245741435890384,4.408959137987089,0.04963624363545259,1.3282221399820333,0.007988637199965296,0.0064153638445883805,0.006587538485070897,0.09095715185949853,335.5227623985424,0.007988637199965296,0.005215148006850578,0.00010497521612651458,283.4757830135127,0.006749584109467194,5.364167072577487e-08,0.008590588223582468,0.06508190755297433,11760,196.0,17623,293.71666666666664,39891,664.85,0.00010497521612651458,0.8384545263458727,1.443149258403056,0.00010470415807773908,87.15495657443887,71.435546875,3.9651346998183175e-05,4.071857581687644e-05,2.4054656680365315e-05,0.3786988762064585,0.3888916788447347,0.22973926844916318,1,0,1.0
S11,330,390,60,30,7.372835485121078e-07,0.00945964616246707,-0.0554547476623298,0.05280590771195795,0.10826065537428775,-8.581050101564625e-06,0.01218688645646665,0.00945964619119896,3.7583660546319297,0.00875890239479059,0.5824714565478999,0.007402558269594779,0.005889570198912561,0.0060926102114848505,0.0554547476623298,310.9074473229807,0.007402558269594779,0.0048086751995696075,8.948490551907797e-05,273.64849761812974,0.006515595552706725,-5.90413244225946e-09,0.00827479552063188,0.05461206256500156,12348,205.8,18294,304.9,40022,667.0333333333333,8.948490551907797e-05,0.8747468328639703,1.439831794778453,9.134729914514208e-05,90.86982408887017,74.51171875,3.4484106430545804e-05,3.283410350734065e-05,2.3802841177120773e-05,0.3775054845984431,0.359442521175918,0.2605752047392266,1,0,1.0
S11,360,420,60,30,3.2360429821924573e-07,0.008239441116340975,-0.0554547476623298,0.05280590771195795,0.10826065537428775,9.461621872384291e-05,0.010328916897183116,0.00823944112269576,2.851312380603538,-0.03979820436034865,1.162535688388048,0.006366835433299576,0.005229894509418994,0.005167610016524417,0.0554547476623298,267.4070881985822,0.006366835433299576,0.004106906358936126,6.78883899096502e-05,239.1974194679189,0.005695312256670847,9.777241983932169e-09,0.007317388355466403,0.05461206256500156,12627,210.45,18704,311.73333333333335,39989,666.4833333333333,6.78883899096502e-05,0.8880928029152488,1.4495360909499269,6.818186494506516e-05,91.42198576566177,74.853515625,2.6857055085901075e-05,2.244151683637701e-05,1.8736528764664295e-05,0.3939032044303875,0.3291420211878683,0.27480223340562054,1,0,1.0
S11,390,450,60,30,-8.155557720758421e-07,0.007944117068766186,-0.08518221177529889,0.07849703194643004,0.16367924372172893,9.130875826995238e-05,0.009621057932676496,0.007944117110629315,2.650577860030525,-0.01355079698730411,3.695806667290139,0.005996323942753353,0.005210863252951121,0.004808880984836282,0.08518221177529889,251.84560559564085,0.005996323942753353,0.0038459636603845105,6.310899600226225e-05,225.40594787504295,0.005366936066931188,-3.1181937144370106e-08,0.0069264312982516675,0.059813468391100404,12742,212.36666666666667,18985,316.4166666666667,39955,665.9166666666666,6.310899600226225e-05,0.8718944142306583,1.4698883763093022,5.889708971951425e-05,90.23812997125408,71.09375,2.4085354231416888e-05,1.8819539926642394e-05,1.5882536513625205e-05,0.40893963260525484,0.31953259518028365,0.26966589672363517,1,0,1.0
S11,420,480,60,30,3.490772109530386e-06,0.009979305995554364,-0.08518221177529889,0.07849703194643004,0.16367924372172893,6.665931068518803e-05,0.011557064218219278,0.009979306606092288,4.1826355342126815,0.0038204846606421155,2.4885495386737793,0.00745341357485956,0.006635750629770262,0.005776996035470196,0.08518221177529889,313.0433701441015,0.00745341357485956,0.004668106097193752,9.958654815290727e-05,274.8556599791236,0.0065443381980314665,-3.989132716262287e-08,0.008477880221446223,0.059813468391100404,12607,210.11666666666667,18647,310.78333333333336,39940,665.6666666666666,9.958654815290727e-05,0.8495460731661096,1.4624484857176974,9.653549918174147e-05,88.75070245209925,71.9482421875,3.688082465802999e-05,3.605587817657193e-05,2.3437885167580495e-05,0.38204416997519974,0.373498645391492,0.2427903244531364,1,0,1.0
S11,450,510,60,30,9.408131857856547e-08,0.01690735193718329,-0.3056553083490531,0.2689717817363587,0.5746270900854118,1.092165102849782e-05,0.013123962502575432,0.016907351937445053,12.006059080538332,-0.9149158101373043,59.36420609652516,0.009424147047797213,0.01403723626495337,0.006557959119677152,0.3056553083490531,395.81417600748296,0.009424147047797213,0.005388160648065978,0.0002858585495277756,322.7410707686107,0.0076844941729234196,-3.3187192518955566e-08,0.011833816907623747,0.20451457404736656,12138,202.3,18044,300.73333333333335,38748,645.8,0.0002858585495277756,0.6999213686206157,1.5306139825412746,0.00024947071685387315,74.24477098311563,59.6435546875,0.00012583759141235616,9.232477323518765e-05,3.0578288905983966e-05,0.5044182860390193,0.37008260688675,0.12257265819256503,1,0,1.0
S11,480,540,60,30,8.279369952623075e-07,0.01611302071462221,-0.3056553083149944,0.2689717823758741,0.5746270906908685,2.535948948707671e-05,0.011668600698659659,0.0161130207358932,10.904436363883617,-1.0589128114225537,72.24475954347405,0.00847277593547449,0.013705528270831758,0.005832601986832976,0.3056553083149944,355.85658928992854,0.00847277593547449,0.004798028456788039,0.0002596294365498445,293.92919079978935,0.006998480697154441,-3.224410346453166e-08,0.011177520111208192,0.2045145740601304,12352,205.86666666666667,18592,309.8666666666667,38506,641.7666666666667,0.0002596294365498445,0.6936948886973651,1.5442360829884771,9.775039310305386e-05,85.87036023372477,67.1630859375,4.153429817116118e-05,3.43394769474791e-05,2.170175136812275e-05,0.42490159735085087,0.3512975841567873,0.22201190889578895,1,0,1.0
S11,510,570,60,30,1.2398036398649466e-06,0.00821767597171665,-0.044199242225075236,0.044430764534269,0.08863000675934424,5.108725010375016e-05,0.010727910975091914,0.008217676065241453,2.836268396356175,-0.040000403417527225,0.3322529552940092,0.0064697456062679185,0.00506681277564301,0.0053616394558568155,0.044430764534269,271.7293154632526,0.0064697456062679185,0.004229993890417162,6.75301983761292e-05,242.95585565984464,0.005784800963352571,-4.3713527428154515e-09,0.007331565216548434,0.03486074608825108,12496,208.26666666666668,18861,314.35,40132,668.8666666666667,6.75301983761292e-05,0.8921701514858937,1.4440117458597634,6.76032372760491e-05,92.48173011048536,74.51171875,2.5970477424409296e-05,2.2785576461603115e-05,1.8725820555500918e-05,0.38416026318920493,0.3370485997373343,0.2769959148411258,1,0,1.0
S11,540,600,60,30,1.3268848046920326e-06,0.008675480057341874,-0.06652197268891413,0.07573259677015642,0.14225456945907056,7.627936564623666e-05,0.011214209434655087,0.008675480158813104,3.1610861514103132,-0.032270582368570215,1.048017251453893,0.0067818814332434255,0.005410179314162141,0.005611945180619166,0.07573259677015642,284.8390201962239,0.0067818814332434255,0.004416025215343953,7.526395422533655e-05,250.58370687022943,0.005966420792643382,6.039070750281641e-08,0.007571348193876226,0.053804462795835714,12206,203.43333333333334,18404,306.73333333333335,40040,667.3333333333334,7.526395422533655e-05,0.872729594654391,1.4516126800746425,7.35887271678255e-05,90.78364904347423,73.6572265625,2.8417685042790725e-05,2.5747881698774493e-05,1.9262825093036255e-05,0.3861689981127371,0.34988893937592114,0.2617632595968905,1,0,1.0
S11,570,630,60,30,-2.732004998220578e-07,0.009421831743763752,-0.08107328460573218,0.07621612781011895,0.15728941241585115,9.64068782610734e-05,0.011759667152594591,0.009421831747724685,3.7283783662621777,-0.05165642509187586,2.025177118289686,0.007238738602166963,0.006030885252757732,0.0058803292697595525,0.08107328460573218,304.02702129101243,0.007238738602166963,0.0046738102193724165,8.87709134077943e-05,260.81064125859723,0.006209925028181558,1.3425005062865425e-08,0.007963854594325536,0.05499687347855235,12093,201.55,18058,300.96666666666664,39828,663.8,8.87709134077943e-05,0.8452554461712564,1.4720829823625687,8.814230589046144e-05,87.23625451457828,69.5556640625,3.586993763977891e-05,3.1353108582909594e-05,2.0763646394361584e-05,0.40695483601661336,0.35571010159268546,0.23556958471412737,1,0,1.0
S11,600,660,60,30,-6.406703351724523e-07,0.010153170557815441,-0.08107328460573218,0.07621612781011895,0.15728941241585115,0.00010449732290126156,0.012532918477764506,0.010153170578028756,4.329648657035049,-0.023215939952145357,1.917642503440855,0.007768296274044044,0.006537617745419367,0.006268028494443061,0.08107328460573218,326.2684435098498,0.007768296274044044,0.004995449799076262,0.0001030868723760903,271.95044543283285,0.0064751647761335475,-2.937581589187939e-08,0.008371821452585424,0.05749806072088847,11730,195.5,17753,295.8833333333333,39747,662.45,0.0001030868723760903,0.8245524296980496,1.479149450404103,9.796528776436705e-05,85.9103819818344,68.8720703125,4.0527904548777854e-05,3.499079163358466e-05,2.2195438590492954e-05,0.4136965804281451,0.35717540806644654,0.22656431780080075,1,0,1.0
S11,630,690,60,30,6.470713342929765e-07,0.01021190837643706,-0.06995817106966351,0.06419626305036909,0.13415443412003258,0.00014179590619862363,0.013109226378031497,0.0102119083969377,4.379889070512762,-0.005680751429813357,1.0877383000210585,0.007945504615057573,0.006414984763781244,0.006565052955594553,0.06995817106966351,333.7111938324181,0.007945504615057573,0.005159652313687066,0.0001042830726887454,275.35059209388044,0.00655612257658231,9.132580876610054e-09,0.008381497052539315,0.05749806072088847,11423,190.38333333333333,17521,292.01666666666665,39803,663.3833333333333,0.0001042830726887454,0.8207571732506694,1.480473905500909,0.00010362218900545234,84.4891675552999,67.8466796875,4.312722029781168e-05,3.7904837170834644e-05,2.2310350211092803e-05,0.416196769357405,0.3657984601043333,0.21530475687903958,1,0,1.0
S11,660,720,60,30,9.071452671593591e-07,0.009916167293139003,-0.05436991176299337,0.06941835887356516,0.12378827063655853,0.00011577377149582253,0.01267318953196555,0.00991616733463248,4.129875733554153,-0.0002932746634193,0.9510950279348083,0.007717318965710195,0.006226826044617109,0.006336411995335722,0.06941835887356516,324.1273965598282,0.007717318965710195,0.005021246157339004,9.833037378551968e-05,270.9385897313391,0.006451072400089028,-2.408018775552082e-09,0.008196946224085943,0.06456048457681035,11709,195.15,17757,295.95,39831,663.85,9.833037378551968e-05,0.8266244388350943,1.4891262683953037,9.084913538565696e-05,86.38547773239067,69.04296875,3.7160988861506754e-05,3.265363409963871e-05,2.0822624507661616e-05,0.40904064418177877,0.35942702108306457,0.22920002946939483,1,0,1.0
S11,690,750,60,30,1.166999900565534e-06,0.011285817875620772,-0.07642506169025831,0.10875205035307682,0.18517711204333515,4.450309530641672e-05,0.013699962010762803,0.011285817935957062,5.3495268323099445,0.08332534563311472,1.8422326583141775,0.008600308600635575,0.007307829941740835,0.0068492774942345985,0.10875205035307682,361.2129612266942,0.008600308600635575,0.005518925743204811,0.00012736968512168134,302.6144982284884,0.007205278654931984,-1.4244578816458647e-08,0.009299778755007084,0.09011289935327013,11822,197.03333333333333,17803,296.71666666666664,39737,662.2833333333333,0.00012736968512168134,0.8240234653348555,1.4746840278177111,0.00011845021152972109,86.09193369842669,69.384765625,4.734706954755905e-05,4.445474586785421e-05,2.6331537194258365e-05,0.39972127475415187,0.3753032205999885,0.22230046577545667,1,0,1.0
S11,720,780,60,30,9.289221989142073e-08,0.011079203020664103,-0.07642506169109328,0.10875205035248316,0.18517711204357645,2.13462985773627e-05,0.013742154227944444,0.011079203021053526,5.155447062432306,0.06611304475676018,1.6798822702876492,0.0085069773418534,0.007097892369352637,0.006873485245774504,0.10875205035248316,357.29304835784285,0.0085069773418534,0.005479567943802109,0.0001227487395730926,295.5628299229928,0.00703737779287585,-3.1636176268710875e-08,0.009083069595438724,0.09011289935335207,11500,191.66666666666666,17377,289.6166666666667,39726,662.1,0.0001227487395730926,0.8198305941770053,1.4612398705929868,0.00011999587982556109,85.17700057630252,68.8720703125,4.7582005311509986e-05,4.6936093661378376e-05,2.5224692958898316e-05,0.3965303257135187,0.3911475438124186,0.21021299227579848,1,0,1.0
S11,750,810,60,30,-2.9817361901234897e-06,0.010055231321329346,-0.06671986039192848,0.07611163670028467,0.14283149709221316,-1.1359623610333793e-05,0.01295937770217024,0.01005523176342512,4.246522804280124,0.04033072150120886,0.9762440522810794,0.00783941079087261,0.006296929749341618,0.006486362026017388,0.07611163670028467,329.25525321664963,0.00783941079087261,0.005083962794814459,0.00010110767692544271,270.11847693393116,0.006431545439985027,6.661146713557777e-09,0.008189269918488432,0.06081278825343692,11402,190.03333333333333,17364,289.4,39863,664.3833333333333,0.00010110767692544271,0.8144287940066777,1.4740843862364548,0.00010007163728352247,83.49168396762737,67.5048828125,4.2268177160087404e-05,3.6736108273512194e-05,2.0724042169424314e-05,0.42237919062254786,0.3670981036258219,0.2070920665633666,1,0,1.0
S11,780,840,60,30,-1.6089367943549098e-06,0.009916371475950375,-0.06671986039192848,0.07611163670028467,0.14283149709221316,1.40603076766283e-05,0.012608507233417764,0.00991637160647582,4.1300458851842325,0.05011460644022066,1.2124337565869387,0.007685480745916336,0.006266403397633214,0.00630276469326516,0.07611163670028467,322.7901913284861,0.007685480745916336,0.004979156961611394,9.833442324904222e-05,264.25187831036544,0.006291861194560953,-9.351016470481857e-09,0.008059388336686136,0.06081278825343692,11384,189.73333333333332,17459,290.98333333333335,39812,663.5333333333333,9.833442324904222e-05,0.8127356217172907,1.4821289744206596,9.683805289170085e-05,83.76552706941733,67.5048828125,4.12416440442732e-05,3.486473057833685e-05,2.0414746356907584e-05,0.42588262374911573,0.36003130522799687,0.21081326758746877,1,0,1.0
S11,810,870,60,30,-3.2503317797682595e-06,0.010346061981812153,-0.06753700305073786,0.09436947287222429,0.16190647592296215,0.00012623046861419537,0.01294808294436428,0.010346062492376289,4.4957223820385295,-0.011952689316534489,1.423416456299246,0.007981497057667519,0.006583062647020775,0.006475340625844778,0.09436947287222429,335.2228764220358,0.007981497057667519,0.00515783959555643,0.0001070409985314988,274.6083317390429,0.006538449290198407,2.9468651540388914e-08,0.008381029458940965,0.0502609081007097,11358,189.3,17338,288.96666666666664,39787,663.1166666666667,0.0001070409985314988,0.8100695195596532,1.4796519975744824,0.00010488827581717794,83.97875624522443,67.8466796875,4.3262420517487944e-05,3.946104959915928e-05,2.1895975904171242e-05,0.41246192847039537,0.37621983288142297,0.208755227727609,1,0,1.0
S11,840,900,60,30,1.1738187982800222e-06,0.010411980630596302,-0.06784157491557799,0.09436947287222429,0.16221104778780226,5.967743034427525e-05,0.01281433271215859,0.010411980696762895,4.553192365250052,0.030719100784354574,1.8491052307842066,0.007973379168359107,0.006695861906232846,0.006410178281042787,0.09436947287222429,334.8819250710825,0.007973379168359107,0.005115793655528436,0.00010840934065191256,276.4915154354761,0.006583288064846213,5.6026663475587584e-08,0.008455128005414116,0.05983334471125951,11559,192.65,17472,291.2,39781,663.0166666666667,0.00010840934065191256,0.8120576003155592,1.4772884009004512,0.00010910125991317847,83.67178335125978,67.5048828125,4.367683423654763e-05,4.311005077272328e-05,2.204414119183231e-05,0.40033299589120375,0.3951379737230327,0.20205212304032769,1,0,1.0
S11,870,930,60,30,-2.6018309935537185e-06,0.010008488135019774,-0.06784157491557799,0.08810954461328446,0.15595111952886245,1.1262707377438473e-05,0.012432238289381954,0.010008488473208933,4.2071333437709555,0.07881729650998393,1.6493851289766814,0.007698246768691706,0.0063958453863960625,0.006212338674703371,0.08810954461328446,323.3263642850517,0.007698246768691706,0.004963632259638299,0.00010016983474883159,273.7032016351002,0.006516898060313346,-5.600789931645698e-08,0.008380510318986381,0.05983334471125951,11897,198.28333333333333,17848,297.46666666666664,39863,664.3833333333333,0.00010016983474883159,0.8373402861579977,1.4586908773817855,9.552049112673105e-05,86.63955286310527,70.41015625,3.736634511109635e-05,3.618938140351241e-05,2.179738631327249e-05,0.3911866937694118,0.37886511026726655,0.22819591959962793,1,0,1.0
S11,900,960,60,30,-2.1772420027831207e-06,0.010796520420002679,-0.08966084948256395,0.08858860699639541,0.17824945647895934,3.144140152939415e-05,0.013546218535248629,0.010796520639535569,4.8957240326365365,-0.003100884063102994,1.729596942774589,0.008322556896157641,0.006877492612146992,0.006773186344172866,0.08966084948256395,349.5473896386209,0.008322556896157641,0.005392010454333142,0.00011656485317953481,297.988932296595,0.007095143510478702,1.1564977000328227e-09,0.009108123453112002,0.0617468544809588,11949,199.15,17936,298.93333333333334,39917,665.2833333333333,0.00011656485317953481,0.8436165633732708,1.455165248896998,0.0001091158222038481,88.33289028642233,71.77734375,4.176125129837295e-05,4.09824040256871e-05,2.6168583885792893e-05,0.3827240674625113,0.3755862641911322,0.23982391698341643,1,0,1.0
S11,930,990,60,30,-2.3773199851206218e-06,0.010253764199138824,-0.08966084948256386,0.08858860699639548,0.17824945647895934,2.8202452967493116e-05,0.01315328795665897,0.010253764474727872,4.415866807934037,-0.05670403894707062,1.610129554316181,0.00796863822271796,0.006452944349568631,0.00658136441244035,0.08966084948256386,334.6828053541543,0.00796863822271796,0.005213222069958652,0.00010513968025154106,285.97532321173446,0.006809098388336257,-1.014654625155139e-08,0.008694918821364717,0.0617468544809588,11861,197.68333333333334,18091,301.51666666666665,39910,665.1666666666666,0.00010513968025154106,0.8479733542239025,1.4665847365484246,0.00010618554170563731,87.58961881104948,70.068359375,4.239047375171442e-05,3.782273966977572e-05,2.568232273513649e-05,0.3992113527962907,0.3561948176958609,0.24186270863816703,1,0,1.0
S11,960,1020,60,30,1.5937422725801237e-06,0.009293612116194148,-0.06989145790511798,0.058429588986053216,0.1283210468911712,4.849333017132619e-05,0.01208516010851117,0.009293612252847926,3.6275916056639748,-0.0045561892614699616,0.6785370457313782,0.0072972690207809,0.005755092835449007,0.00604338370635472,0.06989145790511798,306.4852988727978,0.0072972690207809,0.004805634952830385,8.637122616627067e-05,255.10675691931417,0.006074115024627114,-3.512313925611676e-08,0.007704159771481653,0.054696639505391484,11545,192.41666666666666,17880,298.0,39925,665.4166666666666,8.637122616627067e-05,0.8289736730089189,1.4951172610302397,8.630456103940302e-05,84.64448878955604,66.9921875,3.839452587093188e-05,2.745462398516363e-05,2.0237186303059286e-05,0.4448725004626645,0.31811324516938344,0.2344857103649463,1,0,1.0
S11,990,1050,60,30,3.606405654237991e-08,0.015263692770696571,-0.1349892936813601,0.1379575042156772,0.2729467978970373,4.694137520543746e-06,0.015798414190381856,0.015263692770739178,9.785173313979648,-0.003511915376544898,4.228082867231677,0.010917466001556827,0.01066720455903824,0.007894517257876495,0.1379575042156772,458.5335720653867,0.010917466001556827,0.006573816090942517,0.0002329803169982148,365.90453681137006,0.00871222021503774,1.937284420257977e-08,0.012117080558190647,0.12574443786345668,11155,185.91666666666666,16806,280.1,39205,653.4166666666666,0.0002329803169982148,0.7938498723882316,1.4087107779257875,0.0002174548837509035,83.65824874147475,72.9736328125,7.49942654183516e-05,0.00010448598245960518,3.746511682714242e-05,0.34487275762570685,0.48049499122445466,0.17228914881515855,1,0,1.0
S11,1020,1080,60,30,-3.283489381591791e-07,0.015966155131432992,-0.1349892936813601,0.1379575042156772,0.2729467978970373,2.0922384922905874e-05,0.01696233090445666,0.015966155134809295,10.70656061112948,0.010782411511865275,3.4766511281834447,0.011562504553521218,0.011010295102248545,0.008482436168046819,0.1379575042156772,485.62519124789117,0.011562504553521218,0.0069776853182178435,0.0002549181096809841,392.64960339101776,0.00934902267651653,-4.359774833750021e-08,0.0127369918803156,0.12574443786345668,11487,191.45,16955,282.5833333333333,39347,655.7833333333333,0.0002549181096809841,0.7977494754037523,1.408745976367852,0.000272762703566885,84.02018955577373,73.3154296875,9.13514620462048e-05,0.00013443547033866008,4.64081053518675e-05,0.3349118514064157,0.49286602816537467,0.1701409494223158,1,0,1.0
S11,1050,1110,60,30,-1.3635861300517237e-06,0.009984925034442533,-0.07597662566979262,0.08241070316335904,0.15838732883315165,0.00010570424292788612,0.011793132572604167,0.00998492512755125,4.187346651717782,0.011485532400912992,2.7707347497417842,0.007470933115077891,0.006624491542211893,0.005895036832070802,0.08241070316335904,313.7791908332714,0.007470933115077891,0.004722122705646585,9.969872794343721e-05,267.8550748083897,0.00637765363004809,1.4213427898699603e-08,0.008306941474289732,0.06456197344080429,12149,202.48333333333332,17890,298.1666666666667,39863,664.3833333333333,9.969872794343721e-05,0.831948306635786,1.4569970020012508,9.75961253362408e-05,86.3128647678328,70.2392578125,3.8616540038841016e-05,3.7062637098613074e-05,2.1711338546516822e-05,0.39567697903782834,0.37975521027011966,0.2224610707824346,1,0,1.0
S11,1080,1140,60,30,-2.463332895241714e-07,0.008329528577964122,-0.08072423788779026,0.06629889486854287,0.14702313275633314,0.00011761933594220289,0.010669379251552494,0.00832952858160659,2.9140039484556466,-0.1747914649086087,2.228722918409436,0.006462922554434126,0.0052546815742904734,0.005340885566593835,0.08072423788779026,271.44274728623327,0.006462922554434126,0.004229529042621503,6.938104633112102e-05,237.90481023191643,0.005664535113500712,-2.0749627533127186e-09,0.007185808684521434,0.06456197344080429,12308,205.13333333333333,18045,300.75,40064,667.7333333333333,6.938104633112102e-05,0.8626909214924342,1.4375835370828314,7.04897382493771e-05,89.59853653378019,73.9990234375,2.6336515109778183e-05,2.6247124599655807e-05,1.777071215254436e-05,0.3736219734084615,0.37235383832465496,0.25210353441341365,1,0,1.0
S11,1110,1170,60,30,-6.313603522497503e-07,0.008142049779982286,-0.08072423788779026,0.06629889486854287,0.14702313275633314,0.00015697014325268585,0.010635540257509964,0.008142049804461126,2.7843049507696693,-0.1634861784400838,1.1322369447091063,0.006397195813005654,0.005036751011156734,0.00531806377616163,0.08072423788779026,268.68222414623744,0.006397195813005654,0.004220481766189518,6.629297461970957e-05,231.5703392346757,0.005513710784415717,3.395430063068635e-08,0.006969320111617713,0.04397176263639972,12006,200.1,17826,297.1,40044,667.4,6.629297461970957e-05,0.8559662861251723,1.44642902505265,6.596808979173476e-05,89.01705758667667,73.6572265625,2.4835340380043035e-05,2.4631451250094137e-05,1.6393115577468383e-05,0.3764750572352436,0.37338433366582413,0.24850068615329682,1,0,1.0
S11,1140,1200,60,30,9.885376761787282e-07,0.011576663764467716,-0.2498032381401922,0.2147399375600764,0.4645431757002686,0.00013377234988485643,0.011832847950500866,0.011576663806673604,5.628804085495356,-0.6455391268503093,35.85416551611072,0.0077337551228981736,0.008614416787675928,0.005913548408255009,0.2498032381401922,324.8177151617233,0.0077337551228981736,0.00477913403514223,0.00013401914391553984,271.81169952587504,0.006471861223502347,2.3467463610767595e-08,0.009020836670490189,0.1741028210004264,11880,198.0,17783,296.3833333333333,39390,656.5,0.00013401914391553984,0.7792259371113348,1.490978992620177,0.00014484795168412425,79.76928446156354,64.94140625,6.186458910143535e-05,5.8781780928100945e-05,2.3522526119211344e-05,0.4271001997760102,0.40581713613934106,0.16239460652165702,1,0,1.0
S11,1170,1230,60,30,9.112958023255166e-07,0.012177518339283216,-0.2498032381401922,0.2147399375600764,0.4645431757002686,3.563002964720313e-06,0.012917817170934681,0.012177518373381298,6.228262056829642,-0.5224048406268814,29.090373648650562,0.008345033526765869,0.008868617094631649,0.006460040845698961,0.2498032381401922,350.49140812416647,0.008345033526765869,0.005178344319703946,0.00014829195290357906,291.63913915544606,0.006943954359757282,1.563820760653465e-08,0.009499488650639393,0.1741028210004264,11817,196.95,17717,295.28333333333336,39418,656.9666666666667,0.00014829195290357906,0.7800841177955923,1.4901474865485602,0.00013699359382532138,81.8286935376969,65.966796875,5.803049174122902e-05,5.319516347591806e-05,2.5227576234214845e-05,0.4236000393947099,0.3883040220387712,0.18415150321833426,1,0,1.0
S11,1200,1260,60,30,9.989778301450609e-07,0.009547419271626128,-0.04942626243601576,0.05475350231136992,0.10417976474738568,1.3947663818695373e-05,0.012434058130713709,0.009547419323889292,3.8284350613393356,0.01407253920159498,0.4647247171190938,0.007490535870238516,0.005919889198527686,0.006219217979408257,0.05475350231136992,314.60250655001767,0.007490535870238516,0.00487673445646374,9.115321474821796e-05,258.30533594670555,0.006150273481433023,-4.64524523602931e-08,0.007809179657010375,0.03870558698773368,11425,190.41666666666666,17347,289.1166666666667,39808,663.4666666666667,9.115321474821796e-05,0.8179361809550348,1.4755018911262567,9.154502014831832e-05,84.5025855551069,68.017578125,3.8566211462800087e-05,3.2508297557434016e-05,2.0233331004425794e-05,0.4212813695416347,0.3551072194289226,0.22102055329328016,1,0,1.0
S11,1890,1950,60,30,1.8444002524995186e-06,0.015105336357042616,-0.15861081270992494,0.11746153775150012,0.2760723504614251,-9.335486905150017e-05,0.01591883508488861,0.015105336469645613,9.583189974170644,-0.08299663297534746,4.04783147375919,0.01088728593603746,0.010470825889497291,0.007960899825114888,0.15861081270992494,457.2660093135733,0.01088728593603746,0.006518104241248993,0.00022817118645939352,339.2158499811118,0.008076760160506484,-1.2884041782218002e-08,0.010828629588356047,0.09092240364196724,10680,178.0,17756,295.93333333333334,39125,652.0833333333334,0.00022817118645939352,0.7168744430710656,1.6326273686399235,0.00022956775774939743,71.93873077415354,55.8837890625,0.00012778420027476236,6.873149896181738e-05,3.244176451704003e-05,0.5566295612568345,0.29939526192892735,0.14131672859938096,2,1,0.7062619047619048
S11,1920,1980,60,30,-3.5482449001224814e-06,0.014804957345052385,-0.15861081270992494,0.11746153775150012,0.2760723504614251,-7.380051226635667e-05,0.016154962526324847,0.01480495777024921,9.205844532312224,-0.02661380017821964,3.3950432666716317,0.010847881397471774,0.010075229216511565,0.00807501758969181,0.15861081270992494,455.6110186938145,0.010847881397471774,0.0066000209453525565,0.00021918676198882058,339.08844290175,0.008073726586388962,-2.2365468115590304e-08,0.01075204086051508,0.09092240364196724,10671,177.85,17501,291.68333333333334,39197,653.2833333333333,0.00021918676198882058,0.7262459870651545,1.6188809410853386,0.00021922265480747325,72.77834631632234,55.8837890625,0.000121304841825209,6.400669332247e-05,3.3230348882063435e-05,0.5533408120239303,0.2919711622810255,0.15158264054071943,2,1,1.0
S11,1950,2010,60,30,-9.508254215843212e-07,0.014514207076140737,-0.11484175040244315,0.1132010225268357,0.22804277292927885,9.349852844317812e-06,0.015812006037715456,0.014514207107285015,8.84781273403284,-0.01953853098567393,2.5344674888957703,0.010648254214438772,0.009862904751534904,0.007911232359258794,0.11484175040244315,447.2266770064284,0.010648254214438772,0.006438037450658492,0.00021066220704909385,329.41972660029586,0.007843513574139762,3.650507717408569e-08,0.010458478027835321,0.09371915899123838,10550,175.83333333333334,17243,287.3833333333333,39233,653.8833333333333,0.00021066220704909385,0.7205683350782248,1.6101847753164416,0.00020856642126554993,72.38880031158604,55.8837890625,0.00011585169685492214,6.093701456616225e-05,3.125484032147558e-05,0.5554666765242042,0.29217078279622166,0.14985557182132134,2,1,1.0
S11,1980,2040,60,30,1.6341914394965573e-06,0.014866624973416644,-0.11484175040244315,0.1132010225268357,0.22804277292927885,-1.3118210807957359e-05,0.01642790780441728,0.014866625063234664,9.282694712373477,-0.01687023314242129,2.489925121862602,0.010946849135846688,0.010058977819232415,0.008214657588941982,0.11484175040244315,459.7676637055609,0.010946849135846688,0.006685376547396149,0.00022101653810021544,331.010776266196,0.007881396611019215,-3.0997380126321e-08,0.010529470174944527,0.09371915899123838,10136,168.93333333333334,16863,281.05,39200,653.3333333333334,0.00022101653810021544,0.7082623119754831,1.6119955987503232,0.00022184709511205734,70.50949436743105,54.8583984375,0.0001249521222070367,6.646251631937075e-05,2.9883985300611186e-05,0.5632353317221578,0.2995870479430881,0.13470532614148706,2,1,1.0
S11,2010,2070,60,30,1.3760849904339979e-06,0.014687655247661267,-0.09227218538888582,0.13563746765156456,0.22790965304045038,-4.655473300816705e-05,0.016400739780971188,0.0146876553121239,9.06054317984598,0.06900807596064382,2.458070991652484,0.010859368294666074,0.00988945594097889,0.008199809960198642,0.13563746765156456,456.09346837597514,0.010859368294666074,0.006696644980545316,0.00021572721667415155,330.32342548379347,0.007865030726536191,-1.4276906685867812e-08,0.010430434457686266,0.07733822482225039,10233,170.55,16952,282.53333333333336,39325,655.4166666666666,0.00021572721667415155,0.7101497333515583,1.617661491091203,0.00021368007439013793,71.43452177636998,55.2001953125,0.00011955226864524404,6.339554248806143e-05,3.0205426388616668e-05,0.5594918898566322,0.2966843898243577,0.14135817986223403,2,1,1.0
S11,2040,2100,60,30,1.1396810119013806e-06,0.01478686242552299,-0.11154917973401948,0.13563746765156456,0.24718664738558405,-7.669555828812525e-06,0.015753666605811595,0.014786862469442814,9.18335467098909,0.02857506694009274,3.0437517303876938,0.010744914421721824,0.010158647339094452,0.007879941583560267,0.13563746765156456,451.2864057123166,0.010744914421721824,0.006489807347285381,0.00021865130039134363,338.07674167374114,0.008049637888372131,2.6498020183627535e-09,0.01066929142160532,0.09666068022132518,10902,181.7,17477,291.28333333333336,39374,656.2333333333333,0.00021865130039134363,0.7215385600118588,1.6166091117019925,0.00022150803692653334,72.147726301742,55.5419921875,0.0001243393090220029,6.382750854867727e-05,3.2775476670980476e-05,0.561330914883427,0.2881498542188186,0.14796518052232563,2,1,1.0
S11,2070,2130,60,30,1.4459486041731692e-06,0.013823494699210334,-0.11154917973401948,0.09616985099579582,0.2077190307298153,-7.89187779814851e-06,0.014485560408289189,0.013823494774834025,8.02573832717427,-0.04153544120888843,3.2077292081635846,0.00998075560293695,0.009564179284408373,0.0072330238611277246,0.11154917973401948,419.19173532335185,0.00998075560293695,0.0059942998275822595,0.0001910890056990962,325.0915643819572,0.0077404596390856254,8.749065459225321e-08,0.01029086669902512,0.09666068022132518,11438,190.63333333333333,18074,301.23333333333335,39405,656.75,0.0001910890056990962,0.7444475454975207,1.600056173061365,0.000189774586547264,74.9930025220534,57.9345703125,9.992088770371263e-05,5.837076820145842e-05,3.099203759926145e-05,0.526524070064708,0.3075794776500329,0.1633097358457044,2,1,1.0
S11,2100,2160,60,30,-3.394406739239631e-06,0.013456441852316373,-0.09791250976041216,0.09616985099579582,0.194082360756208,-9.755550619400613e-05,0.014009120093403275,0.013456442280438349,7.605185231564292,0.09101688157034885,3.210759348496371,0.0096847499347631,0.00934245457831479,0.006996446208325622,0.09791250976041216,406.7594972600502,0.0096847499347631,0.005818924500309461,0.00018107582732477173,315.7174930367603,0.007517262149974054,-3.024486182229674e-08,0.01014501903236483,0.08369770431393639,11404,190.06666666666666,18158,302.6333333333333,39383,656.3833333333333,0.00018107582732477173,0.753915421602961,1.5840955579595246,0.00017959263291702636,76.05431909894544,58.7890625,9.269448035841617e-05,5.5956549154622015e-05,3.054623739983343e-05,0.5161374319916674,0.3115748583098869,0.17008624966229047,2,1,1.0
S11,2130,2190,60,30,5.411296384286805e-06,0.013140668771397905,-0.10084445723056401,0.09198513301372635,0.19282959024429036,-0.00014721925021486828,0.013838898988332692,0.013140669885577397,7.252442611752269,0.08080699295905236,3.4250060196789063,0.009460238857175814,0.009120366539065278,0.006904060093335051,0.10084445723056401,397.3300320013842,0.009460238857175814,0.005714372138929634,0.00017267717575959214,310.73166177486405,0.007398549055331414,3.437084809202342e-08,0.009965889274104262,0.08369770431393633,11370,189.5,18283,304.71666666666664,39405,656.75,0.00017267717575959214,0.7584004625241071,1.5863588605710144,0.00016523690230765608,75.80217188869116,57.5927734375,8.711020807021153e-05,4.934638501446624e-05,2.8394822701378593e-05,0.5271837395500204,0.2986402209512967,0.17184310710757586,2,1,1.0
S11,2160,2220,60,30,2.1175918952158545e-07,0.012201644227466177,-0.10084445723056401,0.08511489087567249,0.1859593481062365,-0.00020389334191909343,0.01343862620856022,0.012201644229303713,6.252965119737024,0.05467503691911022,2.78583994047,0.008948587760442538,0.008294751291760265,0.006711416267515563,0.10084445723056401,375.8406859385866,0.008948587760442538,0.005494847123507732,0.00014888012185365867,293.45658146880885,0.006987227826110356,1.9389221401247544e-08,0.009172194543018443,0.07265051232489357,11306,188.43333333333334,18271,304.51666666666665,39513,658.55,0.00014888012185365867,0.7517179137522815,1.6090660791429674,0.00014296680893864265,76.23485947276488,57.9345703125,7.469811047875231e-05,4.320830829295773e-05,2.4753503038744796e-05,0.5224856806506092,0.30222615034725664,0.17314160694016964,2,1,1.0
S11,2190,2250,60,30,-1.9482626264804e-06,0.011292954683967769,-0.07058817110038879,0.0815621285151031,0.15215029961549187,-0.00015739300625387852,0.01254202981400716,0.01129295485202508,5.356294830174826,0.13377065747339575,2.39764448403494,0.008323965544693253,0.007631672614875219,0.006281321661828265,0.0815621285151031,349.60655287711666,0.008323965544693253,0.005140955667968269,0.00012753082549414957,275.2588329656641,0.006553937783415418,-9.4920697406179e-09,0.008585185968888557,0.06263109699449403,11447,190.78333333333333,18397,306.6166666666667,39585,659.75,0.00012753082549414957,0.7602249552171372,1.6049188792993572,0.00012848597729887934,76.30525932092551,57.763671875,6.742679044044591e-05,3.860313639041775e-05,2.2263605716684025e-05,0.5247793717099587,0.3004462992924166,0.1732765410259148,2,1,1.0
S11,2220,2280,60,30,-6.793778722709382e-07,0.009667951635972019,-0.10127747106153501,0.0680770963802833,0.16935456744181832,-0.00012303165894994366,0.011366512980369559,0.009667951659842345,3.925710150476031,0.0941530126811238,2.5225623743241803,0.007265780962764435,0.0063779084579647476,0.005686631117179946,0.10127747106153501,305.1628004361063,0.007265780962764435,0.004603647136748414,9.346928883549404e-05,252.146026575919,0.006003619766563942,-7.575603400191384e-08,0.007803171880715938,0.0781915552526529,11870,197.83333333333334,18672,311.2,39745,662.4166666666666,9.346928883549404e-05,0.8071173889288291,1.5561299588782733,8.668548271698203e-05,81.82535689759692,61.865234375,4.161492162802372e-05,2.5920586893925547e-05,1.8982040934295662e-05,0.4800679459084467,0.2990187754800101,0.21897600773903292,2,1,1.0
S11,2250,2310,60,30,1.9002492795806245e-06,0.009207996484657002,-0.10127767768117378,0.06807709932615147,0.16935477700732526,-0.00012261589148395238,0.01111940683337438,0.009207996680733709,3.561062520640926,0.0547712448552846,2.1508840564589384,0.007001964022026209,0.005979941697596521,0.00555729010304519,0.10127767768117378,294.0824889251008,0.007001964022026209,0.004472395451164318,8.478719926145568e-05,247.05697223142738,0.005882448920960675,-5.270409871902578e-09,0.007622737167583009,0.07819151938796051,11952,199.2,18436,307.26666666666665,39809,663.4833333333333,8.478719926145568e-05,0.8278388442355012,1.5143587367140319,8.60215524894325e-05,84.22192786243696,64.7705078125,3.9038645745767704e-05,2.671717530761569e-05,2.008839926187937e-05,0.4538240082398361,0.31058699284575014,0.2335275135187449,2,1,1.0
S11,2280,2340,60,30,-6.39262941997183e-08,0.009373541340751128,-0.054764313619209984,0.05278133822957216,0.10754565184878215,-9.1398698236343e-05,0.01132223976771625,0.009373541340969111,3.6902576453759943,0.045134072233563506,1.324443696423847,0.007140479579913931,0.006072629466688146,0.005661353154189402,0.054764313619209984,299.9001423563851,0.007140479579913931,0.004534434968198783,8.786327726677044e-05,246.85245206354682,0.005877579277210096,7.617526027393643e-10,0.007641607720297899,0.051767548557078505,11589,193.15,18072,301.2,39758,662.6333333333333,8.786327726677044e-05,0.8152316656540779,1.5148032161227618,8.804683614881363e-05,83.03416951567694,64.94140625,4.030712097210693e-05,2.789667939030114e-05,1.96406740648896e-05,0.45779181552851334,0.31683908940408906,0.22307075329423118,2,1,1.0
S11,2310,2370,60,30,2.7741330246421825e-06,0.009264512401592262,-0.06862831266408047,0.056959790556505005,0.12558810322058547,-5.762411335517772e-05,0.011184643582180706,0.009264512816930573,3.604910304872976,0.026489549258509746,1.4820125951621383,0.007056329277773722,0.0060032836730163144,0.005593366033929189,0.06862831266408047,296.3658296664963,0.007056329277773722,0.004501408611428872,8.583119003925683e-05,237.6009313394335,0.005657299729503881,4.428319516281798e-08,0.007381871136503873,0.047025746389545854,11186,186.43333333333334,17709,295.15,39646,660.7666666666667,8.583119003925683e-05,0.7967900323858571,1.5240780594204824,8.323400382904216e-05,81.21533906956975,63.57421875,3.888508037418577e-05,2.6468342879503786e-05,1.7682251052269947e-05,0.46717781898433586,0.3179991549351421,0.21244023162202158,2,1,1.0
S11,2340,2400,60,30,-5.07859573934325e-07,0.00915820337665908,-0.06862831266407834,0.060220212586494765,0.1288485252505731,-2.2835173954577543e-05,0.010642433148693887,0.00915820339074052,3.522652952539188,0.045773716879460274,2.131123236185796,0.006869444578076524,0.006056683955342742,0.005319230191793423,0.06862831266407834,288.516672279214,0.006869444578076524,0.0043324756340140285,8.38726890882498e-05,234.5934418204912,0.005585691131229105,5.706643989230003e-09,0.007389437733768041,0.048833225953373596,11457,190.95,17750,295.8333333333333,39648,660.8,8.38726890882498e-05,0.8068654330827617,1.5061482183805983,8.29924788610013e-05,82.04987224458674,64.599609375,3.791030465860853e-05,2.694795778068498e-05,1.79264511224104e-05,0.4567920512665013,0.32470361351440485,0.21600091199148597,2,1,1.0
S11,2370,2430,60,30,2.5280840525384213e-06,0.008996628595866203,-0.05746411887684662,0.060220212586494765,0.11768433146334138,9.771198919065029e-06,0.010355482983234118,0.00899662895106642,3.399451964292991,0.04887373820761061,2.0843404707545803,0.00672524506345204,0.00597581888277083,0.005181042589442207,0.060220212586494765,282.4602926649857,0.00672524506345204,0.004185492367770831,8.093932609195748e-05,242.08172043413833,0.005763987724330064,-5.666200162502441e-08,0.0075759251132183165,0.04918812086406128,12272,204.53333333333333,18371,306.18333333333334,39777,662.95,8.093932609195748e-05,0.842084902415481,1.4843317261999864,7.90912965031691e-05,86.2838360374879,68.017578125,3.384614977129835e-05,2.5480450289496072e-05,1.9612316019110855e-05,0.4279377285203837,0.3221650347895751,0.24797059709755817,2,1,1.0
S11,2400,2460,60,30,-1.0896242009146705e-06,0.008373977584496145,-0.05427890347671137,0.053720883762279084,0.10799978723899045,-1.9137075619448762e-05,0.009934451172178537,0.008373977655387242,2.9451870744628423,0.021604283487154496,1.603384520260219,0.006341552634549297,0.005468840092393056,0.004973110392314758,0.05427890347671137,266.3452106510705,0.006341552634549297,0.003986970888063292,7.01235005856439e-05,236.89748391130863,0.0056405505824259775,-1.1962576932817018e-08,0.007302068976176329,0.04918812086406128,12747,212.45,18993,316.55,39910,665.1666666666666,7.01235005856439e-05,0.871995285692622,1.4730335127097638,6.846316905182291e-05,89.9008591497359,71.435546875,2.811200396956861e-05,2.1388857704087705e-05,1.8847281377705167e-05,0.4106149972153545,0.31241407606909777,0.27529081166895436,2,1,1.0
S11,2430,2490,60,30,3.294832546870527e-07,0.00792685057388461,-0.053282658546514275,0.045356631384403656,0.09863928993091793,-4.3332387871118346e-05,0.009398240846832013,0.007926850580732172,2.639068325428667,0.0009547983462000956,1.3617655958282704,0.006009382785975895,0.005169359598719223,0.004694795788188865,0.053282658546514275,252.3940770109876,0.006009382785975895,0.0037797527753566356,6.283496002069476e-05,229.02104391978492,0.005453011831705158,-1.0442773733632597e-08,0.007025399800644669,0.04524518358054537,13117,218.61666666666667,19394,323.23333333333335,39988,666.4666666666667,6.283496002069476e-05,0.8862788234951958,1.4751571166906494,6.276854785968778e-05,90.1833787767671,70.5810546875,2.6368860709464268e-05,1.8850099173055026e-05,1.741668449051995e-05,0.4200967141761662,0.3003112198037839,0.2774747080249975,2,1,1.0
S11,2460,2520,60,30,1.1986100747631813e-06,0.007589002483454988,-0.053282658546514275,0.04441929550307923,0.0977019540495935,1.5926984050213693e-05,0.009016554776319614,0.007589002578109464,2.418904325483188,-0.006999814342874442,1.4763528095880174,0.005751042480693158,0.004951612920636546,0.004508551024148566,0.053282658546514275,241.5437841891126,0.005751042480693158,0.0036228199608846013,5.7592958693885976e-05,224.1435202109973,0.00533687754972731,-3.815827833042475e-09,0.006860564434814309,0.04524518358054537,13511,225.18333333333334,19604,326.73333333333335,40023,667.05,5.7592958693885976e-05,0.9040139925861443,1.4616236265654081,5.86909880587657e-05,92.70714810142148,72.802734375,2.4056570068759208e-05,1.7167024408765614e-05,1.732825059308868e-05,0.4098852458348804,0.29249847338703405,0.2952455081474923,2,1,1.0
S11,2490,2550,60,30,-9.249036311478049e-07,0.006938174691076932,-0.043331499038543116,0.04441929550307923,0.08775079454162235,1.634694811167818e-05,0.008650655094092555,0.006938174752724755,2.021807293772583,-0.009251955413993034,1.0173965941715624,0.005358823386419833,0.004406958226771283,0.004324921386830676,0.04441929550307923,225.070582229633,0.005358823386419833,0.0034555025526639485,4.813826804390048e-05,210.44843602195198,0.005010796352816781,3.296693009826899e-08,0.006382148357404319,0.03348383488263299,13451,224.18333333333334,19537,325.6166666666667,40066,667.7666666666667,4.813826804390048e-05,0.9198598538621823,1.441694871000675,4.7324365499422214e-05,94.76454921536163,77.7587890625,1.8492235257377705e-05,1.393215247028556e-05,1.4792684937376676e-05,0.39075505951798717,0.29439702620958874,0.31258073470752146,2,1,1.0
S11,2520,2580,60,30,4.6315070032798017e-07,0.0069221129915362405,-0.03687648116679951,0.03317889516627384,0.07005537633307335,-5.5749010533972035e-06,0.008779875757739185,0.006922113007030683,2.0124572362483413,0.006443797825889322,0.6294865052494121,0.005393552822796915,0.004338805876021972,0.004390014874153384,0.03687648116679951,226.52921855747044,0.005393552822796915,0.003500690884227121,4.7915648267594795e-05,214.38039680051267,0.005104416695647817,6.562344285306543e-08,0.0064753627005172745,0.035019456370329376,13543,225.71666666666667,19536,325.6,40117,668.6166666666667,4.7915648267594795e-05,0.9354604162680943,1.4239711220646236,4.698080588277203e-05,97.35384257018278,82.5439453125,1.752249538458456e-05,1.3756518889475068e-05,1.5574294429434423e-05,0.3729713668238735,0.29281147121658074,0.33150334773515566,2,1,1.0
S11,4110,4170,60,30,4.444416286697591e-07,0.00601294783538123,-0.028224904173820908,0.029009779967032582,0.05723468414085349,4.126344534662285e-05,0.00795713390575874,0.0060129478518064815,1.5185327584788557,-0.03948122961758147,0.2429267271979314,0.004754247875530712,0.0036813949810575747,0.003977717553476224,0.029009779967032582,199.6784107722899,0.004754247875530712,0.0031247082714499228,3.6155541671015816e-05,205.73942615432458,0.004898674400683934,-4.760479151291461e-08,0.006143796531663108,0.029787705282174004,14735,245.58333333333334,20664,344.4,40381,673.0166666666667,3.6155541671015816e-05,1.0217611560692312,1.3645805672500473,3.560085041222738e-05,108.4937107390943,98.4375,1.168554411223303e-05,9.18085885504677e-06,1.467086734352438e-05,0.32823778019132777,0.25788313337294705,0.4120931711924938,3,0,1.0
S11,4140,4200,60,30,6.657536549053556e-07,0.00602336752998229,-0.028488514700058837,0.029550470630024514,0.05803898533008335,2.977778963360973e-05,0.007819855260169498,0.006023367566774659,1.5238001874678608,-0.03519215639500303,0.44552376173212416,0.004729819933666346,0.0037295790968372503,0.003913131190363449,0.029550470630024514,198.65243721398653,0.004729819933666346,0.0030875578443398475,3.628095640124495e-05,199.61813247937457,0.00475292584298137,8.156208790677232e-09,0.00597833791737922,0.03305275948053495,14284,238.06666666666666,20504,341.73333333333335,40277,671.2833333333333,3.628095640124495e-05,0.9925241798082339,1.3992750998044352,3.557625613520202e-05,103.49062488365122,88.3544921875,1.2802811246628991e-05,9.288046917873842e-06,1.3414992514725231e-05,0.35986954889165124,0.26107432110270584,0.37707712873843835,3,0,1.0
S11,4170,4230,60,30,3.090569541976455e-07,0.00597287692342739,-0.028488514700058837,0.029550470630024514,0.05803898533008335,7.557758124926177e-05,0.007683095326200522,0.005972876931423219,1.4983608711929612,-0.05571286360739233,0.5104659898984019,0.004677488299389182,0.003714345439913329,0.0038457935421048724,0.029550470630024514,196.45450857434565,0.004677488299389182,0.0030494437105215476,3.567525874241145e-05,195.0514882919891,0.0046441936306099935,4.043427962050799e-08,0.005852581173943744,0.03305275948053495,14102,235.03333333333333,20438,340.6333333333333,40208,670.1333333333333,3.567525874241145e-05,0.9798596637724425,1.415852296825835,3.4927514142968074e-05,102.26165257598072,86.6455078125,1.3001087823781367e-05,9.047063752774268e-06,1.2827477498347155e-05,0.3722305506931951,0.2590239808004116,0.36725996146879236,3,0,1.0
S11,4200,4260,60,30,-4.925837150839922e-09,0.005859843510713624,-0.02719878016115288,0.026465927031386623,0.053664707192539504,8.240526724499487e-05,0.007624526616321511,0.005859843510715695,1.4421861707432275,-0.0646347149961059,0.3763980525640309,0.00460318154092491,0.0036260840684359504,0.0038136703665306,0.02719878016115288,193.33362471884624,0.00460318154092491,0.0030097410413001597,3.4337765970052576e-05,191.52022313310079,0.004560113886833039,-1.6822121935206604e-08,0.005738916558316468,0.02637948918273581,14070,234.5,20409,340.15,40228,670.4666666666667,3.4337765970052576e-05,0.9793634502054425,1.4103439296255849,3.342348355570207e-05,101.90523945160514,87.5,1.2438416711034032e-05,8.670622458533663e-06,1.2273796699806297e-05,0.3721460299105187,0.25941707853652046,0.3672207500259912,3,0,1.0
S11,4230,4290,60,30,1.139233363293037e-06,0.006426467192194077,-0.09109735452373233,0.10793278605944605,0.19903014058317836,2.8573211242318233e-05,0.007963944824662266,0.006426467293171224,1.7345782385483783,0.027342816371032887,7.288360011677664,0.00488625188581031,0.004174209431570806,0.00398241711767253,0.10793278605944605,205.22257920403302,0.00488625188581031,0.0031531410959563036,4.129948057234682e-05,201.41144513073675,0.004795624779893253,-1.3435160668218286e-08,0.006140123772097181,0.07756232188462162,13971,232.85,20417,340.28333333333336,40158,669.3,4.129948057234682e-05,0.9554431055923379,1.4311106101473108,4.041117393362202e-05,99.62853092118216,83.740234375,1.542373381914706e-05,1.0693614785848099e-05,1.4214700347798944e-05,0.3816700263269151,0.2646202459600173,0.35175173013156,3,0,1.0
S11,4260,4320,60,30,-1.3146127351103644e-06,0.006590191615108001,-0.09109735452373233,0.10793278605944605,0.19903014058317836,3.976597689167496e-05,0.007916737915142882,0.006590191746227605,1.824086344585951,0.02817267514702638,8.347095379598294,0.004943730756149989,0.004357769321882826,0.003958399059496175,0.10793278605944605,207.63669175829955,0.004943730756149989,0.0031671359197598436,4.34306255238398e-05,200.673286996586,0.004778049167756042,-2.4064911363293244e-08,0.00619505918271263,0.07756232188462162,13747,229.11666666666667,20434,340.56666666666666,40080,668.0,4.34306255238398e-05,0.940042345432031,1.450179518989317,4.3611963130770016e-05,95.09074888165878,76.220703125,1.8008509494067982e-05,1.163973887611735e-05,1.3872763935853418e-05,0.412925908427228,0.2668932568161565,0.31809537888161743,3,0,1.0
S11,4290,4350,60,30,-6.537399625002397e-08,0.006303350731343721,-0.06469779899233363,0.08232902131328684,0.14702682030562048,5.458983263807721e-05,0.007748525423758411,0.006303350731682728,1.6687536787574178,0.0019713436156593095,4.243170956816045,0.004802058604781575,0.004083192819699851,0.003870553142497777,0.08232902131328684,201.68646140082615,0.004802058604781575,0.0030932922348411327,3.973223044233142e-05,195.8913533478858,0.004664190893780466,1.5942492269076964e-09,0.0060302934493069015,0.06435935721415542,13861,231.01666666666668,20409,340.15,40156,669.2666666666667,3.973223044233142e-05,0.9566806142201435,1.4309350396239453,4.030628203091886e-05,98.98618965959005,81.5185546875,1.5665132436195474e-05,1.0520661487849567e-05,1.4074177469423632e-05,0.3886523798989643,0.261017909808183,0.3491807420646579,3,0,1.0
S11,4320,4380,60,30,-4.4028554051583735e-07,0.011187544408253322,-0.20508866266640657,0.17823788976669452,0.3833265524331011,4.2252187692292916e-05,0.008886225908312836,0.011187544416917035,5.256768303380643,0.2808986038345863,23.07875034590042,0.0066911097589216545,0.008966058235063775,0.004443655537976283,0.20508866266640657,281.0266098747095,0.0066911097589216545,0.0037199318675640927,0.00012516114988664017,258.258697763645,0.006149163022063501,-1.3046824197073949e-08,0.009821312783700352,0.18385764596632065,13408,223.46666666666667,19640,327.3333333333333,39116,651.9333333333333,0.00012516114988664017,0.8778792222227901,1.414824575642132,0.00013200400316300267,91.74349212987828,80.1513671875,4.4461138500274014e-05,5.348907800912501e-05,3.375836564018838e-05,0.3368165921860113,0.4052079992079863,0.2557374384964863,3,0,1.0
S11,4350,4410,60,30,1.4321803749547073e-06,0.012228408950783684,-0.20508866266640657,0.17823788976669452,0.3833265524331011,6.373567048056179e-05,0.010443162916184925,0.01222840903465153,6.2804274757873815,0.22964303346016346,16.665302972287495,0.007700552905827044,0.0094992353620334,0.005226404699345507,0.20508866266640657,323.42322204473584,0.007700552905827044,0.004348826147796751,0.00014953398546760653,279.57457732756365,0.006656696048181234,1.1674384706095866e-08,0.010411385690147271,0.18385764596632065,12213,203.55,18304,305.06666666666666,39010,650.1666666666666,0.00014953398546760653,0.8514096749667532,1.4152527951904568,0.000160305002101519,88.81403496973999,77.7587890625,5.5047679480418786e-05,6.793872160123589e-05,3.698373368202297e-05,0.3433933985762829,0.42380911830942875,0.23070854431979398,3,0,1.0
S11,4380,4440,60,30,2.179676468290318e-06,0.008608765922794222,-0.08713535913133623,0.07923883449894492,0.16637419363028116,3.851388663491393e-05,0.010119012866216052,0.008608766198733275,3.112655929507008,0.028737663668127068,5.40336641586269,0.006397118527629327,0.005760879273853443,0.005059725271345952,0.08713535913133623,268.6789781604317,0.006397118527629327,0.004062095807680772,7.411085071346306e-05,227.822932256022,0.005424484684302531,2.746460141559046e-08,0.007231747283066933,0.08230522257448772,11784,196.4,17706,295.1,39768,662.8,7.411085071346306e-05,0.8400445950004017,1.435533534627466,7.53271881202138e-05,86.72574186426927,74.6826171875,2.8104598797465395e-05,3.0072112110453322e-05,1.7049972324321978e-05,0.37310033068821824,0.3992198947139986,0.2263455300775614,3,0,1.0
S11,4410,4470,60,30,6.020263064377136e-07,0.007444661256675717,-0.08255609307844756,0.05994813151544008,0.14250422459388765,3.662488472050548e-05,0.009484019354060496,0.007444661281017702,2.3277652267415334,-0.03754819243875742,1.717775212513657,0.005772439997867786,0.004701267707767798,0.004742593358062536,0.08255609307844756,242.442479910447,0.005772439997867786,0.0037671151958358707,5.542298122664846e-05,211.1410432726657,0.005027287394287143,1.0016966773819956e-08,0.006428997735296136,0.058917366292521825,12196,203.26666666666668,17885,298.0833333333333,39973,666.2166666666667,5.542298122664846e-05,0.8635715600264791,1.4332924402248532,5.318149777564514e-05,89.97050749518726,77.0751953125,1.9839121122716604e-05,1.94386610995969e-05,1.3817807070364532e-05,0.3730455506614572,0.3655154877661038,0.2598235786561938,3,0,1.0
S13,90,150,60,30,-1.2893059146848451e-06,0.014593842749534462,-0.17000208164468886,0.17887714831984589,0.34887922996453474,-0.00012435404967440751,0.01371499094892981,0.014593842806486894,8.94517041013887,0.2376617322801802,7.254107568134234,0.009981407401471753,0.010646678080335394,0.006851364708427811,0.17887714831984589,419.2191108618136,0.009981407401471753,0.005731193928113006,0.00021298024619813955,348.60374505629875,0.008300286793883158,-9.497749980033721e-09,0.011556680782075545,0.11301100862753423,12328,205.46666666666667,18344,305.73333333333335,39270,654.5,0.00021298024619813955,0.7918874405059764,1.4694500726533029,0.00018680261359548954,83.67029956964099,70.751953125,6.700871570761666e-05,8.57630015315373e-05,3.3646951204236304e-05,0.3587140159222838,0.45911028695375866,0.18012034498134413,1,0,1.0
S13,120,180,60,30,-1.801945074236024e-06,0.012349120349158057,-0.1469259683305899,0.17887714831984589,0.3258031166504358,-0.0001549655542495798,0.013908192051459253,0.012349120480625156,6.405032619089818,0.2518737923029636,5.328193443776389,0.00909597044317386,0.008352490547250156,0.0069518153763679005,0.17887714831984589,382.03075861330217,0.00909597044317386,0.005635152269405519,0.0001525007733979896,315.5589500793793,0.0075134872277763595,-4.659602589319773e-08,0.009865544596911465,0.10419718475897338,11894,198.23333333333332,17854,297.56666666666666,39642,660.7,0.0001525007733979896,0.7988864241317465,1.4968887994639049,0.00015067150340948742,82.64868364213187,68.1884765625,6.140332565924975e-05,5.923561527843457e-05,2.9594038260059957e-05,0.4075311141773829,0.39314411775295693,0.19641430257472625,1,0,1.0
S13,150,210,60,30,4.021030016985712e-07,0.01296025409192435,-0.07377340921186727,0.13913363642988463,0.2129070456417519,-0.0002864760995725179,0.015652775141323114,0.012960254098162144,7.0546638241350035,0.3208393941109107,2.304732977354792,0.009867407732156464,0.008402526461505936,0.007845045149700367,0.13913363642988463,414.4311247505715,0.009867407732156464,0.006285474526654541,0.00016796818612724185,332.86723859069616,0.007925599147377227,-1.2258954836310922e-08,0.010305870427233566,0.0897223207633108,11125,185.41666666666666,16675,277.9166666666667,39725,662.0833333333334,0.00016796818612724185,0.7951904610925218,1.4541050629165748,0.00017122361574619697,82.32844543966658,70.41015625,6.548060181035009e-05,7.386917581593652e-05,3.153386879452333e-05,0.3824273977919688,0.4314193196657642,0.18416775429661328,1,0,1.0
S13,180,240,60,30,8.527376536787556e-07,0.014569062714747937,-0.11134431535702491,0.13913363642988463,0.25047795178690957,-0.0003239988709823835,0.016803152751589667,0.01456906273970361,8.914818742763641,0.2432247475878607,2.9715105162808735,0.010842562607514265,0.009731208826017121,0.008408743909527281,0.13913363642988463,455.3876295155991,0.010842562607514265,0.006785373305643913,0.0002122575883862585,357.6295964633487,0.008515193134678176,-2.2048378294607682e-08,0.011297184078280578,0.1034089659693568,10904,181.73333333333332,16329,272.15,39554,659.2333333333333,0.0002122575883862585,0.7754228463060078,1.447640413983645,0.0002174192397948652,80.86933344703937,69.5556640625,8.194197654991817e-05,9.836256405436416e-05,3.6674203728099076e-05,0.376884661298744,0.45240965862620586,0.16867966129722992,1,0,1.0
S13,210,270,60,30,5.774164544194633e-07,0.014618361289274732,-0.11134431535702491,0.09167635123743742,0.20302066659446233,-0.00031313776807699134,0.01752456679189903,0.014618361300678532,8.975252458921382,0.10134471185733734,1.921376002057837,0.011101302967879595,0.009510917912195617,0.008782871501930325,0.11134431535702491,466.254724650943,0.011101302967879595,0.007072535815605184,0.00021369648678376603,372.0336653214845,0.008858155320876318,1.1350533784851181e-07,0.01153669903396948,0.1034089659693568,11091,184.85,16683,278.05,39577,659.6166666666667,0.00021369648678376603,0.7891923592307011,1.4468984046301174,0.00021661474458411963,82.36296293169364,70.2392578125,7.844319337202782e-05,9.911888898954262e-05,3.8634550875530166e-05,0.36213228939069464,0.45758145032943975,0.17835605304571925,1,0,1.0
S13,240,300,60,30,2.054975466120262e-06,0.01308744415509584,-0.08051390865803958,0.1337319037489639,0.21424581240700347,-0.00016497244797650636,0.015570098928651991,0.013087444316430786,7.193810346898412,0.2249284829837873,1.8180232799422686,0.009943319602268871,0.008509500221682358,0.007789366942810927,0.1337319037489639,417.61942329529256,0.009943319602268871,0.006277294991589777,0.0001712811945127523,343.7934018068055,0.008185752084735482,-8.252218942400006e-09,0.0106344023138708,0.07363282347526572,11606,193.43333333333334,17296,288.26666666666665,39590,659.8333333333334,0.0001712811945127523,0.8125652486341344,1.4471685511458867,0.00017741063513929215,84.56260733352825,71.77734375,6.329971687718243e-05,7.914110530365214e-05,3.4615865081072565e-05,0.35679775807962866,0.4460899722359672,0.19511719268630245,1,0,1.0
S13,270,330,60,30,1.2338675513577502e-07,0.010375799017238516,-0.07160779222102613,0.1337319037489639,0.20533969596999002,0.00010272911501615304,0.01167655506972893,0.01037579901797216,4.521602620976786,0.30157464008794826,4.270299745737727,0.00763403305746618,0.007027001105654219,0.005830236210755482,0.1337319037489639,320.6293884135796,0.00763403305746618,0.004751398029738325,0.00010765720524612777,275.4456677613192,0.0065583863368489535,-2.364425388946388e-08,0.008661688492634418,0.07363282347526572,12500,208.33333333333334,18136,302.26666666666665,39642,660.7,0.00010765720524612777,0.8347972506255905,1.461280829263172,0.00010692203669830235,86.30228665256,72.2900390625,3.951754275140492e-05,4.338324113331857e-05,2.381447372002439e-05,0.36959212498832206,0.4057464903678494,0.22272746063770504,1,0,1.0
S13,300,360,60,30,-1.3492599653229992e-06,0.008067637402694889,-0.04773929938914523,0.03756154397664464,0.08530084336578987,0.00020733322045263442,0.010284875474745638,0.00806763751552237,2.7336445534382867,-0.08734542643045665,0.6738586172113177,0.006296886219655597,0.0050434114464889155,0.005142627727778504,0.04773929938914523,264.4692212255351,0.006296886219655597,0.004108345429359907,6.508677326136152e-05,240.5806625420381,0.00572824739974852,3.2017518856865016e-08,0.007221926875188758,0.03872256639647394,13085,218.08333333333334,18906,315.1,40081,668.0166666666667,6.508677326136152e-05,0.8951724668211252,1.455818147285749,6.362468002884045e-05,92.18237787507685,75.87890625,2.4667485946492795e-05,2.0020366372210037e-05,1.8821345951936435e-05,0.38770310413052395,0.31466352935896885,0.29581831992561536,1,0,1.0
S13,330,390,60,30,-1.6210336570666401e-06,0.009394886229080811,-0.06881924375326212,0.09747428655122523,0.16629353030448735,0.0001117269934122274,0.011199268003731017,0.009394886368930834,3.7070833751751398,0.03599364603628757,2.6519400651077643,0.007093284777963716,0.006160292277467896,0.00560034817443838,0.09747428655122523,297.9179606744761,0.007093284777963716,0.0045148373458125494,8.826388725737227e-05,268.7724168958741,0.006399495628369106,5.22352097435062e-09,0.008219496776778521,0.06655738496511047,13054,217.56666666666666,18965,316.0833333333333,39928,665.4666666666667,8.826388725737227e-05,0.8748905070650027,1.4565520646947512,8.798950199152573e-05,90.57592344924467,74.51171875,3.275650475886203e-05,3.1668395415896934e-05,2.3327896285302096e-05,0.37227741966327765,0.359911065514917,0.26512135831327704,1,0,1.0
S13,360,420,60,30,-1.683720555978383e-06,0.01418701001170694,-0.09079060601381739,0.13523940152393407,0.22603000753775146,-0.0002531310033993692,0.013851489847288173,0.014187010111619287,8.45339274810189,0.7186182126438743,6.683310460730988,0.00979140168233505,0.010266436041896636,0.006930588760452476,0.13523940152393407,411.2388706580721,0.00979140168233505,0.005779132073518792,0.00020127125307227293,352.25387606137804,0.008387196744241007,1.20126430426268e-09,0.01165656972769747,0.1124159973589644,12547,209.11666666666667,18282,304.7,39437,657.2833333333333,0.00020127125307227293,0.8216368155149406,1.4336042015083916,0.00020398294364048442,85.72549678698104,73.6572265625,7.24573691565591e-05,8.940292957850911e-05,4.137345350475664e-05,0.3552128813488625,0.4382862997412169,0.20282800496141712,1,0,1.0
S13,390,450,60,30,6.065770464892313e-07,0.015560785904563494,-0.12001777065624988,0.13523940152393407,0.25525717218018396,-0.0006003222915621914,0.016274646472473606,0.015560785916386023,10.169798450095099,0.6647447147174029,5.125438643702944,0.011061835113477718,0.010944124554199346,0.008161285214218817,0.13523940152393407,464.5970747660641,0.011061835113477718,0.0066705927785846,0.0002421380579676619,389.4883629167765,0.009273753254048346,2.1563934042514072e-08,0.012694725696275787,0.1124159973589644,11965,199.41666666666666,17710,295.1666666666667,39453,657.55,0.0002421380579676619,0.8158152020170666,1.421800505391318,0.00024358980376476113,85.15435202582992,73.828125,8.470742140857156e-05,0.00011139550391584892,4.670768649200522e-05,0.347746170403647,0.4573077452101627,0.1917472971779707,1,0,1.0
S13,420,480,60,30,-5.487477841456851e-07,0.012580893198914854,-0.12001777065624988,0.13412948848512124,0.25414725914137115,-0.0003632500842203504,0.014911771489578054,0.012580893210882373,6.6477127073123,0.3173985127421128,3.233015101452315,0.009436354940117563,0.008320701859082867,0.0074643729773449605,0.13412948848512124,396.32690748493764,0.009436354940117563,0.005973470774597039,0.00015827887368250206,334.0344874768101,0.007953391449244271,-1.1311073842889098e-08,0.010423908528072552,0.10115989807107909,11847,197.45,17808,296.8,39732,662.2,0.00015827887368250206,0.8285507525786523,1.4441543452487653,0.00015726895298471527,86.73104355590117,73.14453125,5.544682569821257e-05,6.804796406444433e-05,3.335560792856615e-05,0.35256053178914065,0.43268529975562187,0.21209277034996177,1,0,1.0
S13,450,510,60,30,-2.4094270483283888e-06,0.011818016298633932,-0.07825084716326478,0.08099762653286743,0.1592484736961322,-0.0002626224000594887,0.014297447300224133,0.011818016544247852,5.8659516316848705,0.2084414354473565,1.5886879872490525,0.009005605235812598,0.007652750445220378,0.0071612839312006436,0.08099762653286743,378.2354199041291,0.009005605235812598,0.0057508529974780506,0.00013966550923477728,310.9893706975457,0.007404685128158902,-1.0244014945084828e-07,0.009574164513330726,0.06138701922059042,11627,193.78333333333333,17787,296.45,39761,662.6833333333333,0.00013966550923477728,0.8101329589837697,1.4943336861227747,0.00013422126862094392,83.08512062173286,67.8466796875,5.520718353684852e-05,5.120133086056518e-05,2.7509696107003125e-05,0.41131472011905856,0.3814695792003244,0.2049578013205465,1,0,1.0
S13,480,540,60,30,-5.673854003423069e-07,0.01410499465665095,-0.120744667781004,0.1636683802010544,0.2844130479820584,-0.00036397246138772897,0.01463010865429001,0.01410499466806273,8.355936732615277,0.5152734807423683,7.402215560453879,0.00996661744745824,0.009980852230250631,0.00731806253514878,0.1636683802010544,418.59793279324606,0.00996661744745824,0.006033820125285283,0.00019895087426415183,346.8870507496968,0.00825941214671056,-2.6202648925006115e-08,0.011325457961110019,0.11602609060812427,11988,199.8,17956,299.26666666666665,39394,656.5666666666667,0.00019895087426415183,0.8029395428214295,1.4616160233392193,0.0002042735891586263,83.59662497367862,70.751953125,7.763509149718717e-05,8.736771631987523e-05,3.874775625376947e-05,0.38005447408524523,0.42769952141013606,0.18968558986683468,1,0,1.0
S13,510,570,60,30,-5.911224445993813e-08,0.013153019457872046,-0.120744667781004,0.1636683802010544,0.2844130479820584,-0.00012257684267373277,0.012947222126394526,0.013153019458004877,7.266080676231507,0.5273967535326166,9.860745776286496,0.009031843245541906,0.009561784794201026,0.006471640356689414,0.1636683802010544,379.33741631276007,0.009031843245541906,0.005362044242674898,0.00017300192085916067,335.11286486808234,0.007979067712757026,9.940988278777125e-10,0.011005832283716236,0.11602609060812427,12963,216.05,18930,315.5,39495,658.25,0.00017300192085916067,0.8367532883963974,1.4427769332304592,0.00018026953131040845,87.01013246965353,73.14453125,6.520710531472855e-05,7.63602187948993e-05,3.82215773640762e-05,0.361720057963914,0.42358915696859306,0.21202461162592123,1,0,1.0
S13,540,600,60,30,-9.748897043296831e-07,0.009411281635225657,-0.09619475884653023,0.06443067826277657,0.1606254371093068,8.638014758189462e-05,0.010860054486599578,0.009411281685718776,3.720033364653717,-0.1442886479274145,3.207667297073489,0.007001804703140674,0.006288636884653366,0.005430719787838949,0.09619475884653023,294.0757975319083,0.007001804703140674,0.004404719979451951,8.857222201753571e-05,281.3847506161699,0.006699796438395436,2.267873275093951e-08,0.00873372518324387,0.07049861281613755,13803,230.05,19940,332.3333333333333,39956,665.9333333333333,8.857222201753571e-05,0.928005931790868,1.4240294245999106,9.210956094961897e-05,97.17137426502799,79.1259765625,3.09279830214186e-05,3.2983370419695364e-05,2.8019018742983305e-05,0.3357738621546056,0.358088455526742,0.30419229506813983,1,0,1.0
S13,570,630,60,30,-4.718708980187269e-07,0.008426024737921237,-0.09619475884653023,0.06090400245380309,0.15709876130033332,0.00010172012617285626,0.009890069361446437,0.008426024751134001,2.9819115104823575,-0.15469192760403422,4.081387716863282,0.006289600133354221,0.005607033375077536,0.0049520604433214,0.09619475884653023,264.1632056008773,0.006289600133354221,0.004006385269739698,7.099789288406066e-05,257.45089997953403,0.006129929283543276,-1.636409884414402e-08,0.007979657821848214,0.07049861281613755,14040,234.0,20405,340.0833333333333,40115,668.5833333333334,7.099789288406066e-05,0.9470252070274428,1.425953014303679,7.168511994000735e-05,98.45323361877179,81.005859375,2.495327537722391e-05,2.3812347228401005e-05,2.2794214834201866e-05,0.34809560754180346,0.3321797780115225,0.31797693654245324,1,0,1.0
S13,600,660,60,30,-1.7045575354125254e-08,0.007942159279081342,-0.09848560984881567,0.05919030190948288,0.15767591175829854,0.00011526073477518292,0.00923101983542788,0.007942159279099635,2.6492715486127136,-0.17024447157743466,5.180185926768841,0.0058801643591062935,0.005338685336717692,0.004614996570388569,0.09848560984881567,246.9669030824643,0.0058801643591062935,0.003709360007880787,6.307789401429787e-05,242.92967995800342,0.005784177717517165,2.407570583940407e-08,0.007524498111515913,0.0857465240505345,14262,237.7,20597,343.28333333333336,40156,669.2666666666667,6.307789401429787e-05,0.9474121390809301,1.4294802596247596,6.122910093339499e-05,98.84155903218156,81.1767578125,2.2254206516225305e-05,1.874153034963171e-05,2.0114652366852186e-05,0.3634579991699278,0.3060886092385832,0.3285145798357043,1,0,1.0
S13,630,690,60,30,1.1353752985911651e-07,0.007992596693985315,-0.09848560984881567,0.06400601905977307,0.16249162890858876,0.00011221845896696608,0.008969726160263501,0.007992596694791732,2.6830272808750206,-0.10746256436375266,5.446499615261894,0.005815699330094112,0.0054826310497368535,0.004484452359824179,0.09848560984881567,244.2593718639527,0.005815699330094112,0.0036119992803420225,6.388160191270497e-05,241.016961122246,0.005738635708522726,3.923586849811545e-09,0.007455242681691076,0.0857465240505345,14516,241.93333333333334,20575,342.9166666666667,40076,667.9333333333333,6.388160191270497e-05,0.932768531571396,1.4475991293426942,6.64112882838042e-05,95.35254163855133,74.853515625,2.5692787318389192e-05,2.0262483577284265e-05,2.030683100893871e-05,0.3868737978488353,0.30510601587329395,0.3057737853564717,1,0,1.0
S13,660,720,60,30,6.701199335741333e-07,0.008232383938184939,-0.09354991414154591,0.22423140920130552,0.3177813233428514,0.00012298444961779723,0.009206867134709541,0.008232383965458978,2.8464301216993357,0.7000060557708525,23.71273311221885,0.005925554659761518,0.005714888251656777,0.004602984087881892,0.22423140920130552,248.87329570998378,0.005925554659761518,0.003704761186406315,6.777214530568536e-05,244.12473850881162,0.005812632170023372,-8.873833634622361e-09,0.0075664896325824665,0.12253554710054858,14404,240.06666666666666,20507,341.78333333333336,40019,666.9833333333333,6.777214530568536e-05,0.9191128219234528,1.4630206656339797,6.252954523751116e-05,95.89903550859388,73.9990234375,2.442213694731755e-05,1.842987169558452e-05,1.9569263000806146e-05,0.3905695596306182,0.29473861717018424,0.3129602642474784,1,0,1.0
S13,690,750,60,30,-1.5514910579913622e-06,0.010454352827518215,-0.1015379758143016,0.22423140920130552,0.32576938501560715,0.00016196210745208735,0.01049142928089418,0.01045435294264368,4.590326808873229,0.14187995740255968,13.95011746084245,0.00718515681508391,0.00759388023292545,0.0052465162886526475,0.22423140920130552,301.7765862335242,0.00718515681508391,0.004293692534452112,0.00010929349304223811,293.1466860500209,0.006979849188076404,6.941034451691632e-08,0.009623868930776937,0.12253554710054858,14190,236.5,20104,335.06666666666666,39699,661.65,0.00010929349304223811,0.9205609461969508,1.3947144183233515,9.6092790509652e-05,97.61036344684851,81.689453125,3.044475955017905e-05,3.651892907923072e-05,2.8957403298924768e-05,0.31682667751355437,0.3800381785724351,0.30134834408847927,1,0,1.0
S13,720,780,60,30,2.2671273632290586e-06,0.01451081267285777,-0.1678616804061589,0.23849571048593465,0.40635739089209355,0.00020784457363250553,0.01334412000321429,0.014510812849962477,8.843674961798717,-0.053660762586096186,9.78277673204044,0.009771367354960073,0.01072772434307746,0.006674839013760264,0.23849571048593465,410.39742890832304,0.009771367354960073,0.005605457342628004,0.00021056368442676964,375.1043889117588,0.008931269528125878,-2.64590013165584e-08,0.012547587670851434,0.14634644713949047,13577,226.28333333333333,19220,320.3333333333333,39399,656.65,0.00021056368442676964,0.8647060611788812,1.4037861987566596,0.00022309812691994908,90.07100938305948,76.3916015625,7.282135852374665e-05,9.920024789658455e-05,5.051886499977628e-05,0.3264095469070255,0.4446485018324653,0.22644235385222755,1,0,1.0
S13,750,810,60,30,5.369445019285084e-07,0.013598643797708873,-0.1678616804061589,0.23849571048593465,0.40635739089209355,8.103763671316879e-05,0.013334312861243192,0.013598643808309541,7.766770763861567,0.0327485427954703,11.652328100052781,0.009299639142598045,0.009921684597019488,0.006670099200066275,0.23849571048593465,390.58484398911787,0.009299639142598045,0.0055409045315237175,0.000184923113136966,340.926581192016,0.008117492825829567,1.0947555531183024e-08,0.011417333186336349,0.14634644713949047,12676,211.26666666666668,18549,309.15,39416,656.9333333333333,0.000184923113136966,0.839593518013904,1.4312819989378063,0.00019094036843612735,87.89068990392602,74.6826171875,6.695100598247395e-05,8.245895302112725e-05,4.105292695154239e-05,0.3506382989140934,0.4318570959954501,0.21500391608008895,1,0,1.0
S13,780,840,60,30,-4.6853816093906507e-07,0.010179293408925887,-0.09964501687358321,0.10614704743891781,0.20579206431250102,1.4625461015344108e-05,0.012042417033336446,0.010179293419708954,4.3519566100302605,0.086793756132348,3.631251832400964,0.007618034554873498,0.006751560119356367,0.006021548113223649,0.10614704743891781,319.9574513046869,0.007618034554873498,0.004853435580878854,0.00010361801430500199,276.326684345778,0.0065793634216476105,1.5791344966665114e-09,0.008701391035146522,0.08075629638790552,12260,204.33333333333334,18239,303.98333333333335,39837,663.95,0.00010361801430500199,0.8548128721308454,1.4490613373164742,9.668321713701809e-05,88.61358108039298,74.169921875,3.6479291549525124e-05,3.6380650164266975e-05,2.354064612062131e-05,0.3773073820850126,0.3762871286410425,0.24348223836262955,1,0,1.0
S13,810,870,60,30,1.2139006632294746e-07,0.012373897155446222,-0.11829486193339925,0.133311733038518,0.2516065949719173,3.49997519113836e-06,0.012612390512742138,0.01237389715604165,6.430759894788417,0.3633286932255553,7.949468479124118,0.008609092856932338,0.008888017270967255,0.006311273100620325,0.133311733038518,361.5818999911582,0.008609092856932338,0.005193910955976954,0.0001531133308135601,311.581319418754,0.007418779480910354,2.1736504360206087e-08,0.010478535917834474,0.11810875188309547,12240,204.0,17926,298.76666666666665,39476,657.9333333333333,0.0001531133308135601,0.8468258452610844,1.4023924150519016,0.0001548369454844617,88.66858246033314,77.24609375,5.0406186081304714e-05,6.982447132565343e-05,3.422325075604139e-05,0.3255436609369377,0.4509548487099321,0.22102767946604698,1,0,1.0
S13,840,900,60,30,1.0154789301543064e-06,0.012267412648671447,-0.11829486193339925,0.133311733038518,0.2516065949719173,-0.00012805091383841184,0.01294600215709267,0.012267412690701397,6.32055539320723,0.3849378321755282,7.3773197031739794,0.008688745721700327,0.008659971819100566,0.006458084293064159,0.133311733038518,364.9273203114137,0.008688745721700327,0.005309401491459842,0.0001504894130927842,306.1062126466418,0.007288416691984137,-1.936333999504781e-08,0.01017308816201366,0.11810875188309547,11816,196.93333333333334,17733,295.55,39401,656.6833333333333,0.0001504894130927842,0.8292774078253086,1.426742092361807,0.00015456170744529627,86.56062729705546,73.828125,5.604871193050751e-05,6.484187002325143e-05,3.336671977496804e-05,0.3626299997387433,0.4195209220640939,0.21587960127043407,1,0,1.0
S13,870,930,60,30,4.375890892549213e-07,0.00878156767132706,-0.0511314994946873,0.0479095839146151,0.0990410834093024,9.453147243041523e-07,0.01077610512070033,0.008781567682229683,3.2388691002183934,0.07748742333111719,1.2464554190789068,0.006731487671509542,0.005639415278723126,0.0053938067638875705,0.0511314994946873,282.7224822034008,0.006731487671509542,0.004323923476040519,7.711593076609658e-05,237.48720392071573,0.005654591869347264,1.1274793182826619e-08,0.007280186302716091,0.045692184959336635,11906,198.43333333333334,18177,302.95,39756,662.6,7.711593076609658e-05,0.829030370794366,1.5087498981695642,7.697581813608712e-05,84.28781747089684,65.4541015625,3.498159484765566e-05,2.391542273415314e-05,1.7936522465271305e-05,0.45444914642947976,0.3106874770966718,0.2330150286101664,1,0,1.0
S13,900,960,60,30,-1.393549337903963e-06,0.009615124315021005,-0.0739281309412849,0.09201250675904014,0.16594063770032505,0.00010267840126197908,0.01099833341818522,0.009615124416006685,3.882925936482092,0.0123688302965976,3.4109391406184555,0.007103738003842976,0.006479778075524263,0.005498497193521735,0.09201250675904014,298.356996161405,0.007103738003842976,0.0044520440660074136,9.245061559330814e-05,258.4545726879015,0.006153826821779125,3.3025133672208536e-08,0.008228925877206974,0.0640140429758825,12244,204.06666666666666,18250,304.1666666666667,39660,661.0,9.245061559330814e-05,0.8558314596464993,1.4424706051496567,9.292500903080972e-05,88.23635482257048,75.537109375,3.253072181252307e-05,3.904493539453419e-05,2.116412837698705e-05,0.3500749922094423,0.42017682647293214,0.2277549240804484,1,0,1.0
S13,930,990,60,30,2.3394751694564226e-08,0.009850677651426843,-0.0739281309412849,0.09201250675904014,0.16594063770032505,0.00010358975091888834,0.011128638820934351,0.009850677651454625,4.075505708100439,0.02050739084913478,3.100981814098657,0.007271262802593664,0.006645644246307904,0.00556458710333996,0.09201250675904014,305.3930377089339,0.007271262802593664,0.004508383220612889,9.703585019232027e-05,278.8840814200836,0.0066402552779847995,-2.3532938113549064e-08,0.00871070305174281,0.0640140429758825,13376,222.93333333333334,19035,317.25,39848,664.1333333333333,9.703585019232027e-05,0.884274499681866,1.432612690071365,9.932238929960661e-05,92.2400422805952,77.587890625,3.276226538614045e-05,4.098085480110484e-05,2.537597271077741e-05,0.32985780564856193,0.41260439957284795,0.2554909611993991,1,0,1.0
S13,960,1020,60,30,-3.968932189833832e-07,0.010452659696848688,-0.1193923041600535,0.13933086575331638,0.25872316991336985,2.388686418582325e-05,0.010067868448250042,0.010452659704383815,4.5888399856172635,0.4857453717486175,18.745483143103016,0.006891876120706525,0.00785876188928538,0.005040846529458829,0.13933086575331638,289.45879706967406,0.006891876120706525,0.0041011189063674194,0.00010925809473812491,272.88678624942963,0.006497459135918228,-4.748488903623682e-08,0.009222598145111833,0.11662682496393194,13998,233.3,19990,333.1666666666667,39628,660.4666666666667,0.00010925809473812491,0.8823207119133804,1.4336179519163916,0.0001053115315220632,93.24072778344816,77.587890625,3.431593453060267e-05,4.25234477060397e-05,2.7976241219543585e-05,0.32585163309882487,0.4037871930210308,0.2656522112555399,1,0,1.0
S13,990,1050,60,30,2.935873582608992e-07,0.01038484201587055,-0.1193923041600535,0.13933086575331638,0.25872316991336985,-1.9909143872905806e-05,0.010087880545235406,0.010384842020020518,4.52948763879292,0.49943069027719467,19.230167632105026,0.006857479195257356,0.007798712898125969,0.005048604125502829,0.13933086575331638,288.01412620080896,0.006857479195257356,0.0041056030318781765,0.00010784494369459029,271.49615829902217,0.0064643481582662005,5.8512243040166054e-08,0.009185075092511123,0.11662682496393194,13875,231.25,20091,334.85,39698,661.6333333333333,0.00010784494369459029,0.8844694101724521,1.4362266169953375,0.0001098536976405554,91.97021211829517,75.7080078125,3.689354254191571e-05,4.4251020728535296e-05,2.8102268615173862e-05,0.33584251904412443,0.40281776288792726,0.25581540921021456,1,0,1.0
S13,1020,1080,60,30,-3.281479950550392e-06,0.008901585802675945,-0.0771669340604629,0.09876320132789163,0.17593013538835453,-1.6518617028380735e-06,0.010397997232093583,0.00890158640751819,3.3280061039615294,0.197743395615006,5.3985809815237555,0.006583034816386112,0.005991818853800645,0.005204918301095183,0.09876320132789163,276.4874622882167,0.006583034816386112,0.004155874873077572,7.923822980240194e-05,265.04150726555514,0.0063106623316163514,-6.64557347106732e-08,0.008182315979935528,0.06958058702682367,14045,234.08333333333334,20253,337.55,40085,668.0833333333334,7.923822980240194e-05,0.9191975633685188,1.450933756779727,6.219310526482246e-05,100.3603783304252,80.6640625,2.296138510369198e-05,1.769340909950898e-05,2.1408644863969666e-05,0.36919502581388797,0.28449148863317314,0.3442285888895595,1,0,1.0
S13,1050,1110,60,30,2.960500177295803e-07,0.012151776802440329,-0.16130909267457022,0.11861769824115392,0.27992679091572414,4.206831119283011e-05,0.012430213534825178,0.012151776806046618,6.201958540846847,0.017293034481348113,9.348515149247387,0.008461257897050552,0.008721971929762914,0.006211680371820964,0.16130909267457022,355.37283167612316,0.008461257897050552,0.005077854067358949,0.00014766567945632693,307.6977987207662,0.007326312500792071,-2.3974423180666567e-09,0.010034463055333611,0.12055918944980826,12628,210.46666666666667,18780,313.0,39504,658.4,0.00014766567945632693,0.8257609745859126,1.47281354618865,0.0001479495344333254,85.94032315585852,71.435546875,5.728804966006894e-05,5.9263890463379084e-05,3.1026204827173855e-05,0.38721345004222535,0.400568279517546,0.20970802609153227,1,0,1.0
S13,1080,1140,60,30,-1.43732058364588e-06,0.014090068423519645,-0.16130909267457016,0.17545917645617432,0.3367682691307445,0.00011577941934357852,0.013709570694563694,0.014090068496829809,8.338261270304944,0.07533544332712513,10.191163568284567,0.009629446910545781,0.010286096560033653,0.006845039713935377,0.17545917645617432,404.4367702429228,0.009629446910545781,0.005676562336951308,0.00019853002817946536,326.46456549088975,0.007773150920043091,-2.4726115144664677e-08,0.011013273347472482,0.1358657180433266,11463,191.05,17251,287.51666666666665,39104,651.7333333333333,0.00019853002817946536,0.7816337732674692,1.4629965454937832,0.00018571655255586738,81.8010374468819,68.701171875,7.334848478848574e-05,7.828438299863436e-05,3.338400779394483e-05,0.3949485588605302,0.4215261478918784,0.17975784783051166,1,0,1.0
S13,1110,1170,60,30,1.7958631649410152e-09,0.01199523849150116,-0.13349716627953248,0.17545917645617432,0.3089563427357068,5.369314781043734e-05,0.012566528553752117,0.011995238491501293,6.043201351655757,0.1914796241491278,11.984073600542288,0.008397543197352371,0.008565454729119473,0.006283609871330484,0.17545917645617432,352.69681428879954,0.008397543197352371,0.005143168881942425,0.000143885746467991,287.5887655937004,0.006847514597816623,-1.2031518118229095e-08,0.009480048125646741,0.1358657180433266,11569,192.81666666666666,17416,290.26666666666665,39393,656.55,0.000143885746467991,0.7903176024689734,1.475596495945179,0.00015083662078984437,81.24234967677467,67.5048828125,6.188629232150786e-05,6.0295713929325595e-05,2.8090523490149412e-05,0.4102869183719779,0.3997418770958387,0.18623145588289863,1,0,1.0
S13,1140,1200,60,30,-7.589773466457656e-07,0.009469116087832472,-0.060865741856899545,0.0628863611247954,0.12375210298169495,-3.1119255106654034e-05,0.01170354184384554,0.009469116118249599,3.7658947225575625,0.0562545362645762,1.324986369568137,0.007272078823346013,0.006064736568717293,0.005854156104888783,0.0628863611247954,305.42731058053255,0.007272078823346013,0.004676403134075082,8.966415948484773e-05,253.25045101957318,0.006029916212756808,4.876497065514711e-09,0.007783672795179699,0.04903218590255501,11633,193.88333333333333,17764,296.06666666666666,39826,663.7666666666667,8.966415948484773e-05,0.8220062699602431,1.495182685418401,9.007650578787128e-05,84.07959869205047,68.8720703125,3.8143194656372066e-05,3.121373620617606e-05,2.044866432141533e-05,0.42345331141284137,0.3465247228803913,0.22701440450600519,1,0,1.0
S13,1170,1230,60,30,-2.0163110779158903e-06,0.008878305950373533,-0.060865741856899545,0.0628863611247954,0.12375210298169495,1.136700214121055e-05,0.010880155466154458,0.00887830617933108,3.3106214657858346,0.057012165544107034,1.7204705525496964,0.0067701478199444845,0.005743641624444319,0.005438589680467694,0.0628863611247954,284.34620843766834,0.0067701478199444845,0.004330731393701077,7.882431654843807e-05,238.03292213196494,0.005667585469462724,3.4140278494578874e-08,0.007328001893327442,0.04903218590255501,11870,197.83333333333334,18283,304.71666666666664,39862,664.3666666666667,7.882431654843807e-05,0.8253828978510405,1.516869663132182,7.996334935379544e-05,84.06944355221336,67.1630859375,3.505745643520253e-05,2.6293050476194886e-05,1.838961176264065e-05,0.4384190597131176,0.3288137714174787,0.22997550641952685,1,0,1.0
S13,1200,1260,60,30,-1.2910451994257606e-06,0.009506301577258758,-0.1034557146624244,0.24157385909847562,0.34502957376090004,8.434784432593677e-05,0.010498276357876826,0.009506301664926801,3.7955303964727825,0.965569608291097,27.774280341148433,0.006757529203246016,0.006686222432126179,0.005250516271684336,0.24157385909847562,283.8162265363327,0.006757529203246016,0.0042342186885115166,9.036976967779237e-05,237.42307235261168,0.005653064890892919,3.6213865745643113e-09,0.007544475768751769,0.16646549724737983,12031,200.51666666666668,18495,308.25,39645,660.75,9.036976967779237e-05,0.7936289110372718,1.5463291602110476,9.017818065988625e-05,80.41255303482059,62.7197265625,4.2901581567310065e-05,2.8854526154653855e-05,1.8243730457422008e-05,0.4757423719726237,0.31997236962986486,0.20230759063802364,1,0,1.0
S13,1650,1710,60,30,1.0762405094935585e-06,0.011191670484037916,-0.0634063804238509,0.08615823778081744,0.14956461820466832,-0.00020233563565526691,0.013419452680301435,0.011191670535785939,5.260646554026323,0.26652615042685585,1.6732781885688945,0.008502943576581531,0.007276911426907022,0.006723040880787059,0.08615823778081744,357.1236302164243,0.008502943576581531,0.005384309613069058,0.00012525348822328548,314.5665687851533,0.007489858539135535,-8.869726727326767e-09,0.009693683511645275,0.06631502277928172,12398,206.63333333333333,18450,307.5,39908,665.1333333333333,0.00012525348822328548,0.8661516192306467,1.4303727493954492,0.00012293296025274404,90.36451706610755,76.3916015625,4.0929559450668775e-05,5.2781549633444465e-05,2.8821134573702328e-05,0.33294211224166115,0.42935230327918755,0.23444594935684873,3,0,0.7682142857142857
S13,1680,1740,60,30,2.1015393326157494e-06,0.010967496054390315,-0.056247684564961334,0.08003877419857645,0.1362864587635378,-0.00018578866994454146,0.013674053053659777,0.010967496255733789,5.052010913020457,0.2161671895425634,1.0495890686317821,0.008464335314360853,0.006974310131159816,0.006829138344998629,0.08003877419857645,355.50208320315585,0.008464335314360853,0.0054459510485331255,0.00012028596970306712,315.693752053554,0.007516696875010215,7.620601236624137e-08,0.00963701551803643,0.05252900908481187,12483,208.05,18564,309.4,39951,665.85,0.00012028596970306712,0.8786887608843689,1.4324518261742214,0.00012203875887650337,91.8788444729761,77.0751953125,4.096758748627824e-05,5.0309965927860174e-05,3.0511304602184967e-05,0.3356932491237085,0.41224580117838744,0.2500132325424643,3,0,1.0
S13,1710,1770,60,30,-1.7956764787897492e-06,0.01139186334038586,-0.05623965442630312,0.08187497387113193,0.13811462829743504,-0.0003146810528009993,0.014261867031064357,0.011391863481910293,5.450531250800214,0.2802050094596222,1.0263792832885388,0.008794397716858145,0.007241071908785434,0.007138568809512991,0.08187497387113193,369.3647041080421,0.008794397716858145,0.005650016321570668,0.00012977455036602728,323.7931082293388,0.007709543280300456,-6.733683664045788e-08,0.009885510542353905,0.07202827073451445,12313,205.21666666666667,18327,305.45,39887,664.7833333333333,0.00012977455036602728,0.8677694111119023,1.4402399029304398,0.00012983709813730226,90.55659710662191,76.220703125,4.5390989462919e-05,5.248569265568075e-05,3.1680485599639894e-05,0.34959953752908274,0.4042426502799479,0.24400179959458038,3,0,1.0
S13,1740,1800,60,30,1.5036047646440369e-06,0.011945388782779148,-0.08118395229297434,0.13385868622185176,0.2150426385148261,-0.0003238330151450145,0.014272886251418055,0.011945388877410949,5.993077248168074,0.34290543348223385,2.6478915032409835,0.009032448444224612,0.007817108834792924,0.007153097851140302,0.13385868622185176,379.3628346574337,0.009032448444224612,0.005716922832325481,0.0001426923131717459,325.35632782896664,0.007746763680777319,-2.3241427617493358e-08,0.01013905934805748,0.10488650208747831,12039,200.65,18079,301.31666666666666,39743,662.3833333333333,0.0001426923131717459,0.8487843746596401,1.4421169022715137,0.00014426322547422737,88.32507916254767,73.9990234375,5.054564134067766e-05,6.076471933682085e-05,3.2575027373844076e-05,0.35037093600619407,0.4212072698158026,0.22580271075156022,3,0,1.0
S13,1770,1830,60,30,1.250400601188879e-06,0.011614362639918331,-0.08118395229297434,0.13385868622185176,0.2150426385148261,-0.0001248713653292156,0.013675838250418931,0.011614362707227306,5.66552368599136,0.2611194188090481,3.011599982174607,0.00872445482856362,0.007666636096710557,0.006837819880294626,0.13385868622185176,366.42710279967207,0.00872445482856362,0.005501984243986932,0.00013489341953153072,315.21934563500463,0.0075054012151480895,7.284472213610238e-08,0.009849155175024934,0.10488650208747831,12238,203.96666666666667,18346,305.76666666666665,39772,662.8666666666667,0.00013489341953153072,0.8480151240648872,1.449153874467439,0.0001379773948349636,88.3685333172228,74.169921875,4.878094646993955e-05,5.718083843920155e-05,3.175405443298673e-05,0.35354303165592466,0.4144217863193912,0.23013954185008448,3,0,1.0
S13,1800,1860,60,30,1.4460635777024304e-06,0.009874390720296592,-0.06858236704835403,0.0680347716058324,0.13661713865418645,-4.275035663960894e-05,0.012087762184561458,0.009874390826181599,4.095150955903531,0.09404480279931887,1.4863282457625404,0.007553752167756989,0.006359592941084035,0.006044332334890807,0.06858236704835403,317.25759104579356,0.007553752167756989,0.004823333490387643,9.750359209707945e-05,280.6419933399186,0.006682111320267592,1.9746820752337483e-08,0.008567657003923899,0.06332575706815248,12696,211.6,18890,314.8333333333333,39945,665.75,9.750359209707945e-05,0.867664370046981,1.4711774292751583,9.548176947891996e-05,89.63301666029261,73.14453125,3.607738122238431e-05,3.542921256337883e-05,2.3827275528143636e-05,0.3778457544227782,0.37105735217025626,0.24954790488465042,3,0,1.0
S13,1830,1890,60,30,4.903508515826133e-07,0.009994366108401733,-0.05669327736124048,0.07848574386240387,0.13517902122364434,-6.230102159427526e-05,0.012095505950699078,0.009994366120430706,4.195268874266952,0.1523105644386567,1.68927603837688,0.00761229344701944,0.006476136396469583,0.006042857805366234,0.07848574386240387,319.7163247748165,0.00761229344701944,0.0048596599967852434,9.98873539087692e-05,281.21748788691144,0.006695813897638311,5.1633351250174807e-08,0.00861337393032993,0.052849572926250095,12515,208.58333333333334,18722,312.03333333333336,39900,665.0,9.98873539087692e-05,0.8618229347321111,1.4710108834408255,9.78470615620518e-05,89.47684137207413,73.6572265625,3.60140565845604e-05,3.79553545785295e-05,2.3642196936698233e-05,0.3680647738381118,0.38790489946863965,0.24162398501568727,3,0,1.0
S13,1860,1920,60,30,3.1600210796468793e-07,0.011006820341045826,-0.06390467017815821,0.07848574386240387,0.14239041404056207,-0.00014277407215759682,0.013496451997034255,0.011006820345581982,5.088303953036534,0.1495970687687906,1.3094089608843786,0.008438273560400299,0.00706722246995004,0.006747947574616709,0.07848574386240387,354.40748953681253,0.008438273560400299,0.005401403830713818,0.00012115009402006015,302.7991519059713,0.007209675275743978,-9.143567750336975e-09,0.009270390511506126,0.06050067325005079,11963,199.38333333333333,18208,303.46666666666664,39869,664.4833333333333,0.00012115009402006015,0.8422405585140395,1.4673805757680152,0.00012259906577398132,87.21506129747189,72.119140625,4.508519656766813e-05,5.0140987558015484e-05,2.7066220979313544e-05,0.3677450254864533,0.40898343915975166,0.22077020577964054,3,0,1.0
S13,1890,1950,60,30,2.304222444308397e-06,0.011099522196420518,-0.06390467017815821,0.06589535247321632,0.12980002265137452,-0.00021842919400948937,0.014082601271164015,0.011099522435594825,5.174374728527461,0.1802774213457628,0.7147575878216719,0.008641738819962011,0.006965611851505541,0.007033782804422046,0.06589535247321632,362.9530304384045,0.008641738819962011,0.005603698642782738,0.00012319939298883177,305.3134888470404,0.007269541866402543,-1.2519433298800335e-08,0.009270469516425198,0.06050067325005079,11752,195.86666666666667,17853,297.55,39888,664.8,0.00012319939298883177,0.8352133859793378,1.4675293870866162,0.0001226095239558869,86.37443674059945,71.2646484375,4.5733633196122736e-05,4.995056716594263e-05,2.663190655046267e-05,0.37300228987576056,0.4073954906138785,0.21720911794783934,3,0,1.0
S13,1920,1980,60,30,2.3717293739686506e-06,0.010808857705613854,-0.04774339433063465,0.05823306712979183,0.10597646146042648,-0.0001773710198293239,0.013791862248367658,0.010808857965821745,4.906919242062944,0.200920700299321,0.5721999746425745,0.00844395780021529,0.006747665314276602,0.006902717289032369,0.05823306712979183,354.64622760904217,0.00844395780021529,0.0054998941180480375,0.00011683140490020797,300.0289815877255,0.007143717269166541,3.334155310466595e-08,0.009071447329948877,0.040495088656379824,11830,197.16666666666666,17886,298.1,39939,665.65,0.00011683140490020797,0.8392605006944805,1.4643563896109082,0.0001157432015275689,86.86367673791483,72.119140625,4.316520291830327e-05,4.663466779525125e-05,2.5662181202042445e-05,0.37293942407513014,0.4029149632960803,0.22171653162652463,3,0,1.0
S13,1950,2010,60,30,2.995141177286025e-07,0.010899111274924806,-0.06074648842064974,0.06266535525260081,0.12341184367325055,-0.00018059660357008529,0.013819597535425937,0.01089911127904022,4.989206320261873,0.17682854063395767,0.7673382221457015,0.008480044120581204,0.006846859016066995,0.006913406541522282,0.06266535525260081,356.16185306441054,0.008480044120581204,0.0054981004468255155,0.00011879062658319304,303.2912802445928,0.00722139289613069,-4.1965000040040993e-08,0.009193616384494216,0.05920734382161296,11909,198.48333333333332,18031,300.51666666666665,39952,665.8666666666667,0.00011879062658319304,0.8435198203403647,1.4638714809736628,0.00011551561846861422,87.81058121356043,73.14453125,4.288428845847149e-05,4.5818627283072674e-05,2.649747784546435e-05,0.3712423395813201,0.39664443553597617,0.22938437413693766,3,0,1.0
S13,1980,2040,60,30,-1.04470744624541e-06,0.011650177805601798,-0.08796302611304299,0.1193197203526028,0.2072827464656458,-0.0002111573370377585,0.013829364288528524,0.011650177852442871,5.7005190477291166,0.34044321156310314,3.2227002433831897,0.008768662344453799,0.007670541355243998,0.006923307305729142,0.1193197203526028,368.2838184670595,0.008768662344453799,0.00557414706545108,0.00013572664290213674,310.8800482867165,0.007402082151639717,-9.110973735170154e-09,0.009670674476022465,0.10225138602733663,11904,198.4,17936,298.93333333333334,39779,662.9833333333333,0.00013572664290213674,0.8300881443519668,1.4593547075999795,0.00013245230102794516,86.41123693295893,72.119140625,5.0823494433738795e-05,5.21073502208576e-05,2.910399469151226e-05,0.3837116761226814,0.39340464315424645,0.21973189190100834,3,0,1.0
S13,3270,3330,60,30,-3.7039201858499117e-07,0.010994593253465069,-0.14060660461464725,0.11541771778782625,0.2560243224024735,0.00010831355493705081,0.012107946990875718,0.010994593259704056,5.077005399745853,-0.05648315460157813,6.352847241011554,0.007993481123382508,0.007548863522177187,0.006055533255987148,0.14060660461464725,335.7262071820653,0.007993481123382508,0.004945413196732592,0.0001208810808091396,305.298251892025,0.007269179073121384,-9.106565677071222e-08,0.009444457830612195,0.08668265733033029,13426,223.76666666666668,19955,332.5833333333333,39899,664.9833333333333,0.0001208810808091396,0.8590092978324295,1.5372015512877915,0.0001134564117374493,87.28499807082288,62.548828125,5.391422571699273e-05,3.0458196393686435e-05,2.890404179734169e-05,0.4751976983174491,0.2684572509147396,0.2547589982329852,2,1,1.0
S13,3300,3360,60,30,2.456326462396868e-06,0.010169615638402803,-0.14060660461483163,0.09945798489732598,0.2400645895121576,0.00012668789836937087,0.011773310238115908,0.010169615935048212,4.343685707188234,-0.15022429074825636,5.850251826367227,0.007567088685294688,0.006794134020997203,0.005886763839583513,0.14060660461483163,317.8177247823769,0.007567088685294688,0.0047654875997454995,0.00010342108223284685,299.73872611816444,0.007136806260105346,-4.5103005013734815e-09,0.009219359878497776,0.0824620398369654,13813,230.21666666666667,20094,334.9,40016,666.9333333333333,0.00010342108223284685,0.9065593240007378,1.4751165271622855,0.00010388649126434954,93.29365857249354,69.2138671875,4.427725623457453e-05,2.8535887337813124e-05,3.08465897798199e-05,0.42620802469790453,0.2746833297622952,0.29692589868424446,2,1,1.0
S13,3330,3390,60,30,-2.067591635616598e-06,0.010321586212042023,-0.06880749859643985,0.09160899110493272,0.16041648970137257,6.634893797260403e-05,0.012213508856415103,0.010321586419129145,4.474476140717151,0.020326249701655443,2.1698227599473556,0.0077977332880319605,0.0067624331254563606,0.006106225086789617,0.09160899110493272,327.50479809734236,0.0077977332880319605,0.004929675182175159,0.00010653514193261602,294.8198468632212,0.007019687298821905,4.7796135653084074e-08,0.009135649682900444,0.06813033239105593,12973,216.21666666666667,19391,323.18333333333334,39850,664.1666666666666,0.00010653514193261602,0.8851013298946273,1.483742191193277,0.00010121365052821145,91.77745376464426,69.8974609375,4.231207431249296e-05,2.939452785355423e-05,2.9277069321016762e-05,0.4180471121402665,0.29042058754081834,0.28926008664074726,2,1,1.0
S13,3360,3420,60,30,-1.3373338861156833e-06,0.011117614484510084,-0.09827077162762854,0.11175791676914686,0.2100286883967754,-2.5086893752269144e-05,0.012975161034099007,0.011117614564943793,5.191256851815315,0.07701019331534728,2.61137753067337,0.008333111967230166,0.0073593884634700285,0.006484775602241078,0.11175791676914686,349.990702623667,0.008333111967230166,0.005239213288513642,0.00012360135182618845,286.6648328192445,0.006825515674640932,-1.7286215451033844e-08,0.008956000213894626,0.06813033239105593,11611,193.51666666666668,18199,303.31666666666666,39605,660.0833333333334,0.00012360135182618845,0.8055685170926564,1.549975104948797,0.00012386256483678173,81.85731746155616,62.7197265625,5.9035872859527515e-05,3.730908286425709e-05,2.726172312348701e-05,0.47662401418314937,0.3012135499811476,0.2200965494248467,2,1,1.0
S13,3390,3450,60,30,-1.9590955048645303e-07,0.010595614130313766,-0.09827077162762854,0.11175791676914686,0.2100286883967754,1.5997517693152686e-05,0.012474844762415518,0.01059561413212492,4.715215631149183,0.02969050260421373,2.600071109466054,0.007960919055538031,0.006992196123397626,0.006227694597528241,0.11175791676914686,334.3586003325973,0.007960919055538031,0.005026599749899946,0.00011226703879850476,284.64903285056516,0.006777519294520469,2.2854743315190925e-08,0.00876696724888505,0.0652269227500259,12272,204.53333333333333,18781,313.01666666666665,39814,663.5666666666667,0.00011226703879850476,0.8274147341590133,1.5396892069305772,0.00011479103766142925,83.613989623211,63.57421875,5.401071486838985e-05,3.398449075656381e-05,2.6573132809020167e-05,0.47051334292919195,0.29605526223048406,0.23149135464213128,2,1,1.0
S13,3420,3480,60,30,8.990886532341189e-07,0.0097060176628885,-0.1200097382591427,0.14663211651906832,0.266641854778211,0.00011348265802295777,0.0113720453235901,0.009706017704530728,3.956684746587886,0.042191959069196185,5.2412058313782985,0.007250239062219446,0.0064529693336735465,0.0056856106115957886,0.14663211651906832,304.51004061321674,0.007250239062219446,0.0045699569071658945,9.420677887230354e-05,280.23555477601747,0.006672433981190444,-2.084788829143242e-08,0.008634279672883381,0.08702049310254856,13367,222.78333333333333,19755,329.25,39947,665.7833333333333,9.420677887230354e-05,0.8895800494879615,1.481643408903824,9.257779164992171e-05,91.58179266671709,70.41015625,3.891459067573684e-05,2.6957392394349838e-05,2.6554322696406163e-05,0.4203447714856973,0.2911863840551292,0.28683253535383524,2,1,1.0
S13,3450,3510,60,30,6.615351164569986e-08,0.01032876340888618,-0.1200097382591427,0.17514814180763238,0.29515788006677507,5.477897561789529e-05,0.011789802941953934,0.010328763409098031,4.480700849567139,0.26661838482199657,8.213815286094887,0.00759888167780807,0.006995738045967355,0.005894893539333059,0.17514814180763238,319.15303046793895,0.00759888167780807,0.004750887241784594,0.00010668335355674605,285.7348152654859,0.006803371872318053,2.462625078183514e-08,0.008890426102500584,0.09225283473494375,13034,217.23333333333332,19382,323.03333333333336,39822,663.7,0.00010668335355674605,0.8607444812659621,1.4990149029453386,0.00010661446309115439,87.77070720965736,68.017578125,4.566509574768125e-05,3.361794915280066e-05,2.708853844447211e-05,0.4283198960411029,0.31532259487211994,0.25407939653845707,2,1,1.0
S13,3480,3540,60,30,6.833407806671734e-07,0.01101206561644391,-0.0991072909993597,0.17514814180763238,0.2742554328069921,6.719579418332732e-05,0.011823631548212,0.011012065637645865,5.093154763528474,0.04912313183739029,8.113162040776482,0.007875984862578204,0.0076963921451716445,0.005913287515909268,0.17514814180763238,330.7913642282846,0.007875984862578204,0.0048375803379738045,0.00012126558914086619,292.8361219691415,0.006972454629137396,-1.621514571458544e-08,0.009407509566163662,0.11068129345771446,12817,213.61666666666667,18930,315.5,39669,661.15,0.00012126558914086619,0.854291092500918,1.4659866668082298,0.00012771338833382538,88.24163201599657,71.2646484375,4.9955066244904675e-05,4.676630016240468e-05,3.071305973973401e-05,0.3911497995365133,0.3661816570097095,0.24048426042424195,2,1,1.0
S13,3510,3570,60,30,-7.734902177030102e-07,0.009609457251699167,-0.0991072909993597,0.12878827386985708,0.2278955648692168,9.157330788203466e-05,0.010256087349162996,0.009609457282829288,3.8783501093618753,-0.1386854825423971,8.646769625848885,0.0068077075180819745,0.006782093159104422,0.0051285408803099135,0.12878827386985708,285.9237157594429,0.0068077075180819745,0.004175235188187998,9.234166867223372e-05,260.2390213922074,0.0061963147073074935,-6.949473837805058e-09,0.00845811739088029,0.11068129345771446,13179,219.65,19130,318.8333333333333,39661,661.0166666666667,9.234166867223372e-05,0.8801867961257338,1.4382113626382056,9.766565111599487e-05,91.37985002620599,76.3916015625,3.535334154942493e-05,3.668351095474417e-05,2.543296539300425e-05,0.3619833702581547,0.3756029938424938,0.26040849676820566,2,1,1.0
S13,3540,3600,60,30,1.1607894731792288e-06,0.006939967649963346,-0.04492466183176077,0.08061382486353992,0.12553848669530068,0.00011664247963469917,0.008587585194573628,0.006939967747041046,2.022852397858739,0.04587150279381932,2.1419263890146363,0.005317179924829175,0.004459904704919556,0.004292337649673704,0.08061382486353992,223.32155684282534,0.005317179924829175,0.00342194584621764,4.816315098253777e-05,205.66331737935195,0.004896862243847519,4.0268909718394195e-08,0.0063167110748894055,0.05128651065919472,13358,222.63333333333333,19523,325.3833333333333,40014,666.9,4.816315098253777e-05,0.9101931584540985,1.471814417116762,4.7487240497576296e-05,94.1397542833297,77.24609375,1.926952916072113e-05,1.2795832780048744e-05,1.5332441230169282e-05,0.40578330007835745,0.2694583354596448,0.32287496745471733,2,1,1.0
S13,3570,3630,60,30,-1.1573081696863334e-06,0.006351532352596519,-0.029000965905518684,0.03273454578304173,0.06173551168856042,0.0001410939575481004,0.008152521491773645,0.006351532458032666,1.6943625117485837,-0.03129975774473274,0.6907585148222806,0.004947305436002822,0.003983231538379282,0.004074335183680185,0.03273454578304173,207.78682831211853,0.004947305436002822,0.0032171922824531882,4.034196322608027e-05,185.277848325405,0.004411482376375747,2.9461072097801417e-08,0.005609208894403573,0.03591107521552327,12865,214.41666666666666,19263,321.05,40076,667.9333333333333,4.034196322608027e-05,0.8831268712833553,1.5062501769828716,3.892880964227308e-05,90.32031664722754,72.9736328125,1.6470532853588334e-05,1.0524442831700372e-05,1.1876948615560821e-05,0.4230936677730536,0.2703510055512153,0.30509406079202467,2,1,1.0
S13,3600,3660,60,30,-1.7776212292025603e-07,0.0080554052559701,-0.13852952139041955,0.0886246470956329,0.22715416848605247,0.00011843069041375643,0.009683978361553321,0.008055405257931476,2.725361262519423,-0.2233045160036973,6.142224776223657,0.006070441038856279,0.005295214770269435,0.004842619915321162,0.13852952139041955,254.9585236319637,0.006070441038856279,0.0038721993527573904,6.488955383791071e-05,230.85264006993907,0.005496622302196221,-1.368791358362243e-08,0.007299667375446989,0.09104193720678394,12791,213.18333333333334,18885,314.75,39923,665.3833333333333,6.488955383791071e-05,0.9061825126720955,1.435696956615868,6.568792100041407e-05,94.36357998883885,78.61328125,2.2747016534644338e-05,2.3441670196856932e-05,1.936492719510869e-05,0.3462891835852279,0.3568642429208433,0.2948019498894876,2,1,1.0
S13,3630,3690,60,30,2.104861321432143e-06,0.009125882442880505,-0.13852952139041955,0.08969505052619618,0.22822457191661571,9.095149103974655e-05,0.011249610833582585,0.009125882685620928,3.4978328612520655,-0.10346087888336651,4.379380369819955,0.00697272596741548,0.00588751453289465,0.005623639376197941,0.13852952139041955,292.8544906314502,0.00697272596741548,0.004531512095920909,8.328173036127466e-05,272.8901625847652,0.006497539526768857,3.61310472411476e-09,0.008457713129552347,0.09104193720678394,13226,220.43333333333334,19046,317.43333333333334,40035,667.25,8.328173036127466e-05,0.926783046186462,1.4102633251207475,8.223014285808637e-05,97.38225167561701,81.1767578125,2.6353229967083845e-05,3.0278226489938997e-05,2.5400237411533867e-05,0.320481383725242,0.3682132298151722,0.3088920501496618,2,1,1.0
S13,3660,3720,60,30,-2.267421275440822e-07,0.00866341352667372,-0.05411327704647974,0.08969505052619618,0.14380832757267592,6.034287727056198e-05,0.010722171282588065,0.008663413529640911,3.152298827393738,0.07221212647392217,1.8263933463225301,0.006662408203224689,0.005537783935760725,0.005361119055693623,0.08969505052619618,279.82114453543693,0.006662408203224689,0.004301405547468537,7.505473393415319e-05,273.356312165321,0.006508638590569323,-5.828045983187047e-09,0.008345231193538628,0.048383571312457324,14049,234.15,19976,332.93333333333334,40145,669.0833333333334,7.505473393415319e-05,0.9632728678879932,1.4063937813414882,7.462196786503018e-05,101.53413279768077,83.2275390625,2.558976922210854e-05,2.2625353284039228e-05,2.622646524590279e-05,0.34292541397987686,0.3031996331825774,0.3514577006778885,2,1,1.0
S13,3690,3750,60,30,1.3733887462004676e-06,0.00834003910188296,-0.06522856458763765,0.05739419202662218,0.12262275661425984,4.731485932223036e-05,0.010280384986701273,0.00834003921496376,2.9213626724996007,-0.008749830074869252,1.724680757579363,0.006388931022485332,0.005360766222944055,0.005139946849345715,0.06522856458763765,268.33510294438395,0.006388931022485332,0.004093167089021099,6.95562522209367e-05,269.0311172528304,0.006405655307336613,-9.24133638459e-09,0.008181819750315796,0.058840183747499816,14433,240.55,20354,339.23333333333335,40157,669.2833333333333,6.95562522209367e-05,0.9810289436734845,1.3976089104330305,6.863299694825109e-05,103.44001772280612,84.9365234375,2.3489235012368458e-05,2.0011430994847195e-05,2.500376586023576e-05,0.34224405252300455,0.29157157467472544,0.3643111472909811,2,1,1.0
S13,3720,3780,60,30,-1.3073638381713381e-06,0.008900882363128715,-0.06522856458763765,0.05739419202662218,0.12262275661425984,9.574916923893299e-06,0.011058538530404323,0.008900882459141678,3.327479759161153,-0.00905704808795866,1.2935955385832063,0.006846425782226511,0.0056878961453177175,0.005532742054708416,0.06522856458763765,287.54988285351345,0.006846425782226511,0.004390492345291573,7.922570684225582e-05,269.7232818986301,0.00642213581034382,-4.7116071700275e-09,0.008154029652245535,0.058840183747499816,13453,224.21666666666667,19541,325.68333333333334,40081,668.0166666666667,7.922570684225582e-05,0.9160922838417724,1.4435147206674872,7.626004386689607e-05,96.31263238772347,76.5625,2.8218455153613157e-05,2.4161759346776164e-05,2.3708509221579e-05,0.3700293590555169,0.31683379816759594,0.3108903171228137,2,1,1.0
S13,3750,3810,60,30,6.266989227811761e-07,0.00984490925026905,-0.07964771420282277,0.07212324600325995,0.15177096020608272,2.251845113657798e-05,0.012221933323852466,0.009844909270215984,4.070734018628954,-0.04531694906671648,1.4088755012878105,0.00757583819594929,0.006287202411850633,0.006108328157455611,0.07964771420282277,318.1852042298702,0.00757583819594929,0.004860993824405303,9.692223814603308e-05,289.1288257618131,0.006884183570128172,3.857307258031664e-08,0.008788519180728635,0.06180946973376289,12865,214.41666666666666,18994,316.56666666666666,40041,667.35,9.692223814603308e-05,0.8926968199822113,1.4526052669949887,9.584465231030184e-05,92.69684126258771,72.802734375,3.7066185591111734e-05,3.1645507918345986e-05,2.692157327043283e-05,0.38673191145926544,0.3301749983493297,0.2808875886290754,2,1,1.0
S13,3780,3840,60,30,-5.275822445807689e-07,0.010736319721059874,-0.07964771420282277,0.13079760248331118,0.21044531668613395,1.5388271138025086e-06,0.012824255993423222,0.010736319734022559,4.8412795801088135,0.15623624095532254,3.259343118079669,0.008095048026065107,0.007052571083432029,0.006411681193195561,0.13079760248331118,339.9920170947345,0.008095048026065107,0.005149044324126905,0.00011526856115281918,305.0486789632362,0.007263236719046554,-2.820011752922516e-08,0.009412152103420963,0.07810147579681853,12780,213.0,18901,315.01666666666665,40025,667.0833333333334,0.00011526856115281918,0.8766646623757408,1.45971491858954,0.00011771624224656142,91.06661461469938,71.9482421875,4.510716111732669e-05,4.162554736232785e-05,3.0754195496558216e-05,0.3831855337587817,0.35360920946781044,0.26125702714959514,2,1,1.0
S13,3810,3870,60,30,-1.5853575543604175e-06,0.011904909549368856,-0.1063948364119163,0.17918546883545378,0.2855803052473701,-3.8183363327671995e-05,0.012547844255925486,0.011904909654928606,5.95252870346452,0.6800098090335936,12.191540998599391,0.008327007328849433,0.008508103363106269,0.006274095263212284,0.17918546883545378,349.73430781167616,0.008327007328849433,0.0051096594666965,0.00014172687137865378,308.8967373571742,0.007354859338488397,-4.5704384069410333e-08,0.009995365351333224,0.10786060594381448,12845,214.08333333333334,18830,313.8333333333333,39767,662.7833333333333,0.00014172687137865378,0.8396002766659518,1.464641584246008,0.00012837854158235411,88.18492540675405,70.5810546875,4.940388578898681e-05,4.837269651978224e-05,3.0181451152365887e-05,0.38482977902731896,0.3767973675627981,0.23509732062974603,2,1,1.0
S13,3840,3900,60,30,-4.510065492697507e-07,0.011319813099709955,-0.1063948364119163,0.17918546883545378,0.2855803052473701,-3.0910244175350824e-05,0.012203517390524044,0.011319813108694508,5.381803090262425,0.6225426149755517,13.350412720998946,0.007981007125828244,0.008027558412945422,0.006102059548747225,0.17918546883545378,335.20229928478625,0.007981007125828244,0.004938406366588495,0.00012813816861236512,303.01710375474624,0.007214864729035125,8.250265777542772e-09,0.00977524231445796,0.10786060594381448,13075,217.91666666666666,18787,313.1166666666667,39780,663.0,0.00012813816861236512,0.8635515647081159,1.442458989799091,0.00013624253861632164,89.5366357293168,72.802734375,4.922375073451355e-05,5.3560224768410626e-05,3.292937966231819e-05,0.36129502014884374,0.39312409554584,0.24169675636367877,2,1,1.0
S13,3870,3930,60,30,1.5776516718651648e-07,0.009920887849821607,-0.06838003637435208,0.05432756721649461,0.12270760359084669,-1.4863316378645446e-05,0.012420981219978009,0.009920887851076022,4.133808661652369,0.03683225839613155,0.9134766276964377,0.00767847164797324,0.006282124553437232,0.006210765965799821,0.06838003637435208,322.4958092148761,0.00767847164797324,0.004942563719177168,9.842401572873798e-05,290.17216794837225,0.0069090256422384404,-3.002890059049086e-08,0.008889289352589756,0.05907057523383676,12757,212.61666666666667,18680,311.3333333333333,40029,667.15,9.842401572873798e-05,0.8960175225395376,1.4436201459642746,9.625393404103568e-05,93.7336297040745,75.1953125,3.592695037179063e-05,3.185893444966645e-05,2.8234920033808437e-05,0.37325176087321266,0.3309883878209499,0.2933378288909326,2,1,0.9151190476190476
S14,30,90,60,30,-1.3574508271052565e-06,0.007574907472068683,-0.17550293991783594,0.2694069857558137,0.4449099256736496,0.00024128854188452335,0.008853465093950696,0.007574907593698731,2.409927452229138,1.3668266231378463,92.80926522391695,0.00544253114484837,0.0052685937203802505,0.004433318753007821,0.2694069857558137,228.58630808363154,0.00544253114484837,0.003503103456941322,5.7379223210401965e-05,206.05535016233128,0.004906196579974077,2.569188579559049e-08,0.006351256197467148,0.13544532541346976,13137,218.95,19107,318.45,39888,664.8,5.7379223210401965e-05,0.838459904742921,1.5423891774609606,5.8325067794597486e-05,83.92455498576165,58.7890625,2.97089992565585e-05,1.4910530220686965e-05,1.3588886829553382e-05,0.5093693051705356,0.25564531314729294,0.23298535849815316,1,0,1.0
S14,60,120,60,30,-6.745871948700706e-07,0.006074015091919748,-0.039676583240825854,0.025870539868582,0.06554712310940786,0.00025874395133889126,0.008043405245385346,0.006074015129379969,1.5495337112613439,-0.2220251103946503,0.46808664402597255,0.004810443026043755,0.003708543876661534,0.004042410898786783,0.039676583240825854,202.0386070938377,0.004810443026043755,0.0031847243078966195,3.689365933686887e-05,187.36540731388487,0.004461187345267384,-1.1607549041138593e-08,0.0056569923456751625,0.02407095243483164,13273,221.21666666666667,19112,318.53333333333336,40063,667.7166666666667,3.689365933686887e-05,0.9313431494763077,1.4331815032352457,3.650666928247595e-05,96.52880180760965,78.4423828125,1.4945007249285584e-05,9.894215993261143e-06,1.1615737275430875e-05,0.40937745192929814,0.2710248890881589,0.3181812393114345,1,0,1.0
S14,90,150,60,30,-4.901505437021072e-07,0.00936243216937234,-0.09638715205500521,0.1475066861525555,0.24389383820756072,0.00029294402023201854,0.00935083313832925,0.009362432182202743,3.6815157273865164,-0.22258666853266706,12.157578638211112,0.006400203219336803,0.00683319362505823,0.0046871588347746325,0.1475066861525555,268.8085352121457,0.006400203219336803,0.0038743380330580218,8.765513612609806e-05,226.06938634898583,0.0053827325971805475,-3.4834612516163914e-08,0.007472555210905318,0.09740500362174528,12311,205.18333333333334,18291,304.85,39226,653.7666666666667,8.765513612609806e-05,0.7981425206316106,1.5426303795871124,9.101863742589165e-05,79.72288177684284,57.2509765625,4.777676967461719e-05,2.4539162739717552e-05,1.845186805107776e-05,0.5249119413979093,0.269605911862805,0.2027262610484745,1,0,1.0
S14,120,180,60,30,9.103376612859769e-07,0.009537947851955587,-0.09638715205500521,0.1475066861525555,0.24389383820756072,0.00029853324462699403,0.009639624402917785,0.009537947895398616,3.820842902324234,-0.18238061299084152,11.397878559285063,0.0065628841015592555,0.00692105500085353,0.004833018346328618,0.1475066861525555,275.64113226548875,0.0065628841015592555,0.0039837120257363206,9.097244922662421e-05,236.288918625348,0.0056260605877603755,-1.5483486532490088e-09,0.00769739830902716,0.09740500362174528,12490,208.16666666666666,18684,311.4,39407,656.7833333333333,9.097244922662421e-05,0.8070287685048461,1.5417117856893499,9.376707092594207e-05,81.469756222554,58.10546875,4.852292093081412e-05,2.4615671773042068e-05,2.0395400536889595e-05,0.5174835947380492,0.26251936346058746,0.21751133244844595,1,0,1.0
S14,150,210,60,30,-1.1755286697904138e-06,0.007443512235658469,-0.07767618471019049,0.0763092116602083,0.1539853963703988,0.000264433606257409,0.009016136792003259,0.0074435123284820985,2.3270467829391297,-0.012444704421113811,4.4003857196936345,0.005615060037015499,0.0048864073269608305,0.004515932069040843,0.07767618471019049,235.83252155465095,0.005615060037015499,0.0036315212291876905,5.540587440239733e-05,209.60381905725967,0.004990685946266808,-1.2862550335171125e-09,0.006430778582882907,0.0475997474670522,12707,211.78333333333333,19043,317.3833333333333,39961,666.0166666666667,5.540587440239733e-05,0.8639441139192305,1.504069807339483,5.538796215769583e-05,88.81126863643328,65.1123046875,2.5813958926610106e-05,1.4638134689524566e-05,1.4855506639342217e-05,0.4660572066745266,0.26428368402231756,0.2682082181873184,1,0,1.0
S14,180,240,60,30,-3.4275058398899256e-07,0.007333910613556005,-0.07767618471019049,0.0763092116602083,0.1539853963703988,0.0002100966307971747,0.008975557837240435,0.007333910621565236,2.25902229021451,-0.037313354998888514,4.180632356825452,0.005542860406490998,0.004802389355233686,0.004493455907923704,0.07767618471019049,232.80013707262194,0.005542860406490998,0.0035729304275342526,5.378624488762942e-05,201.47962365829696,0.004797248116819376,-5.7414857099757584e-08,0.006212146570081256,0.0475997474670522,12368,206.13333333333333,18588,309.8,39863,664.3833333333333,5.378624488762942e-05,0.8470442165737225,1.5105082308487894,5.435898137488708e-05,86.13111967284698,63.0615234375,2.6050912794730744e-05,1.4817140727879434e-05,1.3390909122439226e-05,0.479238428238205,0.2725794404735608,0.24634216432586792,1,0,1.0
S14,210,270,60,30,-1.0200378949771876e-06,0.006087347503605153,-0.04220146587422781,0.03989648628516079,0.0820979521593886,0.00018111486672498325,0.008115781825980075,0.006087347589067441,1.5563436281452583,-0.14468336170994087,0.6673750696293275,0.0048089769458211735,0.003732230084639164,0.004068899970928309,0.04220146587422781,201.97703172448928,0.0048089769458211735,0.0031733853345379823,3.705579962964789e-05,186.12392149067014,0.004431627455193461,9.394053136214363e-09,0.005618392119615312,0.030083307421986987,13058,217.63333333333333,18937,315.6166666666667,40081,668.0166666666667,3.705579962964789e-05,0.9229622781166825,1.4288144865501904,3.6680453185018464e-05,95.79591495171216,78.271484375,1.5021380821705912e-05,1.0277762718270713e-05,1.1287119981464138e-05,0.4095200445299065,0.28019726655036253,0.3077148454118386,1,0,1.0
S14,240,300,60,30,-3.761883695506099e-09,0.005595061318969137,-0.027398325572262648,0.02618291183795262,0.05358123741021527,0.00023764589695079975,0.007414681480058474,0.0055950613189704014,1.3147978688476298,-0.20004275350609332,0.2593118128343459,0.004438566890212401,0.003406440242268902,0.0037300838728240313,0.027398325572262648,186.41980938892084,0.004438566890212401,0.002938979078200786,3.130471116302465e-05,189.5411113556919,0.004512991055874947,2.7429232831857963e-08,0.005693870122198372,0.030083307421986987,14579,242.98333333333332,20042,334.03333333333336,40309,671.8166666666667,3.130471116302465e-05,1.0176600036346772,1.3585465994387211,3.116988159317562e-05,107.99392214057796,98.2666015625,1.0629915270719852e-05,8.206189767558249e-06,1.228913420638512e-05,0.3410316217899006,0.263273049114018,0.394263102015624,1,0,1.0
S14,270,330,60,30,-5.358707845801586e-07,0.0058031450166773305,-0.041412958583123355,0.04641082922501724,0.0878237878081406,0.00021675823875347896,0.007384448907948541,0.005803145041418871,1.414412679613266,-0.11833996472133686,1.2643339475980788,0.004512652611086542,0.0036486242315971976,0.003704757264253679,0.04641082922501724,189.53140966563478,0.004512652611086542,0.0029452882903016546,3.367649208458693e-05,200.68323322194345,0.004778285988284089,5.459661685086556e-08,0.006012627896354241,0.0348816812738502,15427,257.1166666666667,20986,349.76666666666665,40397,673.2833333333333,3.367649208458693e-05,1.0360981638533744,1.3736370102793312,3.2691280005311176e-05,110.15456804315563,97.2412109375,1.2062624830778288e-05,7.24941793545578e-06,1.3340365147989293e-05,0.36898600571218193,0.2217538724172931,0.4080710558235088,1,0,1.0
S14,300,360,60,30,5.232157278691737e-07,0.006159710401643512,-0.05455012908152669,0.04641082922501724,0.10096095830654393,0.00016067833135061354,0.007795785705763398,0.006159710423864906,1.5935653652465391,-0.12112671928221291,1.3730265548763754,0.004780772731483566,0.0038841015171816934,0.0039047919698351995,0.05455012908152669,200.7924547223098,0.004780772731483566,0.0031079218470781733,3.7942032232115276e-05,209.68940593073953,0.0049927237774885,-2.3609159559792072e-08,0.006261091955319346,0.0348816812738502,15094,251.56666666666666,21046,350.76666666666665,40362,672.7,3.7942032232115276e-05,1.0164588182017102,1.3950599492135487,3.72944351936069e-05,107.13888801070163,89.892578125,1.4359515286432119e-05,8.47235632610661e-06,1.4417393832268495e-05,0.3850310431539572,0.22717481259935965,0.3865829783296989,1,0,1.0
S14,330,390,60,30,-1.1435599050421095e-07,0.006436710016969619,-0.05455012908152669,0.050936650582561596,0.10548677966408829,0.00014158351527292668,0.008108738512502496,0.006436710017985457,1.7401119059366423,-0.12620558116673886,1.4587996728233552,0.004979563606525574,0.004078625031085888,0.00405594489517041,0.05455012908152669,209.1416714740741,0.004979563606525574,0.0032248776580625837,4.143123584255704e-05,219.21919222958462,0.005219628853772342,1.641133616326421e-08,0.006598202876031136,0.04010830748420889,14960,249.33333333333334,20697,344.95,40324,672.0666666666667,4.143123584255704e-05,1.025089348228483,1.3560873950242145,4.070914717566208e-05,109.46743196003293,97.5830078125,1.3520113623427959e-05,1.0900497523117811e-05,1.622185083836968e-05,0.3321148823159564,0.2677653126969622,0.39848171636638696,1,0,1.0
S14,360,420,60,30,2.0590229549984052e-07,0.00639976408870861,-0.03908946591936166,0.050936650582561596,0.09002611650192326,0.00017924647303126074,0.008244012402074364,0.006399764092020902,1.7201931782078448,-0.10880348002436326,1.145388046523693,0.00498405067258926,0.004014501130474702,0.00412355964018467,0.050936650582561596,209.3301282487489,0.00498405067258926,0.0032531374289520632,4.0956980391124355e-05,216.25915357721948,0.0051491500649353435,-2.277867092688614e-08,0.006498635704626166,0.04010830748420889,14689,244.81666666666666,20208,336.8,40260,671.0,4.0956980391124355e-05,1.0154492594644229,1.3506098186358555,4.158986138634998e-05,108.7220032522459,99.12109375,1.3132771860914235e-05,1.1996095793686556e-05,1.6383644474517917e-05,0.3157685893424132,0.2884379844945514,0.3939336157512445,1,0,1.0
S14,390,450,60,30,-3.7797808836286706e-07,0.006032151618562549,-0.028069558834430082,0.033454808615865916,0.061524367450296,0.0002880916828879508,0.008071848737817815,0.006032151630404711,1.528247838272157,-0.17922112557636202,0.23747016461476855,0.0047889521607826545,0.003667804587751283,0.0040399851706672645,0.033454808615865916,201.1359907528715,0.0047889521607826545,0.00318773453367929,3.638685314932678e-05,194.05396462270608,0.004620442501552562,4.144229272748358e-09,0.00579295590825671,0.03317481460900484,13537,225.61666666666667,19418,323.6333333333333,40194,669.9,3.638685314932678e-05,0.9603465354601218,1.4032111985919191,3.6039710636531024e-05,100.07245534255473,85.2783203125,1.3729491669420669e-05,9.955480230482386e-06,1.2295915466165094e-05,0.3809545478288055,0.2762364085240792,0.3411768643253632,1,0,1.0
S14,420,480,60,30,-3.0363261156526624e-07,0.006016615871097,-0.04465483916268178,0.031386547264147045,0.07604138642682882,0.00028539727910858987,0.007949704147279968,0.006016615878758513,1.5203859985662214,-0.19170353423548034,0.39988711767640917,0.00476142951132879,0.0036781048980659,0.003987374892850556,0.04465483916268178,199.98003947580918,0.00476142951132879,0.0031576691300207477,3.6199666540336315e-05,184.21885375560385,0.0043862676196005585,-5.95472623859079e-09,0.005546338770268812,0.04430962998197998,12915,215.25,18986,316.43333333333334,40128,668.8,3.6199666540336315e-05,0.9218369410805607,1.432559462797161,3.535057311994498e-05,94.4723263595824,77.24609375,1.4393271281274487e-05,1.0212822700218253e-05,1.0678709124258793e-05,0.40715807442323265,0.2889011916600618,0.30208022619678004,1,0,1.0
S14,450,510,60,30,1.1489656599877317e-06,0.008021275249009172,-0.08546473579193603,0.09323395772376965,0.17869869351570566,0.0002086644689747811,0.00899950045785761,0.008021275331297963,2.7023160335005487,-0.1281996243585295,8.886569801117686,0.005788125796779392,0.00555323848768862,0.004514465798285502,0.09323395772376965,243.10128346473448,0.005788125796779392,0.003654129828446622,6.434085662036717e-05,219.78116851382927,0.005233009560080699,3.607851672930152e-08,0.00690280546182438,0.07087450578983279,13048,217.46666666666667,18983,316.3833333333333,39837,663.95,6.434085662036717e-05,0.8605620986110716,1.4873524487270897,6.713575687151518e-05,86.52633970406823,63.916015625,3.1841145524188954e-05,1.8261552465004476e-05,1.6916600443349052e-05,0.4742799814579693,0.2720093332671224,0.25197601444672985,1,0,1.0
S14,480,540,60,30,8.477328750642238e-07,0.008783676800492933,-0.08546473579193603,0.09323395772376965,0.17869869351570566,0.00019220489584387637,0.010227841906894073,0.008783676841401258,3.240425111875089,-0.11774536058953826,6.359212148233004,0.006473655010550152,0.005936730552968334,0.005118327818941215,0.09323395772376965,271.8935104431064,0.006473655010550152,0.004132431303260044,7.715297813551775e-05,241.5326864326047,0.005750915174947135,3.459403264228754e-08,0.007457274780788092,0.07087450578983279,12748,212.46666666666667,18669,311.15,39945,665.75,7.715297813551775e-05,0.848992392385111,1.4908604801053071,7.478226752762702e-05,87.5508328385326,66.30859375,3.394581817936004e-05,2.1554959242069833e-05,1.9122345173443204e-05,0.45392870932697166,0.28823623506878454,0.2557069450505601,1,0,1.0
S14,510,570,60,30,-6.974604211951321e-07,0.007786410304525755,-0.0724130646709322,0.05366847768956973,0.12608154236050192,0.0002455292577372071,0.010025380472797584,0.007786410335762938,2.546383808508788,-0.14123704245281893,1.3278919697910956,0.006074283808509296,0.004871474328225257,0.005010431308415978,0.0724130646709322,255.1199199573904,0.006074283808509296,0.003979995405570705,6.062818543042486e-05,222.66386134871038,0.005301646737986866,-1.3468523685826227e-08,0.006700467810498128,0.0514053289073543,12247,204.11666666666667,18193,303.21666666666664,40015,666.9166666666666,6.062818543042486e-05,0.8605336154201332,1.4669287477522441,6.015310740400827e-05,88.55856343926379,69.7265625,2.603761522098422e-05,1.867799225791562e-05,1.529320119486155e-05,0.43285569681557656,0.31050752095761264,0.25423792476999274,1,0,1.0
S14,540,600,60,30,1.54136869097545e-06,0.007457843190996197,-0.06401150631712163,0.06170853967015162,0.12572004598727327,0.000307626899498735,0.009674237908775696,0.007457843350279341,2.336015952366843,-0.158945683443971,1.647614047845618,0.00582049988147689,0.0046627468907322524,0.004851572592431358,0.06401150631712163,244.4609950220294,0.00582049988147689,0.003836630484548239,5.561942506148834e-05,211.79767298333473,0.0050429218072652856,1.0727302268889867e-07,0.006394867700568208,0.0514053289073543,12199,203.31666666666666,18209,303.48333333333335,39959,665.9833333333333,5.561942506148834e-05,0.8574687797523938,1.468482875178299,5.3319980727926145e-05,89.13928646870984,70.2392578125,2.302409904951928e-05,1.6323026488964267e-05,1.3888081786232246e-05,0.4318099657050418,0.30613339063746403,0.26046674429794786,1,0,1.0
S14,570,630,60,30,-8.019555416562997e-07,0.007084500647860337,-0.06401154093330447,0.09635836402430223,0.1603699049576067,0.0003040907167552476,0.009016815032714346,0.007084500693250458,2.107986303051981,-0.03501771658745328,4.498964202821527,0.005466365545795082,0.004506550542533685,0.004516451254852791,0.09635836402430223,229.58735292339344,0.005466365545795082,0.0035944795551405063,5.019014942953354e-05,194.71325502505027,0.00463614026584086,2.476503057078335e-08,0.005931715070491565,0.06063244621024984,11970,199.5,18227,303.78333333333336,39880,664.6666666666666,5.019014942953354e-05,0.837280616564424,1.5038444244524214,5.166986000605954e-05,83.94761628379132,62.20703125,2.475780551428792e-05,1.511489693447876e-05,1.1684661448360435e-05,0.4791537176873417,0.2925283121089582,0.22614076072569436,1,0,1.0
S14,600,660,60,30,1.1643592741690478e-06,0.006586394883810344,-0.05627948324338777,0.09635836402430223,0.15263784726769,0.00028955146170938967,0.00851982250754353,0.006586394986729508,1.8219851546910548,-0.013116568464920668,4.498508207107322,0.005117456174909549,0.004146352761053468,0.004269496246721705,0.09635836402430223,214.93315934620105,0.005117456174909549,0.003369901668885418,4.338059756548307e-05,184.44571110255214,0.004391669113611089,6.320108229269286e-08,0.0055984339307807085,0.06063244621024984,11977,199.61666666666667,18327,305.45,39911,665.1833333333333,4.338059756548307e-05,0.8499997387860712,1.500949439121989,4.2229332192860505e-05,87.51409296335173,65.283203125,1.948948339228669e-05,1.2070785593581803e-05,1.0583976143880181e-05,0.46151531128360296,0.28583889364991066,0.2506309144445708,1,0,1.0
S14,630,690,60,30,6.12435411522099e-07,0.0061539961405665195,-0.03230534477227595,0.04370698581421121,0.07601233058648715,0.00029104095392393475,0.008248859270989348,0.006153996171040794,1.5906100926737594,-0.21122911184589716,0.379045480723907,0.004884525068896698,0.0037434053647053046,0.004135883367305045,0.04370698581421121,205.15005289366133,0.004884525068896698,0.0032356757407957988,3.7871668498107616e-05,181.81272124163598,0.004328977386167194,-3.031644156930549e-09,0.005483472512977654,0.025935035852823238,12255,204.25,18527,308.78333333333336,40057,667.6166666666667,3.7871668498107616e-05,0.8910425661191365,1.4528276338180386,3.740780698504557e-05,91.32103648921448,72.802734375,1.5975953104736582e-05,1.1163408669358929e-05,1.0222305630169764e-05,0.4270753725585478,0.2984245688024882,0.2732666374764046,1,0,1.0
S14,660,720,60,30,2.4275717836660493e-07,0.006110725119452017,-0.030674763659930746,0.02913711264590218,0.05981187630583293,0.00028752770453099657,0.008160235858049775,0.006110725124273952,1.5683203848661824,-0.20851295007648687,0.21486805533562015,0.004856030184828318,0.003709438284763497,0.004098405695606409,0.030674763659930746,203.95326776278938,0.004856030184828318,0.0032103690224762173,3.7340961485501864e-05,187.79040709383557,0.00447130662858248,-2.308819574855617e-08,0.0056433552353279855,0.02383020796194682,12844,214.06666666666666,18815,313.5833333333333,40208,670.1333333333333,3.7340961485501864e-05,0.9235164608147285,1.4198679372751137,3.6858852138523534e-05,96.27605542292109,80.1513671875,1.4520125167145481e-05,1.097109422525199e-05,1.1313971163795106e-05,0.39393861514123424,0.2976515433530118,0.3069539746184921,1,0,1.0
S14,690,750,60,30,9.761757983569737e-07,0.006058866332214634,-0.030674763659930746,0.025268989975876406,0.055943753635807156,0.0002842572822424728,0.00812686963459544,0.00605886641085304,1.5418142117516545,-0.1910000842294427,0.11756856387113057,0.004818673833417694,0.0036729068422298467,0.004074457751194468,0.030674763659930746,202.38430100354316,0.004818673833417694,0.0031773076125561346,3.6709861231644015e-05,188.94422634534808,0.0044987791696313745,5.670364213370277e-09,0.0056752037586759365,0.023889776166699257,13014,216.9,18922,315.3666666666667,40192,669.8666666666667,3.6709861231644015e-05,0.936677498313705,1.4082668863975039,3.645131572564393e-05,97.93651099366458,82.71484375,1.3968316060268929e-05,1.0767768768867044e-05,1.1643019765207923e-05,0.3832047151714212,0.295401374532327,0.3194128808090436,1,0,1.0
S14,720,780,60,30,2.1923414708528004e-07,0.006048427624356834,-0.030227807384638882,0.026351866074223514,0.056579673458862396,0.00029289507761037943,0.00811986473405268,0.006048427628330065,1.5365060245561513,-0.2163532785426142,0.217390120065049,0.004803684816745281,0.0036753352168907415,0.004069870933932025,0.030227807384638882,201.7547623033018,0.004803684816745281,0.003172997764003129,3.658347672708285e-05,181.97159261716934,0.0043327601280308894,-1.2438013835354632e-08,0.005480418074230991,0.026725139018644657,12606,210.1,18751,312.51666666666665,40098,668.3,3.658347672708285e-05,0.9060897169640444,1.4394139215713302,3.621494313254732e-05,94.03102415593015,75.537109375,1.4793167856207221e-05,1.0754512212036155e-05,1.0607786057391123e-05,0.40848242677239527,0.2969633880874658,0.29291185184431856,1,0,1.0
S14,750,810,60,30,1.2846511736868282e-07,0.00854311406023113,-0.15068709953696885,0.15957686133072768,0.31026396086769653,0.0002677382461595164,0.008885161961225392,0.008543114061197012,3.0653615102301286,0.461189451974989,23.870759047559062,0.005847829056895868,0.006227976652488872,0.00444523379267437,0.15957686133072768,245.60882038962646,0.005847829056895868,0.003595302718455173,7.298479784611882e-05,213.63260485844052,0.005086611701670052,2.4500290570257547e-08,0.006860348134851087,0.0989070398152286,12675,211.25,18780,313.0,39609,660.15,7.298479784611882e-05,0.8030266348410996,1.568200804037882,7.131846905160556e-05,81.89322174243722,57.5927734375,3.6990715578982235e-05,1.8411223580284146e-05,1.5775676528032987e-05,0.5186695125524358,0.25815505892256196,0.22120043710722131,1,0,1.0
S14,780,840,60,30,-7.355697858944435e-07,0.008748490023477051,-0.15068709953696885,0.15957686133072768,0.31026396086769653,0.00020364578441502292,0.009230934924938247,0.008748490054400268,3.214515285741497,0.43424144144807186,21.606509808078243,0.006052930618015799,0.006316495006364471,0.004618890138974714,0.15957686133072768,254.22308595666354,0.006052930618015799,0.003725081667757215,7.65360776908775e-05,222.8776788762011,0.005306737752713186,2.8962808381187806e-08,0.007086787505314256,0.0989070398152286,12735,212.25,18744,312.4,39715,661.9166666666666,7.65360776908775e-05,0.8100583627913474,1.556072058904934,8.097063785400253e-05,79.67981223231867,56.9091796875,4.3408824985189404e-05,2.061596160866213e-05,1.678581224522768e-05,0.5361057555636339,0.2546103396867713,0.20730739796682887,1,0,1.0
S14,810,870,60,30,-7.991279358574289e-07,0.006849800531127291,-0.03261381986477192,0.03644274686318339,0.06905656672795532,0.0002022903877607193,0.009027811502723006,0.006849800577742185,1.9706302541031613,-0.12603887764453808,0.39903878784322444,0.005402270802451484,0.0042113226107503765,0.004512661305822924,0.03644274686318339,226.89537370296233,0.005402270802451484,0.003552327342644845,4.6919767316231715e-05,212.38577370832627,0.005056924538877742,3.641638148013115e-09,0.006345564430493243,0.03136803000805005,13232,220.53333333333333,19060,317.6666666666667,40250,670.8333333333334,4.6919767316231715e-05,0.9263867468340624,1.4184128166736818,4.4945545443638665e-05,97.74746046303643,82.2021484375,1.6482230929474723e-05,1.3875355889623857e-05,1.4478811406772402e-05,0.36671556139291495,0.3087148181797779,0.3221411880500752,1,0,1.0
S14,840,900,60,30,-5.5579410661974e-07,0.007510544858191303,-0.037412961077470046,0.04815792235871722,0.08557088343618727,0.0001560192331504928,0.009649491482164464,0.0075105448787561955,2.3691479437840584,-0.04320621746982706,0.8408801373427925,0.005857636526073661,0.004700678536575183,0.004818935690957621,0.04815792235871722,246.02073409509376,0.005857636526073661,0.00381970951317036,5.640828406690382e-05,222.08430332552905,0.005287847408879475,-4.235884205527449e-09,0.0066381853742954805,0.03136803000805005,12907,215.11666666666667,18775,312.9166666666667,40077,667.95,5.640828406690382e-05,0.8838487086666698,1.464302455023238,5.6059498750740563e-05,91.58170268914418,72.4609375,2.307737811143389e-05,1.705968920867174e-05,1.5788966485334976e-05,0.4116586595617577,0.30431398048214575,0.28164658687973726,1,0,1.0
S14,870,930,60,30,1.911737688206257e-06,0.008696375616988912,-0.06660293153854027,0.072289912189053,0.13889284372759325,0.00016725689214387284,0.009922963981731897,0.008696375827119034,3.176332006113011,-0.12116719186538952,3.443243461671443,0.006416474514618263,0.0058699069268391794,0.004966171423895478,0.072289912189053,269.49192961396705,0.006416474514618263,0.004020091073632854,7.562694887175928e-05,243.8532487635047,0.00580616797455903,4.47753546895807e-10,0.007759248628758731,0.07953894202694496,13000,216.66666666666666,18879,314.65,39844,664.0666666666667,7.562694887175928e-05,0.8922393616026146,1.4633575350436119,7.818759853840047e-05,90.79690249014226,69.7265625,3.374560809166988e-05,2.246385533845198e-05,2.1854490136300874e-05,0.43159796083385676,0.28730714024193044,0.27951351038831845,1,0,1.0
S14,900,960,60,30,-5.924015330712833e-07,0.01110433580776608,-0.13751757964833297,0.18554959257033868,0.32306717221867165,0.00020792699551925187,0.009602228209472473,0.011104335823567995,5.178863511468171,0.8668895079148035,26.583209424692726,0.006970226323744605,0.00864420147141153,0.004803427658740764,0.18554959257033868,292.7495055972734,0.006970226323744605,0.004012699028150525,0.00012330627373163594,265.06171853911735,0.006311143563873363,-1.3773526710505784e-08,0.008837377791452224,0.1386483446029182,13911,231.85,19400,323.3333333333333,39425,657.0833333333334,0.00012330627373163594,0.7958492920640599,1.5792783770868528,0.00010159840633176795,84.5618999122889,59.130859375,5.134398362499774e-05,2.5590207096964236e-05,2.4448627007367722e-05,0.5053620965011478,0.25187606795130063,0.24063986719960082,1,0,1.0
S14,930,990,60,30,-1.8172412910784425e-07,0.011122983484849216,-0.13751757964833297,0.18554959257033868,0.32306717221867165,0.00017760965641462105,0.009239556304335074,0.011122983486333693,5.196271988764587,1.0810445943867537,28.761037500108582,0.006784172450348677,0.008814520168516382,0.0046243492788500444,0.18554959257033868,284.93524291464445,0.006784172450348677,0.0038504355326393867,0.0001237207616042284,255.75358770587547,0.006089516124333329,2.603718329880662e-08,0.008388908770558123,0.1386483446029182,14286,238.1,19597,326.6166666666667,39480,658.0,0.0001237207616042284,0.7541959207243977,1.627853283352891,0.00012696090943727285,74.92980251625497,53.8330078125,7.212288834130317e-05,3.204813679860887e-05,2.2483944725871637e-05,0.5680716108680419,0.2524252302591041,0.17709344415952064,1,0,1.0
S14,960,1020,60,30,-1.1481320552043852e-06,0.007782713161266754,-0.08765010999802209,0.13580947910039756,0.22345958909841965,0.0001833237855415444,0.00813250166572366,0.007782713245954908,2.543966269688003,0.43713573324812727,15.261730096186586,0.005381880321036547,0.005621920461799644,0.004074188558851057,0.13580947910039756,226.03897348353496,0.005381880321036547,0.0032994690859142434,6.057062415055476e-05,227.39618763762354,0.005414323856225709,-2.0842992582203836e-08,0.0070096927060289155,0.07014244969615785,15258,254.3,20443,340.71666666666664,40127,668.7833333333333,6.057062415055476e-05,0.9006746825663535,1.483073816651536,6.187265524802273e-05,91.36864152431417,65.625,2.79928011384916e-05,1.6019483298642145e-05,1.776425290743998e-05,0.45242605196560026,0.25891055159062504,0.2871099169128946,1,0,1.0
S14,990,1050,60,30,-1.0603680808952184e-06,0.005742062926965125,-0.027700931056540447,0.02895435291611781,0.05665528397265826,0.0002059058706836552,0.007487783250714366,0.0057420630248724855,1.384794086827526,-0.17051797679582237,0.3796603550817137,0.004518981074271869,0.0035426117246997913,0.003745460206044558,0.02895435291611781,189.7972051194185,0.004518981074271869,0.002955775997447435,3.29712866572273e-05,209.35748465445621,0.004984820701789476,-1.1203386870370106e-08,0.006190027561656938,0.025345020443403803,15800,263.3333333333333,20875,347.9166666666667,40510,675.1666666666666,3.29712866572273e-05,1.0780145812384152,1.30812093912742,3.2558216797299584e-05,116.45338311236472,107.666015625,9.199515849430647e-06,8.575022438094035e-06,1.4742657022155284e-05,0.28255588771046164,0.2633750641652235,0.45280910542306047,1,0,1.0
S14,1020,1080,60,30,-1.3043014399026948e-06,0.005778639550775584,-0.029386111272657466,0.027219276689884265,0.056605387962541734,0.00020816579864169104,0.0075168845249363545,0.005778639697973053,1.402492423877584,-0.1751963220160992,0.3780932832171904,0.00455007507678911,0.0035622315414038817,0.0037599959196636303,0.029386111272657466,191.1031532251426,0.00455007507678911,0.0029815448053979667,3.339267505778785e-05,211.06086024605406,0.0050253782291496,1.141748399748626e-08,0.006236829690741726,0.025948672782928266,15884,264.73333333333335,20943,349.05,40532,675.5333333333333,3.339267505778785e-05,1.079290313219942,1.3072426224265046,3.295593114202627e-05,116.53595484771897,108.1787109375,9.181463801014056e-06,8.685914402251724e-06,1.5047896893515626e-05,0.2785982214080309,0.2635614926132437,0.45660663716845046,1,0,1.0
S14,1050,1110,60,30,1.1688077637649748e-06,0.005831811971627695,-0.03901635419924846,0.045858468768942715,0.08487482296819118,0.00018020638137754053,0.007403026953205322,0.00583181208875352,1.428421354018331,-0.16900100519406824,1.0107190929368048,0.004538790688334056,0.0036618863070859743,0.0037121541305857866,0.045858468768942715,190.62920891003037,0.004538790688334056,0.002942270086045692,3.40100308724201e-05,208.58017962602275,0.004966312998548127,-1.1410626381131458e-08,0.006189475082696338,0.03408231153601973,15890,264.8333333333333,21006,350.1,40473,674.55,3.40100308724201e-05,1.0613296712597573,1.3302973995966343,3.3985350332129416e-05,114.02197305857958,103.564453125,1.0470991569717849e-05,8.529822516476115e-06,1.4941717257268246e-05,0.3081030934619696,0.2509852755118462,0.43965170613946836,1,0,1.0
S14,1080,1140,60,30,-6.072254695168227e-07,0.0060113662171191904,-0.04030140229284179,0.04851137845783942,0.08881278075068122,0.00017473741036007654,0.007586206056804039,0.0060113662477879895,1.5177340149318757,-0.14698555173871963,1.2930985263600014,0.004660619059204513,0.0037967294017383297,0.0038003538461773094,0.04851137845783942,195.74600048658954,0.004660619059204513,0.003009555377111015,3.613652379632189e-05,208.1865824747166,0.004956941414669792,-7.65449762305771e-09,0.0061828456872643845,0.03408231153601973,15416,256.93333333333334,20703,345.05,40401,673.35,3.613652379632189e-05,1.0285258731462497,1.359647345866282,3.5325013646600775e-05,109.36551023681261,99.462890625,1.1785386290164942e-05,9.286474086158318e-06,1.421471791230055e-05,0.3336272254009169,0.2628866383198674,0.40239808693374396,1,0,1.0
S14,1110,1170,60,30,-9.812048249374283e-07,0.006621987726442835,-0.05098966304617159,0.07445717053271836,0.12544683357888994,0.000158709683097408,0.008158298091466423,0.00662198779913724,1.8417303413007435,-0.027348098864466465,2.3648220584151627,0.005074197085122178,0.004254790988199074,0.004082410486270448,0.07445717053271836,213.1162775751315,0.005074197085122178,0.0032641760202801492,4.385072144915955e-05,216.4258316618973,0.005153118685251965,1.617197974892078e-08,0.006457597904655311,0.050747000414446554,14795,246.58333333333334,20605,343.4166666666667,40262,671.0333333333333,4.385072144915955e-05,0.9751751545640769,1.4201069282190106,4.440142957219472e-05,100.97486061909233,82.373046875,1.7611274769464097e-05,1.1122901658115663e-05,1.557974242942492e-05,0.39663756187914984,0.25050773736981435,0.3508838021553554,1,0,1.0
S14,1140,1200,60,30,-6.684917307265907e-07,0.006672505774514369,-0.05098966304617159,0.07445717053271836,0.12544683357888994,0.0001452394168074518,0.008285437846726758,0.006672505808001129,1.8699380178279694,-0.01633015286022889,2.057613397156387,0.005135098740671894,0.004260644866843365,0.0041399458873948285,0.07445717053271836,215.67414710821953,0.005135098740671894,0.0033149160785571315,4.4522333310927596e-05,219.9325951454561,0.0052366150419166195,1.88259828799687e-08,0.00656757435307105,0.050747000414446554,14775,246.25,20808,346.8,40247,670.7833333333333,4.4522333310927596e-05,0.984274060601925,1.4159047788717665,4.472024628380829e-05,101.78930284401464,83.5693359375,1.7791573373358354e-05,1.0906953861719296e-05,1.592555017422151e-05,0.3978415785201096,0.24389297394518913,0.35611499259537,1,0,1.0
S14,1890,1950,60,30,-3.0587390950886328e-06,0.019367773989435396,-0.1448561564008296,0.1794780906277913,0.3243342470286209,1.1935753180130596e-05,0.01820568773400273,0.019367774230967666,15.754648503792874,0.18528458746197854,5.468633605739795,0.013332871677011303,0.014047961115624034,0.009095265854168706,0.1794780906277913,559.9806104344747,0.013332871677011303,0.007671580987999078,0.0003751106693058503,411.76457229996265,0.009804151820280545,-1.8341305922128582e-08,0.013476505193816482,0.12055868009266238,11035,183.91666666666666,17651,294.18333333333334,38897,648.2833333333333,0.0003751106693058503,0.6958210686043506,1.6546470052062912,0.00038528117677717494,68.91099370012702,51.953125,0.00023341596301287637,9.703826095815915e-05,5.360951660809188e-05,0.6058327711864083,0.2518634877776047,0.1391438768343895,2,1,0.7634047619047619
S14,1920,1980,60,30,8.849669280191878e-07,0.015873142413266053,-0.1346396006449956,0.1794780906277913,0.3141176912727869,-0.00013166607346870476,0.01622021246344007,0.015873142437935597,10.582179335909668,0.33188870147793764,5.87370711413006,0.011221209934284649,0.011226802682228969,0.00809800015359214,0.1794780906277913,471.2908172399553,0.011221209934284649,0.006721360078073664,0.00025195665007182565,366.92245480462464,0.008736456934799033,-1.9724820166446694e-07,0.011681070413017663,0.10260968241924841,11513,191.88333333333333,18144,302.4,39353,655.8833333333333,0.00025195665007182565,0.7359015693864848,1.6337221637313721,0.00025423199244749864,73.00621295865986,52.8076171875,0.00014708718768363142,6.279513650172915e-05,4.3737960546566675e-05,0.578554989352909,0.2469993484974042,0.1720395616834061,2,1,1.0
S14,1950,2010,60,30,-2.5965164009960542e-06,0.014260693497736537,-0.16096277806885176,0.15736897475158862,0.31833175282044035,-2.498753490471649e-05,0.014595024100843077,0.014260693734116956,8.541430202687868,0.25790642679632436,7.941499739646558,0.010001989920042951,0.01016501762997201,0.007293522801362201,0.16096277806885176,420.083576641804,0.010001989920042951,0.006011856738021804,0.00020336737903638516,339.27250740163083,0.0080781091788288,1.557751664087252e-09,0.010681764284607018,0.1071502663407622,12068,201.13333333333333,18754,312.56666666666666,39552,659.2,0.00020336737903638516,0.7490354018409016,1.6382201885383556,0.00021052393992929133,73.55730491944445,52.978515625,0.00012514656067880018,4.8149105128899146e-05,3.6959220199616655e-05,0.594452871824616,0.2287108304408087,0.1755582771823012,2,1,1.0
S14,1980,2040,60,30,6.426957715444964e-06,0.017794219965736227,-0.18037435708046826,0.21363972324064906,0.3940140803211173,-8.625930473693923e-06,0.015980202948895135,0.017794221126387948,13.29864083078123,0.3085764597135063,10.433953161628207,0.01177470076521508,0.013341316553640223,0.007989884423561395,0.21363972324064906,494.53743213903334,0.01177470076521508,0.00669984716754284,0.00031663426418900573,377.8330761609665,0.008996239819066323,1.7021931924235017e-07,0.012440761744150312,0.141816354737376,11682,194.7,18372,306.2,39014,650.2333333333333,0.00031663426418900573,0.6991462265896285,1.6640778127640743,0.00030071816135391537,69.53080755650181,52.4658203125,0.00018425001638221279,7.329732241405461e-05,4.2502269779826775e-05,0.6126999964108215,0.24374092367434688,0.14133589267927796,2,1,1.0
S14,2010,2070,60,30,-4.91269919408033e-07,0.021599451384776782,-0.18037435708046826,0.21363972324064906,0.3940140803211173,-0.00012732089044100733,0.0206810319304235,0.021599451390363643,19.594524615316637,0.30039386938027357,5.775135017176963,0.014933658999526282,0.015605195585142454,0.010327405035637855,0.21363972324064906,627.2136779801039,0.014933658999526282,0.008587696071023602,0.00046653630012333567,444.3794955762454,0.010580716102198752,-1.3610286597236913e-07,0.014534036672060956,0.141816354737376,10465,174.41666666666666,17006,283.43333333333334,38724,645.4,0.00046653630012333567,0.6728891587637497,1.6494606646052792,0.00046323598706500156,67.67016898681402,53.1494140625,0.00027892310224025775,0.0001267662615984991,5.667983190814408e-05,0.6021188120713064,0.2736537426672578,0.12235627950077793,2,1,1.0
S14,2040,2100,60,30,-3.27351318703074e-07,0.02099057092813582,-0.17716048126739883,0.20057495797908514,0.377735439246484,-9.244313760023188e-05,0.020098015284928147,0.02099057093068837,18.505370855842905,0.3402336041666478,5.322953661362865,0.014583794221037043,0.015096920683195831,0.01003600277811273,0.20057495797908514,612.5193572835558,0.014583794221037043,0.008437489269605523,0.0004406040678891007,422.39986685351,0.010057379148396628,-2.460101067944007e-07,0.013780077568003908,0.12926440650258747,10123,168.71666666666667,16754,279.23333333333335,38725,645.4166666666666,0.0004406040678891007,0.6564889356836432,1.6690724350402635,0.00043497475606769193,65.98858149676379,52.1240234375,0.0002667312567078108,0.00011912402312515857,4.841127891479852e-05,0.613210888648217,0.2738642219196283,0.11129675513230158,2,1,1.0
S14,2070,2130,60,30,-2.944925453059086e-07,0.016547371314654506,-0.17716048126739883,0.20057495797908514,0.377735439246484,4.785658981336133e-05,0.01502621254076735,0.016547371317275038,11.500250895494618,0.42124546101199023,9.270584505297366,0.011066763326471904,0.012302123677952241,0.007500593600207883,0.20057495797908514,464.80405971181995,0.011066763326471904,0.006322232897559865,0.0002738154974250508,342.22464174736456,0.008148399765407856,2.796864440253848e-08,0.01112151441257793,0.12800247030079975,11324,188.73333333333332,18151,302.51666666666665,38956,649.2666666666667,0.0002738154974250508,0.6721015804322111,1.7184403829146595,0.00027825173953272296,66.0771048542084,50.244140625,0.00017856133567189966,6.465213625111868e-05,3.432946885242703e-05,0.6417258557727741,0.23235123834155028,0.12337557677115553,2,1,1.0
S14,2100,2160,60,30,9.589104608076422e-07,0.012010436891025197,-0.1094909675925468,0.17336460755521865,0.28285557514776544,0.00013520286882719992,0.011654118037831276,0.012010436929304792,6.058524999777949,0.33418322533275796,8.6135180646636,0.008253895761403023,0.008724895414427702,0.005827606637805483,0.17336460755521865,346.6636219789269,0.008253895761403023,0.004848291051458594,0.00014425059431329902,289.0669740819552,0.006882710876019791,-5.751759462942913e-09,0.009074106343428298,0.08715201437550878,12894,214.9,19612,326.8666666666667,39467,657.7833333333333,0.00014425059431329902,0.7555184233313716,1.6779567297651519,0.00014402712858989047,74.40722814730233,51.0986328125,8.593163705056196e-05,3.063412311878108e-05,2.7182738939465554e-05,0.5966350776543473,0.21269689549952844,0.1887334643521704,2,1,1.0
S14,2130,2190,60,30,-7.920153446396677e-07,0.01542110778099666,-0.11308172166398235,0.16365107228569717,0.27673279394967953,2.6929411461022994e-05,0.013488664037434511,0.015421107801335288,9.988043764456972,0.33117692650532027,6.428497042659211,0.01032297359235484,0.011456298792888944,0.006739471514707377,0.16365107228569717,433.56489087890327,0.01032297359235484,0.005726028799330501,0.00023781056519311573,345.2566379445208,0.008220591869914064,-4.0082442733861064e-08,0.011349878398115255,0.12897112171774483,12538,208.96666666666667,19105,318.4166666666667,39050,650.8333333333334,0.00023781056519311573,0.7359963083911288,1.6413174068178047,0.00022117952095042953,73.47476292157424,54.345703125,0.00012589695286092614,5.804524123716387e-05,3.6876138304871425e-05,0.5692070962082516,0.2624349713198488,0.16672492166730055,2,1,1.0
S14,2160,2220,60,30,1.7709901348706004e-08,0.0186456622666067,-0.16001439322524497,0.16365107228569717,0.3236654655109421,-9.523338301956844e-05,0.017756449912113767,0.018645662266615112,14.601750297148332,0.248603260181634,4.602780655947727,0.012973986241592196,0.013391654205648045,0.008872091386226865,0.16365107228569717,544.9074221468722,0.012973986241592196,0.007429585246049424,0.0003476607213603609,413.70712717187774,0.009850404228002518,2.2617715177114215e-08,0.013458903467554162,0.12897112171774483,11475,191.25,17994,299.9,38995,649.9166666666666,0.0003476607213603609,0.7218249089311393,1.6177705116097592,0.00036400514047883276,72.341683858287,56.2255859375,0.0002018169318022641,0.00010742929668016407,5.387059348160809e-05,0.5544342905069495,0.2951312625388904,0.14799404593776805,2,1,1.0
S14,2190,2250,60,30,2.0620373723696307e-06,0.015450166391947,-0.18323362718406222,0.14639678269987272,0.32963040988393494,9.033789407026749e-05,0.013524423826798644,0.015450166529550636,10.025721123215563,0.03133617865004168,7.7770877362946145,0.010300759818816079,0.011515293871452474,0.006760366484456616,0.18323362718406222,432.6319123902753,0.010300759818816079,0.00577809077559573,0.0002387076415388486,346.09771509067616,0.008240617993063554,4.471485499404726e-08,0.011654020032539656,0.11037345743288471,12331,205.51666666666668,18636,310.6,38983,649.7166666666667,0.0002387076415388486,0.754297380163751,1.5890902918504197,0.00019294457139642664,75.34353187506457,57.2509765625,0.0001033891240658884,5.6673099671924235e-05,3.242941755031244e-05,0.5358488363658787,0.2937273604629326,0.16807634086621956,2,1,1.0
S14,2220,2280,60,30,4.7259679758198317e-07,0.013269682249502745,-0.18323362718406222,0.12697833926806706,0.3102119664521293,0.00023793089501817288,0.011045332282510204,0.013269682257918462,7.3955476234968724,-0.187878918527448,10.906937714067443,0.008535567848053913,0.010160145113992432,0.005527174018249526,0.18323362718406222,358.49384961826433,0.008535567848053913,0.004772772248184536,0.00017608446700276823,298.559920033544,0.007108738780293436,-2.4986622865764647e-08,0.010366517799662123,0.11037345743288471,12828,213.8,18847,314.1166666666667,38888,648.1333333333333,0.00017608446700276823,0.781218239046424,1.55679513102954,0.00017745267726624169,79.64408135792586,60.15625,8.816783462644348e-05,5.387780310700564e-05,3.4950045831871226e-05,0.4968526594510636,0.3036178655460346,0.19695417601073334,2,1,1.0
S14,2250,2310,60,30,1.448419730683468e-06,0.011684169146895372,-0.13079487116761415,0.12697833926806706,0.25777321043568124,0.0001783410419139526,0.010542258151526745,0.011684169236671533,5.73383205154962,-0.05078562118281226,11.588099171099874,0.007661729232543567,0.008821435026024326,0.005271015946596588,0.13079487116761415,321.7926277668298,0.007661729232543567,0.004443559885283442,0.00013651980865326171,283.5642162331807,0.006751689712449836,-1.5554349748763676e-08,0.009502389004000711,0.08988261369033868,13217,220.28333333333333,18927,315.45,39308,655.1333333333333,0.00013651980865326171,0.8132704075518808,1.5179960381710824,0.00011725183640995903,85.31961766941095,65.1123046875,5.319434352282079e-05,3.610707835174741e-05,2.7582745911223065e-05,0.45367599477787474,0.30794467240157086,0.2352436154158202,2,1,1.0
S14,2280,2340,60,30,4.947043491982858e-07,0.007612498563961284,-0.07080236338849322,0.07022115855401798,0.1410235219425112,0.0001606948259872614,0.009287046485251436,0.007612498580035664,2.43390565450389,0.004671408236830345,2.9212047094188938,0.005776656585747715,0.004957859752088854,0.004646577625252158,0.07080236338849322,242.61957660140402,0.005776656585747715,0.0037071335386715297,5.7950134386312604e-05,232.32748003892155,0.0055317383756499335,-2.5905304925421023e-08,0.007159313638330925,0.05225674750973051,13589,226.48333333333332,19322,322.03333333333336,40076,667.9333333333333,5.7950134386312604e-05,0.9404683072420132,1.4024409766017056,5.9045279314688296e-05,98.01801343830896,84.5947265625,2.140941807440876e-05,1.842662682218488e-05,1.910877394709199e-05,0.36259322206445865,0.312076207210032,0.32362915662147484,2,1,1.0
S14,2310,2370,60,30,-8.479997033886257e-08,0.006488248861702331,-0.07080236338849322,0.06280644501195456,0.13360880840044778,0.0002598826535569266,0.008519489060189903,0.00648824886225649,1.7680896785400508,-0.15714404073560803,1.5541832441404555,0.005102420574683111,0.004007827039384698,0.004265702005574644,0.07080236338849322,214.30166413669065,0.005102420574683111,0.0033726460625681355,4.20973732913816e-05,210.87258858479498,0.0050208954638156856,5.575682154649602e-09,0.006371218087363624,0.05225674750973051,13943,232.38333333333333,19551,325.85,40203,670.05,4.20973732913816e-05,0.9819626563602553,1.3693003120689387,4.18539721574067e-05,103.22453737716913,93.4814453125,1.3533570601020603e-05,1.3160674380815317e-05,1.5092261533630663e-05,0.32335211936689817,0.31444266105305213,0.36059329033026694,2,1,1.0
S14,2340,2400,60,30,-9.38331800958897e-07,0.006092243337120732,-0.03057026951441287,0.024900389396970056,0.05547065891138293,0.00024727273965076825,0.00808294111378174,0.00609224340938201,1.5588480498846582,-0.18692165149120185,0.20945279638467085,0.004828210147933062,0.00371534877589638,0.004041985700623598,0.03057026951441287,202.7848262131886,0.004828210147933062,0.003187931847802716,3.711542887869196e-05,215.80533062946063,0.0051383444993800004,-4.3487739186145686e-08,0.006467507155192629,0.028987722490043256,15335,255.58333333333334,20428,340.46666666666664,40364,672.7333333333333,3.711542887869196e-05,1.061596984445019,1.3179000101119154,3.69568190485345e-05,114.4682355972374,105.7861328125,1.02364950499513e-05,1.0413789353413488e-05,1.6263579180444334e-05,0.2769852848132833,0.28178262148961764,0.44006977870811254,2,1,1.0
S14,2370,2430,60,30,1.337342178463915e-06,0.006618097259047092,-0.109225656833006,0.14187814438624002,0.251103801219246,0.00019758624778759668,0.007864019922003869,0.006618097394167808,1.8395669509850108,0.18088410479594189,21.06658373814435,0.004897272650041877,0.004451509149697721,0.0039421198564953686,0.14187814438624002,205.68545130175886,0.004897272650041877,0.0031375968533928515,4.379921133020663e-05,223.31132073927188,0.0053170628048113495,3.856877239184559e-09,0.006763997083391983,0.09166321130114931,16060,267.6666666666667,21112,351.8666666666667,40313,671.8833333333333,4.379921133020663e-05,1.0220455848008947,1.3801385416777174,4.388544178149969e-05,106.04933079505467,92.626953125,1.6391712586818287e-05,1.0401815974838722e-05,1.703436037891849e-05,0.373511395155383,0.23702201806758846,0.38815515322212113,2,1,1.0
S14,2400,2460,60,30,-9.756656643461298e-07,0.0065621103617326095,-0.109225656833006,0.14187814438624002,0.251103801219246,0.00022643637152422122,0.007776726118449265,0.006562110434264419,1.8085743207622427,0.17716248198753162,21.873648914831485,0.004834772544532463,0.004436920981279368,0.0038903744505578612,0.14187814438624002,203.06044687036342,0.004834772544532463,0.003089796713868673,4.3061292399558484e-05,219.28756945592693,0.005221256921734492,2.137755705338017e-08,0.0066517016255621415,0.09166321130114931,16114,268.56666666666666,21110,351.8333333333333,40270,671.1666666666666,4.3061292399558484e-05,1.0136528127219544,1.3897353493600118,4.2887776771653256e-05,106.27169778286633,93.310546875,1.602751224695998e-05,1.0078573111151012e-05,1.672208083154272e-05,0.37370816240475746,0.2349987308694551,0.3899031866486305,2,1,1.0
S14,2430,2490,60,30,2.3413704863722645e-07,0.005794211941691015,-0.02899843392931515,0.02610645723876575,0.0551048911680809,0.00029031398961605734,0.007644476092021389,0.005794211946421611,1.4100614673623064,-0.22772808309756762,0.36620531094054165,0.004581770123289647,0.003546868283061168,0.0038297209988326485,0.02899843392931515,192.4343451781652,0.004581770123289647,0.003029411719072458,3.3572892025234755e-05,209.4069276109658,0.004985997943069259,-1.6735997626027537e-08,0.006251639166588101,0.035551065418124674,16035,267.25,20791,346.51666666666665,40432,673.8666666666667,3.3572892025234755e-05,1.078945545917257,1.3125078346307855,3.2992218082450656e-05,116.20754385935653,109.033203125,9.212411121221121e-06,8.672741726847722e-06,1.505551229870675e-05,0.2792298201411751,0.26287234478063054,0.4563352564256701,2,1,1.0
S14,2460,2520,60,30,-3.3332388941712386e-07,0.006059907811983553,-0.06618295516797826,0.061384164015086146,0.1275671191830644,0.0003027317303375758,0.007737588607313994,0.006059907821150757,1.5423442776354528,-0.2148014233182174,2.939412074233597,0.0046933033897098115,0.003833456155088057,0.0038787755595591344,0.06618295516797826,197.11874236781208,0.0046933033897098115,0.0030785096115685025,3.67224826897393e-05,213.65726621174215,0.005087198890729354,-4.4732128541336534e-08,0.0064347598791143785,0.051076699614293855,16022,267.03333333333336,20865,347.75,40374,672.9,3.67224826897393e-05,1.0618577177675128,1.3298970560171075,3.331832540116148e-05,117.91751300782374,111.5966796875,9.010169934250846e-06,8.718336394834994e-06,1.554664240791748e-05,0.2704268544642028,0.26166790466999496,0.4666093574851611,2,1,1.0
S14,2490,2550,60,30,-7.810315191310305e-09,0.006251256237719432,-0.06618295537291702,0.07005067405067908,0.1362336294235961,0.00029492956858813093,0.007721182543298989,0.006251256237724311,1.6412845910868585,-0.22426659412845584,4.9216289108582725,0.004732447276615034,0.004084378450112827,0.0038755664712861204,0.07005067405067908,198.7627856178314,0.004732447276615034,0.0030602403504466948,3.9078204549626106e-05,214.4905159512831,0.005107038642617279,8.866323826428707e-09,0.0065190197310201654,0.05740023193251978,15986,266.43333333333334,20987,349.78333333333336,40240,670.6666666666666,3.9078204549626106e-05,1.0428335494688372,1.3515507489857141,3.876155654017059e-05,111.96802381176471,100.6591796875,1.2405859851317718e-05,1.0010183901979437e-05,1.629887183504435e-05,0.3200557706825032,0.2582503076625772,0.4204906430461066,2,1,1.0
S14,2520,2580,60,30,-7.555474121050196e-07,0.005959980403452686,-0.06044591585003109,0.07005067405067913,0.13049658990071022,0.00036922029827952333,0.00775886747312191,0.005959980451343103,1.4918974131764615,-0.26023571016643976,3.0458738568095747,0.004634080207077801,0.0037478884207993316,0.0038986636288154838,0.07005067405067913,194.63136869726765,0.004634080207077801,0.0030553228766550477,3.5521366409540046e-05,205.3011928310552,0.004888240025501921,2.7251689377675472e-08,0.0062065824758465475,0.05743476869030721,15434,257.23333333333335,20335,338.9166666666667,40274,671.2333333333333,3.5521366409540046e-05,1.0413763226890815,1.33607518015062,3.204160722915377e-05,115.22847696174476,107.32421875,8.729566907316605e-06,9.06501409775068e-06,1.4199955733183242e-05,0.27244472616135856,0.28291383865109854,0.4431723924342689,2,1,0.9865952380952381
S14,4320,4380,60,30,-1.078020113214941e-06,0.007375681290341201,-0.037714958597458104,0.046139907182788736,0.08385486578024684,0.00019522690255517085,0.009738104736486616,0.007375681369122218,2.2848283776702973,-0.11656701183597061,0.30860197709855575,0.005833851312351649,0.004512965158760874,0.004867925098317773,0.046139907182788736,245.02175511876925,0.005833851312351649,0.003849649453715617,5.440067449668925e-05,224.52823123538298,0.00534603755411755,-2.886171309775657e-08,0.006757458779506744,0.034637508577963584,12889,214.81666666666666,18764,312.73333333333335,40160,669.3333333333334,5.440067449668925e-05,0.9161809619344523,1.4162487821708876,5.3046478435337226e-05,96.27410120736775,82.5439453125,1.9408418470495416e-05,1.696009976005894e-05,1.6566740860877275e-05,0.36587571961358295,0.3197215019793071,0.3123061388716285,3,0,1.0
S14,4350,4410,60,30,-1.1332055450824884e-06,0.007826536812684165,-0.05163686505397862,0.042044456385354326,0.09368132143933294,0.0001899135161160259,0.01027235741794965,0.007826536894722673,2.5726965501071195,-0.08141533505324515,0.40417619493589285,0.0061673053584822,0.004818612287753807,0.005134241753418405,0.05163686505397862,259.0268250562524,0.0061673053584822,0.00405764544020565,6.125467848030042e-05,235.30980636839064,0.005602747836100637,8.117201721723105e-09,0.007146003286251486,0.046362909216071696,12740,212.33333333333334,18691,311.51666666666665,40063,667.7166666666667,6.125467848030042e-05,0.9130479364346992,1.4197694453433098,6.0782092529155496e-05,94.67206911763031,79.296875,2.2878866604541373e-05,1.9390734797098305e-05,1.8380501556871336e-05,0.3764080118427481,0.31902052052250596,0.3023999469589619,3,0,1.0
S14,4380,4440,60,30,-3.532796333317752e-07,0.008241002113611026,-0.05163686505397862,0.042044456385354326,0.09368132143933294,0.0002035734560928207,0.01093597074624504,0.008241002121183314,2.8523928703766117,-0.062084824464783195,0.25989914472707776,0.00652372455715228,0.005035388154229641,0.0054668176084073615,0.05163686505397862,273.99643140039575,0.00652372455715228,0.004304891902209563,6.791411583654141e-05,247.39659127122377,0.005890535281107259,-2.418848681037434e-08,0.007477309497288437,0.046362909216071696,12702,211.7,18778,312.96666666666664,40104,668.4,6.791411583654141e-05,0.9073301273565677,1.4340047645928236,6.78378601844729e-05,94.32258928385593,78.1005859375,2.6484851186470797e-05,2.0453721364137388e-05,2.0732755839107178e-05,0.3904140123885098,0.30150894070828826,0.30562219655408007,3,0,1.0
S14,4410,4470,60,30,-2.413933754845e-06,0.008466053274533317,-0.05149878605584053,0.05535815623179767,0.1068569422876382,0.00014459464641950663,0.011185401684044754,0.008466053618676915,3.0103106827211237,-0.07611244420838405,0.4592097030061941,0.006683809152871671,0.00519622546492176,0.005593809610502758,0.05535815623179767,280.71998442061016,0.006683809152871671,0.004409788369538011,7.16740580472363e-05,242.36884070279675,0.005770824083973351,1.9349496543354903e-08,0.007281028161444324,0.03747847653001127,12236,203.93333333333334,18344,305.73333333333335,40034,667.2333333333333,7.16740580472363e-05,0.8600262631640105,1.4816408026345729,7.154816749901726e-05,87.94819534850444,68.359375,3.1710318438813634e-05,2.0363773789661226e-05,1.9320338367711323e-05,0.4432023844530915,0.2846162872017782,0.2700326094022841,3,0,1.0
S14,4440,4500,60,30,4.546043853290842e-07,0.008073036606061222,-0.05149878605584053,0.05535815623179767,0.1068569422876382,0.0001993169480629356,0.010604785418173435,0.008073036618860937,2.737304650477725,-0.09841050202502802,0.6004029257074208,0.0063601179969118675,0.0049722046734650225,0.00530619601594595,0.05535815623179767,267.12495587029844,0.0063601179969118675,0.0042075481875657765,6.51739200428045e-05,227.45786155452953,0.005415792317782078,4.351528008350012e-09,0.006838279385373136,0.0370524035978621,11917,198.61666666666667,18073,301.21666666666664,39957,665.95,6.51739200428045e-05,0.8470517005012671,1.4816279989568977,6.53353896705213e-05,86.20248609543039,67.8466796875,2.9155070395026208e-05,1.9424296832751645e-05,1.6613122724552856e-05,0.44623703236564144,0.29730130838288554,0.254274487507167,3,0,1.0
S14,4470,4530,60,30,-1.6089188837177513e-06,0.007499963514140698,-0.035792195640445085,0.03511568659645968,0.07090788223690477,0.0002153851819960697,0.010075293195617771,0.0074999636867162,2.3624771226865895,-0.13350917542211838,0.13464576406661166,0.005970893645257321,0.004538489217689891,0.0050428127560496385,0.035792195640445085,250.7775331008075,0.005970893645257321,0.003977250375638834,5.624945271344169e-05,220.52425000440653,0.005250702397781055,2.920352344598434e-08,0.006615678886543919,0.029793025898303273,12255,204.25,18389,306.48333333333335,40118,668.6333333333333,5.624945271344169e-05,0.8820948094041368,1.4455907304962268,5.5538379130064477e-05,90.90848135528189,75.537109375,2.2167315290488646e-05,1.777890183709545e-05,1.5494031257088563e-05,0.3991350780795268,0.3201192061341818,0.27897881608686004,3,0,1.0
S14,4500,4560,60,30,-4.3477338655143695e-07,0.007586890997937439,-0.035764742999381635,0.03511568659645968,0.07088042959584132,0.00013839119824006658,0.010145278303739621,0.007586891010394972,2.4175584385517057,-0.11390800907562869,0.16645704359510338,0.0060301325501329744,0.004604173827239676,0.00508045402703158,0.035764742999381635,253.26556710558492,0.0060301325501329744,0.00400472799861245,5.7560915014584146e-05,225.75793313526685,0.00537531686790797,-6.900445362159088e-09,0.006767908907356753,0.03015642969683533,12489,208.15,18636,310.6,40099,668.3166666666667,5.7560915014584146e-05,0.8920530042143305,1.4457160148265782,5.7155084000377025e-05,91.87332300181413,74.6826171875,2.2984683829396932e-05,1.7615579934010377e-05,1.6448124683637793e-05,0.4021459198493228,0.30820670185515214,0.28778060554559404,3,0,1.0
S14,4530,4590,60,30,-1.6435590231610728e-07,0.007547091338561903,-0.036113145820119305,0.03224903516747056,0.06836218098758987,0.00012326021137716938,0.010077117689313205,0.007547091340351523,2.392260683383576,-0.10276531964623259,0.13297332716259325,0.005996954552361996,0.0045820436266488865,0.0050359247040799564,0.036113145820119305,251.87209119920385,0.005996954552361996,0.003971123772187403,5.695858767259609e-05,222.3693161293466,0.005294633589593719,-1.37119189226636e-08,0.006676045986920705,0.03218841883102932,12394,206.56666666666666,18470,307.8333333333333,40019,666.9833333333333,5.695858767259609e-05,0.8845852908668819,1.4502142367278656,5.6872551970052964e-05,91.92357083407182,74.3408203125,2.267548825543578e-05,1.782720522260098e-05,1.6246218142878923e-05,0.39870706465529937,0.313458858536683,0.2856600869859611,3,0,1.0
S14,4560,4620,60,30,4.933993171119321e-07,0.007453709323327573,-0.036113145820119305,0.03224903516747056,0.06836218098758987,0.0001362291150469136,0.009952987802295078,0.0074537093396578906,2.3334268826443374,-0.09912698003201131,0.12341100412741213,0.005920294794891803,0.004528564061783856,0.004976223135623272,0.036113145820119305,248.65238138545573,0.005920294794891803,0.003914333549611991,5.5557782676660384e-05,216.7212181204133,0.0051601518636256415,-2.2708737838188786e-08,0.006511024038069767,0.03218841883102932,12353,205.88333333333333,18384,306.4,40010,666.8333333333334,5.5557782676660384e-05,0.8735280322365776,1.4588783090451918,5.504459535591776e-05,89.96484813220928,72.6318359375,2.279221887014834e-05,1.7090497604706586e-05,1.5045887026290011e-05,0.4140682427180016,0.31048457154057746,0.27333995152482216,3,0,1.0
S14,4590,4650,60,30,-4.066434423343064e-07,0.007939381933608942,-0.041447424467861954,0.051433115384943454,0.09288053985280541,0.0001493124348340611,0.010344559720763279,0.007939381944022782,2.6474189974291487,-0.08565065297875843,0.5759916172999504,0.006235212829192053,0.004914865880952784,0.005164774958315695,0.051433115384943454,261.87893882606625,0.006235212829192053,0.004090794290272006,6.303378548771608e-05,231.79224133466477,0.005518994293546626,-1.4444982773917414e-09,0.007033948936454527,0.03947883572043398,12515,208.58333333333334,18596,309.93333333333334,39954,665.9,6.303378548771608e-05,0.885956740118328,1.4518674302876493,6.04265982527727e-05,89.77207675235759,72.4609375,2.549265554775592e-05,1.831961606404914e-05,1.6504156757760052e-05,0.42187805179958443,0.3031713946136052,0.2731273517784489,3,0,1.0
S14,4620,4680,60,30,-1.054581295017226e-06,0.008495996715033457,-0.0564660269782907,0.051433115384943454,0.10789914236323415,0.0001408706143944038,0.010853900094989814,0.008495996780484382,3.031642374348042,-0.05090258252638822,1.0309026119548816,0.0066099011625848575,0.005337711861355982,0.005431763658088141,0.0564660269782907,277.615848828564,0.0066099011625848575,0.00431045515047866,7.21819601818593e-05,245.51867772887599,0.005845821989306317,-2.205581873279767e-08,0.0075537051673445375,0.049269513206826175,12375,206.25,18572,309.53333333333336,39908,665.1333333333333,7.21819601818593e-05,0.8890899350253328,1.441078679846916,7.124269237606884e-05,91.10251079610588,74.3408203125,2.8880661855221106e-05,2.222741083582812e-05,1.9979379686764593e-05,0.4053842000070511,0.31199566010919794,0.2804411094024834,3,0,1.0
S15,120,180,60,30,1.9384413235527082e-08,0.017493218753940516,-0.19072176688885745,0.19392299968611315,0.3846447665749706,-0.0002520871016011249,0.019456732102514043,0.017493218753951253,12.852533499690859,0.12174595094133994,4.2462798387094045,0.012817263112672122,0.011905060632946246,0.009724184129778525,0.19392299968611315,538.3250507322291,0.012817263112672122,0.007912305255952256,0.0003060127023732161,460.31941151083913,0.010960246946613947,-2.0434486276557398e-08,0.01481621648028644,0.1947887786997785,12025,200.41666666666666,17402,290.03333333333336,39597,659.95,0.0003060127023732161,0.8469691420824967,1.388269014703652,0.00031357886502023655,89.34716800775698,76.3916015625,9.649373212376187e-05,0.00014619081646240065,6.99566048749205e-05,0.30771758842080993,0.46620111483905763,0.2230909435506947,1,0,1.0
S15,150,210,60,30,-2.0871943775669208e-06,0.017944852959286006,-0.19072176688885745,0.19392299968611315,0.3846447665749706,-0.0003012549767949686,0.020896406571960027,0.01794485308066845,13.524745587644592,0.14658943960615917,3.62488741932584,0.013376952279897407,0.01196139205059861,0.010462618988451557,0.19392299968611315,561.8319957556911,0.013376952279897407,0.008406803310259418,0.0003220177477303957,477.749165485996,0.01137525096992776,1.05747560124125e-07,0.015167139493426051,0.1947887786997785,11855,197.58333333333334,16997,283.28333333333336,39746,662.4333333333333,0.0003220177477303957,0.8452083462504741,1.384299442282252,0.00032644730309924373,89.31142272499959,76.904296875,9.984745949510776e-05,0.00015399848534870757,7.162192190961555e-05,0.3058608802926853,0.47174071859889205,0.21939811182278834,1,0,1.0
S15,180,240,60,30,-1.0346641074372701e-06,0.015925774066246838,-0.12540970340602967,0.12284277530652421,0.24825247871255388,-0.000279324468052981,0.019669143185288708,0.015925774099856814,10.652471788546146,0.12799102447490715,1.2591022124708733,0.012235454197740837,0.010194309258339003,0.009839187388048308,0.12540970340602967,513.8890763051152,0.012235454197740837,0.007850497388492361,0.00025363027960914033,446.24042524058314,0.010625025006323558,1.6636673339227848e-08,0.013699763134330583,0.10336385454319033,12062,201.03333333333333,17292,288.2,39968,666.1333333333333,0.00025363027960914033,0.8602258877554925,1.390174833611668,0.0002534921761572239,90.72664263309821,77.587890625,7.707524275544432e-05,0.00011637909544123787,5.948379457783269e-05,0.3040537342171847,0.45910330332663146,0.23465731952586555,1,0,1.0
S15,210,270,60,30,4.777663968309467e-07,0.016291170655271983,-0.13612650090012662,0.12284277530652421,0.25896927620665083,-0.0002374013278546715,0.019362855346652087,0.016291170662277643,11.14689414499314,0.11796354830363061,2.392740824330022,0.012273881467595992,0.010712332858292794,0.009680585093870368,0.13612650090012662,515.5030216390317,0.012273881467595992,0.007767576546156102,0.000265402241319195,463.06918183203754,0.01102571922741107,7.864022386132039e-08,0.01459901970707753,0.15155391936792048,12465,207.75,17874,297.9,39896,664.9333333333333,0.000265402241319195,0.8961307947721451,1.3680612227321196,0.0002496869244324894,95.3033518977933,81.5185546875,7.129418339806281e-05,0.00010973120162602512,6.809612051590985e-05,0.28553430885540587,0.4394751622474102,0.27272601747442227,1,0,1.0
S15,240,300,60,30,-1.954187271787305e-06,0.020300001886512826,-0.18757650689701683,0.20577868344862732,0.39335519034564415,-0.0003180562032642645,0.021564616340831386,0.02030000198057311,17.30778337727343,0.14489146780161358,5.087689920432904,0.01448231757354788,0.014225067947471406,0.01078794626452229,0.20577868344862732,608.257338089011,0.01448231757354788,0.008831205829077262,0.0004120900765924243,542.1188614154433,0.012907899269397923,4.0066493105579114e-08,0.017909452516373752,0.18891448884354195,12483,208.05,17706,295.1,39561,659.35,0.0004120900765924243,0.8822389582275192,1.3411193392260383,0.0003939243704811614,95.42118021384347,85.44921875,9.772615798585014e-05,0.0001975053248470309,9.781966669598093e-05,0.2480835543799484,0.5013787915832341,0.24832093169685968,1,0,1.0
S15,270,330,60,30,-2.7504668734690925e-06,0.021071307315532556,-0.18757650689701683,0.20577868344862732,0.39335519034564415,-0.0004093095697161567,0.023048469131042276,0.021071307495043677,18.64799998112872,0.15038600346257563,4.282393235206252,0.015274247584485623,0.014515418019420556,0.011533980791338308,0.20577868344862732,641.5183985483961,0.015274247584485623,0.009454612067316565,0.00044399999198561576,565.0202147866803,0.013453182570696453,-1.5275387031353647e-07,0.018375133068294084,0.18891448884354195,12318,205.3,17381,289.68333333333334,39611,660.1833333333333,0.00044399999198561576,0.8720452316097631,1.3383725527097288,0.00042831152119060355,93.57357688802743,83.5693359375,0.000104118336063515,0.0002265463733096284,9.680260776640765e-05,0.2430902063388137,0.5289289736589007,0.226009815232893,1,0,1.0
S15,300,360,60,30,-1.433492209434668e-06,0.018308034742425903,-0.11292816733150525,0.12894712304926015,0.24187529038076538,-0.0003605484162466418,0.022063577163919143,0.01830803479854607,14.077733803760502,0.12905434705030402,1.7362300360804506,0.01393555301453343,0.011873689416685195,0.011040545179427255,0.12894712304926015,585.2932266104041,0.01393555301453343,0.008915038313389663,0.0003351841361298739,509.4794534368725,0.012130752004497071,3.897529907355668e-08,0.01592191849554806,0.12997362823369984,12061,201.01666666666668,17251,287.51666666666665,39793,663.2166666666667,0.0003351841361298739,0.8696683570657422,1.3601928949284272,0.0003352999047499553,92.88673708282737,81.34765625,8.821644128454728e-05,0.00016748662704787904,7.896683645590191e-05,0.2630971259903379,0.49951289778259733,0.2355110614027469,1,0,1.0
S15,330,390,60,30,-3.268119517094233e-06,0.017826704772891812,-0.10869749899088378,0.11607084876033555,0.22476834775121934,-0.00027585137478756787,0.021943727898772164,0.017826705072459377,13.347239377098852,0.10188007183681345,1.328941265876014,0.013680021456316136,0.011430154272588753,0.010987456571862335,0.11607084876033555,574.5609011652778,0.013680021456316136,0.00878132716130871,0.0003177914030598437,495.8763109377555,0.011806859947564358,3.720836014510299e-08,0.015352090246321469,0.12460871483424826,12013,200.21666666666667,17130,285.5,39830,663.8333333333334,0.0003177914030598437,0.8611849717546584,1.3704977458166598,0.000305638435602049,91.36480473118189,79.4677734375,8.782116323795963e-05,0.00014628286372794734,7.098443903929937e-05,0.28733677773532906,0.47861409655431,0.23224971329104488,1,0,1.0
S15,360,420,60,30,-3.4706416165811177e-07,0.01746954869291298,-0.09625736207216387,0.10796192617221166,0.20421928824437552,-0.00020298049732942088,0.021742767231372,0.01746954869636051,12.817775529489468,0.11306348884201613,1.0273423475630734,0.013474923516470234,0.01111807392850887,0.010869247447585644,0.10796192617221166,565.9467876917498,0.013474923516470234,0.008681276047316132,0.0003051851315340576,493.04297903266354,0.01173939805787432,-8.39122433639013e-08,0.015145025502569624,0.09860330478134544,12129,202.15,17232,287.2,39898,664.9666666666667,0.0003051851315340576,0.8669385665763442,1.3716699317317005,0.00030297245102013014,92.28310699842476,79.638671875,8.870107595159356e-05,0.00013968295549535598,7.38905987160962e-05,0.29276944373302133,0.4610417713723917,0.24388553634926613,1,0,1.0
S15,390,450,60,30,-3.3436276833437173e-06,0.017416510509386935,-0.17208947200373098,0.14708907023727358,0.31917854224100456,-0.0003794681256864714,0.020496990507850317,0.017416510830342326,12.740063679144127,0.17937687392108692,2.522994987081578,0.013117099650987467,0.011457597752124838,0.010271119208222058,0.17208947200373098,550.9181853414736,0.013117099650987467,0.008273376327885336,0.0003033348383235855,479.97163035800816,0.011428168060144484,1.1353426991285732e-07,0.015000790525360483,0.18230453309225586,12140,202.33333333333334,17355,289.25,39816,663.6,0.0003033348383235855,0.8612971305173642,1.3766960626196008,0.00031163106766540516,91.1926133822271,78.955078125,9.37478015209779e-05,0.00014382456142094142,7.331299579266246e-05,0.3008294462528809,0.4615218967043564,0.23525573474393707,1,0,1.0
S15,420,480,60,30,-1.5643162589626808e-06,0.0185774506444751,-0.17208947200373098,0.15042050187003136,0.32250997387376235,-0.0004702159150434906,0.021141880802365474,0.018577450710336813,14.495110345589739,0.20244500308136815,2.8727966178748234,0.013787762834450846,0.012450673512542596,0.010580095225810725,0.17208947200373098,579.0860390469355,0.013787762834450846,0.00854833742532905,0.0003451216724479084,504.7832419745582,0.012018934783555757,-1.189825311832095e-08,0.01604032222728649,0.18230453309225586,12166,202.76666666666668,17365,289.4166666666667,39696,661.6,0.0003451216724479084,0.8634296779605146,1.3687052708603376,0.0003379591765014032,91.89329479315396,80.6640625,9.688161341937057e-05,0.000160909096229604,7.927602842564316e-05,0.28666661583893494,0.47611992044529056,0.23457279440173454,1,0,1.0
S15,450,510,60,30,4.905861136138674e-06,0.020147648513190848,-0.16096140938398887,0.18284310952609337,0.34380451891008224,-0.00035405532965587154,0.022755402986291078,0.02014764911046832,17.048966116499304,0.2370236319042842,3.5839299705390335,0.014849108318017171,0.013617332588959856,0.011402960343518644,0.18284310952609337,623.6625493567212,0.014849108318017171,0.009224692931876317,0.00040592774061108135,541.0312060117667,0.012882002095568149,8.034908147326416e-08,0.01744311399999805,0.19349527275343603,12101,201.68333333333334,17147,285.78333333333336,39681,661.35,0.00040592774061108135,0.8657642597138759,1.348159770447395,0.0003526616281657616,91.97529153071056,81.005859375,9.534159257704877e-05,0.00017622533745749035,8.014235349420592e-05,0.2703486428986693,0.49970091266821676,0.22724999572830362,1,0,1.0
S15,480,540,60,30,6.503840854047261e-06,0.02381208190882824,-0.2773098535568243,0.2745506648157198,0.5518605183725441,-0.00043061557937704837,0.025773238767114903,0.02381208279703166,23.81464205957303,0.24522051157748082,5.309763327265122,0.01719614460641638,0.01647142670833064,0.012868701966913348,0.2773098535568243,722.238073469488,0.01719614460641638,0.010530746028669385,0.0005670152448327453,610.2320851238155,0.014529681304883819,8.734632341979155e-09,0.02012517848340383,0.23732783018678222,11688,194.8,16662,277.7,39478,657.9666666666667,0.0005670152448327453,0.8451666914492888,1.3365158743046424,0.0005646547642432263,90.42086477365133,81.1767578125,0.00014472154402988557,0.0003057465673116783,0.00011306764726941627,0.25630093500379364,0.5414752281802714,0.20024208495071183,1,0,1.0
S15,510,570,60,30,4.528025327131878e-06,0.02450097588246142,-0.2773098535568243,0.2745506648157198,0.5518605183725441,-0.00039070016905201534,0.02744801271274859,0.024500976300873598,25.212509267230725,0.19785478011513624,4.153380654852025,0.018014821764750378,0.016606144539905873,0.013724107495819302,0.2773098535568243,756.6225141195159,0.018014821764750378,0.011166268760196277,0.0006002978191929563,636.8960848895288,0.015164553558168736,-6.891982784565081e-08,0.020646943700450057,0.23732783018678222,11573,192.88333333333333,16433,273.8833333333333,39526,658.7666666666667,0.0006002978191929563,0.8426988296098767,1.338187784829066,0.0006252933829993589,90.16736132000516,80.8349609375,0.00016105229063238864,0.0003384194012032793,0.00012430749789598517,0.25756276175491494,0.5412169877441776,0.19879867798970877,1,0,1.0
S15,540,600,60,30,1.6168444711990944e-06,0.02048325340916205,-0.11669526909959188,0.1721241850722321,0.288819454171824,-0.00029933248695259053,0.02383844707572265,0.020483253472974815,17.62167425920166,0.14767135404849266,1.9652052972843608,0.015388150226598576,0.013519190265758116,0.011910836731365403,0.1721241850722321,646.3023095171402,0.015388150226598576,0.009645599903402228,0.0004195636702239488,552.4526614121021,0.013153947984763973,4.0167669455367e-08,0.01749911023393618,0.1485575010807229,11825,197.08333333333334,16813,280.21666666666664,39665,661.0833333333334,0.0004195636702239488,0.8543130275441948,1.355727030151775,0.00042335413356844886,90.8940144643397,79.8095703125,0.000110443922996717,0.00022093857754603392,9.082643184491143e-05,0.2608783385809558,0.5218765095872439,0.21454008510401473,1,0,1.0
S15,570,630,60,30,-1.9519389328014074e-07,0.018184544286248355,-0.11204127780456279,0.1380340683417012,0.250075346146264,-0.00025868043290267113,0.022409042126899557,0.018184544287295965,13.88846133933839,0.10731453789535854,0.9111601529632454,0.014008184692629124,0.011595189198707341,0.011227672447397547,0.1380340683417012,588.3437570904232,0.014008184692629124,0.008949707276612583,0.00033067765089852765,510.09461781513005,0.01214539912414891,-2.357601476435582e-08,0.015746510918490945,0.11547047209354765,12001,200.01666666666668,17214,286.9,39829,663.8166666666667,0.00033067765089852765,0.8659282669183459,1.3723939899766735,0.0003353287339588334,92.14749783613648,80.6640625,9.368417657727966e-05,0.00016238109063697066,7.849360033084638e-05,0.27938010402884467,0.48424448665620573,0.23407955352994783,1,0,1.0
S15,600,660,60,30,-5.4326065266306444e-06,0.019145337077697406,-0.1218912694436212,0.1636916864277567,0.2855829558713779,-0.00023150862936359537,0.02303382561625693,0.01914533784846506,15.394846375938489,0.08238404406111617,1.368457321806674,0.014585242591525636,0.012402203831505728,0.011508431707921889,0.1636916864277567,612.5801888440767,0.014585242591525636,0.009219915790642776,0.00036654393181865505,530.6973650213724,0.012635952404137537,6.104538916041832e-09,0.016549877112197357,0.11664444648336622,11968,199.46666666666667,17234,287.23333333333335,39806,663.4333333333333,0.00036654393181865505,0.8644338328979579,1.3669608096108288,0.0003454226598702107,91.98271696109201,80.322265625,9.925148527262138e-05,0.0001650837184992847,7.999535095117879e-05,0.287333452037901,0.47791803398570715,0.23158686515017946,1,0,1.0
S15,630,690,60,30,2.4741991897943385e-06,0.022409459535116947,-0.1218912694436212,0.1636916864277567,0.2855829558713779,-0.00038208325700299275,0.027182258340583337,0.0224094596717035,21.091723076663634,0.11323578388212059,0.9697315843423513,0.017181765757445098,0.01438648005017185,0.013613280664021957,0.1636916864277567,721.6341618126942,0.017181765757445098,0.010871428382594547,0.0005021838766560439,617.4407609595247,0.014701320530477504,-5.535737720927513e-09,0.019186081802546655,0.11664444648336622,11763,196.05,16727,278.78333333333336,39801,663.35,0.0005021838766560439,0.8561599521166913,1.3425184162013633,0.0005003709740344609,91.90305589396954,82.5439453125,0.0001250412300274803,0.0002678302424117526,0.0001058771979362596,0.2498970494217129,0.5352633472166731,0.21159740158902135,1,0,1.0
S15,660,720,60,30,-2.4539463393362085e-06,0.021463936570155755,-0.14187864385523485,0.1282889947888605,0.2701676386440953,-0.0001266816990738071,0.02235971317539387,0.021463936710434138,19.349424322599933,0.11014593978336247,1.659839202825113,0.015690531183650998,0.014646085152162605,0.011182188184797041,0.14187864385523485,659.0023097133419,0.015690531183650998,0.009063342876380252,0.00046070057308766964,567.9970397962832,0.013524061044222081,-3.329003197926705e-09,0.018344554619540272,0.14055902341136106,12316,205.26666666666668,17259,287.65,39331,655.5166666666667,0.00046070057308766964,0.8546686932092045,1.337986726445662,0.0004782382010593813,91.47027186761112,83.056640625,0.00012205124538016871,0.00025364342531126864,0.00010097843338805452,0.2552101549182057,0.530370482218702,0.21114673224424485,1,0,1.0
S15,690,750,60,30,7.284619786945071e-07,0.014469052828412777,-0.14187864385523485,0.1282889947888605,0.2701676386440953,8.383931692840371e-05,0.012195120747418405,0.014469052846750426,8.792846591846379,0.041986209223591905,6.660342823171293,0.009505829301122192,0.010908377495300728,0.006097315615115961,0.14187864385523485,399.24483064713206,0.009505829301122192,0.00520147240476274,0.00020935348975139977,356.0594776140553,0.0084778084624409,7.503756318749398e-08,0.012384945202842789,0.14055902341136106,13321,222.01666666666668,19107,318.45,39236,653.9333333333333,0.00020935348975139977,0.8559610189909985,1.3909988735438,0.00020613014136013942,90.0633509909228,79.296875,6.539534706980897e-05,9.346168321460634e-05,4.6742665269264645e-05,0.3172527153879634,0.4534110470109034,0.22676288368520736,1,0,1.0
S15,720,780,60,30,2.377496330117711e-06,0.008828182489861622,-0.07846872223303672,0.07978564170528464,0.15825436393832137,0.00018299537970277793,0.010066350728673706,0.00882818281000049,3.2733460925251023,-0.19597081267395572,4.233207424871665,0.006506049576546781,0.005967254865874558,0.0050319912256294175,0.07978564170528464,273.2540822149648,0.006506049576546781,0.0040799881717274175,7.793680607429934e-05,253.00573073008155,0.006024089400463857,1.0930495035724457e-08,0.007811328775032983,0.08026163883636082,13692,228.2,20121,335.35,40086,668.1,7.793680607429934e-05,0.884817320439807,1.5086485597147077,7.220368743286459e-05,89.11631839157538,67.8466796875,3.3096265887018636e-05,1.8395595185625997e-05,2.0611755997050585e-05,0.45837362416970373,0.25477362499983575,0.28546680550374265,1,0,1.0
S15,750,810,60,30,-7.136013318002982e-07,0.008332106931436337,-0.06791334569910215,0.07978564170528463,0.14769898740438678,0.00024192080585748227,0.009977922401293377,0.008332106961994445,2.9158082698968846,-0.1744984805339198,2.6309476670459597,0.006285935588519041,0.005469096836142699,0.004985644092174934,0.07978564170528463,264.0092947177997,0.006285935588519041,0.004024379342377836,6.942400591688943e-05,239.08666111678195,0.005692675090282672,-3.8154072945181515e-08,0.00730189413415628,0.08026163883636082,13304,221.73333333333332,19704,328.4,39960,666.0,6.942400591688943e-05,0.876356267897481,1.5233634309696114,6.943102756481136e-05,87.66551446920337,67.5048828125,3.1487226579338284e-05,1.866820563718287e-05,1.9185842746084574e-05,0.45350368104441624,0.2688741084777519,0.276329523254935,1,0,1.0
S15,780,840,60,30,-1.8149257104455606e-06,0.009175614656584567,-0.0954035958361027,0.14671643731931303,0.24212003315541572,0.00025110216344270773,0.010510026652760275,0.009175614836079643,3.5360601200435635,0.004679254914724273,8.22612289508119,0.006735353499217673,0.00623112516811058,0.005259366303970361,0.14671643731931303,282.88484696714227,0.006735353499217673,0.004272971491066626,8.419190432612952e-05,247.08012865170474,0.005883000277428147,-3.5591273410556415e-08,0.007854571944417582,0.11786637563397234,12696,211.6,19080,318.0,39747,662.45,8.419190432612952e-05,0.856026788219688,1.5087128402624332,8.62872349577462e-05,87.01254091952077,70.751953125,3.725421945132157e-05,2.6177176104323832e-05,2.2733781721361254e-05,0.43174658997433984,0.30337252221771244,0.26346633696738236,1,0,1.0
S15,810,870,60,30,-1.124159974346575e-06,0.012943839044241536,-0.11663400839774071,0.14671643731931303,0.26335044571705374,4.9869095375709304e-05,0.013274431803032899,0.012943839093057644,7.036804759612627,0.2629717173098985,6.30616537006328,0.009151315019220726,0.009154037572893858,0.006635314701085803,0.14671643731931303,384.35523080727046,0.009151315019220726,0.005517664587633012,0.00016754296920323163,332.58495898352555,0.007918878044323093,-2.1993350139063483e-08,0.011135213189255705,0.12847513200840185,12260,204.33333333333334,18235,303.9166666666667,39421,657.0166666666667,0.00016754296920323163,0.860271295957558,1.408193134248997,0.00015735595499743093,89.97624448140427,79.1259765625,5.233395388963304e-05,6.681024927794096e-05,3.7951106629709575e-05,0.3325832434526388,0.42458036798818155,0.2411799834987445,1,0,1.0
S15,840,900,60,30,-6.854998563824327e-07,0.016847456494051987,-0.23297481504454234,0.2140726709131657,0.44704748595770805,-0.00035336213627130053,0.017987626937963595,0.016847456507998012,11.921145213133151,0.3091707612515036,7.230418930668568,0.012086549715731969,0.011736784344871642,0.00898367037785279,0.23297481504454234,507.6350880607427,0.012086549715731969,0.007327788907925317,0.00028383679031897453,446.24251952344264,0.010625074871388428,-2.2607963980753795e-08,0.014661294835512663,0.2154692805754993,12297,204.95,17474,291.23333333333335,39537,658.95,0.00028383679031897453,0.8702378807559971,1.3528180701323445,0.000287911082201863,93.00761754490506,83.9111328125,7.606687828564782e-05,0.0001446319914601242,6.661101410106373e-05,0.26420267571470235,0.5023495113630896,0.23135967393697188,1,0,1.0
S15,870,930,60,30,4.893635335354344e-08,0.017159750870121858,-0.23297481504454234,0.2140726709131657,0.44704748595770805,-0.0003801445659650654,0.019836576369327657,0.017159750870191635,12.367196096935789,0.22820852011939124,6.031515334988031,0.012685255379426014,0.01155600908124366,0.009938890517610169,0.23297481504454234,532.7807259358926,0.012685255379426014,0.00796623840451026,0.00029445704992464783,470.8954215770076,0.01121206270570746,-2.016742780208992e-08,0.014998302756898204,0.2154692805754993,12310,205.16666666666666,17334,288.9,39826,663.7666666666667,0.00029445704992464783,0.8740396565437839,1.3517752675993762,0.000294701514291121,93.24681495515762,83.3984375,7.742262030293966e-05,0.00014795672128439962,6.872279134110447e-05,0.2627153799639377,0.5020561962170323,0.2331945646984923,1,0,1.0
S15,900,960,60,30,-3.6857559549205686e-06,0.016490806425234192,-0.10550891536793189,0.12448404521119767,0.22999296057912955,-0.00031789964433988544,0.020299563965001998,0.0164908068371242,11.421761825852375,0.1204097891511764,1.410140462435158,0.012646715164379216,0.010583350400057773,0.010143734817462991,0.12448404521119767,531.1620369039271,0.012646715164379216,0.00808950207444913,0.0002719466965545453,467.00220004093643,0.011119364747754386,-8.557438524170715e-09,0.014421391833962226,0.11088163305593125,12200,203.33333333333334,17215,286.9166666666667,39901,665.0166666666667,0.0002719466965545453,0.8745110131118057,1.3623071227256482,0.0002645827772385014,93.03609729064574,81.34765625,7.284201982342462e-05,0.00012524098775946397,6.581526841024967e-05,0.2753090000176506,0.4733527596415268,0.2487511435822679,1,0,1.0
S15,930,990,60,30,1.873647179365897e-07,0.017532330224464023,-0.09667325871630883,0.1138597025344416,0.21053296125075044,-0.000510359424904135,0.02185543452706767,0.017532330225465187,12.910069331659926,0.14661437897342,0.9448926916968143,0.013549271391432128,0.011126538001376663,0.010941499365826154,0.1138597025344416,569.0693984401494,0.013549271391432128,0.008712362300744299,0.00030738260309965467,498.9287486489856,0.011879538766375047,4.3217185387122505e-09,0.015310185071604171,0.11231148297113264,12110,201.83333333333334,17044,284.06666666666666,39907,665.1166666666667,0.00030738260309965467,0.8732544319887868,1.3580405177261192,0.00030494519115019104,92.94609113399224,81.1767578125,8.231153288479199e-05,0.00014758702070510145,7.433796603072272e-05,0.2699223836727173,0.4839788427173858,0.24377484278514142,1,0,1.0
S15,960,1020,60,30,-8.10770597162652e-07,0.018491187396268944,-0.09953339013784185,0.11847195661330334,0.2180053467511452,-0.00045411462693093364,0.02252840998919498,0.0184911874140436,14.360808503213946,0.14226274583597656,1.209894159624512,0.014150021246178965,0.011903819165039778,0.011294367722221518,0.11847195661330334,594.3008923395165,0.014150021246178965,0.009002192244008965,0.00034192401132393546,521.899864151756,0.01242648311035396,9.713510763390147e-08,0.016133683881464182,0.11231148297113264,12120,202.0,17107,285.1166666666667,39881,664.6833333333333,0.00034192401132393546,0.8725066452314226,1.3537259144756157,0.0003444803572341896,93.16980405470983,81.8603515625,9.013762659063309e-05,0.00017145820435317992,8.176968161952266e-05,0.2616626019385902,0.4977299888150567,0.23737110085476607,1,0,1.0
S15,990,1050,60,30,9.769944330390562e-07,0.024292184396669615,-0.25387176513969534,0.24308314042435797,0.4969549055640533,-0.000203009368546041,0.02703450821888302,0.024292184416316226,24.784629396085307,0.10378742010428346,3.92528216855374,0.017811191784604566,0.016518827771011834,0.013509716386578302,0.25387176513969534,748.0700549533917,0.017811191784604566,0.010932521349387088,0.0005901102227617987,652.0085801125792,0.01552438344038142,-1.1711890917886742e-07,0.021114561154443587,0.2501047169085421,12098,201.63333333333333,16826,280.43333333333334,39537,658.95,0.0005901102227617987,0.8691915395364086,1.317221620341532,0.0005981576016783674,93.50288374686187,85.44921875,0.0001418058505673211,0.00031846293665489046,0.00013622059180689051,0.23707104978592397,0.5324064021945336,0.22773361305560583,1,0,1.0
S15,1020,1080,60,30,2.64789522011681e-06,0.02543653156882564,-0.25387176513969534,0.24308314042435797,0.4969549055640533,0.00011447400634309428,0.029424465069902553,0.025436531706646105,27.174720101054927,0.05346469149150101,3.116427262035117,0.018972397103631248,0.01694300131043308,0.01472762290509248,0.25387176513969534,796.8406783525124,0.018972397103631248,0.011869953221973675,0.0006470171382518635,687.7521018400662,0.01637543993523813,-2.920338531443658e-09,0.022003108284134845,0.2501047169085421,11951,199.18333333333334,16420,273.6666666666667,39610,660.1666666666666,0.0006470171382518635,0.8650199900328113,1.3136354763595788,0.0006738484965077555,93.25296883603744,85.791015625,0.00016306352404559595,0.0003582366432769544,0.00015099139780454728,0.24198840672744487,0.5316278735257687,0.22407321317338502,1,0,1.0
S15,1050,1110,60,30,2.638412835382827e-07,0.02223838188296863,-0.13237961063300366,0.125823178364796,0.2582027889977997,0.00013760468184379772,0.02636974326048823,0.022238381884533767,20.770916411379105,-0.03701878673303028,1.430736985449058,0.016851459705058223,0.014511165861196636,0.013185671684555235,0.13237961063300366,707.7613076124453,0.016851459705058223,0.010635630880685358,0.0004945456287727474,601.7737523782141,0.014328287634901167,5.296570727177523e-08,0.018832585230696346,0.12531410945710283,11782,196.36666666666667,16356,272.6,39697,661.6166666666667,0.0004945456287727474,0.8468505186125692,1.3405644852502738,0.0004908571252279292,90.43234000923519,81.005859375,0.00013230032538432736,0.0002562221561568812,0.00010091339158427586,0.2695291941069283,0.5219892775069825,0.2055860787136721,1,0,1.0
S15,1080,1140,60,30,2.2991726249929693e-06,0.02174836142368117,-0.13237961063300366,0.1249332649856791,0.25731287561868277,0.00011889503601661639,0.025395158109607872,0.021748361545212046,19.865631655852837,-0.046604448149382485,1.5698936978203868,0.01641411573028516,0.01426772703320551,0.012697763200992272,0.13237961063300366,689.3928606719767,0.01641411573028516,0.010336783720852795,0.0004729912246150633,577.6885146166062,0.01375481593887012,1.070051648301638e-07,0.01813228973234608,0.12531410945710283,11580,193.0,16282,271.3666666666667,39674,661.2333333333333,0.0004729912246150633,0.8337313041249326,1.352016830195329,0.0004753897334994888,89.07544162128498,78.955078125,0.0001305253963786052,0.0002483789298913496,9.51892487917238e-05,0.2745650298708976,0.5224743245146599,0.20023412809318936,1,0,1.0
S15,1110,1170,60,30,1.214577700280953e-06,0.02008234977426012,-0.1066549954404068,0.11187988141847977,0.21853487685888656,-1.7538529462536416e-05,0.024348877696382352,0.020082349810988862,16.938632505098827,0.019475727557658317,1.0199698456602269,0.015398338946519234,0.01289154496633485,0.012170358319570522,0.11187988141847977,646.7302357538078,0.015398338946519234,0.00986143331961939,0.00040330077245572546,540.5086122654467,0.012869559091060422,1.5750982825811752e-08,0.016790264641615767,0.09660734953482959,11510,191.83333333333334,16374,272.9,39782,663.0333333333333,0.00040330077245572546,0.836070720326569,1.3596921029347038,0.0003988046331480578,88.89780912688609,78.955078125,0.0001129276249442193,0.0002044720459274697,8.030869289528378e-05,0.2831652783288866,0.5127123130777637,0.20137352031582056,1,0,1.0
S15,1140,1200,60,30,5.836009351410629e-08,0.0222110805036772,-0.23363056061547244,0.2240634705099898,0.45769403112546225,-0.00029480060077363853,0.025315794300119633,0.022211080503753873,20.719948080057883,0.21794816821934468,4.653904295346386,0.01638339642928877,0.01499721369405008,0.012656522752976778,0.23363056061547244,688.1026500301283,0.01638339642928877,0.01025312500977845,0.0004933320971408293,577.5902751575616,0.013752476848438333,3.7847894078315495e-09,0.01866814977705867,0.2239374167893182,11504,191.73333333333332,16491,274.85,39607,660.1166666666667,0.0004933320971408293,0.8404881416718123,1.3555792911811675,0.0004780456358028255,90.0308153547013,79.8095703125,0.00013073817201236297,0.000246944498679526,9.888223213559092e-05,0.27348470987043416,0.5165709718588051,0.20684684626297026,1,0,1.0
S15,1170,1230,60,30,-2.550096777053382e-06,0.023140266590982284,-0.23363056061547244,0.2240634705099898,0.45769403112546225,-0.0006578626438418825,0.025409554833877523,0.023140266731494788,22.48982166499843,0.32864274083855066,4.611746530974532,0.016825423792285344,0.015886379657263725,0.012754632556303392,0.23363056061547244,706.6677992759844,0.016825423792285344,0.010327213111937562,0.0005354719379017308,599.7505514585113,0.014280115037465447,-1.6230183945980384e-08,0.019584582385816608,0.2239374167893182,11711,195.18333333333334,16878,281.3,39516,658.6,0.0005354719379017308,0.8463421244009643,1.3565139770000554,0.0005407722596188975,90.2692976026784,80.4931640625,0.000149506058899963,0.00027705308174182975,0.00011262238112097535,0.27646769271287236,0.5123285760572842,0.20826212720368564,1,0,1.0
S15,1200,1260,60,30,3.759150631380084e-07,0.01854514931051399,-0.1630306546855969,0.22593587534774928,0.3889665300333462,-0.0005668626317685322,0.02049298365815903,0.01854514931432394,14.444747649803928,0.40922941821616526,4.235494338207929,0.013580879819277324,0.012628628841838515,0.010253893674546707,0.22593587534774928,570.3969524096476,0.013580879819277324,0.008398757651291217,0.00034392256294925755,493.9284432975731,0.011760481042347986,1.5704049183498252e-07,0.01589998545714177,0.16335332226891414,12119,201.98333333333332,17571,292.85,39591,659.85,0.00034392256294925755,0.8573662681770606,1.372201547686676,0.00034195651001167165,90.93585040448629,80.322265625,9.784009794832123e-05,0.0001686806021647086,7.465471246777378e-05,0.28611854163847256,0.4932808624083548,0.2183163948691185,1,0,1.0
S15,1230,1290,60,30,-2.5877796415167394e-06,0.0152174111819666,-0.1630306546855969,0.22593587534774928,0.3889665300333462,-0.00020411915079832327,0.018025635797114598,0.015217411401997569,9.725923610661116,0.17496487106529213,5.060123985969261,0.011422385574343389,0.010054785804216699,0.009006176175758478,0.22593587534774928,479.74019412242234,0.011422385574343389,0.007269935176171633,0.00023156960308104213,423.4273105063556,0.010081842674976919,-1.299898903146528e-07,0.013280217289960847,0.16335332226891414,12420,207.0,17787,296.45,39846,664.1,0.00023156960308104213,0.8726988533830625,1.380888968092865,0.00020966820481903818,92.73596982638863,80.1513671875,6.217522619538987e-05,9.53955022217771e-05,5.1657314249004894e-05,0.2965410337206468,0.45498315924492067,0.2463764798939812,1,0,0.9205
S15,1620,1680,60,30,4.1010642291915473e-08,0.007224075634148209,-0.05540369926452075,0.03690613068453616,0.09230982994905691,0.00025782318804622585,0.008207932552522869,0.007224075634264616,2.19186528832218,-0.4535583885816396,3.4779137112624623,0.00530542665366858,0.004903031388041355,0.004111006584561632,0.05540369926452075,222.82791945408033,0.00530542665366858,0.003325055443344501,5.218726876789384e-05,206.56338594092534,0.004918292957949602,-2.2791590833976103e-09,0.0062113822329997155,0.034332589101693345,14151,235.85,19787,329.78333333333336,40100,668.3333333333334,5.218726876789384e-05,0.8598168883557239,1.5755204603425546,5.10211331697968e-05,84.07195012744998,57.421875,2.6119516542201622e-05,1.0195808437225844e-05,1.463559281099446e-05,0.511935249561719,0.19983500568861337,0.28685354286992504,3,0,1.0
S15,1650,1710,60,30,7.270067420997044e-07,0.01267758468222886,-0.24184686241215492,0.24107657237498292,0.48292343478713784,0.00026319555986355046,0.009339392264577667,0.012677584703074266,6.750288463952151,0.5311353669773525,49.75002689575987,0.007056770361966862,0.010532005790070981,0.0046755624887493494,0.24184686241215492,296.3843552026082,0.007056770361966862,0.0038886767526448,0.00016072115337508383,261.2393101292575,0.006220131672879294,4.541934511707539e-09,0.01082217119377847,0.26781847339404247,13278,221.3,19088,318.1333333333333,38648,644.1333333333333,0.00016072115337508383,0.8536461372605725,1.3971273453433761,0.0001762730467894928,90.30245692817758,82.5439453125,5.198567552272531e-05,8.262684183346403e-05,3.987936926079372e-05,0.2949156236279683,0.4687434825594063,0.2262363417841078,3,0,1.0
S15,1680,1740,60,30,1.325161979135186e-06,0.012458300951809841,-0.24184686241215492,0.24107657237498292,0.48292343478713784,0.0002880445661864472,0.008942982005764539,0.01245830102228712,6.5187891032006515,0.5796607900917368,53.356027703453755,0.006821356892718066,0.010424891102744816,0.0044802869528123065,0.24184686241215492,286.49698949415875,0.006821356892718066,0.0037452169594528366,0.00015520926260586602,248.29591985864002,0.005911948376357533,1.4100385177699566e-08,0.010593233159647409,0.26781847339404247,12830,213.83333333333334,18734,312.23333333333335,38400,640.0,0.00015520926260586602,0.8502951727224497,1.388223902518193,0.0001508755761728464,89.93013504552114,82.8857421875,4.498904046867877e-05,7.054692669304356e-05,3.393956992559757e-05,0.29818637058352193,0.46758347827101876,0.22495072288383935,3,0,1.0
S15,1710,1770,60,30,-2.2644344973563525e-07,0.006959726914131025,-0.04473213486245067,0.036247892987744085,0.08098002785019476,0.00029887081609209984,0.00805546399846446,0.006959726917814836,2.034387548363368,-0.3803882553971343,2.76103751651116,0.005169526236789705,0.004659806568699956,0.004050392195458906,0.04473213486245067,217.12010194516762,0.005169526236789705,0.003256748095397177,4.843779871927975e-05,197.50275052348792,0.004702558406711777,-1.828453964986905e-10,0.005919998873946711,0.03045050473390195,13701,228.35,19360,322.6666666666667,39875,664.5833333333334,4.843779871927975e-05,0.8506079257113881,1.5726980913123867,4.734169259694693e-05,84.30484229540886,59.9853515625,2.3648778107220943e-05,1.0172976666854572e-05,1.3453035437434205e-05,0.49953385293085306,0.2148840928325961,0.28416887313196304,3,0,1.0
S15,1740,1800,60,30,4.491305803682448e-07,0.00956131865169524,-0.14670114265140038,0.16505698380967124,0.3117581264610716,0.0003037363048386725,0.008511342113362508,0.009561318662243905,3.8395902115608895,0.2601132818514065,31.52121548984141,0.005960205704139466,0.007476279992437211,0.004258021601548529,0.16505698380967124,250.32863957385757,0.005960205704139466,0.0034738476590730387,9.14188143592553e-05,220.96121504357438,0.005261106575003557,-2.494540692394263e-08,0.0078419105620038,0.14687263816591284,13550,225.83333333333334,19017,316.95,39182,653.0333333333333,9.14188143592553e-05,0.8201704019783311,1.4985646977054967,8.366052888020192e-05,83.63502478679293,72.6318359375,3.520396048542597e-05,2.9665806365836528e-05,1.8695688653732424e-05,0.4207953374982418,0.3545974040914398,0.22347083988082125,3,0,1.0
S15,1770,1830,60,30,-3.257719610101041e-07,0.009532390890194616,-0.14670114265140038,0.16505698380967124,0.3117581264610716,0.0003230280963929305,0.008698828319711367,0.009532390895761288,3.8163919999628924,0.27023697373303635,31.778966305732965,0.00599682156547792,0.00740976432158349,0.0043541745226867625,0.16505698380967124,251.86650575007263,0.00599682156547792,0.0035322143997283104,9.086647608346531e-05,217.20996984891968,0.0051717890866191975,5.158324160103006e-09,0.007778272909239095,0.14687263816591284,12954,215.9,18519,308.65,39201,653.35,9.086647608346531e-05,0.8159834189384875,1.489307542345884,9.160186904288611e-05,82.82577682711242,72.802734375,3.7291286089515534e-05,3.530297517234424e-05,1.8903087016421837e-05,0.40710180348019454,0.385395795317409,0.20636136810234518,3,0,1.0
S15,1800,1860,60,30,-1.094012616074841e-06,0.006692726488925517,-0.044141401487958344,0.03428758076550802,0.07842898225346637,0.00025613931476289935,0.007952350643501827,0.006692726578340764,1.8812887402020126,-0.36247831195120955,2.2592086080496196,0.005029397092955184,0.00441562610892304,0.0039849335969895094,0.044141401487958344,211.23467790411772,0.005029397092955184,0.0031872581826936086,4.479258785556527e-05,206.71592136451386,0.004921924840222716,1.8398706093029123e-08,0.006133116459604541,0.03297583019310332,14795,246.58333333333334,20011,333.51666666666665,40232,670.5333333333333,4.479258785556527e-05,0.9163853430665418,1.5003028840385615,4.393346521742254e-05,91.83593425065268,72.119140625,1.989910467072526e-05,9.552191489949353e-06,1.4421716775450845e-05,0.452937289882473,0.21742403979919328,0.3282626741159419,3,0,1.0
S15,1830,1890,60,30,-1.9020159349305982e-06,0.006482539819869282,-0.044141401487958344,0.03221966766568444,0.07636106915364278,0.00020970545889549945,0.007389466764398892,0.006482540098900699,1.76497969762193,-0.417955842800273,2.854036247267045,0.004783733974663168,0.004374838899149179,0.0036998086181954373,0.044141401487958344,200.91682693585307,0.004783733974663168,0.0029995745404448044,4.202332251619086e-05,205.44144475153786,0.004891579436451769,-6.392911716642925e-08,0.006075991494853771,0.02942962406240834,15763,262.71666666666664,20956,349.26666666666665,40234,670.5666666666667,4.202332251619086e-05,0.9372856416910204,1.502995711160808,4.1095981426761195e-05,94.05924747309984,71.6064453125,1.9103624977132807e-05,7.375151252081291e-06,1.4574937794087848e-05,0.46485384492345433,0.17946161634379862,0.35465603419308606,3,0,1.0
S15,1860,1920,60,30,7.163246445334666e-07,0.0062515410442743734,-0.04454106112784724,0.03070109381344522,0.07524215494129247,0.00019402566644341924,0.006918601484975923,0.006251541085313934,1.641434169537461,-0.4170956882929259,3.1773912304420486,0.0045651001942047876,0.004271021676161282,0.003460181075672532,0.04454106112784724,191.73420815660108,0.0045651001942047876,0.0028284829805063022,3.9081765428247126e-05,197.56503886116687,0.004704041497682489,6.979135868387565e-09,0.005910892693051299,0.030201935743815526,15967,266.1166666666667,21160,352.6666666666667,40161,669.35,3.9081765428247126e-05,0.9455096993188479,1.504886815925773,3.800305400558328e-05,94.7634717726188,69.2138671875,1.78992900302971e-05,6.217889734193403e-06,1.3848606536181442e-05,0.4709960948840427,0.16361552766995757,0.36440772718284303,3,0,1.0
S15,1890,1950,60,30,1.7462027759300927e-06,0.008318125864091171,-0.1948116016884774,0.12222050122764705,0.31703210291612444,0.00020616322209464225,0.006948316367481513,0.008318126047379098,2.906031279483638,-0.22113729802317378,31.097157089631104,0.005111246124799507,0.006562498304137581,0.0034829752598627426,0.1948116016884774,214.67233724157933,0.005111246124799507,0.002904327673828577,6.91912178908625e-05,216.81837970794282,0.005162465289838873,-1.5091665791973347e-08,0.007357602174541105,0.14858539944643104,16108,268.46666666666664,21276,354.6,39590,659.8333333333334,6.91912178908625e-05,0.8845264299622362,1.4913402385958776,6.667498408949982e-05,91.27461480017777,76.0498046875,2.5176187469242005e-05,2.3321590106575227e-05,1.8075559517197723e-05,0.377595702691841,0.3497802125497317,0.27109957001166074,3,0,1.0
S15,1920,1980,60,30,-1.6509848899501066e-06,0.008472587478917054,-0.1948116016884774,0.12222050122764705,0.31703210291612444,0.0003136245821039863,0.007572108203389824,0.008472587639774118,3.0149591351734317,-0.2427303271640288,28.8091865082603,0.005347448350477914,0.006571874728920521,0.0038020056237365913,0.1948116016884774,224.5928307200724,0.005347448350477914,0.0031303650972605,7.178473858790204e-05,212.46193980531524,0.005058738060556567,-2.3451553486582418e-08,0.0072638536994628,0.14858539944643104,14770,246.16666666666666,20332,338.8666666666667,39522,658.7,7.178473858790204e-05,0.8573359339797868,1.4999647962548321,6.913840076016389e-05,87.41760956011403,73.14453125,2.7517709114954772e-05,2.4361309076460483e-05,1.717083076785328e-05,0.39800904869656606,0.3523556924749836,0.24835446841499342,3,0,1.0
S15,3090,3150,60,30,1.8116169874371842e-06,0.017473166534836507,-0.28818386516625927,0.30692953053549127,0.5951133957017505,-8.208876470079825e-05,0.015555004238015566,0.017473166628750682,12.82308518551563,0.3982448600522735,17.36599220803271,0.011531177840576685,0.013127965937077978,0.007775748729606501,0.30692953053549127,484.3094693042208,0.011531177840576685,0.006564901643700597,0.0003053115487541304,383.08894745791446,0.009121382591440616,-2.8386861375432905e-08,0.013244106677411181,0.25504886142143735,11655,194.25,17890,298.1666666666667,38977,649.6166666666667,0.0003053115487541304,0.7579683196520913,1.500166167518343,0.00031061349440764807,77.14386899343779,63.4033203125,0.00014197396851356768,0.00011886860814074206,4.933991757621816e-05,0.4570759837215621,0.3826897745296903,0.15884666463159075,2,1,0.8461666666666666
S15,3120,3180,60,30,-9.825709274514705e-07,0.013258186528660293,-0.12160232343268802,0.1271714181877431,0.24877374162043114,5.951092062977828e-05,0.013913695874868475,0.013258186565069708,7.382739461756186,0.13251615020125268,4.136550167350085,0.009531671496913025,0.009215571033263795,0.006963439535586142,0.1271714181877431,400.330202870347,0.009531671496913025,0.005763782827487295,0.00017577951002874928,319.4365423577858,0.007605813051686607,6.808372540529273e-08,0.010321913162232748,0.1093002587057531,11564,192.73333333333332,17948,299.1333333333333,39375,656.25,0.00017577951002874928,0.7785312976190079,1.5236570515465797,0.00016616914617050547,78.68169670364374,63.232421875,7.771659094671279e-05,5.766442225387529e-05,3.0443000575946798e-05,0.4676956747853065,0.34702243817697703,0.18320489259004413,2,1,1.0
S15,3150,3210,60,30,2.2391903404646545e-06,0.015352134273951368,-0.1185906031474929,0.10832514022941836,0.22691574337691126,5.302837397096541e-06,0.017612821540328106,0.01535213443725027,9.898897334735038,0.10702695830960639,2.081871490224592,0.01147425659543826,0.01019948368112069,0.008790602538351129,0.1185906031474929,481.9187770084069,0.01147425659543826,0.007144426825889956,0.0002356880267654323,370.26938092353765,0.008816147549311594,3.1459537668038414e-08,0.011702250458885906,0.08674070563166415,10772,179.53333333333333,16897,281.6166666666667,39443,657.3833333333333,0.0002356880267654323,0.7622556088987329,1.509284574358579,0.00023419007301108877,77.89238932286662,63.4033203125,0.00010809062746510088,8.660107391428667e-05,3.8939958748371114e-05,0.46155085087651365,0.36978968749963265,0.16627501861074756,2,1,1.0
S15,3180,3240,60,30,-2.2843858798498686e-06,0.017341876487603394,-0.17123366163121345,0.16150156808312538,0.33273522971433883,-0.00029916444587163647,0.02013071101673922,0.017341876638060548,12.631108783847832,0.20361176393435554,2.80158352161076,0.012980187408541264,0.011500235657100994,0.010067778878062112,0.17123366163121345,545.1678711587331,0.012980187408541264,0.00812641934486306,0.0003007406801112915,424.39257801599155,0.010104825781946988,-4.248088193372818e-08,0.013426423156985418,0.12645549775218076,10829,180.48333333333332,16631,277.18333333333334,39500,658.3333333333334,0.0003007406801112915,0.7742197429778209,1.462789278838563,0.00029800063636839595,80.36283460419313,68.8720703125,0.00012051346299728696,0.00012691409588296086,4.9831242541473347e-05,0.40440673035444513,0.4258853183322281,0.1672185776136085,2,1,1.0
S15,3210,3270,60,30,1.817776244831425e-06,0.015614466595245492,-0.17123366163121345,0.16150156808312538,0.33273522971433883,-0.00021165031922750844,0.017090542764901795,0.015614466701054758,10.24008595505061,0.249981245274364,3.9416076589579916,0.011406092865822916,0.010663611765934252,0.008551582524934606,0.17123366163121345,479.0559003645625,0.011406092865822916,0.006984925978521953,0.00024381156705403738,369.2863077927409,0.008792740488886423,1.0576179099851847e-07,0.01196312943513837,0.12645549775218076,10846,180.76666666666668,16818,280.3,39330,655.5,0.00024381156705403738,0.7661567791743246,1.4799125577635992,0.00024074113099739296,78.96745355210645,67.8466796875,0.00010102802579116488,9.943745246899225e-05,3.9764185846692684e-05,0.4196541960761119,0.413047209909756,0.1651740426820679,2,1,1.0
S15,3240,3300,60,30,-9.32346781860294e-07,0.015736597482833646,-0.10527836922325384,0.13261258665554815,0.237890955878802,-7.057890791455621e-05,0.016502482961160723,0.01573659751045304,10.400901050651868,0.14871006735462292,3.774239643612077,0.011299513590191075,0.010952693450977437,0.00824717851832681,0.13261258665554815,474.57957078802514,0.011299513590191075,0.0068130405490358995,0.0002476405003367263,369.4204433944769,0.008795934269732061,-3.342347263967921e-08,0.012229543947792597,0.10447974766498923,10970,182.83333333333334,16918,281.96666666666664,39215,653.5833333333334,0.0002476405003367263,0.7771402910402494,1.4733248305293463,0.00023223039618867523,80.53035605310725,68.359375,9.54949781310753e-05,9.471104542675874e-05,4.168882601897841e-05,0.4112079198000013,0.40783225185479555,0.1795149416405783,2,1,1.0
S15,3270,3330,60,30,-2.5418093536655726e-06,0.0172657722905537,-0.14682202336340783,0.22313780349714718,0.369959826860555,-0.00025417132560974715,0.01806113566452853,0.01726577247765204,12.520489768501964,0.22549141220867028,5.566145377365231,0.012320809699701998,0.01209564167763645,0.009025834771873853,0.22313780349714718,517.4740073874839,0.012320809699701998,0.007433222520291307,0.00029810689278925195,406.5655876373472,0.009680363523830263,5.305861283088709e-09,0.01370296409903238,0.21128079162003796,10959,182.65,16789,279.81666666666666,39152,652.5333333333333,0.00029810689278925195,0.7936490687143736,1.4385266668021182,0.00030794969768990874,83.31263439898285,72.119140625,0.00011346815618635576,0.00013664935183529918,5.741017516941945e-05,0.368463281625342,0.443739197863733,0.18642711975391796,2,1,1.0
S15,3300,3360,60,30,7.871497267146989e-07,0.018589180917798535,-0.14682202336340783,0.22313780349714718,0.369959826860555,-0.0002753956670663671,0.01889853950630236,0.01858918093446427,14.513421208198494,0.23498357169827197,5.428991972974904,0.013137606930280085,0.01315146121005976,0.009447190791246188,0.22313780349714718,551.7794910717636,0.013137606930280085,0.007844882657385121,0.0003455576471946452,426.206892670313,0.010148024778454558,8.158623157370085e-09,0.01443876188372676,0.21128079162003796,10863,181.05,16558,275.96666666666664,39060,651.0,0.0003455576471946452,0.7767293216185828,1.4422238948298096,0.0003410579847277366,81.61489632583404,70.41015625,0.00012991315382627724,0.0001516123079269194,5.8528973732836854e-05,0.3809122191640981,0.44453528348837834,0.17161003803960193,2,1,1.0
S15,3330,3390,60,30,-4.247869886131103e-06,0.017249107209628814,-0.12655396735710783,0.17530099637026256,0.3018549637273704,-0.00011916394667713998,0.018208345583382225,0.01724910773268192,12.496332138094026,0.17673832508330867,4.375939567182149,0.01233903977654328,0.01205320766296466,0.009100022234605553,0.17530099637026256,518.2396706148178,0.01233903977654328,0.007452926189744929,0.00029753169952926873,399.09755173646465,0.009502548911556576,-4.7250574665080495e-09,0.013204681607806185,0.14537540626453319,10923,182.05,16713,278.55,39192,653.2,0.00029753169952926873,0.7655284095187869,1.4691253571097893,0.00030063957581973684,79.93792502254247,67.67578125,0.0001223316395881865,0.00012741525521267768,4.981309797294031e-05,0.40690464405636473,0.4238139801297342,0.1656904212864117,2,1,1.0
S15,3360,3420,60,30,5.411573467992561e-09,0.015517070425992367,-0.11361152965929383,0.16509928601483068,0.2787108156741245,-9.878902159980957e-05,0.01698082891020696,0.015517070425993311,10.112737933419922,0.13883088499383633,3.236249880326165,0.011358318758341063,0.010572041883626539,0.00849941975108184,0.16509928601483068,477.04938785032465,0.011358318758341063,0.006939262837606537,0.00024077947460520696,361.8891158254479,0.008616612677098213,-9.772474640786157e-08,0.011611830831557743,0.10693028515723414,10832,180.53333333333333,16951,282.51666666666665,39268,654.4666666666667,0.00024077947460520696,0.7483262312264158,1.52919045510896,0.0002452173802622587,76.51729116857233,62.548828125,0.00011627605801646587,8.852829660865722e-05,3.975233275408028e-05,0.47417543524895844,0.3610196655472654,0.16211058413382187,2,1,1.0
S15,3390,3450,60,30,-6.029885355134083e-07,0.013735753044978106,-0.11361152965929383,0.16509928601483068,0.2787108156741245,0.0001389593751274048,0.012759966107167738,0.013735753058213463,7.924178307201261,0.12545526254463726,5.634291317708614,0.009411546203334878,0.010004684409750931,0.006374186577180127,0.16509928601483068,395.2849405400649,0.009411546203334878,0.005398803438048717,0.0001886709117126253,311.8764734268268,0.007425807124617891,1.7914658527643252e-08,0.010341521656825028,0.10693028515723414,12044,200.73333333333332,18172,302.8666666666667,39068,651.1333333333333,0.0001886709117126253,0.7528907678349652,1.5567248339464363,0.0001893697124692974,76.37733227340003,61.0107421875,9.289070837068328e-05,6.355451068159526e-05,3.244539536344576e-05,0.49052568734160007,0.3356107471087774,0.17133360419875035,2,1,1.0
S15,3420,3480,60,30,-9.960563226935794e-07,0.007623841793733014,-0.058770376083900684,0.06296114903949865,0.12173152512339933,0.0002641286847202019,0.0087764369201184,0.007623841858800484,2.4411645168959337,-0.29090824258798814,3.0325587124987106,0.005657212761188099,0.005110666146663168,0.004401818416883632,0.06296114903949865,237.60293596990013,0.005657212761188099,0.00356624291144414,5.8122963695870226e-05,218.31430737257037,0.005198083463238895,-1.9587871582456275e-08,0.006591896587758489,0.04530844764384682,14017,233.61666666666667,19915,331.9166666666667,39952,665.8666666666667,5.8122963695870226e-05,0.8646423635360837,1.565872083901816,5.592548662178986e-05,85.87906743500268,60.83984375,2.772910179836811e-05,1.2079037107712242e-05,1.6051080482721137e-05,0.49582227126413975,0.21598447930189257,0.2870083293377597,2,1,1.0
S15,3450,3510,60,30,1.3179512419606497e-06,0.007460891917077452,-0.044981615869256,0.05830885065279327,0.10329046652204928,0.0002622206708185381,0.008571198781993576,0.007460892033484142,2.3379262172828996,-0.32933296391572847,2.709976339805884,0.005531590287658623,0.005006637476868875,0.004290615318438478,0.05830885065279327,232.32679208166215,0.005531590287658623,0.0034744607733112184,5.5664908198311655e-05,215.73218198043804,0.005136602823410987,4.1544892225254805e-09,0.006488497768997827,0.05009748241310134,14216,236.93333333333334,20282,338.03333333333336,40033,667.2166666666667,5.5664908198311655e-05,0.8696678414743036,1.5822497363684633,5.3883902886378034e-05,85.64568836429588,56.73828125,2.7639819744866755e-05,1.0239526750555737e-05,1.5942458363885107e-05,0.5129513317390779,0.19002941884420016,0.2958668082655793,2,1,1.0
S15,3480,3540,60,30,-4.320937145847685e-07,0.0077924529414974495,-0.0558106362809819,0.11902505231840055,0.17483568859938245,0.00017727077708373773,0.008588490931055733,0.0077924529534773085,2.5503375673506037,-0.10414574185301671,6.073699841042258,0.005658139147214233,0.005357964578356133,0.00430362351652161,0.11902505231840055,237.6418441829978,0.005658139147214233,0.003491160964285599,6.072232284545225e-05,221.2630812533363,0.005268294036842218,5.449192931547262e-09,0.006724918538871293,0.08856463218960227,14331,238.85,20419,340.31666666666666,40008,666.8,6.072232284545225e-05,0.8630040616682875,1.582528568490985,5.911534885418832e-05,85.25226336156959,57.080078125,3.039292850444678e-05,1.1584449518579235e-05,1.701854875854094e-05,0.5141292252104073,0.19596348060387836,0.2878871407917806,2,1,1.0
S15,3510,3570,60,30,8.268176327912997e-07,0.007311525318069695,-0.0558106362809819,0.11902505231840055,0.17483568859938245,0.00015142299414281572,0.007838721390785197,0.007311525364819679,2.2452529327368644,-0.11268330386489675,7.330455768497108,0.00525786123155963,0.0050806789339677624,0.003928402138888321,0.11902505231840055,220.83017172550444,0.00525786123155963,0.0032371503729925945,5.3458402476774146e-05,210.10351408250992,0.005002583730148573,2.115675477363525e-09,0.006392456101931307,0.08856463218960227,14679,244.65,20550,342.5,39993,666.55,5.3458402476774146e-05,0.8742985661463823,1.572010577520447,5.3095196765586333e-05,86.01872809016817,58.6181640625,2.6975880988942996e-05,1.0388138945235825e-05,1.5607802508685625e-05,0.5080663154529906,0.1956511996951276,0.29395884109053394,2,1,1.0
S15,3540,3600,60,30,1.147556038672515e-06,0.008537571637997657,-0.16225431018172887,0.15516597451879122,0.3174202847005201,0.0001448477778471604,0.00861135694106593,0.008537571715120575,3.0613854932147286,-0.0465428111856854,24.037809512359424,0.005829944332505074,0.00623713715343176,0.0043090727986546465,0.16225431018172887,244.8576619652131,0.005829944332505074,0.00354910039305542,7.289012947394201e-05,232.91609831916224,0.005545753430299822,1.5817507174743507e-08,0.007493794923484174,0.18226053846719992,14561,242.68333333333334,20462,341.03333333333336,39811,663.5166666666667,7.289012947394201e-05,0.8777431383570465,1.5163544592925509,7.1528167341166e-05,88.65758689265944,69.04296875,3.118939509346167e-05,2.0413262548150554e-05,1.9811031946950372e-05,0.4360435371522724,0.2853877473301666,0.2769682585667017,2,1,1.0
S15,3570,3630,60,30,1.0054996676816636e-06,0.009019270004466345,-0.16225431018172887,0.15516597451879122,0.3174202847005201,0.0001247575520602988,0.009772029349535305,0.00901927006051465,3.4165837618288295,-0.031077833005976573,19.108859336227273,0.006365717427228954,0.006389434565058909,0.0048936264263049955,0.16225431018172887,267.36013194361607,0.006365717427228954,0.003962321341288975,8.134723141346636e-05,260.0343935071063,0.006191442498800121,3.152989718892797e-08,0.00818281779432398,0.18226053846719992,14768,246.13333333333333,20593,343.21666666666664,39973,666.2166666666667,8.134723141346636e-05,0.907259433443266,1.4829852192175823,8.642297170039038e-05,91.84187973089163,73.3154296875,3.4580870623850625e-05,2.6924393433036538e-05,2.4785489745510843e-05,0.40013517174270485,0.31154209237767877,0.28679284289640883,2,1,1.0
S15,3600,3660,60,30,4.4698542388392475e-07,0.007916611220485224,-0.04822920239971149,0.036672544658535054,0.08490174705824655,0.00019052828904293813,0.009603730679630176,0.007916611233104005,2.6322548034765583,-0.23150530794381705,1.5259569635780448,0.00602903543685811,0.005130639835071028,0.0048027110291091,0.04822920239971149,253.2194883480406,0.00602903543685811,0.003862991869134131,6.267273321631256e-05,249.81585395586305,0.005948138145095432,1.7775882418615652e-08,0.007480970743418887,0.03483941608261469,14902,248.36666666666667,20520,342.0,40163,669.3833333333333,6.267273321631256e-05,0.9449713438069228,1.4665610500062025,6.124003347725919e-05,96.3442004133246,79.296875,2.596793401780371e-05,1.3371458463358146e-05,2.182738489833073e-05,0.424035268162396,0.21834505476427424,0.3564234645044093,2,1,1.0
S15,3630,3690,60,30,3.851670903794363e-06,0.009192257874151209,-0.2593530018561871,0.19771506470480646,0.4570680665609935,0.00019214859256042077,0.010422198857738693,0.00919225868110029,3.548900025731074,-0.8966792175449221,42.20802945553124,0.006638206077085048,0.006358603599723354,0.0052157590004960706,0.2593530018561871,278.80465523757204,0.006638206077085048,0.0041955355771148535,8.449760482489491e-05,267.23492322879304,0.0063628877646799455,1.015738837382408e-07,0.008323256516940556,0.18087362370627413,14331,238.85,20059,334.31666666666666,40034,667.2333333333333,8.449760482489491e-05,0.9054637751564497,1.466737223039603,8.095608627189528e-05,93.18491246270126,75.87890625,3.3054788946646605e-05,2.2730356209090057e-05,2.5018009734791254e-05,0.4083051746798919,0.28077390170207783,0.30903185772551983,2,1,1.0
S15,3660,3720,60,30,2.1224087058822696e-07,0.009820402720036118,-0.2593530018561871,0.19771506470480646,0.4570680665609935,0.00011268142004118033,0.011515715129353513,0.009820402722329617,4.050493004407036,-0.7179086089598059,32.31871543800349,0.007231041301241897,0.00664472357050862,0.0057600400730449695,0.2593530018561871,303.7037346521597,0.007231041301241897,0.0046175490951595195,9.644030958369278e-05,290.0037054692077,0.006905014535327215,-7.74949401720634e-09,0.008958040553867095,0.18087362370627413,13967,232.78333333333333,19852,330.8666666666667,40130,668.8333333333334,9.644030958369278e-05,0.9121866800421956,1.4477517576975436,9.334217122950571e-05,94.48335211264572,77.9296875,3.6823225967677895e-05,2.6609294401198063e-05,2.972549561780008e-05,0.3944972083104702,0.2850725888491738,0.31845729777071835,2,1,1.0
S15,3690,3750,60,30,-1.905227934439721e-07,0.009281708008999221,-0.05016221077236982,0.04429814228901974,0.09446035306138956,0.00014232550165345392,0.011634144231245435,0.009281708010954624,3.6183043512260076,-0.10719786454472528,0.9449444769543658,0.007174993366326806,0.005888087447871809,0.005826880915826517,0.05016221077236982,301.34972138572584,0.007174993366326806,0.0046336259654248665,8.61501035643203e-05,292.52985884826353,0.00696516247644619,1.9595184849984262e-08,0.0087677584817461,0.03941886883836634,14191,236.51666666666668,19888,331.46666666666664,40227,670.45,8.61501035643203e-05,0.9446276992602209,1.4276775677424411,8.525131698111329e-05,97.564177456009,83.740234375,3.3212394815186546e-05,2.1906908726616908e-05,3.0005443012490714e-05,0.38958219053137294,0.256968566614287,0.3519645687014802,2,1,1.0
S15,3720,3780,60,30,-6.58908594818144e-07,0.009209031282149612,-0.04971212678385224,0.04429814228901974,0.09401026907287198,0.00019057590727854538,0.011560965286539684,0.009209031305722154,3.5618628187703685,-0.14348338878013078,0.9794614450998611,0.007110336791397463,0.005852295985565862,0.005780660150665376,0.04971212678385224,298.63414523869346,0.007110336791397463,0.0045820650792911645,8.480625715561013e-05,282.73551376812003,0.0067319582315798,1.64234602432332e-08,0.008498629858878915,0.03930982361566261,13792,229.86666666666667,19582,326.3666666666667,40138,668.9666666666667,8.480625715561013e-05,0.922858181115346,1.4484293060804778,8.337197226364301e-05,94.98798237678405,79.98046875,3.3373558421187973e-05,2.2327812681648578e-05,2.754758733167924e-05,0.4002970964349079,0.26780957767248753,0.3304178440755472,2,1,1.0
S16,90,150,60,30,-1.9610822245241915e-06,0.011037181194845825,-0.08369894908911309,0.05759372560315321,0.1412926746922663,0.0002214502322381586,0.013729650151631752,0.011037181369068002,5.116413648095476,-0.17412515567654557,1.3839188978904131,0.008489407785231438,0.007053320354964297,0.0068652445091317085,0.08369894908911309,356.5551269797204,0.008489407785231438,0.005464442863854286,0.00012181936872785833,329.9306391847619,0.007855678449124073,4.194038070159611e-09,0.01011096748730715,0.06478806134841716,13018,216.96666666666667,18495,308.25,40020,667.0,0.00012181936872785833,0.9160824044484109,1.3848618717056063,0.00011948528771061863,96.96541929190778,80.6640625,3.867484990347777e-05,4.4398661348634274e-05,3.607802492587761e-05,0.3236787611638378,0.371582662596615,0.3019453324936118,1,0,0.8605
S16,120,180,60,30,8.069195315194657e-07,0.011024287496711319,-0.08369894908911309,0.07212403935513881,0.1558229884442519,0.00020388750294168053,0.013646899438827659,0.01102428752624244,5.104466449373115,-0.05640897102133471,1.5604688440020462,0.00846679850813761,0.007060328496880538,0.006824370915374486,0.08369894908911309,355.6055373417796,0.00846679850813761,0.005462737120823267,0.00012153491481014553,328.0240377906984,0.007810282096971318,1.890523323684497e-08,0.010041577785810699,0.06478806134841716,12917,215.28333333333333,18483,308.05,40052,667.5333333333333,0.00012153491481014553,0.9108595715420361,1.3864600501203967,0.00012432060211204992,95.62382892073862,80.1513671875,4.066600604880171e-05,4.7266994102533504e-05,3.610262833172358e-05,0.3271059290088502,0.3802024226035509,0.29039940056905733,1,0,1.0
S16,150,210,60,30,-9.368655231172045e-07,0.010222511470840388,-0.06043768757502261,0.07212403935513881,0.1325617269301614,0.0001238984858018818,0.012790861308091485,0.010222511513770982,4.388989149265573,0.020789805681632887,1.3129738112664349,0.007896305258096693,0.0064921571854149405,0.006399777634468024,0.07212403935513881,331.6448208400611,0.007896305258096693,0.005118380426530533,0.0001044997407714633,319.16697198886106,0.007599394556748043,-2.166660921835983e-08,0.009685889733563316,0.05780394137991642,13621,227.01666666666668,19176,319.6,40207,670.1166666666667,0.0001044997407714633,0.9475058806431491,1.3673707830838504,0.0001060753021685842,100.3804366778706,84.765625,3.26744370061024e-05,3.85419429349832e-05,3.4631511477343986e-05,0.30803058146535667,0.36334511565877003,0.3264804414349397,1,0,1.0
S16,180,240,60,30,-1.8768836762541387e-06,0.0087741140926446,-0.043439201477085854,0.04047307864368789,0.08391228012077374,0.00016580771624747563,0.011474794820415767,0.008774114293388074,3.23337342860435,-0.08971030043194277,0.3046995794815732,0.006923057490603861,0.005390394847803884,0.0057410674570241745,0.043439201477085854,290.7684146053622,0.006923057490603861,0.0045582147089696864,7.698507811074457e-05,297.02559577396363,0.007072206380484384,-5.910773293917757e-08,0.008879466321197892,0.04203124919634788,14478,241.3,19659,327.65,40297,671.6166666666667,7.698507811074457e-05,1.0120071641924067,1.3171494178033065,7.547348045731823e-05,110.20840499831058,99.6337890625,1.9013242601488387e-05,2.6330556718617966e-05,2.9961660553259934e-05,0.25191951512347116,0.3488716375483495,0.3969826271653638,1,0,1.0
S16,210,270,60,30,-7.823799071814614e-07,0.008832028910334732,-0.057294815691632486,0.043531222233255576,0.10082603792488806,0.00018558839051474802,0.011523131150666917,0.008832028944988057,3.276198881974487,-0.12416043718164939,0.4550279468210743,0.006954534837221691,0.005444187770730976,0.005768733906687302,0.057294815691632486,292.09046316331103,0.006954534837221691,0.004571944549650677,7.800473467298852e-05,294.98444612280207,0.007023606422124386,-1.189908128545659e-08,0.00882750113645424,0.051606972200163706,14210,236.83333333333334,19221,320.35,40248,670.8,7.800473467298852e-05,0.9994873461209808,1.315788789546238,7.840318631354844e-05,107.97085335989097,97.412109375,1.932686764877003e-05,2.9309899965017274e-05,2.9625929396063163e-05,0.2465061505469741,0.37383557152641367,0.3778663953475532,1,0,1.0
S16,240,300,60,30,-1.1437954956860542e-07,0.009472944698617017,-0.07393943071137328,0.06497329913426166,0.13891272984563494,0.00012752016573099859,0.01236578204184413,0.009472944699307545,3.7689406135978345,-0.10523801466276264,0.6264356048758213,0.007440496214684634,0.0058630791701462254,0.006184808381450092,0.07393943071137328,312.50084101675463,0.007440496214684634,0.0048602263394559595,8.973668126305625e-05,299.89143234862786,0.007140442209305647,2.2787462499612143e-08,0.009006864214242113,0.051606972200163706,13393,223.21666666666667,18670,311.1666666666667,40246,670.7666666666667,8.973668126305625e-05,0.9507987749107257,1.354240037000667,8.818352440043949e-05,101.75936519422065,88.8671875,2.543076856385825e-05,3.278576718587741e-05,2.977018005651515e-05,0.28838457905558046,0.3717901661198973,0.3375934479702739,1,0,1.0
S16,270,330,60,30,-3.0119816372656043e-07,0.00988714213888256,-0.07393943071137328,0.06497329913426166,0.13891272984563494,7.851416366526278e-05,0.0128067895398127,0.009887142143470353,4.105734350137877,-0.08360023660712176,0.7443708881788997,0.007742090117184389,0.006149440656074612,0.006397347538630392,0.07393943071137328,325.1677849217443,0.007742090117184389,0.005049399729717442,9.77555796744672e-05,303.51072947254505,0.0072266180021558855,-2.5400344389934833e-08,0.009159434241452581,0.047557630591702094,13084,218.06666666666666,18412,306.8666666666667,40208,670.1333333333333,9.77555796744672e-05,0.9263985601493312,1.3709515482559558,9.878990997206349e-05,97.18953685492116,82.8857421875,3.186414252784601e-05,3.6420917560918474e-05,3.026659109494266e-05,0.32254450415894476,0.3686704195926268,0.3063733037463205,1,0,1.0
S16,300,360,60,30,1.0956021509719607e-06,0.009720957681661332,-0.06458882652667322,0.07773002570281178,0.14231885222948498,0.00010304530523675207,0.012517373900360859,0.009720957743401343,3.9688748168577703,-0.062342119930374064,0.8132328448295607,0.007599388342023807,0.006061873990451071,0.006258757687704496,0.07773002570281178,319.1743103649999,0.007599388342023807,0.004965375775132175,9.449701824865045e-05,302.5835790369291,0.007204542466176078,-1.5238913956551803e-08,0.009144645314502231,0.07934190524778041,13343,222.38333333333333,18654,310.9,40182,669.7,9.449701824865045e-05,0.9407144454248251,1.3639384049741627,9.446478467735889e-05,100.44885184493336,85.791015625,2.814975415365188e-05,3.5253833957187225e-05,3.085113332642226e-05,0.2979920427468962,0.3731955148957936,0.3265887222608214,1,0,1.0
S16,330,390,60,30,4.119213623945999e-07,0.009138086216695413,-0.04998813459676898,0.07773002570281178,0.12771816029958075,0.0001560730839230899,0.012035285006433593,0.009138086225979591,3.5071940346843924,-0.0524153933253737,0.48757092333650043,0.007215092443065001,0.005607767908131025,0.00601385475154575,0.07773002570281178,303.03388260873004,0.007215092443065001,0.004752812423415688,8.35046197037587e-05,289.67774890853957,0.006897253480048086,-5.2185922230106204e-08,0.00871984865167023,0.07934190524778041,13355,222.58333333333334,18764,312.73333333333335,40157,669.2833333333333,8.35046197037587e-05,0.9542313833435869,1.353400480304255,8.338708869352982e-05,101.59307319471756,87.3291015625,2.419434019073055e-05,3.1169749620108485e-05,2.7802899443030163e-05,0.2901449201524629,0.3737958730597464,0.3334197161531009,1,0,1.0
S16,360,420,60,30,5.358889998146812e-07,0.009210100714082566,-0.04998813459676898,0.04836467480656758,0.09835280940333656,0.00021322926838076748,0.012119580627683705,0.009210100729672896,3.5626901289302904,-0.07747572611942734,0.2872591184790405,0.007277030734411224,0.005645421077400306,0.006073651230507406,0.04998813459676898,305.6352908452714,0.007277030734411224,0.004798671097663904,8.482595516354418e-05,290.0305723819407,0.006905654238956659,3.2285065198024273e-09,0.00873040151313394,0.04218238294642637,13262,221.03333333333333,18610,310.1666666666667,40120,668.6666666666666,8.482595516354418e-05,0.9479159657597286,1.3540902814132532,8.561124433316883e-05,101.04788221355273,88.18359375,2.532027562349136e-05,3.178031758142867e-05,2.829833518654653e-05,0.2957587618392014,0.3712166296491482,0.3305446078603807,1,0,1.0
S16,390,450,60,30,-9.646859940958116e-07,0.00923559652597076,-0.05010953902709113,0.04836467480656758,0.0984742138336587,0.0002152647540606586,0.011922484268235702,0.009235596576352945,3.582442253087974,-0.11024281166901138,0.48587857343602936,0.007244926073979389,0.005727764861070663,0.005977231217510064,0.05010953902709113,304.28689510713434,0.007244926073979389,0.004747590630471756,8.529624319052317e-05,296.95863679243405,0.007070612081059883,-3.3827349316507405e-08,0.008952218718516666,0.0503438010139707,13730,228.83333333333334,18848,314.1333333333333,40149,669.15,8.529624319052317e-05,0.9693167835280343,1.3361362280413314,8.566713242401879e-05,103.6440962192027,92.7978515625,2.3859430704090695e-05,3.150968935378068e-05,3.0107789933547232e-05,0.2785132410642141,0.36781538569331407,0.351450889992739,1,0,1.0
S16,420,480,60,30,-1.3702817648801486e-07,0.009043275981650379,-0.05010953902709113,0.04784559735283757,0.0979551363799287,0.00024772096861250075,0.011807239554516714,0.009043275982688538,3.434795300960997,-0.13313807113589712,0.40882299274777134,0.0071203520648240775,0.005575071925278349,0.005914739775377579,0.05010953902709113,299.05478672261125,0.0071203520648240775,0.004670581671013615,8.178084048029462e-05,292.9471163499035,0.006975097415412356,-2.2489628911780064e-10,0.00883420700372936,0.0503438010139707,13754,229.23333333333332,18924,315.4,40197,669.95,8.178084048029462e-05,0.9768812786046519,1.328910762764523,8.221794168742383e-05,104.82162972978921,94.1650390625,2.18169217672359e-05,3.072346619015991e-05,2.951871876900857e-05,0.26535475492903327,0.37368323214614624,0.3590301357972793,1,0,1.0
S16,450,510,60,30,1.5828468584321827e-06,0.00906898611945259,-0.05664749492115151,0.04091355158094104,0.09756104650209255,0.00023800871776174094,0.011978195515184987,0.009068986257582923,3.454353493089572,-0.13370321192068665,0.29436356832816424,0.00716649078707914,0.0055576903061377685,0.005993961440150598,0.05664749492115151,300.99261305732387,0.00716649078707914,0.004703250985687975,8.224650923482373e-05,290.07203982069194,0.006906641582435104,-2.5241160786709268e-08,0.008786064682355727,0.07071074582866585,13424,223.73333333333332,18736,312.26666666666665,40204,670.0666666666667,8.224650923482373e-05,0.968803410505833,1.335913510099609,8.220180331328263e-05,103.8247420678446,92.626953125,2.2644848029507133e-05,3.0240343847829805e-05,2.915270740834861e-05,0.27547872573068055,0.3678793241625078,0.35464802757724845,1,0,1.0
S16,480,540,60,30,1.2513987229844099e-06,0.009988921502383282,-0.12300645338798703,0.1108263084267256,0.23383276181471263,0.00018716102671429444,0.012294469244970864,0.009988921580770062,4.190699282564502,-0.2663997540575134,4.464380177138544,0.007574426067837624,0.0065120368618148735,0.006156745560367657,0.12300645338798703,318.1258948491802,0.007574426067837624,0.004892882896135257,9.97785527807751e-05,300.1870393208717,0.007147480638131186,4.098095202320787e-08,0.00921897235908551,0.07613069012447837,13236,220.6,18702,311.7,40044,667.4,9.97785527807751e-05,0.9229196922696742,1.3831511771425422,0.00010061120178920331,97.0480638885552,80.8349609375,3.3040255501544206e-05,3.682036139242397e-05,3.049567100259844e-05,0.3283953964765163,0.36596681818361104,0.3031041321471519,1,0,1.0
S16,510,570,60,30,-2.3478226405209826e-06,0.010802113103948172,-0.12300645338798703,0.1108263084267256,0.23383276181471263,0.00014003355666557292,0.013044105478350929,0.010802113359095986,4.9007974269559185,-0.22293209326800284,3.9853502665232217,0.008136368450807533,0.007105291088721402,0.006525539674086105,0.12300645338798703,341.72747493391637,0.008136368450807533,0.0052178188158383135,0.00011668564751048879,319.4301651063881,0.007605661208752305,3.905275755308368e-08,0.00980206011049105,0.07613069012447837,13219,220.31666666666666,18772,312.8666666666667,40049,667.4833333333333,0.00011668564751048879,0.9074206144822163,1.4044212477330194,0.0001093451213424957,97.53208078968402,80.8349609375,3.611299250803071e-05,3.890982849258045e-05,3.396472851449209e-05,0.33026615238658863,0.35584421156482454,0.31061951459275666,1,0,1.0
S16,540,600,60,30,2.236533351899234e-06,0.010138204626476768,-0.09511474164904728,0.07652906946770702,0.1716438111167543,0.0001713116700383559,0.012835196927703357,0.010138204873171405,4.316894318116649,-0.11029630090311135,1.3727642098902173,0.007854028011086095,0.006410728667746858,0.0064198490088379105,0.09511474164904728,329.86917646561596,0.007854028011086095,0.005103548101937345,0.00010278319304831495,315.1348928892116,0.007503390387609505,1.0298906979228891e-08,0.009561781523024483,0.07011761534389263,13360,222.66666666666666,18946,315.76666666666665,40207,670.1166666666667,0.00010278319304831495,0.9431434731602371,1.3720325136025846,0.00010447343239784984,99.17829012083473,83.5693359375,3.309125011967948e-05,3.753053463248284e-05,3.3594288214498576e-05,0.3167432079158963,0.35923520239634865,0.3215581937287817,1,0,1.0
S16,570,630,60,30,-1.2262651150285376e-06,0.009393575407186225,-0.06207407340524644,0.05355421043657726,0.11562828384182369,0.00014094782752194918,0.012037277751670676,0.009393575487226361,3.706048938237239,-0.1093605206293185,0.7889424717105791,0.00733287128332196,0.0058709674821491005,0.006020381956632514,0.06207407340524644,307.9805938995223,0.00733287128332196,0.004791642271474458,8.823925893049385e-05,303.1955041531645,0.007219112458705315,-7.328640710832027e-09,0.009153924140813278,0.05106605480138028,13785,229.75,19370,322.8333333333333,40258,670.9666666666667,8.823925893049385e-05,0.974487747637645,1.3496109886207344,8.909143658504756e-05,103.78346972627573,90.234375,2.605512633897341e-05,3.1405337706208235e-05,3.14398289378657e-05,0.2924537681475248,0.35250680547987784,0.3528939496654421,1,0,1.0
S16,600,660,60,30,2.135477082405553e-06,0.00873262921024776,-0.06207407340524644,0.05355421043657726,0.11562828384182369,6.748729019458665e-05,0.011123712025882672,0.00873262947135253,3.2028703343252607,-0.07497437434758387,0.9015412845677866,0.0067971805600147445,0.00548244050751966,0.005563833544342395,0.06207407340524644,285.48158352061927,0.0067971805600147445,0.004399690369001311,7.625881292367242e-05,291.7958762683818,0.006947686284634915,-2.8028924422852843e-09,0.008809492743302822,0.05106605480138028,14436,240.6,19932,332.2,40259,670.9833333333333,7.625881292367242e-05,1.0088018775565168,1.3332676890057154,7.781647620387186e-05,107.84408770000869,95.5322265625,2.198387416697616e-05,2.5638588766373194e-05,3.0032817007329974e-05,0.28250924790503845,0.3294750677119136,0.3859441916728125,1,0,1.0
S16,630,690,60,30,-8.627363638835849e-07,0.008003977660929114,-0.04269327484973486,0.04669184678362604,0.0893851216333609,8.42056563220687e-05,0.010521818357493131,0.008003977707425622,2.6906736839205854,-0.030110136509339684,0.3319412006876816,0.0063096933308338645,0.0049245740132317,0.005260019764463031,0.04669184678362604,265.0071198950223,0.0063096933308338645,0.004123246797912641,6.406365839665229e-05,275.08312955959315,0.0065497542693776795,4.763817963726991e-09,0.00824358856221537,0.03834771316798573,14615,243.58333333333334,20205,336.75,40326,672.1,6.406365839665229e-05,1.0299364780159121,1.324127254643942,6.270775723244445e-05,111.23870706818029,99.12109375,1.686159172612739e-05,2.015867737162247e-05,2.557306605606093e-05,0.26889164068848803,0.3214702336889278,0.4078134378377935,1,0,1.0
S16,660,720,60,30,-8.574893054408432e-07,0.008091599542751082,-0.04427329439601403,0.051696668880914134,0.09596996327692817,8.16366069300101e-05,0.010541679126929951,0.008091599588186345,2.7499073236125717,-0.028782230614031547,0.6533609594515872,0.006341875857721961,0.005025394959680359,0.005268257689239419,0.051696668880914134,266.35878602432234,0.006341875857721961,0.004150486586928563,6.54739831602495e-05,273.6099425592727,0.006514677553257762,-1.564156708918108e-08,0.008200414785776157,0.044994002189183785,14584,243.06666666666666,20234,337.23333333333335,40327,672.1166666666667,6.54739831602495e-05,1.0134479273782844,1.341968300928336,6.563951828064902e-05,108.41485259117508,94.677734375,1.8721233857185464e-05,2.1486363821325203e-05,2.5320555675957384e-05,0.2852128465833762,0.32733884074922487,0.3857516986595872,1,0,1.0
S16,690,750,60,30,8.835436654311697e-07,0.008217410420552683,-0.04427329439601403,0.07661373908174943,0.12088703347776346,3.3170663745384294e-05,0.010475266037264728,0.008217410468052404,2.8360850616192037,0.015648654497576107,1.022223056671728,0.006393731352406183,0.005161979677770481,0.005235292829962485,0.07661373908174943,268.5367168010597,0.006393731352406183,0.004157617746166301,6.752583401980782e-05,273.755094333255,0.006518133630163932,4.9095894716971076e-08,0.008247455185490485,0.04931590523881368,14556,242.6,20124,335.4,40298,671.6333333333333,6.752583401980782e-05,1.003656232730284,1.353754346211266,6.636567676911722e-05,107.78910106289749,93.65234375,1.9299633294720117e-05,2.1550794124802757e-05,2.538919884954878e-05,0.29080745099402133,0.3247280096272786,0.38256520667869476,1,0,1.0
S16,720,780,60,30,1.194433367592889e-06,0.008425309021004752,-0.05242040354547943,0.07661373908174943,0.12903414262722884,-1.9560226624244607e-06,0.010702538391763808,0.008425309105670555,2.9814050080959964,0.02472308275972255,1.1455165521397639,0.0065362462306428675,0.005316325680251546,0.005348847323047467,0.07661373908174943,274.52234168700045,0.0065362462306428675,0.004238532632776517,7.098583209942407e-05,280.5937823027872,0.0066809634110999595,-8.600328867264453e-09,0.008480637971932532,0.05681202798501113,14497,241.61666666666667,20031,333.85,40304,671.7333333333333,7.098583209942407e-05,1.0065669936603916,1.3441082190517422,7.156500680576649e-05,106.72414397908017,91.943359375,2.0907773166282362e-05,2.353381499775852e-05,2.699912487212283e-05,0.2921507884856049,0.32884528414328656,0.3772671320412328,1,0,1.0
S16,750,810,60,30,1.2763726735629765e-06,0.008809476567936453,-0.06047250726853849,0.06456783171036921,0.1250403389789077,5.451997524721973e-05,0.011255072821715851,0.008809476660400925,3.259488919266243,-0.055660625700854664,0.8339804599770289,0.006867030251739332,0.005518222046261413,0.005621992972906945,0.06456783171036921,288.41527057305194,0.006867030251739332,0.004468376310122704,7.760687740102144e-05,294.3043388591025,0.007007413006478784,-1.703890607004798e-08,0.008857702629871185,0.05681202798501113,14436,240.6,19703,328.3833333333333,40327,672.1166666666667,7.760687740102144e-05,1.0054743390895955,1.324832513521344,7.540519330743148e-05,108.88991149850223,97.2412109375,1.960104755171928e-05,2.6244976605283305e-05,2.9408693579053904e-05,0.2599429388345261,0.3480526400652667,0.39000886131480234,1,0,1.0
S16,780,840,60,30,-2.6654429890074683e-07,0.008950422780846044,-0.06047250726853846,0.05979412785363659,0.12026663512217504,0.0001388551490249302,0.01119362812767142,0.0089504227848149,3.3646228571312156,-0.09966020774920285,0.9440133060021227,0.006933773810309413,0.005659756953651012,0.005605889394242613,0.06047250726853846,291.21850003299534,0.006933773810309413,0.004480541074446862,8.011006795588783e-05,294.30049177739056,0.007007321407114231,-2.307188211414713e-08,0.008895797092972288,0.04650834566970392,14351,239.18333333333334,19590,326.5,40306,671.7666666666667,8.011006795588783e-05,0.99389685948795,1.331610291812728,7.874747626357663e-05,106.26463470856788,93.310546875,2.1259155439040716e-05,2.8518858292276627e-05,2.8774271283159513e-05,0.2699661811114294,0.36215583845278815,0.3653992819636378,1,0,1.0
S16,810,870,60,30,-1.0266206910754215e-06,0.009010167844246976,-0.06037702250272138,0.05979412785363659,0.12017115035635798,0.00016984378959279933,0.011011274014173004,0.009010167902733679,3.409691276688994,-0.10380796726499832,1.5272240950228335,0.0068894908376649164,0.005806723829594739,0.005508143100778753,0.06037702250272138,289.3586151819265,0.0068894908376649164,0.004417042159993013,8.118312458150219e-05,293.1329295979714,0.006979521645705169,-2.969383002851627e-08,0.008913862040510694,0.051551186402826646,14440,240.66666666666666,19828,330.46666666666664,40255,670.9166666666666,8.118312458150219e-05,0.9893114306635504,1.3457740882192661,8.017496707705412e-05,106.56401811870712,92.28515625,2.2107664178482432e-05,2.872198242594049e-05,2.9115160290478185e-05,0.2757427284907435,0.3582412749647471,0.3631452727943916,1,0,1.0
S16,840,900,60,30,-3.367514025022198e-07,0.009062717009409797,-0.06037702258258849,0.06454195259335142,0.12491897517593992,0.00011989562370193804,0.011257744853626014,0.009062717015666282,3.4495792676539807,-0.06630539066169934,1.4979782033377127,0.00697485382394009,0.005786558030532096,0.005634763672321247,0.06454195259335142,292.9438606054838,0.00697485382394009,0.00450547010610132,8.213283959264564e-05,290.8839510447376,0.006925973262333332,5.1191844856900495e-09,0.008805108564320731,0.05155118640282666,14030,233.83333333333334,19705,328.4166666666667,40194,669.9,8.213283959264564e-05,0.9715749212050216,1.3712015358560972,8.182885247304173e-05,103.36282968898199,88.525390625,2.536063998297998e-05,2.796633859661747e-05,2.833459931397091e-05,0.30992295769190903,0.34176623222024155,0.3462666096082144,1,0,1.0
S16,870,930,60,30,1.453151675816063e-06,0.009058611820513644,-0.08399612490030364,0.07061457800093057,0.15461070290123421,3.8681245479206343e-05,0.01132161796825228,0.009058611937068466,3.4464549095087706,-0.03890037905950957,1.421952558465697,0.006992570115639737,0.005758681568229083,0.005668808918565964,0.08399612490030364,293.68794485686897,0.006992570115639737,0.004510597212783586,8.205844811474952e-05,281.2533427206795,0.0066966676044829514,1.6682813354881223e-08,0.00851718515491515,0.05168483679444308,13399,223.31666666666666,19543,325.71666666666664,40139,668.9833333333333,8.205844811474952e-05,0.9402307244944077,1.4090974871246673,8.310359720125119e-05,97.92932394894702,78.7841796875,2.9834999305754566e-05,2.659700236178108e-05,2.6505335719696815e-05,0.3590097217272489,0.3200463428480884,0.31894330224369344,1,0,1.0
S16,900,960,60,30,1.076461958942026e-06,0.008603401422009238,-0.08399612490030364,0.07061457800093057,0.15461070290123421,0.0001060837369364282,0.010873693135024494,0.008603401489352973,3.10877772185404,-0.10090199076103255,1.1429285066379222,0.006678923329620074,0.00542314487581308,0.0054359385571099966,0.08399612490030364,280.5147798440431,0.006678923329620074,0.004330827134160751,7.40185160282306e-05,273.86075369414164,0.006520649389131685,-3.6795254959829403e-09,0.008276507517697547,0.05168483679444308,13696,228.26666666666668,19695,328.25,40173,669.55,7.40185160282306e-05,0.962004108808008,1.3899811066760355,7.501769462999807e-05,100.98952437893547,82.5439453125,2.5716706639280577e-05,2.3515130985781467e-05,2.5628153795289867e-05,0.34280854358588864,0.3134611254286431,0.34162811749538463,1,0,1.0
S16,930,990,60,30,2.095470867360128e-06,0.009251497891589449,-0.07483139491740791,0.05105261820217176,0.12588401311957967,0.00019296569294225568,0.011516583419970854,0.009251498128902268,3.594789140421451,-0.1410828170816427,1.2143915939878003,0.007141575167068822,0.005881166700765085,0.005763598238111052,0.07483139491740791,299.94615701689054,0.007141575167068822,0.004611575839731941,8.559021323808401e-05,290.22365901100363,0.00691025164911078,4.507397351763434e-09,0.008838766079091183,0.05577985210054177,13606,226.76666666666668,19559,325.98333333333335,40105,668.4166666666666,8.559021323808401e-05,0.9553875688742814,1.392051811107727,8.199923112525221e-05,100.89030299305563,83.2275390625,2.7814844005482435e-05,2.6192701065720755e-05,2.7795777511984267e-05,0.3392085952976292,0.31942617883467617,0.33897607490400444,1,0,1.0
S16,960,1020,60,30,4.906037670395334e-07,0.010770298014561128,-0.09563227647221188,0.08443566186152601,0.1800679383337379,0.00023587507362657725,0.013192598338365585,0.010770298025735007,4.871971421652359,-0.24521124863352461,2.0081870054650652,0.008229765801663305,0.006947681225626616,0.006603478093427722,0.09563227647221188,345.6501636698588,0.008229765801663305,0.0052851554951685595,0.00011599931932245936,330.43161089649504,0.007867606631026812,-4.902074737203868e-08,0.010144054166304107,0.08036328967836462,13385,223.08333333333334,19259,320.98333333333335,40077,667.95,0.00011599931932245936,0.9418545478119216,1.388233910181839,0.00011805367685808586,98.90779136027507,81.005859375,3.826944155605513e-05,4.168101612958944e-05,3.7857214362238694e-05,0.3241698401487267,0.353068343476458,0.32067797776216184,1,0,1.0
S16,990,1050,60,30,2.3883539710466904e-06,0.010563562320370114,-0.09563227647221188,0.08443566186152601,0.1800679383337379,0.000229903029002406,0.013195965340146103,0.010563562590365899,4.686731893224272,-0.2594066460308578,1.8177609445967375,0.008124419562491412,0.006751493269876284,0.006591900154644473,0.09563227647221188,341.2256216246393,0.008124419562491412,0.0052298601117627495,0.00011158884889634322,334.9044894597436,0.007974106275381405,-1.60670249949407e-08,0.010211933772343753,0.08036328967836462,13785,229.75,19389,323.15,40191,669.85,0.00011158884889634322,0.9667130710869852,1.3583634298694829,0.00011156254921442692,102.5630868770656,86.81640625,3.2605705305529445e-05,4.041191394987782e-05,3.8293203971843993e-05,0.292263896218974,0.36223548345246914,0.34324425393187447,1,0,1.0
S16,1020,1080,60,30,-2.2435150626615427e-07,0.00980461503134661,-0.05696336102619169,0.049994731956971614,0.1069580929831633,0.00021018982698836793,0.012646193958204977,0.009804615033913442,4.037479990456142,-0.15728272312174,0.5212130038545437,0.007680377751489374,0.006094446123945023,0.006326331200036743,0.05696336102619169,322.5758655625537,0.007680377751489374,0.0049879539942801945,9.613047591290788e-05,321.0690637018969,0.007644683532986425,2.8131781965783965e-08,0.009693699039617783,0.05183984978312885,14002,233.36666666666667,19580,326.3333333333333,40293,671.55,9.613047591290788e-05,0.9886873690222192,1.3432044487191939,9.501643470720655e-05,105.71162139855035,91.259765625,2.6725409738942613e-05,3.3242686803778174e-05,3.4821993444664705e-05,0.28127144342236216,0.3498624938539908,0.36648389883254184,1,0,1.0
S16,1050,1110,60,30,1.12392410680983e-06,0.009250344191601065,-0.0569956883929164,0.04606795258525086,0.10306364097816725,0.00024333786675977522,0.012015199067910773,0.009250344259879896,3.5938924949043036,-0.18451830492893292,0.5045073695015971,0.007267646151677044,0.005722778026475149,0.0060178452129613196,0.0569956883929164,305.24113837043586,0.007267646151677044,0.004759868829851702,8.556886766308756e-05,304.3430536231334,0.007246435715686884,2.9625912782068695e-08,0.009184421883394748,0.051781485050173846,14049,234.15,19667,327.78333333333336,40282,671.3666666666667,8.556886766308756e-05,0.9928735291529832,1.3454286042604489,8.430985365314711e-05,106.43734734032931,91.6015625,2.4018208114376365e-05,2.8587237222911056e-05,3.148718401224459e-05,0.28488020170439254,0.33907350071463394,0.3734697979880699,1,0,1.0
S16,1080,1140,60,30,-7.728893331751276e-07,0.008970843575663865,-0.05499488627929691,0.03784782958945025,0.09284271586874716,0.00023059614066210828,0.011833816545715215,0.008970843608958277,3.379993472368277,-0.18871015533306626,0.3572578004169884,0.007090135437660143,0.00549599986645045,0.005934696035509441,0.05499488627929691,297.785688381726,0.007090135437660143,0.004677971910634917,8.047603445902963e-05,292.9428999766241,0.006974997023182079,-5.604530193988306e-08,0.008807877399608272,0.0397854158487113,13876,231.26666666666668,19367,322.78333333333336,40275,671.25,8.047603445902963e-05,0.9818337958207534,1.3501429365111979,7.99404802822541e-05,105.47813276099292,92.28515625,2.297518233324443e-05,2.7327127712878746e-05,2.943311072673597e-05,0.28740360643473223,0.341843426714376,0.36818781451917043,1,0,1.0
S16,1110,1170,60,30,4.039542178338688e-06,0.00970990019271615,-0.07288948566076751,0.05423852987990054,0.12712801554066805,0.00024221052529512736,0.012520537975809421,0.009709901032987418,3.9598514789572263,-0.16521332477053982,0.8415577916343082,0.007589908976510815,0.006056026733650596,0.0062633083874369735,0.07288948566076751,318.77617701345423,0.007589908976510815,0.004955536985721331,9.428216175250915e-05,306.0901669223526,0.0072880346418332,5.690526176973583e-08,0.009250183233761792,0.058096910306918374,13623,227.05,18912,315.2,40180,669.6666666666666,9.428216175250915e-05,0.9526548213853716,1.363158946586088,9.047046787091453e-05,102.30638657304677,88.18359375,2.663918189807594e-05,3.2535518498308036e-05,3.1101830648463206e-05,0.2944516871083874,0.3596258454718119,0.34377881954628614,1,0,1.0
S16,1140,1200,60,30,-3.6694713772984793e-07,0.009512730812933917,-0.07727063475416138,0.05325291576537445,0.13052355051953582,0.000263317650201627,0.01215085043552551,0.009512730820011285,3.8006660014676887,-0.19422653259664166,1.1959633901190116,0.007398919358504122,0.0059789664642265344,0.006082343802205755,0.07727063475416138,310.7546130571731,0.007398919358504122,0.0048189921582555495,9.049204751934238e-05,297.9583632369129,0.007094415658394554,3.257476443548046e-09,0.009031501948379914,0.05789928281032062,13573,226.21666666666667,18975,316.25,40133,668.8833333333333,9.049204751934238e-05,0.9494121221321954,1.3709222116779354,9.20988383860001e-05,100.1037060237015,85.107421875,2.948561620672307e-05,3.182012627197293e-05,3.0628763033109535e-05,0.32015187947479223,0.3454997568873778,0.3325640536826293,1,0,1.0
S16,1170,1230,60,30,1.0509845482133772e-06,0.009087848086988417,-0.07727063475416138,0.05174651364066124,0.12901714839482262,0.00024069629074090692,0.011724799338127073,0.009087848147760149,3.4687373261833976,-0.2059707002372627,0.9982207194019601,0.0071017477084242935,0.005670464129384634,0.005859064970831458,0.07727063475416138,298.27340375382033,0.0071017477084242935,0.004652981420931254,8.258898285217903e-05,282.2681213952984,0.0067208295767827424,1.9410429566101392e-08,0.008544927925936483,0.05147637352882904,13242,220.7,18866,314.43333333333334,40137,668.95,8.258898285217903e-05,0.9402586667542052,1.3836848973270397,8.246945119988819e-05,98.8124458371707,83.740234375,2.725644554547821e-05,2.779078571375186e-05,2.7254534872595762e-05,0.3305035397824396,0.3369827894985378,0.33048037153220094,1,0,1.0
S16,1200,1260,60,30,-3.525933364793415e-07,0.010516677490564041,-0.1188781947216641,0.1461137955955044,0.26499199031716847,0.00019943530254952404,0.012242948412376883,0.01051667749647475,4.645221233724054,0.07187017489491684,9.101629062423513,0.007712938072864642,0.00714920218269238,0.006134372840313287,0.1461137955955044,323.94339906031496,0.007712938072864642,0.0049128769093105115,0.00011060050544053637,286.29947113309316,0.006816816379749355,-5.358651224920932e-09,0.009111291393459203,0.1557834610231742,12294,204.9,18331,305.51666666666665,39731,662.1833333333333,0.00011060050544053637,0.8663659603172386,1.4426424743298787,0.00010694259393864247,90.83158337720137,72.9736328125,4.054929911587895e-05,3.800265997501504e-05,2.8134668875116595e-05,0.3791688383689647,0.3553556966910564,0.2630819754686206,1,0,1.0
S16,1230,1290,60,30,-6.340747627899842e-07,0.010271913953306053,-0.1188781947216641,0.1461137955955044,0.26499199031716847,0.00020692369938058526,0.012055854064520168,0.010271913972876447,4.431513099979324,0.10511528104969863,9.91910197149411,0.0075290877109383285,0.006987492748273292,0.006030475823791508,0.1461137955955044,316.2216838594098,0.0075290877109383285,0.00479465981454523,0.0001055122162641236,277.52098577241213,0.0066077998469585494,-4.039838244959986e-08,0.008856089165860496,0.1557834610231742,12225,203.75,18427,307.1166666666667,39744,662.4,0.0001055122162641236,0.8621654353919244,1.4568074111768985,0.00010496592450987758,88.39967668053802,69.8974609375,4.22317803170861e-05,3.689489136143747e-05,2.5557213642962123e-05,0.40233800173038037,0.35149398753655103,0.24348105122969804,1,0,0.8061666666666667
S16,1980,2040,60,30,-5.041022448784807e-07,0.011880444324106678,-0.07736481163002024,0.08217150266326204,0.15953631429328227,-3.908577820528397e-05,0.014792534027697863,0.011880444334801525,5.928088218877341,0.07626919262156852,0.9533427494231299,0.009187634596005651,0.007532086571634564,0.007399045799668363,0.08217150266326204,385.8806530322373,0.009187634596005651,0.005909830832343621,0.00014114495733819857,362.3397185424788,0.008627341568667797,1.744045423917899e-08,0.010999358854938666,0.06366031068038841,13283,221.38333333333333,19169,319.48333333333335,40074,667.9,0.00014114495733819857,0.9258373302267663,1.4032984163242275,0.00014071402566677747,97.48785016298318,78.955078125,4.9289600783194835e-05,4.6975723636111716e-05,4.414681533863041e-05,0.35028207422561214,0.3338382468521947,0.3137342928641225,2,1,0.8605238095238095
S16,2010,2070,60,30,2.2131074851959924e-06,0.011601264959236716,-0.05560656586194293,0.0625110028409623,0.11811756870290523,-2.6622968585059397e-06,0.014811328188311185,0.011601265170327692,5.652752849194854,0.060333171193009155,0.5426933118245909,0.009057318317450635,0.007249437112537196,0.007405539054965946,0.0625110028409623,380.4073693329267,0.009057318317450635,0.005860889607405114,0.0001345893486544137,351.8197741625214,0.00837686073864905,-1.1675031130947323e-08,0.01063159069931173,0.05304764529606859,12912,215.2,18691,311.51666666666665,40057,667.6166666666667,0.0001345893486544137,0.9164165060161866,1.4023812325280782,0.00013210576086875985,96.67099950542155,79.1259765625,4.619745720421984e-05,4.533045884215084e-05,4.0337122550656096e-05,0.3497005497747717,0.34313763869226166,0.305339617934822,2,1,1.0
S16,2040,2100,60,30,9.982169473165752e-07,0.012019019355554814,-0.08523190657572513,0.0625110028409623,0.14774290941668744,-4.058877390726839e-05,0.015244467498539999,0.012019019397007325,6.0671867451568104,0.057688712658287795,0.7450113557086984,0.00935507133604113,0.007545824511822414,0.00762912034911261,0.08523190657572513,392.91299611372744,0.00935507133604113,0.0060603278976303345,0.00014445682626920125,353.94807802094704,0.008427535846590324,8.103005600225782e-08,0.010746922730573167,0.07846647462112832,12617,210.28333333333333,18337,305.6166666666667,40021,667.0166666666667,0.00014445682626920125,0.8941596991110824,1.4171627393960273,0.00014377919446196362,93.55336781634784,76.0498046875,5.24821033945578e-05,5.017138647450792e-05,4.0730696410350426e-05,0.3650187608224623,0.3489474722838332,0.28328644184416835,2,1,1.0
S16,2070,2130,60,30,2.3485455380659308e-06,0.012682223501859779,-0.08523190657572513,0.07628418655021141,0.16151609312593654,-0.000149475357733289,0.015896111882966493,0.012682223719316366,6.755229535605207,0.10113179321659944,1.0006800360126817,0.009811110388637407,0.008036224947620732,0.007949070858128494,0.08523190657572513,412.06663632277105,0.009811110388637407,0.006343349699545054,0.0001608387929511245,367.19466175118663,0.008742938206890321,5.285669461477378e-09,0.011189320139645827,0.07846647462112832,12536,208.93333333333334,18468,307.8,39957,665.95,0.0001608387929511245,0.8822837839125746,1.4300983411097998,0.00016254760463077804,91.25079697807101,72.9736328125,6.271196765935647e-05,5.597555946835728e-05,4.348621540435651e-05,0.38580677827769166,0.3443640993388003,0.267529106338627,2,1,1.0
S16,2100,2160,60,30,1.6922803757437662e-06,0.012253869370340622,-0.06465398447667445,0.07628418655021141,0.14093817102688586,-8.789023916073503e-05,0.015465671158556838,0.012253869487194032,6.306607331185766,0.12230592309242982,0.9858103355569496,0.009497227303971262,0.007743383688407005,0.007728310428959603,0.07628418655021141,398.883546766793,0.009497227303971262,0.006162335427286568,0.00015015731454537205,361.1813475186849,0.008599760649507963,-1.8593475601172687e-08,0.010990462171047691,0.07266449732122203,12781,213.01666666666668,18746,312.43333333333334,40029,667.15,0.00015015731454537205,0.8968972851668475,1.4232281294887987,0.0001502418171410541,93.57175785329588,75.0244140625,5.565975804951215e-05,5.16459930812016e-05,4.253823630183257e-05,0.37046781720735006,0.3437524523063636,0.2831318011941753,2,1,1.0
S16,2130,2190,60,30,6.323962011903661e-07,0.011753768439581135,-0.056791400185467446,0.06785263517397766,0.1246440353594451,-8.786207628154561e-05,0.015012334041024998,0.011753768456593762,5.8023450631111775,0.11403977514609971,0.6907266907182432,0.009169736690595141,0.007353026720770964,0.00751132324983881,0.06785263517397766,385.1289410049959,0.009169736690595141,0.005993626771893975,0.00013815107253129354,352.7412997003689,0.008398802345302719,3.45640731759302e-08,0.010688265002381634,0.06924416304961499,12889,214.81666666666666,18798,313.3,40138,668.9666666666667,0.00013815107253129354,0.9093479301828519,1.417802748803007,0.00013713727016960805,95.14062923499063,76.3916015625,4.9469002065005756e-05,4.682698815951231e-05,4.051265997670472e-05,0.3607261687783612,0.3414606992074279,0.29541684712405053,2,1,1.0
S16,2160,2220,60,30,1.5028193005850429e-06,0.011501075833128876,-0.056791400185467446,0.06592772620326434,0.12271912638873178,-0.0001924085145556776,0.014783190115400144,0.011501075931313857,5.55553939826957,0.13163586020468176,0.6461432979837363,0.008981282026286126,0.007184101944025896,0.007393945723943216,0.06592772620326434,377.2138451040173,0.008981282026286126,0.005869500571371512,0.00013227474531938107,344.336680111382,0.008198687590451725,8.211751714785719e-08,0.01039726557509996,0.06924416304961499,12810,213.5,18818,313.6333333333333,40102,668.3666666666667,0.00013227474531938107,0.904025477786227,1.4233973102040154,0.00013232136613722982,94.72882360904416,75.537109375,4.7224750788800535e-05,4.627778095708934e-05,3.847931481472792e-05,0.3568943713883968,0.3497377808894059,0.290801976566817,2,1,1.0
S16,2190,2250,60,30,-1.0272917756945626e-06,0.010964022188632612,-0.05302412142080965,0.06592772620326434,0.11895184762407399,-0.0002270884762190662,0.014081796145653674,0.010964022236759493,5.048810911542579,0.13591527008479012,0.528056515575106,0.00858975674777495,0.006813652663748817,0.007043433221941908,0.06592772620326434,360.7697834065479,0.00858975674777495,0.005616383049248068,0.00012020978255282826,334.0198581143876,0.007953043122797867,4.239770037410491e-08,0.010060772482804512,0.0614126699126901,13003,216.71666666666667,18964,316.06666666666666,40146,669.1,0.00012020978255282826,0.9176169392684574,1.4106080351892303,0.00011948070996399852,96.65158904368879,77.9296875,4.214933396128757e-05,4.025735279571745e-05,3.6799950641584316e-05,0.35277103704847296,0.3369360025383817,0.30799909585968094,2,1,1.0
S16,2220,2280,60,30,2.1559080964412077e-06,0.010820389981752094,-0.05468510156632754,0.057962679854824575,0.11264778142115212,-0.0001916740871269507,0.01380709209438269,0.010820390196528997,4.917395448215915,0.11778290310671255,0.5152553232856008,0.008461660829563402,0.0067439706412893916,0.006905084058407162,0.057962679854824575,355.38975484166286,0.008461660829563402,0.005505868192450692,0.0001170808393572011,330.5098090946402,0.00786946853721851,9.957111204919326e-09,0.009980498874782919,0.0614126699126901,13016,216.93333333333334,18968,316.1333333333333,40138,668.9666666666667,0.0001170808393572011,0.9223788506342563,1.4067007166303809,0.00011485027142805604,97.11888737504331,77.9296875,3.9985954150579555e-05,3.918123328549049e-05,3.5461987415670365e-05,0.3481572455458006,0.3411505501755319,0.30876711891694825,2,1,1.0
S16,2250,2310,60,30,2.462620545732713e-06,0.010703893580171818,-0.05468510156632754,0.061658195147410805,0.11634329671373835,-0.00012555096833779828,0.013570503630600429,0.010703893863456578,4.812080441286023,0.10531990978424097,0.6942854336436541,0.008335280610821694,0.006715388371420029,0.006786834467812124,0.061658195147410805,350.0817856545111,0.008335280610821694,0.005403994214418863,0.00011457333777564345,323.9804398701293,0.007714003663661737,-3.387415260570633e-08,0.009829890014391,0.05806081913430499,13013,216.88333333333333,18915,315.25,40088,668.1333333333333,0.00011457333777564345,0.9183471360926229,1.409688646494794,0.00011438110834484903,96.14625365975189,76.220703125,4.0787022684454e-05,3.883570061057097e-05,3.453036505072573e-05,0.3565888045208016,0.3395289761792195,0.3018887082875583,2,1,1.0
S16,2280,2340,60,30,-5.081005408920138e-07,0.010259831156882466,-0.04835261457265805,0.061658195147410805,0.11001080972006885,-9.621948307702286e-05,0.013166066818816166,0.01025983116946387,4.4210936962879,0.10345162733927268,0.6601681103755386,0.008021984732686841,0.006396240815857515,0.006582374731967039,0.061658195147410805,336.92335877284734,0.008021984732686841,0.0052332211291313555,0.00010526413536773621,322.1617605271257,0.0076707007435206954,-5.48237373623294e-08,0.009748148380393359,0.05806081913430499,13406,223.43333333333334,19114,318.56666666666666,40183,669.7166666666667,0.00010526413536773621,0.9501275636348204,1.376047618936724,0.00010563580248443714,100.33658743027094,82.5439453125,3.482172734162318e-05,3.5113038308143307e-05,3.545631822362304e-05,0.32963944536468415,0.3323971369774595,0.3356467919940937,2,1,1.0
S16,2310,2370,60,30,8.496073171489928e-07,0.009731667104070132,-0.04835261457265805,0.04411555973686955,0.0924681743095276,-0.00010486636407879566,0.012705163716078558,0.00973166714115692,3.97762450454348,0.06942640331352552,0.33419072675173034,0.0076647994055579986,0.005996348507119235,0.006351702708449148,0.04835261457265805,321.92157503343594,0.0076647994055579986,0.005023401442171321,9.470534462444074e-05,315.6566298433482,0.007515812991817619,4.031786417549202e-08,0.009519922810324138,0.049266256535084124,13621,227.01666666666668,19210,320.1666666666667,40265,671.0833333333334,9.470534462444074e-05,0.9782417245183577,1.3456935538826424,9.339407691401317e-05,104.87267355521091,90.0634765625,2.639922277536217e-05,3.2912042901917674e-05,3.3853934816414154e-05,0.2826648503594893,0.35239968089431845,0.3624848163292312,2,1,1.0
S16,2340,2400,60,30,-8.032870051959767e-07,0.010063681589017538,-0.05663681791802301,0.05532274681447561,0.11195956473249863,-0.0001825761869701367,0.013063733554152067,0.010063681621076879,4.253662886356823,0.08803188839643311,0.4097717204102014,0.007908668702013818,0.006223395145110715,0.00653890988247084,0.05663681791802301,332.16408548458037,0.007908668702013818,0.005174788846212954,0.00010127768712513054,322.22048520007456,0.007672098983310902,-2.5319086206591648e-08,0.009741045895533762,0.04674116513775174,13617,226.95,19143,319.05,40207,670.1166666666667,0.00010127768712513054,0.9679405900683635,1.3540457516843138,0.00010040788438978846,103.01440324147575,86.9873046875,2.9214912281376725e-05,3.597592309170424e-05,3.500595183250589e-05,0.2909623328777944,0.3582977901620145,0.3486374804652892,2,1,1.0
S16,2370,2430,60,30,-2.0707721340969616e-06,0.010540000775569937,-0.05663681791802301,0.05532274681447561,0.11195956473249863,-0.00015437186330275843,0.013826037149845719,0.010540000978990091,4.6658480667587074,0.06518705276291469,0.2807045491416731,0.008317734545082821,0.006473554871525227,0.006915334514638225,0.05663681791802301,349.34485089347845,0.008317734545082821,0.005464805734757642,0.00011109161634901489,338.42418742393136,0.008057910603203204,3.695823404155856e-09,0.010204052101056507,0.05189711817744057,13640,227.33333333333334,19161,319.35,40244,670.7333333333333,0.00011109161634901489,0.9681263140613702,1.3530917590185372,0.00011029763246193518,103.15394852011333,87.6708984375,3.264712791758511e-05,3.8793458026209895e-05,3.861138231189599e-05,0.295991193907557,0.35171614440226456,0.3500653771985647,2,1,1.0
S16,2400,2460,60,30,2.800579999113336e-06,0.010722115076918186,-0.046565716888739166,0.0451022910994122,0.09166800798815136,-6.490091425451943e-05,0.014152296330940861,0.010722115442669166,4.828477901768833,0.035357948397658774,0.18581160950076336,0.00848566989981702,0.006554171642340778,0.007076261695562776,0.046565716888739166,356.39813579231486,0.00848566989981702,0.005594888314521331,0.00011496375172267627,342.7087738401524,0.008159926994455877,-3.4600592037906024e-08,0.010293711195851611,0.05189711817744057,13403,223.38333333333333,19103,318.3833333333333,40311,671.85,0.00011496375172267627,0.9600448346251375,1.3600021515020086,0.00011431271563409202,102.54148909041028,87.158203125,3.458131538055163e-05,3.986037143781317e-05,3.964027644703713e-05,0.3025150368332102,0.3486958665683682,0.34677049029193935,2,1,1.0
S16,2430,2490,60,30,-1.2953799202804028e-06,0.01088177187727327,-0.04631970679357991,0.04687637561497191,0.09319608240855182,-0.0001239098996193925,0.014324442926441066,0.010881771954375103,4.973344356415031,0.0601296129233959,0.21587371863889038,0.00859463862928197,0.006674215137308558,0.0071659111933871575,0.04687637561497191,360.97482242984273,0.00859463862928197,0.005651921290700066,0.00011841295918901541,339.73288469884767,0.008089070804039327,6.6149059205742125e-09,0.010199291360558438,0.04259248827098937,13055,217.58333333333334,18878,314.6333333333333,40236,670.6,0.00011841295918901541,0.9372822253202898,1.3806271977451083,0.00011754712751616984,99.22785717215862,83.056640625,3.802368994973654e-05,4.1687139246521956e-05,3.754864672317432e-05,0.3234761304099582,0.35464192215830587,0.3194348302386982,2,1,1.0
S16,2460,2520,60,30,3.5702627777388806e-07,0.010948935485819192,-0.050184298279850145,0.04687637561497191,0.09706067389482206,-0.0001833939613604084,0.014430270234128562,0.010948935491640204,5.034925912804138,0.09817375382382237,0.24340488961907125,0.008648556647781523,0.006714287475988242,0.007210460445222857,0.050184298279850145,363.23937920682397,0.008648556647781523,0.005702655378739667,0.00011987918827263076,337.585005317962,0.008037929601132456,3.211236506803734e-08,0.010148294388793208,0.04780522188237843,12910,215.16666666666666,18567,309.45,40150,669.1666666666666,0.00011987918827263076,0.9268749826809229,1.3814217846507721,0.00011800612213597102,97.78835028605447,81.005859375,3.806545049712098e-05,4.3336134175924704e-05,3.62462796943569e-05,0.3225718276994185,0.36723632123078503,0.3071559257967362,2,1,1.0
S16,2490,2550,60,30,-2.6629475557353103e-06,0.011038583321608704,-0.050184298279850145,0.046210081391789094,0.09639437967163925,-0.00015804260203307568,0.014639967968860315,0.011038583642813399,5.117713811254276,0.09246826689529804,0.17777578774701386,0.008742240599501077,0.006739700152070756,0.007322964091823314,0.050184298279850145,367.1741051790452,0.008742240599501077,0.005766768091101738,0.00012185032174809784,342.21992336559805,0.008148287420309961,-7.265225974881128e-08,0.01027797239629208,0.04780522188237843,13006,216.76666666666668,18653,310.8833333333333,40186,669.7666666666667,0.00012185032174809784,0.931095240833334,1.377181358278357,0.00012122415917598507,98.38763105355923,81.5185546875,3.8619938083559485e-05,4.4115931013146995e-05,3.818791021800498e-05,0.31858284970649836,0.36392028876935706,0.31501897375560545,2,1,1.0
S16,2520,2580,60,30,1.1870773363859637e-06,0.011118438083043313,-0.04284495015299865,0.047404623175777816,0.09024957332877646,-8.412754598175116e-05,0.014733130568108072,0.011118438146413393,5.19202600625606,0.05338758541646277,0.12509074279917298,0.008809794080170743,0.006782860390765021,0.007359650975963078,0.047404623175777816,370.0113513671712,0.008809794080170743,0.005801251498073333,0.00012361966540646788,344.2530303614156,0.008196695882316618,-3.173234301606279e-08,0.01031645035770064,0.04763175098609446,12994,216.56666666666666,18780,313.0,40206,670.1,0.00012361966540646788,0.9278686700998243,1.3867162053347832,0.0001234871908093544,97.79134682945845,80.1513671875,4.03693095657463e-05,4.439361811314805e-05,3.834839224991685e-05,0.32691090712453263,0.359499781493006,0.310545506773419,2,1,1.0
S16,2550,2610,60,30,-2.4457410348877106e-06,0.011073300978687368,-0.04908972981724937,0.05036113498876786,0.09945086480601723,-6.904874866195268e-05,0.014498756416195243,0.011073301248780684,5.14995602294241,0.04361115591690924,0.233502533728573,0.008745220140195608,0.006792578688963782,0.007250542535862194,0.05036113498876786,367.2992458882156,0.008745220140195608,0.00575433517788496,0.00012261799456459864,339.90075329686954,0.00809306777058667,-7.6560276429561e-09,0.01022108588569912,0.04810598652584651,12859,214.31666666666666,18648,310.8,40120,668.6666666666666,0.00012261799456459864,0.9230387492737264,1.3879310214900498,0.0001228904409023361,97.58369165995946,80.4931640625,4.0255084676728865e-05,4.467879254338622e-05,3.7630500992332164e-05,0.32756888478185636,0.3635660529438046,0.3062117827556498,2,1,1.0
S16,2580,2640,60,30,-4.401077390711695e-06,0.011031000930159218,-0.04908972981724937,0.05593259560496906,0.10502232542221843,-7.978355316297456e-05,0.014443713083694503,0.011031001808115875,5.11068603740754,0.05032848885980712,0.2667109940455461,0.008707415417956589,0.006772290427158862,0.0072271232096795465,0.05593259560496906,365.71144755417674,0.008707415417956589,0.005715164138901166,0.00012168298152117352,338.0313768136889,0.008048557746938948,2.900095305200934e-08,0.01017815050098631,0.04810598652584651,12903,215.05,18496,308.26666666666665,40116,668.6,0.00012168298152117352,0.922686034152968,1.3818554523280902,0.00012233182664951524,97.69223336910014,81.689453125,3.8711355072841486e-05,4.58793394938662e-05,3.74526635452381e-05,0.3164454920120731,0.37504009177686876,0.30615633372778145,2,1,1.0
S16,2610,2670,60,30,1.7658377027525495e-07,0.010976577538153854,-0.04938611528801729,0.05593259560496906,0.10531871089298636,-4.919560413005103e-06,0.014319020663131937,0.010976577539574236,5.060380688255994,0.035327434728483396,0.30884629435634325,0.008652733761336939,0.006753921300822617,0.007156875609568805,0.05593259560496906,363.4148179761514,0.008652733761336939,0.005675083929322829,0.00012048525445110374,338.94756960749,0.008070372380473105,1.1694551264667514e-09,0.010191515325731442,0.06582567889026662,13006,216.76666666666668,18566,309.43333333333334,40217,670.2833333333333,0.00012048525445110374,0.9284784160004712,1.380666791124775,0.0001190400602548952,98.73329464036367,82.71484375,3.774906259750926e-05,4.341567424032121e-05,3.7596711724635814e-05,0.3171122605001952,0.36471482077005973,0.31583243190680216,2,1,0.8561666666666666
S16,4320,4380,60,30,-8.039489983662972e-07,0.008402286748445557,-0.05223984477315542,0.04184388761295249,0.09408373238610791,0.00011431369346606468,0.011159984566678056,0.008402286786907348,2.965133776476388,-0.02852184661951364,0.23158173544061977,0.00666584674034251,0.00511516475626181,0.005576717500666654,0.05223984477315542,279.9655630943854,0.00666584674034251,0.00441764515244784,7.059842260310383e-05,268.5189040852047,0.0063934594653492875,-6.411848905949651e-10,0.00811196870251711,0.0637649806130815,13421,223.68333333333334,18772,312.8666666666667,40178,669.6333333333333,7.059842260310383e-05,0.9654477340966544,1.3477848508209729,7.023231637114772e-05,103.47918935154514,90.234375,2.024347993973492e-05,2.5236860304069655e-05,2.4603391168406353e-05,0.28823597149717795,0.35933401613444804,0.35031439143182985,3,0,0.9938333333333333
S16,4350,4410,60,30,7.51208891892439e-07,0.008635613917391287,-0.08691786389624959,0.13397443401557302,0.2208922979118226,0.00013544382371222894,0.01118962271064276,0.00863561395006498,3.132100788371389,0.14576486029106503,4.305607234450863,0.0067396846278586185,0.005399118392067646,0.0055909035856415,0.13397443401557302,283.066754370062,0.0067396846278586185,0.004444203938310927,7.457382773024209e-05,262.91548152115956,0.006260041465776794,5.351456158389706e-09,0.007986690903888075,0.08151791650239423,13020,217.0,18447,307.45,39981,666.35,7.457382773024209e-05,0.9248550225020661,1.376770931587085,6.85121670431797e-05,100.07658426715712,86.1328125,2.0920070423598213e-05,2.4929777730642336e-05,2.2528594430791355e-05,0.30534825165307306,0.3638737293907282,0.3288261837724785,3,0,1.0
S16,4380,4440,60,30,1.4304237816698397e-06,0.008843007968402495,-0.08691786389596265,0.13397443401557008,0.22089229791153273,2.1647333431150167e-05,0.011493003696126332,0.008843008084093457,3.284349262964374,0.1840362460344084,3.870655666161431,0.006913268627483601,0.005514119046556145,0.005746876668010718,0.13397443401557008,290.3572823543112,0.006913268627483601,0.004554715799415359,7.819878992923003e-05,270.76271108757413,0.006446884713625899,-3.672775540372838e-08,0.008195576720846962,0.08151791650240536,13069,217.81666666666666,18648,310.8,40104,668.4,7.819878992923003e-05,0.9267860834380212,1.3847501734408054,7.896413318615335e-05,96.79085962659393,80.322265625,2.598523840540776e-05,2.8621946782907725e-05,2.4165850739905897e-05,0.3290764725315109,0.36246768789867106,0.30603578820951927,3,0,1.0
S16,4410,4470,60,30,1.674190198189975e-06,0.008479608192512892,-0.040614097719275585,0.038987478693651226,0.07960157641292681,1.6762999232824115e-05,0.01126222887132123,0.008479608357786612,3.0199578318606717,0.02559540819654027,0.17838368169441132,0.006720812059753993,0.005170536061078179,0.005630970122644902,0.040614097719275585,282.2741065096677,0.006720812059753993,0.004428817963822369,7.190375509853175e-05,276.44940388496855,0.006582285385008418,-3.683818568442094e-08,0.008302488358365596,0.03753384478797776,13793,229.88333333333333,19349,322.48333333333335,40301,671.6833333333333,7.190375509853175e-05,0.9791122620142186,1.358596490823242,7.059236645477297e-05,104.50324371103736,88.8671875,2.1168650055827528e-05,2.400830588642835e-05,2.5260897369902445e-05,0.2998716592025546,0.34009776257904545,0.35784177013086205,3,0,1.0
S16,4440,4500,60,30,-1.463111202645256e-07,0.008325768161759917,-0.040614097719275585,0.038987478693651226,0.07960157641292681,9.260886737520952e-05,0.01091505836419029,0.008325768163045501,2.9113734512008467,0.0028255216428067706,0.210245465545706,0.006574407696101115,0.005108383203150335,0.005457901357549755,0.040614097719275585,276.12512323624685,0.006574407696101115,0.004306730117254522,6.931841548337511e-05,281.8577855737074,0.006711059443646454,3.349669634809057e-08,0.008451305012982385,0.03714012427619917,14446,240.76666666666668,19887,331.45,40344,672.4,6.931841548337511e-05,1.0150781103657265,1.3338466521585928,6.913497566665022e-05,109.01750783384394,94.677734375,1.87597462417827e-05,2.3405703227129567e-05,2.6808263595843698e-05,0.2713495746673438,0.3385508275866822,0.3877670215016166,3,0,1.0
S16,4470,4530,60,30,4.4474286426074857e-07,0.008500079912672159,-0.046912079294917586,0.054200281478305926,0.10111236077322351,2.0273329994251828e-05,0.011138185536631455,0.008500079924307121,3.0345570662235763,0.0167979971910453,0.30163817081111066,0.0067120337384956475,0.005215358263140233,0.005571377790731266,0.054200281478305926,281.9054170168172,0.0067120337384956475,0.004400928305538744,7.225135852181275e-05,284.8855547717677,0.0067831509029207294,2.8075506654361507e-08,0.008545952194474257,0.03856249796032436,14286,238.1,19566,326.1,40315,671.9166666666666,7.225135852181275e-05,1.0053966882986252,1.3374906453554896,7.262100967010495e-05,107.61205754498242,92.4560546875,2.0342854029652393e-05,2.4542659493546504e-05,2.7571002604936555e-05,0.2801235361786315,0.3379553603707289,0.37965600767853813,3,0,1.0
S16,4500,4560,60,30,-1.4383641611268285e-06,0.008475270338486173,-0.046912079294917586,0.054200281478305926,0.10111236077322351,2.54689862222374e-05,0.011307403928295389,0.008475270460540772,3.0168687939312298,-0.007121343660728934,0.22957935778549476,0.00672878005092502,0.005153030992104402,0.005654273369393817,0.054200281478305926,282.6087621388508,0.00672878005092502,0.00444249099707686,7.183020731042354e-05,272.82620908898457,0.006496016788232686,6.382118905367638e-09,0.008191045032321867,0.03856249796032436,13602,226.7,18889,314.81666666666666,40235,670.5833333333334,7.183020731042354e-05,0.9664641604559042,1.3555631719027006,7.136270159278831e-05,103.49431475668648,89.3798828125,2.124023457485261e-05,2.4798531863190475e-05,2.5193246707928874e-05,0.29763775895220707,0.34749990274606607,0.3530310112373159,3,0,1.0
S16,4530,4590,60,30,-4.447817141311835e-07,0.008460904000168103,-0.04050954626758184,0.042156043669603946,0.08266558993718578,6.81106637773171e-05,0.011413918943107334,0.00846090401185898,3.006649661311438,-0.038865822168463064,0.06295185636358003,0.006742071916766915,0.00511188448295091,0.00570312289643221,0.042156043669603946,283.1670205042104,0.006742071916766915,0.004468280725377919,7.15868965000606e-05,264.68942598179245,0.006302279244310399,-1.0329202957599515e-09,0.007935051200878939,0.036300778535888464,13020,217.0,18506,308.43333333333334,40159,669.3166666666667,7.15868965000606e-05,0.9378490998977512,1.3662627161346599,7.10550607046014e-05,99.01269574716517,84.765625,2.2481084749706263e-05,2.5557336421682385e-05,2.2850044402288175e-05,0.3163896354007397,0.3596835491835325,0.32158222335891196,3,0,1.0
S16,4560,4620,60,30,1.241201814402672e-06,0.008556501137353451,-0.04050954626758184,0.042156043669603946,0.08266558993718578,5.9126364758468495e-05,0.011421202109023754,0.00855650122737751,3.0749759566727395,-0.03177362062616978,0.12303696312780987,0.006800300483274633,0.005193228917666506,0.00571052690802114,0.042156043669603946,285.6126202975346,0.006800300483274633,0.004514853388976558,7.32137117135309e-05,273.76042976846196,0.006518260667360222,-7.515932387439568e-09,0.008210214928165612,0.03652346385760588,13353,222.55,18989,316.48333333333335,40211,670.1833333333333,7.32137117135309e-05,0.9595294614435188,1.36082554149519,7.203716623989955e-05,102.30377868040767,86.6455078125,2.1694087172778916e-05,2.549405636410703e-05,2.4698715413042883e-05,0.3011513126506511,0.3539014330353617,0.34286073012354135,3,0,1.0
S16,4590,4650,60,30,-2.4197863831223517e-06,0.008716433084721179,-0.04083902540679661,0.04468902727488565,0.08552805268168226,9.030627390696445e-05,0.011540687720803602,0.008716433420602035,3.1910008861831,-0.036272908011679025,0.13388705272780088,0.006916305654693385,0.005304802321165645,0.00576995281656326,0.04468902727488565,290.48483749712216,0.006916305654693385,0.0045864390910866255,7.597620572042196e-05,281.62439636408504,0.006705502425393106,-1.696311396785774e-09,0.008434576305644554,0.03745319482712786,13600,226.66666666666666,19162,319.3666666666667,40254,670.9,7.597620572042196e-05,0.9676637477352193,1.3556845994571083,7.543576840966703e-05,103.18695180004349,87.841796875,2.1985255864155987e-05,2.6977137509082235e-05,2.625328725261037e-05,0.291443387237222,0.357617322363288,0.3480217383090385,3,0,1.0
S16,4620,4680,60,30,3.560941324108191e-06,0.009001745161291205,-0.04083902540723628,0.04468902727488565,0.08552805268212194,7.084499597194384e-05,0.011950222147810514,0.009001745865615888,3.4033200024235746,-0.00960581847251275,0.16989768921249837,0.007140634308554208,0.005481128560855994,0.005973280603787381,0.04468902727488565,299.90664095927673,0.007140634308554208,0.004715457844333988,8.103141594882962e-05,284.5133762338111,0.006774289298169268,3.051131834400607e-08,0.008538310806493704,0.03927571574162965,13337,222.28333333333333,18829,313.81666666666666,40177,669.6166666666667,8.103141594882962e-05,0.9485172767620289,1.3680701815592948,8.056860638117004e-05,100.08000478926529,84.2529296875,2.5484164102170467e-05,2.8509124445270713e-05,2.6394945094028748e-05,0.31630389610569776,0.3538490452521179,0.32760831147003183,3,0,1.0
S17,90,150,60,30,-2.824748870921944e-06,0.0173788041554367,-0.3069310481437029,0.274019103861123,0.5809501520048259,0.00017111565638884356,0.013637216700208038,0.01737880438500388,12.684959357793664,0.0693435436200093,23.221031869400953,0.010572852821926187,0.013792665625545973,0.006820808699553207,0.3069310481437029,444.0598185208999,0.010572852821926187,0.005786505204496871,0.0003020228338730239,386.06570928236374,0.009192259560522007,-7.692179476865368e-09,0.014054911383654544,0.2826729308535725,12779,212.98333333333332,18100,301.6666666666667,38748,645.8,0.0003020228338730239,0.8087386944433501,1.414012315805238,0.00031220638781795764,85.2423314240913,73.3154296875,0.00010256022899646881,0.00015154111531182884,5.696094918349365e-05,0.3285013792103126,0.485387619295573,0.18244645659430464,1,0,0.9627619047619047
S17,120,180,60,30,5.6125989312307274e-06,0.010325042671902204,-0.1475670319437668,0.12293432420983914,0.27050135615360593,0.0003161064765359005,0.011668201747220532,0.01032504419738086,4.477474582470463,-0.4735183165386525,10.489779566235857,0.007477028464538196,0.007120434187488411,0.005852526052220922,0.1475670319437668,314.03519551060424,0.007477028464538196,0.004695559295467045,0.00010660650617660141,285.6421930701167,0.0068011665294439565,-6.39288839268634e-09,0.009108693772390592,0.10789823700795448,12877,214.61666666666667,18397,306.6166666666667,39793,663.2166666666667,0.00010660650617660141,0.8821942980611893,1.3882335380499538,8.733470028651943e-05,95.71831331429057,82.2021484375,2.5654493559208327e-05,3.8108352290422225e-05,2.3401867636189482e-05,0.29374914524288154,0.4363483491143834,0.2679561223593239,1,0,1.0
S17,150,210,60,30,-1.2806848780580534e-06,0.014417280049580365,-0.2478118917097017,0.12612549138219306,0.3739373830918947,0.0003218839774578148,0.013529604170122974,0.014417280106461892,8.730034558063636,-0.5911651116526442,11.236492998204959,0.009674630821999314,0.01068922280272063,0.00678062339793665,0.2478118917097017,406.3344945239712,0.009674630821999314,0.005638323962642363,0.00020785796402802802,352.9771916730723,0.008404418954572068,-3.526096242812712e-08,0.012146393667368248,0.20346887064274435,12291,204.85,17629,293.81666666666666,39294,654.9,0.00020785796402802802,0.8424885710478923,1.3668813223552208,0.00021223770972352045,89.45515004674485,79.1259765625,5.9158942142498625e-05,0.00011002844907592896,4.263835978001524e-05,0.27873907148529015,0.5184208273791765,0.2008990760198069,1,0,1.0
S17,180,240,60,30,7.148133210915376e-06,0.013354876938807702,-0.24781189170970155,0.1376462160781307,0.3854581077878323,0.0002567993288546673,0.013133298468896685,0.013354878851809408,7.49081714415326,-0.5321435434445064,12.450093123349205,0.009073703039886773,0.009799015373518695,0.006560400076522995,0.24781189170970155,381.0955276752445,0.009073703039886773,0.005397275927860986,0.0001783527380506978,333.9666768360368,0.007951776871735919,2.2618118643343737e-08,0.01137518260538709,0.2034688706427444,12391,206.51666666666668,17593,293.21666666666664,39467,657.7833333333333,0.0001783527380506978,0.8517624428520302,1.3610507531862368,0.00016834175984759215,91.28184907984142,80.8349609375,4.4575435010791324e-05,8.657041086886915e-05,3.691155386396465e-05,0.26479130936463774,0.514253925747512,0.21926558150147915,1,0,1.0
S17,210,270,60,30,-3.8768603693055174e-07,0.009057360618213463,-0.05183486193602771,0.03931061909892853,0.09114548103495623,0.0002461610912389792,0.011788267717229932,0.00905736062651061,3.445502823783915,-0.17476633235783617,0.3857787355188327,0.007124704385272025,0.005592349143352035,0.005908780319480146,0.05183486193602771,299.23758418142506,0.007124704385272025,0.004674407734289006,8.203578136836419e-05,265.8873281250535,0.006330801403010869,-2.564918025270376e-08,0.00802626217402573,0.03940791928846808,12351,205.85,17713,295.21666666666664,40045,667.4166666666666,8.203578136836419e-05,0.8861590602769757,1.3832463252005833,8.130339999546895e-05,93.57671746880436,82.71484375,2.519757699560458e-05,3.496510973488185e-05,2.0992503221841877e-05,0.30992033539813646,0.4300571653440134,0.2581995737326089,1,0,1.0
S17,240,300,60,30,1.600936190195259e-07,0.009267804396898132,-0.05183486193602771,0.04236189685480523,0.09419675879083295,0.00021290649389860724,0.01207910470765375,0.009267804398280875,3.6074723313213615,-0.1661989393303831,0.42157530168626867,0.0072814939801350885,0.005733414670338331,0.006041932488659087,0.05183486193602771,305.8227471656737,0.0072814939801350885,0.004764699819421407,8.589219833916436e-05,265.67004252463414,0.006325627813153507,-1.1097982611975614e-08,0.008041086337353658,0.04410105181246735,12028,200.46666666666667,17473,291.21666666666664,39932,665.5333333333333,8.589219833916436e-05,0.8676366044200234,1.3961781084767495,8.55990339871108e-05,91.57124331386309,80.4931640625,2.7559274156960082e-05,3.693033532415126e-05,2.0890881240811743e-05,0.32195777070463033,0.4314340198011124,0.24405510515407705,1,0,1.0
S17,270,330,60,30,8.226797849501884e-07,0.009407889376373954,-0.0471907081138346,0.04236189685480523,0.08955260496863983,0.00023697256171762414,0.012311151679103849,0.009407889412343872,3.7173520941854603,-0.16746217921901727,0.367121793756199,0.007412790578528084,0.005793006044686747,0.006167192542238243,0.0471907081138346,311.33720429817953,0.007412790578528084,0.0048594410461542704,8.850838251808989e-05,268.98767636971365,0.0064046209759688,-3.568105952353561e-08,0.008136632902482429,0.04410105181246735,11950,199.16666666666666,17434,290.56666666666666,39936,665.6,8.850838251808989e-05,0.8648733607472009,1.398805285781561,8.862112182292205e-05,90.64623682908032,79.638671875,2.8931337581678694e-05,3.8498224412873575e-05,2.0981487268291052e-05,0.32646097213131353,0.43441364339529187,0.236754927456404,1,0,1.0
S17,300,360,60,30,1.0417596681860126e-06,0.010191601163794101,-0.15774976346755745,0.10952073449260305,0.2672704979601605,0.00022820722966571832,0.01260024852625816,0.010191601217037119,4.362486885418725,-0.2925930802454541,5.251774870349271,0.00774225871072113,0.00662768175332637,0.006300549590480649,0.15774976346755745,325.17486585028746,0.00774225871072113,0.004999291109266403,0.00010386873428184929,276.26871371956827,0.006577983135778668,4.82265146335149e-08,0.008565112447940287,0.1119303475279818,11716,195.26666666666668,17063,284.3833333333333,39882,664.7,0.00010386873428184929,0.8404089122294195,1.3986922323217597,9.4831619337009e-05,89.18877908955365,77.7587890625,3.075489523498283e-05,4.284983875104859e-05,2.0916638212082514e-05,0.32431055643674345,0.45185180903397276,0.22056607657146252,1,0,1.0
S17,330,390,60,30,-1.12125423222813e-06,0.015558231139881598,-0.15774976346755745,0.10952073449260305,0.2672704979601605,0.00029040278141885794,0.01608768892368992,0.015558231180285003,10.166459413286084,-0.34696549556793116,4.144801832332633,0.01107629538130757,0.010925851824238561,0.008051664233816163,0.15774976346755745,465.20440601491794,0.01107629538130757,0.006621590083056251,0.00024205855620198144,386.6217851820202,0.009205499778138055,4.041216088776585e-08,0.012830950346760682,0.1119303475279818,11441,190.68333333333334,16283,271.3833333333333,39382,656.3666666666667,0.00024205855620198144,0.824704957228083,1.345056065452521,0.00023970034808281146,88.4255740728589,78.7841796875,6.379858698465282e-05,0.00012983129741492267,4.51976637339427e-05,0.26615975944520426,0.5416400036685332,0.188559024196026,1,0,1.0
S17,360,420,60,30,2.6190795588092373e-07,0.016797117323128715,-0.12965065002762532,0.09869240480172597,0.2283430548293513,0.0005337196454976061,0.019508284604094338,0.016797117325170606,11.850012318292952,-0.3006799951232843,2.2103870693922527,0.012569460300939828,0.011142343477861567,0.009781409308956202,0.12965065002762532,527.9173326394728,0.012569460300939828,0.007851501584157957,0.0002821431503669507,437.6350989653156,0.010420131407064825,-2.293855463352561e-08,0.0139160395454297,0.1105139658088965,11367,189.45,16058,267.6333333333333,39594,659.9,0.0002821431503669507,0.8284778440088688,1.339284213297953,0.00028280163780745096,88.94469753480087,79.8095703125,7.278555770869219e-05,0.00015543827803419076,5.366348197287776e-05,0.25737318310104396,0.5496371210552283,0.1897566166480804,1,0,1.0
S17,390,450,60,30,-2.5878009634535343e-06,0.014242838195781125,-0.08332745458882108,0.07113705904870725,0.15446451363752833,0.00045420671899842045,0.018384225671058168,0.01424283843087169,8.520054755852453,-0.22691946566766452,0.5511380118537539,0.011151111103478056,0.008860652782148952,0.00919760631632518,0.08332745458882108,468.34666634607834,0.011151111103478056,0.0072774730910789434,0.0002028584398712017,387.3913979761236,0.009223824328582195,-3.314925445140239e-08,0.01181083479312595,0.06365200524730318,11338,188.96666666666667,16126,268.76666666666665,39893,664.8833333333333,0.0002028584398712017,0.8292472771771318,1.3575262587713586,0.00020238047258871593,88.5382683705693,78.955078125,5.710427478617125e-05,0.00010574470371015218,3.903917493324407e-05,0.28216296787793543,0.522504480583213,0.19289990992649142,1,0,1.0
S17,420,480,60,30,-8.322706003966175e-07,0.014503528171636818,-0.10795473336691462,0.07823520838441987,0.1861899417513345,0.0004687662988376593,0.018454255963553275,0.01450352819551633,8.834797864961761,-0.2442826079812556,0.8955058057147172,0.011289962012740195,0.009104344450262222,0.009225754947555216,0.10795473336691462,474.1784045350882,0.011289962012740195,0.007345701781490736,0.00021035232942546281,393.657695615464,0.009373025443831139,1.0278305018946393e-07,0.012023635238584525,0.0829738181177253,11447,190.78333333333333,16202,270.03333333333336,39827,663.7833333333333,0.00021035232942546281,0.8290145057323371,1.3637672136313321,0.00021330505910826722,88.01267119628284,78.4423828125,6.217974018076446e-05,0.00011001002376201193,4.061998889637872e-05,0.29150616699252263,0.5157403402521933,0.19043143686414507,1,0,1.0
S17,450,510,60,30,-3.0412854422572036e-06,0.01459477477926115,-0.11151036567739482,0.08150166305856416,0.19301202873595896,0.0004928860214115187,0.017592976336498773,0.014594775096135415,8.946313324484528,-0.28801068753121756,1.9245267343596986,0.011096144586466872,0.00948066640184098,0.008818433712343421,0.11151036567739482,466.03807263160866,0.011096144586466872,0.007075533486608895,0.00021300745085735734,389.98350927668906,0.009285542733795782,3.1529965891407406e-08,0.012121523659452668,0.0935372712366081,11656,194.26666666666668,16590,276.5,39702,661.7,0.00021300745085735734,0.8305385895147271,1.3688303935211343,0.00021894338600871152,88.19157216848839,78.1005859375,6.278306085516037e-05,0.0001143941750319495,4.137560433125911e-05,0.28675477254500076,0.5224828989691329,0.18897855324852253,1,0,1.0
S17,480,540,60,30,-9.161052190298156e-07,0.013802462884688926,-0.14617562331805437,0.10153082608766896,0.24770644940572334,0.00034744993329028024,0.016107909371150773,0.013802462915091065,8.001335265943494,-0.3277391202583274,4.065941517288539,0.010274005528514945,0.009216983938496829,0.008084633303250776,0.14617562331805437,431.50823219762765,0.010274005528514945,0.006489035870059876,0.00019050798168321535,365.8217989434246,0.008710250218896274,-4.4251363242433896e-08,0.011555929267252279,0.10906638342298339,11841,197.35,16899,281.65,39709,661.8166666666667,0.00019050798168321535,0.8372367572218776,1.3686686270832409,0.00019634578763161163,88.83245740584692,77.24609375,5.518960839554582e-05,0.00010251822216177781,3.819947317896985e-05,0.2810837403809946,0.5221309985734188,0.1945520382165802,1,0,1.0
S17,510,570,60,30,8.625042498583606e-07,0.012533388667856013,-0.14617562331805437,0.10153082608766896,0.24770644940572334,0.00030667967199615346,0.01514019454218542,0.012533388697533286,6.5976049542251145,-0.30965045682267955,4.150391843464181,0.00946764278209939,0.008212768862814563,0.007575129992896333,0.14617562331805437,397.64099684817444,0.00946764278209939,0.006030009445894807,0.00015708583149954153,340.9176906929879,0.008117281142241193,-6.008935383051057e-09,0.010625161840366992,0.10906638342298339,11886,198.1,17059,284.31666666666666,39844,664.0666666666667,0.00015708583149954153,0.8477485316973382,1.375203109584964,0.000159646744457323,90.20335089713693,77.7587890625,4.422353071887083e-05,8.185228607361228e-05,3.320582924602363e-05,0.2770086597706521,0.5127087705536842,0.2079956554009171,1,0,1.0
S17,540,600,60,30,-8.574892260778932e-07,0.015385010790624523,-0.18794140783560107,0.1177377133846555,0.30567912122025653,0.0003126665696698062,0.016121972527444274,0.015385010814520763,9.941339426042674,-0.2817615708642799,6.074281244490022,0.01087890030314078,0.010878790647734896,0.008059301140231533,0.18794140783560107,456.9138127319128,0.01087890030314078,0.006561084688836556,0.00023669855702763303,395.86669273163693,0.009425621865559583,7.495472199644589e-08,0.013364510985721166,0.1473309976423065,12008,200.13333333333333,17205,286.75,39502,658.3666666666667,0.00023669855702763303,0.868670888022085,1.3346651940977021,0.00019632384191263651,92.43302171063684,82.03125,5.032143953853072e-05,0.00010300488382403262,4.2686220022891044e-05,0.2563185349689907,0.5246682360152134,0.21742759110167717,1,0,1.0
S17,570,630,60,30,2.3466662523293844e-07,0.022774786645236494,-0.22076862899661737,0.17171307351700096,0.39248170251361836,0.00037086761089395964,0.02157120378621613,0.022774786646445472,21.78501808522666,-0.27907891213502567,5.428399134246046,0.01572336996219208,0.016476241799122358,0.0108105918761301,0.22076862899661737,660.3815384120674,0.01572336996219208,0.00907451630533137,0.0005186909067360425,579.4000746406484,0.013795568338309208,2.092873088465259e-08,0.02015216946248454,0.2089607237765207,12118,201.96666666666667,16890,281.5,39152,652.5333333333333,0.0005186909067360425,0.8848455872011213,1.2953928643984283,0.0005526851314961514,96.09770120989322,88.18359375,0.00011124885079483162,0.0003079199261904951,0.00013214528974592665,0.20128793856580576,0.5571344489708591,0.2390968785214133,1,0,1.0
S17,600,660,60,30,-2.6057324186706485e-06,0.02206266601126024,-0.22076862899661737,0.17171307351700096,0.39248170251361836,0.0003627065176207955,0.023470750758662687,0.02206266616513651,20.44397200919889,-0.2424124774609975,5.154027451706511,0.01579131732743914,0.015407645354770459,0.01174303847675301,0.22076862899661737,663.2353277524439,0.01579131732743914,0.009579021980161244,0.0004867612315244179,583.8406700032336,0.01390129931672739,-6.70775790304294e-08,0.01955309375864529,0.2089607237765207,12111,201.85,16666,277.76666666666665,39506,658.4333333333333,0.0004867612315244179,0.886252538503999,1.2963542729421047,0.00046891033252562553,96.27318341716624,88.0126953125,0.00010026341484075052,0.0002531938261784068,0.00011441458628545102,0.21382214868398366,0.5399621390611391,0.2440009919789907,1,0,1.0
S17,630,690,60,30,-1.950802703284972e-06,0.015828984352263955,-0.07582987620417501,0.09502214713208995,0.17085202333626498,0.00029907403096476144,0.020059535410243454,0.015828984472474803,10.523383476053633,-0.0762359078762258,0.5356115586987786,0.012344365486669309,0.009908248592025538,0.010035062513664525,0.09502214713208995,518.463350440111,0.012344365486669309,0.007990243856282367,0.0002505567456242172,454.14078691317815,0.010813133334440776,9.773669164493547e-08,0.01390175232557464,0.07469441972486761,12009,200.15,16728,278.8,39949,665.8166666666667,0.0002505567456242172,0.8782466402265618,1.3256598262666308,0.0002498511125158711,94.1695496498983,84.423828125,6.047537849429071e-05,0.0001303679772248587,5.83372696815884e-05,0.24204566425714505,0.5217826565274046,0.23348813256888212,1,0,1.0
S17,660,720,60,30,1.5064300141203472e-06,0.015333831303528793,-0.07470183020412353,0.06821665008658244,0.14291848029070597,0.0003070688213062117,0.019472705499211138,0.015333831377526325,9.875308158005257,-0.08874828591857668,0.5187474649806756,0.011963960399410261,0.009591143637531137,0.009732467946173988,0.07470183020412353,502.48633677523094,0.011963960399410261,0.0077810504829219865,0.0002351263824450795,438.37581754860986,0.010437767983728419,1.849708701127377e-08,0.013408618939961606,0.0805046492587417,11985,199.75,16820,280.3333333333333,39983,666.3833333333333,0.0002351263824450795,0.8744467494484477,1.3373285707385325,0.00023950804338609104,93.7441770430597,83.3984375,5.9616754628538605e-05,0.00012341143048419666,5.572256393673644e-05,0.24891337170015365,0.515270505071328,0.2326542488884631,1,0,1.0
S17,690,750,60,30,-1.96014415669349e-06,0.01330158082444768,-0.07470183020412353,0.06821665008658244,0.14291848029070597,0.00036162742895823905,0.01605188319827732,0.013301580968872812,7.431146363402133,-0.1328417766832656,1.0755951464423879,0.010162988356385329,0.008581708684140684,0.00803200145413275,0.07470183020412353,426.8455109681838,0.010162988356385329,0.006464528302911658,0.00017693205242931426,374.27289061183046,0.008911471478174015,1.3081874972750622e-08,0.011635367061550687,0.08050424952936477,12062,201.03333333333333,17482,291.3666666666667,39838,663.9666666666667,0.00017693205242931426,0.8747356584989829,1.3633810292720137,0.00017569826292400354,93.31878369501527,81.8603515625,4.7707003343002e-05,8.589375820245186e-05,4.161452354905192e-05,0.27152803077875143,0.4888708446685344,0.23685221957516933,1,0,1.0
S17,720,780,60,30,-9.14973598858815e-07,0.011281794206339742,-0.08633890621274032,0.055177425998283104,0.14151633221102342,0.00043519100592112506,0.01395906441450609,0.011281794243442738,5.345713016757863,-0.2790682812168029,1.0013161574299385,0.008705104599063191,0.0071763525046325966,0.007007641406601114,0.08633890621274032,365.614393160654,0.008705104599063191,0.005609797074130165,0.00012727888051420095,322.46674879022964,0.007677962541732652,-1.8302958527177818e-09,0.009941390899689725,0.07258384824934123,12062,201.03333333333333,17882,298.03333333333336,39953,665.8833333333333,0.00012727888051420095,0.8811888178303426,1.3900285548407822,0.00012705789095745546,92.63137921979076,80.1513671875,3.8967610650260516e-05,5.745266943268125e-05,3.0387125498309667e-05,0.30669177928751057,0.4521771060399461,0.23915968751979838,1,0,1.0
S17,750,810,60,30,-1.6494472676944555e-06,0.011671842085263047,-0.08633890621274032,0.055177425998283104,0.14151633221102342,0.0005621342320324323,0.014712843556984209,0.011671842201811757,5.7217398161277435,-0.31887597964120923,0.9353241381816324,0.009053114337281806,0.007367022545105757,0.007348141746168576,0.08633890621274032,380.2308021658358,0.009053114337281806,0.005874779771856561,0.00013623189766331762,336.61038983506296,0.008014723918070977,2.0889225014626064e-08,0.010341062279350246,0.07258384824934123,12159,202.65,17838,297.3,40048,667.4666666666667,0.00013623189766331762,0.8859837379402988,1.3851516908616803,0.00013636518124632703,94.19875582849619,81.8603515625,4.089817516209908e-05,6.110554070232351e-05,3.399974092466521e-05,0.2999165533921854,0.44810222187102017,0.2493286087688971,1,0,1.0
S17,780,840,60,30,-1.2566170198847517e-07,0.014333177943940265,-0.15326875735161047,0.14493904450957712,0.29820780186118756,0.0006823560291068244,0.016358255067409937,0.014333177944491116,8.628479579514757,-0.4077478296110576,4.772140861166241,0.010559412601879798,0.009692202819365095,0.008206452720253716,0.15326875735161047,443.49532927895154,0.010559412601879798,0.006602457421883885,0.00020543998997265571,395.8422737921285,0.009425040448394687,3.424739574726938e-08,0.012794491647091698,0.16096133159720713,12259,204.31666666666666,17500,291.6666666666667,39712,661.8666666666667,0.00020543998997265571,0.8926486294339847,1.3380338811929664,0.00020501760497653192,95.68098786548317,85.9619140625,5.1944068179663605e-05,0.00010178995700243032,5.0726502880266836e-05,0.253363940065584,0.49649373776501815,0.2474251071563997,1,0,1.0
S17,810,870,60,30,-1.3469276827320156e-06,0.01503948082851195,-0.15326875735161047,0.14493904450957712,0.29820780186118756,0.0008787507536620266,0.01754581204188414,0.015039480888827004,9.499811387026492,-0.4402873586328964,3.903923601276669,0.011202378358487922,0.010034575452836763,0.008813473815199858,0.15326875735161047,470.49989105649274,0.011202378358487922,0.007055092129701314,0.00022618598359117848,424.95106539398716,0.010118123417081053,4.4959689932796334e-08,0.01357637417828284,0.16096133159720713,12393,206.55,17405,290.0833333333333,39838,663.9666666666667,0.00022618598359117848,0.902715614527375,1.3216887374313038,0.00022657793828286356,97.38556929529604,88.3544921875,5.157313710414107e-05,0.00011666649470828123,5.786890836225791e-05,0.22761764669142823,0.5149066832916137,0.2554039850517725,1,0,1.0
S17,840,900,60,30,9.987639987177845e-07,0.013902974022881242,-0.10093024549818702,0.09819843599965696,0.19912868149784396,0.0009028472096401538,0.016951043721082054,0.013902974058755924,8.118292882494487,-0.4384460059986193,1.8093082944055938,0.010613733903773867,0.008980052354987767,0.008511882040168232,0.10093024549818702,445.7768239585024,0.010613733903773867,0.006808401691916685,0.00019329268668091064,410.7423907493164,0.009779813584830982,2.0834163459370682e-08,0.012828646225497843,0.10660020963757581,12725,212.08333333333334,17790,296.5,39973,666.2166666666667,0.00019329268668091064,0.9227267636683136,1.3316918528621349,0.00020108730838741561,99.59315000746783,88.525390625,4.681141779799982e-05,9.797066270877341e-05,5.578331581426762e-05,0.2327915081931116,0.48720460527535003,0.2774084364727547,1,0,1.0
S17,870,930,60,30,3.476837738780576e-07,0.015860716837367367,-0.235263343231619,0.2984011662698984,0.5336645095015173,0.0005664398414020864,0.015428013031023318,0.015860716841178166,10.565618226073372,-0.39296879334344376,16.365676058230513,0.010763033804006205,0.011649868756765136,0.007765101645536293,0.2984011662698984,452.0474197682606,0.010763033804006205,0.006405175050780071,0.0002515623385951487,424.4055868983289,0.01010513552461556,2.1929409571533875e-08,0.014698965444601914,0.2641729758591862,13261,221.01666666666668,18230,303.8333333333333,39543,659.05,0.0002515623385951487,0.9267529075338888,1.312220233351545,0.0002478567120482784,100.19019730706522,89.55078125,5.091820427028732e-05,0.0001261163162384516,7.035893585307176e-05,0.20543403424301576,0.5088275205308389,0.2838693988620611,1,0,1.0
S17,900,960,60,30,6.958095043219528e-07,0.015885380623416948,-0.235263343231619,0.2984011662698984,0.5336645095015173,0.0005252912621226363,0.01630549942883227,0.01588538063865583,10.598503357469223,-0.3249745762642742,15.52565699804827,0.011048452829768794,0.011413895395672564,0.008167921624536265,0.2984011662698984,464.03501885028936,0.011048452829768794,0.006701906572485376,0.0002523453175508306,430.2235562280851,0.010243661902142553,2.492365162600659e-08,0.01461127040668041,0.2641729758591862,13018,216.96666666666667,17762,296.03333333333336,39584,659.7333333333333,0.0002523453175508306,0.9197935355191713,1.3033202779378108,0.0002667070509486129,99.97769326620718,89.7216796875,5.021527163510448e-05,0.00014111929281124654,7.502610953401595e-05,0.1882787554978424,0.5291172179712502,0.28130530957905353,1,0,1.0
S17,930,990,60,30,5.674057592767334e-07,0.014230958543317644,-0.07662848444499079,0.06396320691005829,0.14059169135504906,0.0005593735440365209,0.018160456928374934,0.014230958554629228,8.505847618110142,-0.21942875164624842,0.4608569666032527,0.011137792797099678,0.008858315471490578,0.009093818552703293,0.07662848444499079,467.7872974781865,0.011137792797099678,0.0072534859384147145,0.00020252018106162547,424.69388498298883,0.010111999928164691,2.712267595258405e-08,0.012964531810221846,0.06587849045062896,12549,209.15,17093,284.8833333333333,39948,665.8,0.00020252018106162547,0.9110090350385801,1.312002340028761,0.00020031862032257226,98.36468206856422,88.525390625,4.3297388890560145e-05,0.00010358655850148251,5.302962771714074e-05,0.2161426073164768,0.5171089853488283,0.2647264025268712,1,0,1.0
S17,960,1020,60,30,-1.3095484367731173e-06,0.015787365021138186,-0.2380350128320263,0.14019514877627098,0.37823016160829726,0.0004896623006400754,0.018277799851188863,0.015787365075451146,10.468117633074133,-0.44411698538070726,5.905674201222018,0.011707356664690258,0.010591444469538004,0.009127194331736036,0.2380350128320263,491.70897991699087,0.011707356664690258,0.007345231746970979,0.00024924089431065756,437.2404122539888,0.010410733880663558,7.971905080305888e-08,0.01387341569488448,0.21793753373546734,12430,207.16666666666666,17023,283.71666666666664,39754,662.5666666666667,0.00024924089431065756,0.8787670188349316,1.3263319076830893,0.0002524901741075944,94.74197556848362,85.44921875,5.4990798992660845e-05,0.00013787265317653953,5.908001253730598e-05,0.2177938178664626,0.5460515588926935,0.2339893532337224,1,0,1.0
S17,990,1050,60,30,1.5521125581614127e-06,0.016327617155575177,-0.2380350128320263,0.14019514877627098,0.37823016160829726,0.0006336982966442112,0.019125525299537947,0.01632761722934753,11.196825544299625,-0.4340609966212965,5.148449085987446,0.012183441456799327,0.01086990518159334,0.009576250388592335,0.2380350128320263,511.70454118557177,0.012183441456799327,0.007691228522001635,0.0002665910819790329,449.33471431193306,0.010698700309815306,-1.0113834438017314e-07,0.014193858616042417,0.21793753373546734,12242,204.03333333333333,16928,282.1333333333333,39819,663.65,0.0002665910819790329,0.8693159865765119,1.333814182846742,0.0002785095940484151,92.90595032519312,83.2275390625,6.49857890533408e-05,0.0001522405160241738,6.070003136966411e-05,0.23333411287096958,0.5466257510601551,0.21794592598168175,1,0,1.0
S17,1020,1080,60,30,-6.407936599276465e-07,0.015421027185665433,-0.07591588085028309,0.0645163650927036,0.1404322459429867,0.0006871273391564911,0.019704761334311642,0.01542102719897896,9.987939354609253,-0.2445524084192589,0.5127298522188255,0.01206062439453829,0.009609860513322594,0.009864632107013015,0.07591588085028309,506.54622457060816,0.01206062439453829,0.007867436147198753,0.00023780807946103237,445.54489806644375,0.010608464441211546,4.985049530180055e-08,0.013619203618886007,0.07217595484916263,12163,202.71666666666667,16867,281.1166666666667,39933,665.55,0.00023780807946103237,0.8831580059430603,1.3302090591957694,0.00023607141086700323,95.11790376015706,85.44921875,5.5239581436681466e-05,0.00012490633930158887,5.528054909151016e-05,0.2339952187933594,0.5291040488251159,0.23416875804014173,1,0,1.0
S17,1050,1110,60,30,-2.36035562895421e-06,0.015324217371179363,-0.07437838157955728,0.061436932548965255,0.13581531412852255,0.0006270686658773072,0.019657830533255205,0.015324217552959566,9.862929031638231,-0.2437426553991419,0.44472065384879,0.012017936788924807,0.009507935577602626,0.009847911369429727,0.07437838157955728,504.7533451348419,0.012017936788924807,0.007851956280367056,0.00023483163803915535,441.42686850779114,0.010510413783847023,3.2647505066583884e-08,0.013469179020238442,0.06885734778956634,12077,201.28333333333333,16778,279.6333333333333,39912,665.2,0.00023483163803915535,0.8789472698012143,1.333102369746589,0.0002343668043355783,94.42068918838832,84.765625,5.535925953509212e-05,0.00012431421964649982,5.404489204653167e-05,0.2362077671026564,0.5304258851799695,0.23059960304424107,1,0,1.0
S17,1080,1140,60,30,-2.762992413856026e-06,0.014966870345318649,-0.06923640160344835,0.06491797860216361,0.13415438020561196,0.0006239148822835591,0.019166172569374123,0.014966870600352828,9.408303053843644,-0.24211010342315048,0.4582784774817159,0.01171913865159743,0.009309618941306944,0.009594790492141939,0.06923640160344835,492.203823367092,0.01171913865159743,0.007629099538689791,0.00022400720793357875,428.99070501515325,0.010214307602922766,-2.052784684039101e-09,0.013067304814730271,0.0696351570892615,12058,200.96666666666667,16849,280.81666666666666,39965,666.0833333333334,0.00022400720793357875,0.8730819812852508,1.3424809575868168,0.0002238877859545216,93.60200145502678,83.9111328125,5.581887090763856e-05,0.00011748170638992245,5.0010033144657785e-05,0.2493162843594204,0.5247347723282526,0.22337097547079382,1,0,1.0
S17,1110,1170,60,30,4.166688363571605e-06,0.015325313108602164,-0.08987207127778472,0.06689818186968716,0.1567702531474719,0.0005839038852034481,0.01961773792019189,0.015325313675027511,9.86434004799538,-0.19070972608837447,0.5377286752703618,0.011968864553944455,0.009571390731096356,0.00982925798637941,0.08987207127778472,502.6923112656671,0.011968864553944455,0.0077584945866586595,0.00023486522187669332,438.72716502036894,0.010446133598903996,-4.537084235605378e-08,0.013389068031442025,0.07713390101562467,12019,200.31666666666666,16834,280.56666666666666,39964,666.0666666666667,0.00023486522187669332,0.873657062440485,1.3403530660659724,0.0002346493512588577,93.6459710283443,83.740234375,5.839469395277852e-05,0.0001232400511559795,5.226085520832356e-05,0.24885938801662977,0.5252094262984985,0.2227189418080728,1,0,1.0
S17,1140,1200,60,30,6.382513985354912e-07,0.01975194425024457,-0.3051715470500604,0.30293952735925156,0.6081110744093119,0.0001913456527859376,0.016825047857360123,0.019751944260556587,16.385850687029638,-0.3516045901739828,23.39089145844889,0.012356031866039612,0.015409989571623595,0.008424391964596798,0.3051715470500604,518.9533383736637,0.012356031866039612,0.007017088719314959,0.00039013930166476946,460.0001652788329,0.010952645664868995,7.81377030173618e-09,0.01717553126496886,0.24109449735885735,12649,210.81666666666666,17905,298.4166666666667,39014,650.2333333333333,0.00039013930166476946,0.8695615503651594,1.3376158014130908,0.00042554438055683174,93.33630841552447,84.2529296875,0.00010361889162289526,0.00022802381648403256,9.263641179379867e-05,0.24349726222987192,0.5358402716672224,0.21768919066110665,1,0,1.0
S17,1170,1230,60,30,1.34531207972697e-06,0.023384425202925937,-0.35228814049459106,0.30293952735925156,0.6552276678538427,0.00015964726643917016,0.01490172135893119,0.023384425241624016,22.9669164430063,-0.30128863312058585,28.092011161306974,0.012723964656124687,0.0196196857087669,0.007449753034014795,0.35228814049459106,534.4065155572368,0.012723964656124687,0.006471018355252657,0.0005468313420712378,473.94234199441564,0.011284610157251736,1.6032902058472968e-08,0.02008885784210542,0.3235134547442693,12777,212.95,18520,308.6666666666667,38053,634.2166666666667,0.0005468313420712378,0.859069986445159,1.3469770355372217,0.0005265349003601544,90.90150572757986,81.005859375,0.00015099928287233707,0.0002575440845580648,0.00011646924443195714,0.2867792481923843,0.4891301305609607,0.2211994767152019,1,0,1.0
S17,1200,1260,60,30,-5.037668880402896e-07,0.02134944987116625,-0.35228814049459106,0.2926162376945335,0.6449043781891246,0.0003576605509280173,0.015338763368459544,0.021349449877109756,19.143558422319312,-0.22842382677397818,28.99280121027185,0.01228337571619662,0.01746189253975562,0.007673088975404399,0.35228814049459106,515.901780080258,0.01228337571619662,0.006574414409621018,0.00045579900980144064,444.29387604562675,0.010578677493407622,4.3224341061842044e-08,0.017925573196048063,0.3235134547442693,12183,203.05,17989,299.81666666666666,38296,638.2666666666667,0.00045579900980144064,0.8396269367229765,1.3725730232688125,0.00047415209401081024,89.385105844757,79.638671875,0.00014624392164897004,0.00022225376087863153,0.0001044810682128768,0.3084325124706416,0.4687393848640566,0.2203534889597993,1,0,1.0
S17,1230,1290,60,30,-7.387479069265641e-08,0.02685849372323397,-0.37599065391460174,0.3652334694430661,0.7412241233576679,0.00037014975589749467,0.015515680655859246,0.02685849372333557,30.297904773631156,-0.09194471196771868,23.94050637785458,0.01416030768783331,0.022822453226424743,0.0077667084823742115,0.37599065391460174,594.732922888999,0.01416030768783331,0.006881768488389859,0.0007213786850809986,506.62601528650504,0.012062811383283056,7.629449027233974e-08,0.023320604533533466,0.4167219173640028,11870,197.83333333333334,17412,290.2,37386,623.1,0.0007213786850809986,0.8682767088073874,1.3092879873790322,0.0005598374554609699,93.60025081209385,87.158203125,0.0001418630078707307,0.00029222684773547023,0.00012459840657531212,0.2534003512750335,0.5219851670961364,0.22256175495210095,1,0,0.7205714285714285
S17,1740,1800,60,30,2.3867099493941883e-06,0.011825625922698434,-0.05639225915674027,0.08214684995959116,0.13853910911633144,-6.403897326920751e-05,0.015233090499585385,0.011825626163547603,5.873508234719227,0.0855939647870614,0.6251183570771786,0.00925272535373814,0.0073642723800979165,0.007619767708832586,0.08214684995959116,388.61446485700185,0.00925272535373814,0.006042744384924682,0.00013984542846359722,341.1520719001792,0.008122861780046649,6.171662442769943e-09,0.010358128737554251,0.08279549873439487,12280,204.66666666666666,17683,294.71666666666664,40003,666.7166666666667,0.00013984542846359722,0.8759053267254608,1.3986245800008785,0.00014042392871352894,92.05810258989635,79.4677734375,4.419942035434209e-05,6.197199603919298e-05,3.3971556769365784e-05,0.31475704147624917,0.4413207678131454,0.24192142379572124,3,0,0.9960952380952381
S17,1770,1830,60,30,9.302220163854235e-07,0.012936585672194675,-0.09477314289710306,0.08962345820970889,0.18439660110681194,-0.00010276329501669127,0.01578426839852446,0.012936585705639086,7.028920488212513,0.055646052531009293,1.6640900279567088,0.009871493841746187,0.008361151777818215,0.007899687877995937,0.09477314289710306,414.60274135333987,0.009871493841746187,0.006307475885871775,0.00016735524885403257,378.56202394249533,0.009013596131872076,-4.577236480032012e-08,0.011808875457681476,0.0999640517730522,12804,213.4,18353,305.8833333333333,39951,665.85,0.00016735524885403257,0.9128278323903463,1.3910932664369349,0.00016360231073221017,96.8132332669502,81.5185546875,5.01386988571404e-05,6.665730712393275e-05,4.644531645687356e-05,0.30646693578313283,0.4074349978652789,0.2838915676007586,3,0,1.0
S17,1800,1860,60,30,-1.1873386029862558e-06,0.01208860628767001,-0.09477314289710306,0.08962345820970889,0.18439660110681194,-0.00013543589643442695,0.014515223515608088,0.012088606345979995,6.137644942298849,0.02602431382340287,2.0826771540075537,0.009155617425360864,0.007893609627318564,0.007272327235332412,0.09477314289710306,384.53593186515633,0.009155617425360864,0.005822922713996247,0.00014613440197829488,355.88292853322355,0.00847360481281039,8.430115103536345e-09,0.011188491518071332,0.0999640517730522,12966,216.1,18541,309.01666666666665,39935,665.5833333333334,0.00014613440197829488,0.9255402361381588,1.3903857412671168,0.00014799142020606307,97.48322193990036,81.689453125,4.55341140607242e-05,5.9808850680496755e-05,4.2281526202163355e-05,0.30768076958328094,0.40413728442648217,0.2857025504809036,3,0,1.0
S17,1830,1890,60,30,-1.033458730660564e-06,0.01001245346870687,-0.05010697902443642,0.050563323139681156,0.10067030216411757,-7.05435390653754e-05,0.012997901647078751,0.010012453522042294,4.2104674723043995,0.06902717760912355,0.4914634165855185,0.007857203282592456,0.006205931203862598,0.0064974354953695156,0.050563323139681156,330.00253786888317,0.007857203282592456,0.005143659949724079,0.00010024922446302021,296.61234005717483,0.007062366724378552,-2.026719383469952e-08,0.00900163280054183,0.05569570287966674,12511,208.51666666666668,18242,304.03333333333336,40007,666.7833333333333,0.00010024922446302021,0.8990436588470269,1.4084741658419144,9.866096170091e-05,94.42965358548612,79.4677734375,3.2569709128836814e-05,3.940189604791955e-05,2.646984697790767e-05,0.33011749092383325,0.3993666326440859,0.26829098887309477,3,0,1.0
S17,1860,1920,60,30,-1.2404707047058851e-06,0.009515962791894058,-0.04572927696618799,0.052330159387064215,0.0980594363532522,-3.478897034895983e-05,0.012544200599773986,0.00951596287274597,3.8032490746101493,0.039452151676916056,0.2460482555160075,0.007525636983314383,0.005823945174093805,0.006272086873987487,0.052330159387064215,316.0767532992041,0.007525636983314383,0.004938580019438536,9.055354785671217e-05,284.0331463349646,0.006762854980712984,1.6678756777668254e-09,0.008539952801684451,0.04694407114379505,12500,208.33333333333334,18362,306.03333333333336,40065,667.75,9.055354785671217e-05,0.8974344465658275,1.4052383063910279,8.958756662946242e-05,94.59738510844953,79.8095703125,2.8458885047948938e-05,3.7250537931440336e-05,2.366635636744347e-05,0.31766556586647754,0.4158003094950662,0.2641700992429945,3,0,1.0
S17,1890,1950,60,30,6.538694891983704e-08,0.009716128768652825,-0.04572927696618799,0.052330159387064215,0.0980594363532522,-7.336480535488773e-05,0.012826385184953853,0.009716128768872841,3.9649326466393764,0.05857586750079939,0.24180772518260074,0.007680170613492916,0.005951313939035508,0.006417876364376155,0.052330159387064215,322.5671657667025,0.007680170613492916,0.00502177996355802,9.440315824904304e-05,288.36896854475776,0.006866091300858539,-2.5364296403371174e-08,0.00866865602017365,0.04694407114379505,12540,209.0,18403,306.71666666666664,40073,667.8833333333333,9.440315824904304e-05,0.8921923768797054,1.4186182631050421,9.428012552608167e-05,93.97957253132373,78.271484375,3.0760046899338115e-05,3.8833547961152756e-05,2.446143835549392e-05,0.3262622607649016,0.41189537820895067,0.25945487682583646,3,0,1.0
S17,1920,1980,60,30,-1.1146313463780563e-06,0.010268864958956422,-0.05105460810392242,0.046909380046709345,0.09796398815063176,2.104833308788016e-05,0.013550957293460331,0.01026886501945011,4.428882729082816,0.010899913761724167,0.22730778623868586,0.008112754997975659,0.006295458293921666,0.0067744094420051125,0.05105460810392242,340.73570991497763,0.008112754997975659,0.005316982530052828,0.00010544958754528307,297.9475521182111,0.007094158244677518,3.637769345257426e-08,0.008955849014999781,0.04120188567230393,12215,203.58333333333334,17885,298.0833333333333,40008,666.8,0.00010544958754528307,0.8721362147418797,1.4238648733978778,0.00010518863486112306,91.24619472914029,76.7333984375,3.5345286195868824e-05,4.435383518747159e-05,2.5259954529249197e-05,0.33601810920480135,0.42165995638245934,0.24013957936234315,3,0,1.0
S17,1950,2010,60,30,1.5411642355981742e-06,0.010550861818275976,-0.05105460810392242,0.046909380046709345,0.09796398815063176,0.00012150228275127455,0.013893125529306102,0.010550861930834895,4.675468874308724,-0.0541587245221669,0.2668627011737428,0.008338518463821212,0.006464502866582533,0.006944783552328866,0.05105460810392242,350.2177754804909,0.008338518463821212,0.0055004010174106365,0.00011132068510835384,302.7345554505922,0.0072081372282814405,1.6689233069332743e-08,0.009111772346167704,0.04812769732474906,11943,199.05,17582,293.03333333333336,39939,665.65,0.00011132068510835384,0.8636045569646725,1.4178371042809141,0.00011204051116356354,90.95187641325613,77.24609375,3.687383622762205e-05,4.8598865238131994e-05,2.6275750741106022e-05,0.32911163868032867,0.43376154511812626,0.23452008981596922,3,0,1.0
S17,1980,2040,60,30,-1.6197588016560316e-06,0.010616670585672098,-0.049170723106261714,0.04285832853548006,0.09202905164174177,8.438953132930741e-05,0.013872495675825143,0.010616670709233365,4.733975271828335,-0.05460474828284883,0.2615437182900795,0.008385922954254312,0.006510759798487756,0.006933881272504033,0.049170723106261714,352.2087640786811,0.008385922954254312,0.00553347506669084,0.00011271369432467512,306.2842221028497,0.007292655113284833,1.3992372774439046e-08,0.009238532875460458,0.04812769732474906,12033,200.55,17880,298.0,39971,666.1833333333333,0.00011271369432467512,0.8701911584153765,1.419101417833771,0.0001106403602763873,91.46406775284275,76.3916015625,3.739561664277519e-05,4.6046950726784557e-05,2.693499925958216e-05,0.3379925422274326,0.41618583500411677,0.24344641677139034,3,0,1.0
S17,2010,2070,60,30,-1.5367840803137898e-06,0.010808242648081277,-0.05559062315478758,0.04355665371194581,0.09914727686673339,8.605100067144572e-05,0.014163534738966664,0.010808242757336101,4.906360683063348,-0.03937571342007549,0.18200523620427767,0.008555391841148252,0.006604799917175553,0.00708310116439436,0.05559062315478758,359.32645732822664,0.008555391841148252,0.005652353551398635,0.00011681810913980298,307.9926118913896,0.007333332029129017,-8.858173166255458e-08,0.009259049332482297,0.04315481798441857,11866,197.76666666666668,17720,295.3333333333333,39999,666.65,0.00011681810913980298,0.8566655684886942,1.430654932562218,0.00011791623050566246,89.57121836195596,74.853515625,4.186452713264572e-05,4.8495011344438575e-05,2.728385543458473e-05,0.3550361723158657,0.41126663510592626,0.23138337544867946,3,0,1.0
S17,2040,2100,60,30,2.3070188331186944e-06,0.010768028573604801,-0.05559062315478759,0.056592546436477265,0.11218316959126486,8.841191570577839e-05,0.014196780482429033,0.010768028820740839,4.869918676740824,-0.022878675161161554,0.21042793413871008,0.0085319478437642,0.006569346289821592,0.007098742289527263,0.056592546436477265,358.34180943809645,0.0085319478437642,0.0056406232123899945,0.00011595043936196944,302.9191211012858,0.007212531753167594,2.863639187440776e-09,0.009086298773529906,0.03880138872424615,11652,194.2,17397,289.95,39972,666.2,0.00011595043936196944,0.843821941167834,1.4347138502780339,0.00011263683478594344,88.36630822407442,74.169921875,3.996934224820101e-05,4.739745184737331e-05,2.494246704952636e-05,0.3548514331404934,0.4207988615575719,0.22144147691052718,3,0,1.0
S17,2070,2130,60,30,-3.8945036235865733e-07,0.010948032717864441,-0.052205199917216234,0.07116320647450113,0.12336840639171737,0.00011548608221540553,0.014254141703678487,0.01094803272479133,5.0340956628102775,-0.028045690155252236,0.3896150697123404,0.008624834443540574,0.006743267113545036,0.007129185029692484,0.07116320647450113,362.24304662870406,0.008624834443540574,0.005679753954708009,0.00011985942039143026,314.91327935267356,0.007498113749200542,9.842673051635245e-09,0.009488193234684845,0.05243498476647461,12038,200.63333333333333,17739,295.65,40022,667.0333333333333,0.00011985942039143026,0.8666573693374605,1.4215264413845121,0.00011873398500084267,90.89164368096833,76.220703125,4.0362357133195376e-05,4.9412947612217584e-05,2.8704618123423253e-05,0.33993937904896326,0.41616515786838026,0.24175570392267667,3,0,0.7039047619047619
S17,3510,3570,60,30,1.647481491961529e-06,0.009702845808822023,-0.12493216975303667,0.10610413865767827,0.23103630841071493,-8.492277706132827e-05,0.011936423404517357,0.00970284594868796,3.9540992191667557,0.09672845695518109,3.3397454454705837,0.007405220136370891,0.006269603993543568,0.005963729915589877,0.12493216975303667,311.0192457275774,0.007405220136370891,0.004727593498435106,9.414521678977511e-05,301.6510056423121,0.007182337809050503,2.1459595860441715e-08,0.009244606769003696,0.09239646812062921,13671,227.85,19494,324.9,40122,668.7,9.414521678977511e-05,0.9527727175256473,1.3849998324879613,9.347834216862189e-05,101.30734963036276,84.2529296875,2.856190225314209e-05,3.414249144638344e-05,3.0572176236612494e-05,0.3055456653437478,0.36524493967592137,0.32705090320776714,2,1,0.9627619047619047
S17,3540,3600,60,30,2.7851805789387437e-07,0.009477844827113207,-0.12493216975303667,0.10610413865767827,0.23103630841071493,-5.178288776955698e-05,0.011518283033118446,0.009477844831205505,3.772840791065174,0.09223336058134163,3.7732884760773464,0.007189584089492059,0.006175712368992871,0.005756542757647271,0.12493216975303667,301.9625317586665,0.007189584089492059,0.004575937134756302,8.982954256683659e-05,297.8855871361052,0.007092682852832334,2.5028892442665623e-08,0.009143343899595991,0.09239646812062921,13977,232.95,19826,330.43333333333334,40109,668.4833333333333,8.982954256683659e-05,0.9647070685774143,1.3769799549725699,9.191960009146277e-05,101.44143957272149,84.5947265625,2.7771356719404763e-05,3.400495440035547e-05,2.9963878432869228e-05,0.30212660511764006,0.3699423666608592,0.32597920794971114,2,1,1.0
S17,3570,3630,60,30,-8.884692894431865e-07,0.010292421428647452,-0.23093242844024808,0.2020007239287097,0.4329331523689578,2.8976472617262168e-05,0.01121505848233877,0.01029242146699497,4.449225465478874,-0.21602731963462754,29.195378185962667,0.007212280972890721,0.0073428157284748325,0.005608817348478493,0.23093242844024808,302.9158008614103,0.007212280972890721,0.004493754695906898,0.00010593393886488124,298.3700514676654,0.007104217992515665,-1.1052061403163438e-08,0.009652645595245547,0.21191055802069417,14040,234.0,19748,329.1333333333333,40011,666.85,0.00010593393886488124,0.937840105184463,1.3719492673367986,9.121109443184675e-05,102.78488611014326,86.6455078125,2.499232352712033e-05,3.6752017447507004e-05,2.924152284397216e-05,0.2740053025654098,0.4029336307872968,0.32059173312322803,2,1,1.0
S17,3600,3660,60,30,-1.1266753871788973e-06,0.010533821627769014,-0.23093242844024808,0.2020007239287097,0.4329331523689578,5.9562535311026175e-05,0.011226581656923362,0.010533821688022428,4.6603787729121695,-0.09001724584318194,30.73420721824108,0.007268556325323307,0.007624269689659082,0.005613866410618661,0.23093242844024808,305.2793656635789,0.007268556325323307,0.004490944219798251,0.00011096139808565424,301.1001677472772,0.0071692223087996675,-1.923849499601035e-08,0.00984812478834835,0.21191055802069417,14179,236.31666666666666,19846,330.76666666666665,39991,666.5166666666667,0.00011096139808565424,0.9349052163924015,1.380137139348808,0.000114487558130886,98.75923221394747,81.34765625,3.3124907349018894e-05,4.7361746069163124e-05,3.3799038168848276e-05,0.289331940429277,0.4136846557161923,0.29522018567474456,2,1,1.0
S17,3630,3690,60,30,-7.144249049825542e-07,0.00875453737882819,-0.11124514943431012,0.18099663543614003,0.29224178487045016,1.4178096648959776e-06,0.010124046348935248,0.008754537407978958,3.2189608595635226,0.32628758115320694,13.271121452453592,0.006425662004972296,0.005945821476092124,0.0050606465470454465,0.18099663543614003,269.87780420883644,0.006425662004972296,0.004045599918847366,7.664192471729998e-05,274.88765135106405,0.006545099915499513,4.6582714705545464e-09,0.008568033124019549,0.14492935234847196,14779,246.31666666666666,20310,338.5,40138,668.9666666666667,7.664192471729998e-05,0.978696275229839,1.3831533962913372,7.8825844001583e-05,102.17718626203634,83.5693359375,2.6707097851397565e-05,2.4592002986999934e-05,2.739304233914262e-05,0.3388114417253969,0.3119789365846317,0.3475134670120691,2,1,1.0
S17,3660,3720,60,30,2.740771062792347e-07,0.007934529436083596,-0.07788582534004086,0.12445324757164261,0.20233907291168346,1.117815432409542e-05,0.00951229237456145,0.007934529440817226,2.6441838127822033,0.15569867654917913,6.515500680094831,0.005953291146654013,0.005245482053192658,0.0047466905293014686,0.12445324757164261,250.03822815946856,0.005953291146654013,0.003787859603285284,6.295675737207705e-05,255.06512981795586,0.0060731238795675106,1.7066903614113405e-09,0.00783998255799714,0.07965945992111087,14745,245.75,20236,337.26666666666665,40139,668.9833333333333,6.295675737207705e-05,0.9880841228395363,1.3763232267047725,5.947076784378896e-05,105.29707124456324,88.8671875,1.9118672470450326e-05,1.8104814836406033e-05,2.2143135047925054e-05,0.32148016855388645,0.3044321688255598,0.3723364579063132,2,1,1.0
S17,3690,3750,60,30,9.769856900038372e-07,0.008548816902921025,-0.14622830714174412,0.15425528726311422,0.30048359440485833,5.117145194841232e-05,0.010252257417647237,0.008548816958747525,3.0694553985551094,-0.0021279166572181997,10.167629294941692,0.006401545272815592,0.005665905886463489,0.005117175373883665,0.15425528726311422,268.86490145825485,0.006401545272815592,0.004098720318498175,7.308227043966823e-05,265.89447880363497,0.006330971661316578,9.77738396665642e-09,0.008227472147632389,0.15303664251863347,14212,236.86666666666667,19872,331.2,40184,669.7333333333333,7.308227043966823e-05,0.9624106167043024,1.3787821432624183,7.431967668214081e-05,101.65559733695035,84.2529296875,2.325554789164093e-05,2.6226660798971642e-05,2.4734423292395978e-05,0.31291239318899366,0.35288986671915873,0.33281123380263195,2,1,1.0
S17,3720,3780,60,30,-8.044707561792079e-07,0.009128856561192996,-0.14622830714174412,0.15425528726311422,0.30048359440485833,4.6753020094833205e-05,0.010756004089703144,0.00912885659663956,3.5001129560044038,0.00957548877936367,9.255629966184225,0.006777484146122553,0.006115695496921595,0.005382953705027789,0.15425528726311422,284.6543341371472,0.006777484146122553,0.004315761050836241,8.333602211483641e-05,271.9700277343291,0.00647563103250861,1.7209449542417598e-08,0.008469110560705106,0.15303664251863347,13653,227.55,19256,320.93333333333334,40113,668.55,8.333602211483641e-05,0.9277296125680748,1.3961455181551334,8.546477603886622e-05,96.91493399115669,79.638671875,2.847979821715809e-05,3.1498321467982986e-05,2.5324122887777635e-05,0.3332343397729906,0.36855325583090176,0.2963106447065533,2,1,1.0
S17,3750,3810,60,30,2.297333352858196e-07,0.008101209619694393,-0.07504795586800529,0.08656368519959037,0.16161164106759568,6.69230268721352e-05,0.010014892888496895,0.008101209622951772,2.756443088910268,-0.01266166487930794,3.0833207450355324,0.006183223314734995,0.0052342474908169895,0.005008462878259156,0.08656368519959037,259.6953792188698,0.006183223314734995,0.00396716445504507,6.562959730222896e-05,240.3375486616148,0.005722458836201214,-7.715676811709483e-09,0.007394844431272451,0.06636774522647854,13014,216.9,18676,311.26666666666665,40043,667.3833333333333,6.562959730222896e-05,0.9128074421497826,1.4019993787264182,6.48286800605617e-05,96.05261336545422,80.1513671875,2.1527395971246493e-05,2.4095035691440667e-05,1.9047858211082524e-05,0.33206593055937617,0.371672470717151,0.29381838706708796,2,1,1.0
S17,3780,3840,60,30,1.1763923219473173e-06,0.00835329197463034,-0.04831715985728028,0.05207770032447474,0.10039486018175503,6.427265527901072e-05,0.010408637690878225,0.00835329205746588,2.9306545042875465,0.023921924334109848,1.1461285340427931,0.006433311144222124,0.005328226338937749,0.005203777679725687,0.05207770032447474,270.1990680573292,0.006433311144222124,0.004136255203753133,6.977748681342364e-05,245.51917312329115,0.0058458337846922824,1.963024597880112e-08,0.007569011322079934,0.04741116498902226,12715,211.91666666666666,18549,309.15,39999,666.65,6.977748681342364e-05,0.9061111888663377,1.4062854561946927,6.884785995848325e-05,94.81404776467625,79.8095703125,2.3465724039175457e-05,2.55418188040224e-05,1.96724199455576e-05,0.3408344726085284,0.3709892917430501,0.2857375662427343,2,1,1.0
S17,3810,3870,60,30,1.5760812772563028e-06,0.008573959104721937,-0.04831715985728028,0.05207770032447474,0.10039486018175503,2.4295008782802797e-05,0.010566432683398245,0.008573959249581046,3.0875366429660076,0.051053979310883756,1.2029734321506247,0.00659291863275264,0.005481441518011429,0.005283351010079783,0.05207770032447474,276.9025825756109,0.00659291863275264,0.004239810110814997,7.351277472944418e-05,251.80355260947857,0.005995465430354974,-2.905131521595631e-08,0.0077619173292190055,0.04741116498902226,12780,213.0,18531,308.85,39960,666.0,7.351277472944418e-05,0.9052897540582255,1.4066491078899077,7.421517494960432e-05,95.11390598201689,79.98046875,2.5067457588412598e-05,2.773637412288223e-05,2.1234529744406382e-05,0.33776727745282026,0.3737291482734706,0.2861211303325183,2,1,1.0
S17,3840,3900,60,30,2.0981333623179956e-06,0.007591684279307307,-0.04544757053204618,0.0579495780629678,0.10339714859501398,-2.8696390777877218e-05,0.009547300794467308,0.007591684569240566,2.4206143331515033,0.04562841817510292,1.0585524932454708,0.00587762557330655,0.004804913341451454,0.004774031887702987,0.0579495780629678,246.86027407887508,0.00587762557330655,0.0037951434384464393,5.763367019668171e-05,220.3914840631754,0.005247541228676288,-3.1504471712631056e-08,0.006756712979601439,0.04061451283219246,12587,209.78333333333333,18456,307.6,39939,665.65,5.763367019668171e-05,0.8900150126129779,1.4279609900231571,5.5378629079169837e-05,93.82262598440236,77.9296875,1.91987782516899e-05,2.067315053771107e-05,1.5368235559329813e-05,0.34668207882580726,0.3733055671738737,0.27751202611677567,2,1,1.0
S17,3870,3930,60,30,2.8158676576678424e-07,0.007446873859069168,-0.036223000447984634,0.0579495780629678,0.09417257851095243,-4.004900205073459e-05,0.0094127249676892,0.007446873864392953,2.329149074791511,0.08683084329359897,0.7826372772697718,0.005789326080313265,0.004683976290288357,0.004707911138020377,0.0579495780629678,243.1516953731571,0.005789326080313265,0.003744402735027042,5.545593027288772e-05,208.68907031092726,0.004968905695633879,1.0921236510555438e-08,0.006372129240422955,0.040122002852547876,12071,201.18333333333334,18176,302.93333333333334,39876,664.6,5.545593027288772e-05,0.8556784176843097,1.4673258246915077,5.5169181102169624e-05,88.46182148836708,71.6064453125,2.148742871515712e-05,2.0178243809593017e-05,1.33844446658753e-05,0.3894824662226514,0.3657520993872333,0.24260727454134595,2,1,1.0
S17,3900,3960,60,30,-4.98287664649572e-07,0.009102546794959844,-0.45071769242632254,0.415556114090816,0.8662738065171385,-7.662086793595087e-05,0.009702363126703268,0.009102546808598368,3.479967052914422,-0.7539228957567975,452.3257756041408,0.006025720327841929,0.006822540064620866,0.004851371437990537,0.45071769242632254,253.080253769361,0.006025720327841929,0.003868549422560168,8.285635815443373e-05,213.47759152460836,0.0050829208201292496,2.690947054614339e-08,0.007245533678652075,0.36437562050428546,11842,197.36666666666667,18076,301.26666666666665,39489,658.15,8.285635815443373e-05,0.7959897204443912,1.4715131685595064,7.503321563347701e-05,82.87187746222394,69.7265625,2.8711067960312515e-05,3.219617159491399e-05,1.3942080623463404e-05,0.38264477562258054,0.42909225365185155,0.1858121167506377,2,1,1.0
S17,3930,3990,60,30,-2.2737453784050322e-07,0.010690446569036264,-0.45071769242632254,0.415556114090816,0.8662738065171385,-1.4374665985384403e-05,0.009868545745912585,0.010690446571454272,4.799997211678972,-0.5360450656155785,262.95957513431654,0.006557117420866935,0.008443332222889358,0.004937794491800964,0.45071769242632254,275.3989316764113,0.006557117420866935,0.0040199290263290876,0.00011428564784541922,244.09999302081076,0.005812042977709249,-3.7946167047951645e-08,0.008830861758530806,0.36437562050428546,12600,210.0,18567,309.45,39289,654.8166666666667,0.00011428564784541922,0.8260517183733423,1.4251591942539317,0.0001136267882920176,86.78435788729841,74.3408203125,3.6078267700267365e-05,5.472726669783212e-05,2.245276461986494e-05,0.31751551058142424,0.48164053143158997,0.19760097911209085,2,1,1.0
S17,3960,4020,60,30,-6.540968488369746e-07,0.009106369412170742,-0.23913336993442708,0.21732132414980526,0.45645469408423234,6.888407627822398e-05,0.00935599328844033,0.00910636943566214,3.482890500547987,-0.0747392804057497,48.955444740119745,0.006142593515559048,0.006722686159666651,0.004675379840527304,0.23913336993442708,257.98892765348,0.006142593515559048,0.003796273245027718,8.292596387091891e-05,235.9455794031736,0.0056178856497338895,-9.268689934765414e-09,0.008008726552809748,0.16417453908398016,13178,219.63333333333333,18960,316.0,39644,660.7333333333333,8.292596387091891e-05,0.8794642727875738,1.4090043123909552,9.229375916123411e-05,91.3853958503828,78.271484375,2.8375343121419114e-05,4.1371492790815445e-05,2.223776670740782e-05,0.307445957118816,0.44825883317355003,0.24094550822834276,2,1,1.0
S17,3990,4050,60,30,-7.612769573923888e-07,0.006909348106471876,-0.03166048246200919,0.037321998209914234,0.06898248067192342,-1.1759507299183855e-05,0.008986712221854747,0.006909348148410897,2.005041857109862,0.06522271716071162,0.46468136972354834,0.005427376348835945,0.004275824809793463,0.0044944080873070055,0.037321998209914234,227.94980665110967,0.005427376348835945,0.0035513976764583585,4.773909125640649e-05,208.7267060637962,0.00496980180632387,1.5444660611067003e-08,0.006303174115317245,0.039438784874989925,13141,219.01666666666668,18972,316.2,40130,668.8333333333334,4.773909125640649e-05,0.9122675566763184,1.429101935214106,4.7161222574322394e-05,95.07241855376036,78.4423828125,1.783087547732538e-05,1.4495701958276847e-05,1.4738455795420145e-05,0.3780834020836783,0.30736484694460064,0.312512165523137,2,1,1.0
S17,4020,4080,60,30,-8.447427995783713e-07,0.0074077108700855935,-0.058788306512853016,0.06416449882811764,0.12295280534097067,-0.00014827961499174847,0.009400023658415954,0.007407710918250972,2.3047156040317356,0.15369668089403526,1.0585350413090557,0.005762670424451503,0.004654654726993893,0.004702982567359864,0.06416449882811764,242.0321578269631,0.005762670424451503,0.0037447652025611555,5.4874180334784266e-05,221.14060906761765,0.005265377962990015,4.118785767306879e-08,0.006660155886139783,0.04956117215140461,13162,219.36666666666667,19103,318.3833333333333,40099,668.3166666666667,5.4874180334784266e-05,0.8990842114310041,1.4543735570408,5.5293024073271975e-05,92.53147415665579,73.9990234375,2.2343442883675513e-05,1.68100875303827e-05,1.605557260407652e-05,0.4040915333924751,0.30401823398385086,0.2903724813965747,2,1,1.0
S17,4050,4110,60,30,3.830658053392059e-07,0.007387914072044449,-0.058788306512853016,0.06416449882811764,0.12295280534097067,-0.00013939237553781245,0.00937566047312913,0.007387914081975494,2.292413528271376,0.18004190271913953,1.0727970249969658,0.005743415552669271,0.00464698313661762,0.00468710995508078,0.06416449882811764,241.22345321210938,0.005743415552669271,0.0037247284285805943,5.458127433591239e-05,221.3079657295963,0.005269362740293729,-7.238561133797507e-09,0.006632919338547042,0.04956117215140461,13171,219.51666666666668,19414,323.56666666666666,40124,668.7333333333333,5.458127433591239e-05,0.8978067792701766,1.4798755386760014,5.383731813320549e-05,92.49394537742128,70.068359375,2.3298388074848298e-05,1.4268967356176114e-05,1.6171568278105547e-05,0.4327553615728575,0.26503859870715546,0.3003784148031574,2,1,1.0
S17,4080,4140,60,30,-4.201919209257572e-07,0.007234909722651203,-0.044200415051005165,0.045102993104598074,0.08930340815560324,-0.0001588318132035748,0.009148026894422921,0.0072349097348532385,2.1984445926019145,0.1950775223194966,0.7471055420033657,0.005629290581396921,0.004544777928751863,0.004583456996733335,0.045102993104598074,236.43020441867068,0.005629290581396921,0.003657980043067525,5.234391869491291e-05,220.7955201053017,0.005257161363492029,-1.0975750059553689e-08,0.006625755289742707,0.0339566145818912,13406,223.43333333333334,19869,331.15,40139,668.9833333333333,5.234391869491291e-05,0.9158034507325857,1.4752668619518032,5.111182548525279e-05,94.04137610056264,71.435546875,2.1958300970434307e-05,1.2968811140027347e-05,1.608719056235406e-05,0.4296129273795924,0.25373406284949096,0.31474498141326746,2,1,1.0
S17,4110,4170,60,30,-1.074382209660024e-06,0.007177551468240132,-0.044200415051005165,0.045102993104598074,0.08930340815560324,-0.0002020263625336612,0.008976842967895393,0.007177551548650363,2.163724341808395,0.20679980905083084,0.8410008149605113,0.005561904532033795,0.004536790077805579,0.0044862816869606185,0.045102993104598074,233.59999034541937,0.005561904532033795,0.003602925497581237,5.151724507923608e-05,220.73806639091242,0.005255793385340423,-1.1538935466355975e-08,0.0066468727714714,0.03594896545689253,13597,226.61666666666667,20251,337.51666666666665,40110,668.5,5.151724507923608e-05,0.9260641042956045,1.4773462809933091,5.180418878819166e-05,94.33486189254563,70.2392578125,2.2756899908741696e-05,1.267291975315899e-05,1.62954195351566e-05,0.43928686928746863,0.24463117847427193,0.31455795209500526,2,1,1.0
S17,4140,4200,60,30,-5.310181106871967e-07,0.006810507201937333,-0.031963983772871685,0.03645571599893768,0.06841969977180937,-0.00011232363893215209,0.008556269201647749,0.006810507222639186,1.9480863624440619,0.17232269190616656,0.7517045974227989,0.005285475760964605,0.00429496852257105,0.004282912350798407,0.03645571599893768,221.9899819605134,0.005285475760964605,0.003415337621343422,4.638300834764028e-05,219.94737007615834,0.005236966834356969,-1.5281049231786445e-08,0.00662923616265232,0.03680613551531766,14220,237.0,20631,343.85,40210,670.1666666666666,4.638300834764028e-05,0.9733836212325789,1.430365297188215,4.547819320599695e-05,101.05377829552711,81.1767578125,1.8225227583338807e-05,1.0753333101854683e-05,1.6412112215545004e-05,0.40074651824416696,0.23645031483873247,0.3608787213952209,2,1,1.0
S17,4170,4230,60,30,2.674663987207799e-07,0.006707939937752356,-0.03448371339871727,0.03645571599893768,0.07093942939765495,-9.924996926410673e-05,0.008493619752739686,0.006707939943084713,1.8898512477613167,0.16218406552268289,0.7306967989833071,0.005215177405269639,0.004218812974237705,0.004246646808707757,0.03645571599893768,219.03745102132484,0.005215177405269639,0.003374143898427594,4.499645820849308e-05,220.45982634188215,0.005249168464532064,1.3611857856721347e-08,0.006627394167630096,0.03680613551531766,14541,242.35,20691,344.85,40261,671.0166666666667,4.499645820849308e-05,0.9879924729693916,1.407130540130029,4.381332061537772e-05,103.30803983347545,86.1328125,1.6223009775964283e-05,1.1288300935280179e-05,1.6212873400727047e-05,0.37027574144358016,0.2576454095861928,0.3700443877115447,2,1,1.0
