subject,start_sec,end_sec,window_sec,step_sec,resp_mean,resp_std,resp_range,resp_median,resp_iqr,resp_skew,resp_kurtosis,resp_derivative_std,resp_derivative_max_abs,resp_second_derivative_std,resp_peak_rate_per_min,resp_trough_rate_per_min,resp_peak_prominence_std,resp_trough_prominence_std,resp_breath_rate_mean,resp_breath_rate_std,resp_breath_rate_range,resp_interval_rmssd,resp_interval_sdnn,resp_interval_cv,resp_cycle_amplitude_mean,resp_cycle_amplitude_std,resp_dominant_rate_bpm,resp_mean_frequency_hz,resp_bandpower_0_15_0_40,resp_bandpower_0_40_0_75,resp_bandpower_0_75_2_00,resp_relative_power_0_75_2_00,original_label,label,label_purity
S2,300,360,60,30,-0.0016006528432749184,2.8220895727882556,14.953052896164433,0.03884232412148003,3.888198439210802,-0.3014520616166348,-0.062156253423854224,5.971650860877197,17.617150808202474,18.36652564666388,21.0,20.0,1.1094041997061626,1.0869774291568164,23.081929918179185,7.909041541801555,26.766536238476633,1.222632041329483,0.9609461191334042,0.32997095160451445,6.877854601772938,2.71142250499385,20.5078125,0.32829484376351176,2.8611195459517402,0.766019001784942,0.05858791566246429,0.009776769743690203,1,0,0.8908809523809523
S2,330,390,60,30,0.06256099036833165,2.3607308590700553,14.739932148360918,-0.16224186007182476,3.358757894812695,-0.13870433638604546,0.7023217722957296,5.188804422779667,17.604873025024382,14.913276341751361,21.0,21.0,0.8474263438152466,0.996245296646208,21.52786618985269,3.0733225946343548,9.771275035310254,0.5539842991024088,0.42674297454853377,0.14986583829623665,5.610533014177219,2.2321836086568476,20.5078125,0.33335516171102625,2.14166208146735,0.4821995979807583,0.03744011548944152,0.008212791993999265,1,0,1.0
S2,360,420,60,30,0.03397332197259091,1.6265098687162833,6.3594558370585546,-0.22331089671075485,2.920249794689459,0.3216151262228838,-1.1636128517439426,3.8347337129354733,8.658470702183052,10.634225404505413,22.0,21.0,0.5035396259665266,0.5141814525460096,22.318396104292155,3.3887373598152624,14.783159780828065,0.37972613654515563,0.38340189162924354,0.1396503247670816,4.425059992870019,0.6924701963215366,20.5078125,0.37962411237426147,0.8769423355996742,0.3815843376817165,0.011353730134147462,0.004776572713145767,1,0,1.0
S2,390,450,60,30,-0.0417031533182355,1.5151760723391166,6.435998711175237,-0.2494028196918658,2.6678988710673535,0.2486645799078555,-1.0910953234645924,3.633772531380002,8.032883205394981,10.206924632740163,22.0,22.0,0.5553550298040978,0.4935327960704028,22.42599360618087,2.978100367185331,12.792994603400874,0.29200031450919595,0.3537044329091671,0.12995713873790285,4.155013812810751,0.6841620927787885,20.5078125,0.38020660386172606,0.7200860503945503,0.31741747296196055,0.009056844823707522,0.004621813516620013,1,0,1.0
S2,420,480,60,30,0.061725100304831595,1.9067226358932323,11.525837568594714,-0.10360207552268812,3.113199306416137,-0.052142293456132846,0.1318674503245303,4.66918885972621,15.358113526424289,13.258377757968157,24.0,23.0,0.5087371623739467,0.850047131422617,24.035315541966447,2.722889306015099,9.930807353104168,0.2960990971358666,0.2667760214547774,0.10559802196543039,4.882421272422555,1.6542658019836411,20.5078125,0.40788219041042006,0.8217820100108956,0.5817204591340964,0.013737476372923845,0.00506310891610719,1,0,1.0
S2,450,510,60,30,0.016386836274270507,1.9109266536991785,11.56255127685882,-0.19183150807680924,2.923941201253106,-0.03942145854415828,0.2994103644989603,4.608271709105187,15.29190328521224,13.093103290714332,23.0,24.0,0.7055396958043192,1.0157647657354152,23.99526170645039,2.6871035455439216,11.66354678789624,0.46391392754168587,0.2873991056178397,0.11349162076298097,4.848552198702582,1.7809495951666403,20.5078125,0.38662586743139493,1.1414915501357767,0.6121374889060509,0.018583685949267754,0.005639699312380662,1,0,1.0
S2,480,540,60,30,0.033584967517415756,1.5536116397293624,7.330590454872927,-0.14832124276176262,2.7213788812969346,0.3458860979621241,-0.8665693394514986,3.679428830358404,11.823176559523297,10.308622771249718,23.0,23.0,0.6109111937129321,0.6771072263523873,23.170618404427483,2.498877440744927,10.364879122057932,0.4718136955041746,0.3007193896147506,0.11470731924967577,4.124019942748084,0.7746283419478064,20.5078125,0.3830182541531879,0.7264732939592794,0.3535614458352301,0.008194717199219423,0.00402206836614544,1,0,1.0
S2,510,570,60,30,-0.039742924921262,1.4355241752756143,5.59638979880156,-0.23192233416101182,2.6555667907489973,0.20594981365577172,-1.2879160699990926,3.404693593475916,8.001272741009934,9.141226469400205,22.0,22.0,0.43405495478621814,0.3771950049027724,22.470079420202882,2.1649993805663237,10.425785661729108,0.3374512814421346,0.2585413505979157,0.09593976507773416,3.9342898559805817,0.5566088460304457,20.5078125,0.38003466660006263,0.6819271973076917,0.27782298974904956,0.008557404502633904,0.004668180843940174,1,0,1.0
S2,540,600,60,30,0.021434554103185583,1.4437604041289829,6.11383358060009,-0.20132911005426962,2.6772333994351873,0.19665438685065578,-1.2301239797213113,3.4515553536999373,10.039493600128479,9.421962099213854,22.0,21.0,0.5168769670876227,0.49975918650394036,22.162367683344115,2.2809611178069606,12.510538385132588,0.4883288871660332,0.27663659891243064,0.10114306332419863,3.9574063459570716,0.6214949361196331,20.5078125,0.3802781117764769,0.7189513414172631,0.29909475941171176,0.007464653333007476,0.0038552064455947264,1,0,1.0
S2,570,630,60,30,0.027725592899199698,1.5003742418206751,6.017437488114928,-0.22876985286342602,2.647608145254095,0.25735218280736116,-1.197699514397257,3.6525402731034897,10.027351068309715,10.212117686188837,22.0,22.0,0.46392220192910355,0.5655440746982177,23.174522980212345,2.719527372214766,12.517531556802247,0.483302415149972,0.31677624385579634,0.12065321374997295,4.117802496378997,0.529309196098991,20.5078125,0.39560385875795123,0.6983580176313727,0.3711493182751071,0.009722170165082984,0.004701673558211799,1,0,1.0
S2,600,660,60,30,0.010588696616235807,1.4953602986686074,6.813995257875703,-0.2715157575741206,2.6481074524768893,0.30190860223068844,-1.0827739324431944,3.6201643507054455,7.892113439365012,10.127424045512422,22.0,23.0,0.4692004944959209,0.5865718265102713,23.01059075137246,3.1217480432826887,10.715238336326308,0.4553817640402481,0.3682078850336496,0.13857995570676043,4.070765070863636,0.4695911187387068,20.5078125,0.39047515207582656,0.6915872570279938,0.35432164669938887,0.010217165986920513,0.005109699346776128,1,0,1.0
S2,630,690,60,30,-0.047567451345599955,1.4972587547196652,6.169434375301595,-0.26386589170332675,2.7137542038603457,0.17830750634344925,-1.2176197065998455,3.6689032653976548,7.785223817620645,9.995654632703312,22.0,23.0,0.42791700743818184,0.5394777741043251,22.961956336985647,2.9233945354178386,10.73873117132252,0.4023267785453683,0.3494744075265526,0.1315226264884876,4.226594111188877,0.4751953438595243,20.5078125,0.38545827060880683,0.7308033925473584,0.3587042688701412,0.006854967032047922,0.003306834520402472,1,0,1.0
S2,660,720,60,30,-0.03409229916584469,1.4996244930956277,5.6194327151862336,-0.20619846708864342,2.814142190876451,0.21043416761246114,-1.2928549524578945,3.5424332909867267,7.433275608183654,9.435502391903828,22.0,22.0,0.3745247452912709,0.3761635294573547,22.707099009726864,2.5283622941235047,9.716267295165391,0.28160291916390473,0.3188837749959484,0.11909833818035116,4.158395063422357,0.43821930163072803,20.5078125,0.38207356780230656,0.7372834261273388,0.3340372179440989,0.006642678521432028,0.0032545803676777806,1,0,1.0
S2,690,750,60,30,0.007220404971279874,1.4295069159000804,5.0603340232166945,-0.1383441172848264,2.761025432468787,0.15998773672121783,-1.3838517820501626,3.309335629082924,7.382122279892234,8.714442134273877,22.0,21.0,0.4436707129608623,0.3399444685253039,21.802668851504244,1.9759611548461633,9.557715012260466,0.27341845779176005,0.25863271022919704,0.09319754964870317,3.9323571354728712,0.4216507725035845,20.5078125,0.3725817315476611,0.728198095769471,0.2659637316546983,0.006972094544043697,0.003706638345946751,1,0,1.0
S2,720,780,60,30,0.028232163661702878,1.3854564795586068,5.2525091008955,-0.19230834155312926,2.6774569853555867,0.2668045830668291,-1.3375542149666793,3.144316950277126,7.066420628747139,8.05178184748358,21.0,21.0,0.2408781767959729,0.37653139712702965,21.533334455863955,1.1452576260910714,5.23673764401304,0.13937369498168012,0.14381649305093414,0.05147333323225989,3.7438078111574953,0.26466217056364466,20.5078125,0.36420145542366245,0.7093632234872957,0.21016034883112653,0.005788015800860058,0.003336593576603786,1,0,1.0
S2,750,810,60,30,0.01750446016004737,1.4597480591464256,5.750495898044694,-0.13885084570051884,2.721797108881564,0.1857163583943882,-1.2689811807005005,3.3918296617459798,7.872666306583359,8.943061223295537,22.0,21.0,0.28273308173311423,0.34124097433250855,22.33371650321471,2.124960319928074,8.261706554707175,0.22578683282590029,0.23787540872167937,0.0878077620522986,3.991996466263404,0.384392132817684,20.5078125,0.3690125100572675,0.7550725170628668,0.2561553419750711,0.006088221025544928,0.003187431697500199,1,0,1.0
S2,780,840,60,30,-0.0067082142515162676,1.460515735149154,5.474766979236142,-0.196143435114377,2.714912392260662,0.1970282200302509,-1.3278385923824223,3.6034210331254903,9.7059143099124,10.038172298793643,23.0,23.0,0.525382862002875,0.49851950216558005,23.350121726660294,2.485066071792882,7.9378002116746735,0.3558664264977247,0.2686396519643412,0.10340041590229579,4.08532812590965,0.42685700761362605,20.5078125,0.3905842739963541,0.7135368602316535,0.3583852124290988,0.009365160969411535,0.0045389187347563385,1,0,1.0
S2,810,870,60,30,0.038025027418170716,1.4226925911784247,6.1164514529312495,-0.12385729658102557,2.6670833254246764,0.25996955402806265,-1.1603110083782893,3.295332531007303,9.640064706528118,8.872886285027088,22.0,21.0,0.40419239384287997,0.326000905981719,21.93493447057755,2.1856852238038513,8.603378132135397,0.3289716506612318,0.24593275331695086,0.08911485589033667,3.8182346283199484,0.3221330320154191,20.5078125,0.3702300180132404,0.685280634112696,0.23686279301499502,0.00785048169779875,0.004508925521806886,1,0,1.0
S2,840,900,60,30,0.0061020021346985046,1.3889461955922937,5.702923576607505,-0.13463511860164207,2.626511906595832,0.12757299637638903,-1.3091024616740032,3.0732101175203255,6.7060941416704045,7.599069678318504,21.0,21.0,0.42952483177640904,0.2927494566710502,21.268722924197288,1.0456399475304736,3.650231317032482,0.17660268112840205,0.1373172068829047,0.04855997616410279,3.7614065117889246,0.29286305236348864,20.5078125,0.362498891432395,0.6958489771627099,0.20744475651559963,0.003971288826858083,0.002339621513302705,1,0,1.0
S2,870,930,60,30,0.01147885289278011,1.3884853113601385,5.023135567654981,-0.1311425825733198,2.606237061586233,0.1363846717619713,-1.345782594420492,3.3225103655021617,7.859365125951379,8.88843119533287,22.0,23.0,0.34334527434395695,0.7458531547821935,22.71391544930682,2.3102435526471248,8.132013552722142,0.3273213798612699,0.2521323931422107,0.09453517775826396,3.8797439309762507,0.3392869517515203,20.5078125,0.38135537462169805,0.666528652683369,0.28519804391171105,0.006235336367017854,0.0034274245194201324,1,0,1.0
S2,900,960,60,30,-0.032836705454393704,1.4084536748113416,5.904978402902939,-0.2150305956286585,2.6454666315835835,0.16480928008554932,-1.2860954731838554,3.425821482654278,7.986539787107905,9.383864849265079,22.0,23.0,0.3665024771959892,0.5330917945743594,22.64369562639177,2.2515067903638246,7.249769723280004,0.3660228887679578,0.25581462380955544,0.09562798723427081,3.9198757082862716,0.41618360512179237,20.5078125,0.3845558569902205,0.6640237196079306,0.3013882652350647,0.0075584137756727135,0.00409480211735433,1,0,1.0
S2,930,990,60,30,0.030169321631290023,1.3938540350769524,5.293951383030702,-0.11996939720176408,2.6481310301863905,0.2076015998394127,-1.318510980903286,3.2207896247052674,6.878821021987519,8.388434039048251,22.0,21.0,0.3254338806924197,0.30336339614151836,21.911548381201207,1.9837773758936548,7.903278307370378,0.30637395450658006,0.22115603362189173,0.08018038016676882,3.807222911613663,0.2986229489441054,20.5078125,0.373464609381646,0.6669687299137506,0.24290359760312977,0.004544272161745278,0.0026315395326194113,1,0,1.0
S2,960,1020,60,30,0.03468376379691055,1.3578794558601475,4.947252052362044,-0.11763978580876791,2.641624595949302,0.1638974445485428,-1.414043661461929,3.0155347263586116,6.760322783514139,7.678445450252773,21.0,20.0,0.3098295035898994,0.22943371140902313,20.79418941189039,1.903466206251386,9.69337796490288,0.2979320058820363,0.23259033794661904,0.08002616690225281,3.720176065485261,0.2700694103347652,20.5078125,0.35190548058104587,0.7106927533364215,0.18113279922494074,0.004429730110851043,0.0027019319469779954,1,0,1.0
S2,990,1050,60,30,0.020388274518386172,1.487035761301741,6.273938690265087,-0.18800224700758555,2.7827249877264464,0.23885137679438417,-1.2031570217060379,3.2600644908040097,8.558368619668189,8.171592779755757,20.0,20.0,0.4348068320097104,0.3833148524765768,20.76493032810837,1.933939155055488,8.068756319514659,0.4137774660167225,0.2865008958087662,0.09825336275221985,4.080781446827184,0.4885748510610284,20.5078125,0.35438984885698405,0.841105823415708,0.23882203326410092,0.00489252037064117,0.0024662595417188735,1,0,1.0
S2,1020,1080,60,30,0.008494080916243775,1.531076788132296,6.228125601993604,-0.1665505922451999,2.8984354391152323,0.20918700251000563,-1.2896797905825075,3.4257847683744442,8.509445685918987,8.707449064974734,21.0,21.0,0.5577628609759012,0.5646916206542273,21.29476131915943,1.6808543675603298,6.115359528243694,0.2830082379158761,0.22969832700429366,0.0810039693206406,4.221600153263279,0.4317700024664895,20.5078125,0.353867139852798,0.9038531307684199,0.23270701719103387,0.006164193898071952,0.0029298352281596552,1,0,1.0
S2,1050,1110,60,30,-0.03218663449329659,1.470080205315208,5.446927774486037,-0.26344280103068873,2.733724094277574,0.24890810103656721,-1.2971518064275704,3.103715667330457,6.210994211821353,7.581038727646562,19.0,20.0,0.3441780855837097,0.3564237336426588,20.185604224651456,1.7067006649111198,5.950409347125774,0.3180296482135858,0.24641214831658453,0.08232468231396736,4.0301899523135445,0.41823404214139015,20.5078125,0.3379712504748868,0.8670792288011707,0.17617948570154954,0.0043510172563927755,0.002325031426743141,1,0,1.0
S2,1080,1140,60,30,-0.03031340194364788,1.4044934742268684,5.118349484784844,-0.21406649969174452,2.6681238468212842,0.21359434459292437,-1.3539957044580855,3.040977072226848,5.9743341271984445,7.525489450777243,20.0,20.0,0.30609035735629164,0.30937221011318994,20.426311132431774,1.4213768746124333,4.756748831255251,0.20807889224240253,0.20881233004714111,0.0707387669288583,3.9034561009845583,0.32391873354098466,20.5078125,0.34744627061176653,0.7803907546762218,0.1837440604607481,0.004522559266442288,0.002566804588941652,1,0,1.0
S2,1110,1170,60,30,-0.03862172362327642,1.4303414408622115,5.114203821038572,-0.22584885433364824,2.7371508970256966,0.22636846206996883,-1.3657359382290504,3.1095944166208924,6.215427361331266,7.743916805740079,20.0,20.0,0.31156888310146347,0.2479591735190939,20.495749297435776,1.5358368865375773,5.579485124712011,0.2323004349188612,0.2216104414141978,0.07527567030542283,3.9728015112719155,0.35120274368793775,20.5078125,0.35086800033380006,0.8059622392625839,0.20509900953964816,0.005636496722040517,0.003039923223938605,1,0,1.0
S2,1140,1200,60,30,0.02581051600092942,1.4916974689589815,6.7887840478490755,-0.21023150487899367,2.7563697262160165,0.1487090368530143,-1.1794611520656264,3.281278973120657,7.5919240724181325,8.459810947467195,20.0,20.0,0.3638272531548705,0.3066629405435519,20.364273081911378,1.8089195383895345,5.733954947496841,0.29848768476971327,0.25445486430673614,0.0857075848472773,4.026254941607521,0.3881941985869664,20.5078125,0.34585557446959203,0.8571545699004738,0.20055997358973188,0.00627894732722119,0.0032714761724733747,1,0,1.0
S2,1170,1230,60,30,0.02394421122992255,2.450925208072225,20.533082602445724,0.06101228381710205,2.9289842903358787,-0.2664724036206253,4.990145616568867,4.271232304384639,21.166187087257082,10.530343804144069,19.0,18.0,0.9919299237858904,0.9531389975211363,20.15950829193037,4.187465874502454,17.798672566371685,1.145805755061185,1.0427561528496825,0.32796803689139065,5.17423792462508,2.9037248216473923,10.25390625,0.29312253655470333,2.311367881144739,0.339836433002065,0.010730569288764693,0.0025807325586937493,1,0,1.0
S2,1200,1260,60,30,-0.010854495183714272,2.4010705763939524,20.547889357742925,-0.017634295579677994,2.7966150382791852,-0.22718140294884073,5.589017939190041,4.266396409017569,21.168247863365288,10.822967857727624,19.0,19.0,0.95970447444599,0.903425480057636,20.62040104149862,4.103569978950777,17.53103027043859,1.1262807302414994,1.053597754730424,0.33879470471629597,5.021302709875667,2.832214684389766,20.5078125,0.29430887939573447,2.3652594140819585,0.35138753470349726,0.01540944875856316,0.0036035562918777585,1,0,1.0
S2,1230,1290,60,30,0.027109393384947906,1.419343460851478,5.383086743067832,-0.22455141163696019,2.6410445970258722,0.3000543714090192,-1.263604741623685,3.3785656883389317,7.278936048275764,9.30810454663794,22.0,22.0,0.31121294896079554,0.5829310799720572,22.291833312234242,1.3117029148060182,5.828460305939387,0.1844044468010465,0.1507816645705932,0.0558366200420123,3.9158527348748207,0.3208469003551518,20.5078125,0.3811465768347883,0.6811050507571148,0.25615870873042706,0.012535114909836078,0.006931173018971582,1,0,1.0
S2,1260,1320,60,30,0.027369282094098123,1.4716664203927625,6.1412649598092015,-0.2102282566301822,2.787196375110823,0.24738688780608642,-1.2842843067606657,3.4847748569230146,7.557884109036372,9.459067485242421,22.0,22.0,0.29505265076519793,0.38290416999913657,22.49036274491528,1.2771261839385828,5.692254375324897,0.17094694247882042,0.14205345683583226,0.05308722042676328,4.03008828939637,0.3435928251964495,20.5078125,0.38612934506933433,0.7148963793961952,0.30194202663192826,0.01049898259153067,0.005328537107938991,1,0,1.0
S2,1290,1350,60,30,0.0313485873536002,1.6343289513404418,7.617406517829622,-0.2242127165306398,2.942564548334928,0.2764935906885417,-1.0674353124357203,3.636116918019813,9.121802000383173,9.701794442460935,20.0,20.0,0.43666389835439656,0.5719985570926288,20.989887928803217,3.395157050905955,13.314379365237876,0.6275840007557036,0.5727671105485302,0.19420289018241607,4.562758900435901,0.698738993585442,20.5078125,0.34857340883037724,0.9986160722046896,0.29521198964939,0.00990469554501388,0.004280517895435246,1,0,1.0
S2,1320,1380,60,30,-0.03169486475981394,1.735656607478708,7.733773504424956,-0.2929136227461503,3.097898822411643,0.2803798440733213,-1.1257507523409556,3.6064779292426135,9.040351676327152,9.05454575382027,18.0,19.0,0.41122772477334857,0.5327002470988219,19.30951033557005,2.9764475597571884,11.657288716923071,0.6779147198187533,0.5355306655160574,0.16796644578796244,4.910119883429281,0.5982308985592271,20.5078125,0.3229431860430904,1.26286293683104,0.23585378346289326,0.0055396339254778,0.0021594253952889678,1,0,1.0
S2,1350,1410,60,30,0.009956770791263931,1.6458399292203196,6.331914347727036,-0.1955779524511577,3.136009623208822,0.16438070347877154,-1.3347502611038955,3.7022145823984305,7.688211008485723,9.399389450474699,21.0,21.0,0.40049105970163573,0.4664448224186442,21.123902950587244,1.8161930867869391,9.174160547809588,0.27150908975888294,0.2403001842933721,0.08399796709463458,4.57269231943545,0.4988025727535186,20.5078125,0.3510845344288093,1.0554818152690086,0.2653548066067899,0.0051495101866820495,0.002122915382919996,1,0,1.0
S2,1380,1440,60,30,-0.02006121535331252,3.8332177397431573,32.388471733006575,0.12850910020145112,3.3951800291678023,-0.9853224449047454,7.307486548890703,5.288983514882738,23.83865445455733,12.67915575469374,18.0,19.0,0.8961566873295247,1.122451435679397,20.382656445032442,4.015100931242684,16.175895003618376,0.5903164146351981,0.6648292229052809,0.21653896848513363,6.281805092451475,5.10870196071796,10.25390625,0.24933392706959814,5.701900687550682,0.3253959061997228,0.034456207800290434,0.0041076854399801745,1,0,1.0
S2,2280,2340,60,30,-0.17837664538772655,4.843761772521714,25.06015046196836,-1.2817468800148795,6.030370738256389,1.0367237441677966,0.9595456510090554,7.61306988986613,28.225315123818362,22.550947295159826,14.0,15.0,1.1752978346059073,1.0560589856512574,16.845852213664777,6.047745341249452,19.577846356412337,1.9288632054415167,1.3353948791103731,0.3327517360324314,11.525675595485767,5.070625419253729,10.25390625,0.2732476002532188,7.939827112580911,0.9562909711656684,0.12826307433448847,0.009950926899121996,2,1,1.0
S2,2310,2370,60,30,-0.1583627784877702,5.2416561588033135,27.282878794930927,-1.4093780235124225,5.784401744226163,1.2546772031166316,1.5742540613806266,7.340178441059379,27.806479075333357,21.053882836966196,11.0,12.0,1.391146546251732,1.2490579499021077,15.014912870382366,6.718143689943379,20.904051051626595,2.087079570545131,1.9855433431045868,0.41196287277645705,13.275640424857132,6.0543222567565005,10.25390625,0.26471385277912446,8.70217942060389,0.9534312446426918,0.09732015236378798,0.007121037774293286,2,1,1.0
S2,2340,2400,60,30,0.07728571021965625,4.565531326585039,23.97609919374671,-0.33497770714350467,5.5351458014956485,0.9495537861010754,0.9345121901592046,6.369789121673124,25.75411503594136,19.60843241299056,12.0,13.0,1.456018177468751,1.3532711021064858,16.035746831629602,9.714255126491372,32.99285192104622,2.7366158902213957,2.3973388223004175,0.4760304536518957,10.490939418535758,6.756453068330982,10.25390625,0.2581155882824596,6.192877343643358,0.5976128151573264,0.08844085792146894,0.009420827852422299,2,1,1.0
S2,2370,2430,60,30,-0.07174577387441866,3.334714888420887,19.68276768557021,-0.8474437631447963,3.734631631859506,1.1753767649648326,1.7872232359504867,5.640320226447506,22.82314157707921,18.601788964409526,14.0,14.0,1.4359726080239754,1.2416691961541948,18.04736369390884,10.595052627806423,33.57903035080805,3.4336598153997664,2.281841324662671,0.5096771324815372,7.692375024214405,4.432734601547549,10.25390625,0.2941706287592718,3.4331795718672664,0.553687220335054,0.09561508200537079,0.015835068376101106,2,1,1.0
S2,2400,2460,60,30,-0.16189198421469678,2.8641774077337105,16.429285363947308,-0.461985988766896,3.3236700268895634,0.30911381029039037,0.5957991645549496,4.848255143774728,20.09020296754329,16.333788510120552,15.0,14.0,1.2545874272695516,1.5115210679220632,18.5380374195227,8.644539376927927,32.456987317425245,2.6236783471061735,1.8826812121118603,0.47009467689299406,6.646694602953214,3.433972993720389,10.25390625,0.305474424902309,2.1166715229744932,0.459156822125438,0.07147112562755648,0.018175951094557583,2,1,1.0
S2,2430,2490,60,30,-0.02109971528331567,2.651614873216941,17.14180634281604,-0.1836583905079449,2.5215112783702187,0.419549043651469,1.8010600447937408,4.693742503604461,20.899695567276332,15.521152241792725,16.0,16.0,1.595707799626834,1.601856631687263,21.539443930411256,9.737360776694779,31.68622595416974,1.9382496762750083,1.6461640313591441,0.476268112236058,5.7816187494061655,3.610784635248673,10.25390625,0.3080961527569991,2.289607086357118,0.5068593131950119,0.056389961948488915,0.012963928224736573,2,1,1.0
S2,2460,2520,60,30,-0.023233687048246607,3.3018320468701563,20.760685539976414,-0.3506095811016873,3.377903625209597,0.8598237241075117,1.7654889276758672,5.768005676325972,20.914864709615877,17.621115759328298,19.0,19.0,1.5678244875339857,1.4279031540932596,24.783395792402523,8.822976110768932,28.724426600606495,1.555154346686144,1.0645744580676204,0.3835865529941382,6.5459419938851,4.198305101866549,10.25390625,0.3006029945513924,3.635807640035331,0.628745161226677,0.05759670725674072,0.008619890646437794,2,1,1.0
S2,2490,2550,60,30,0.08085597350762469,3.6456403504480273,20.59731404805603,-0.44483158263395645,3.973993039777182,1.2970457327257359,2.165818806459953,6.007864764671799,25.471339598439435,18.612913897911177,19.0,19.0,1.3718898539950481,1.325750579984206,23.223783408794056,8.97351159315346,28.437898803159378,1.9564795845972884,1.353783394217129,0.44104019979149406,6.362015926653466,4.561714608983851,10.25390625,0.2841193542204391,4.021320473478962,0.5747061510272145,0.07327980462241852,0.010733023198427975,2,1,1.0
S2,2520,2580,60,30,0.04397362047879694,3.465016942799613,21.240551528435404,-0.436850427176446,4.141673135506485,1.193754426656016,2.519957735600882,5.317414119417013,25.221634328565656,15.472158174726424,19.0,20.0,1.3623812809033937,1.1490319425706939,21.39277643795945,7.160292906909453,28.44128347348959,1.6248803815979194,1.1431111380010788,0.36285585576695706,6.111685242198145,3.9028729829381508,10.25390625,0.2729290948996294,3.9159014760159,0.4303595112326246,0.04763090300930474,0.007485542750945195,2,1,1.0
S2,2550,2610,60,30,-0.04103732717184016,2.7287844412339295,17.72616005510794,-0.20482219353682019,3.597714502993717,0.5231604526254303,1.3132515152582256,4.926198660561114,15.757571298656892,14.388009978207842,21.0,22.0,1.2316136896381487,0.993878368612918,23.295920493545726,6.484838023488808,25.513716546694504,0.9397169169466428,0.6900360645706595,0.25004542264757945,5.600696377761313,2.694916230550095,10.25390625,0.30690191290671087,2.5620551926732684,0.4874624350875599,0.04325050703889379,0.008897090688832177,2,1,1.0
S2,2580,2640,60,30,-0.019449153984451663,2.63074426270261,17.185833046418608,-0.3347452985353338,3.5380936054914827,0.9407871476188678,1.9756258959866555,4.835550707808051,13.819918107613649,14.384847429361939,21.0,20.0,1.2079641113868824,0.956408675737353,22.816398195239803,7.863859478589002,27.54792165432138,1.2248932963896402,0.9990525613841161,0.33743632953866404,5.846047184788059,2.87392461424326,10.25390625,0.28884634463299896,2.680313326123687,0.41571549363536525,0.03243905745688523,0.006914771328678325,2,1,1.0
S2,2610,2670,60,30,0.10035515907893347,2.6445833997510326,17.183545959175728,-0.12323880135175441,3.2511091684731563,0.7716525559138385,1.7315293981340947,4.829332206938681,13.796852307334317,14.920228196064937,20.0,20.0,1.0760880097827583,1.0597012361840117,23.132798208793822,7.284423356264664,22.05281048327504,1.4755508983138261,1.1186560718510186,0.38123624649255744,5.348782421777296,2.2208850458556326,10.25390625,0.29927361274855835,2.2689511207144526,0.42115631511484203,0.04915571172882487,0.011828974065890133,2,1,1.0
S2,2640,2700,60,30,-0.034588806255884695,2.1262697849952192,9.614440967180474,-0.2966291192057728,3.1401920479981436,0.26164280644890847,-0.6479416403705027,4.890899341911007,17.803136638809434,17.289802768340802,22.0,22.0,1.0083731929492612,1.0332688027953871,24.625373620868306,7.234661004149729,28.249628833256544,1.3069165299767735,0.8744782674659548,0.327336470468018,5.212025726844999,2.0805983235427212,20.5078125,0.35457520088936434,1.439745250758679,0.48216676390024965,0.07671155089374138,0.02307238290776048,2,1,1.0
S2,2670,2730,60,30,-0.022792615231192904,2.620096841659156,13.56128976825989,-0.428189788735815,3.9181071563252026,0.3852209999093278,-0.27397782870761445,5.499237225723041,17.3086121780859,19.08148435250842,23.0,23.0,1.004703611206602,1.0308616882590023,25.36273876762401,7.541836245606732,26.68431662643514,1.098464030559686,0.7954494566495058,0.3073699410950567,5.855662247783752,2.274076370305594,20.5078125,0.3522873590822354,1.8387758819744617,0.6746656046240194,0.07819966813367416,0.018351651735663405,2,1,1.0
S2,2700,2760,60,30,0.0606739358563812,2.7252635883380454,13.060669366927714,-0.296055359107282,3.596761263709105,0.7082287888402354,0.1496648003847909,5.359955366717015,16.31666785683756,16.92783946649711,21.0,21.0,1.1985270673395305,1.1215632784320924,24.21290473616475,7.822119389579038,26.748740042757507,1.277826640721626,0.9710244406222297,0.3501079648899333,6.027479771120578,2.476446903996881,10.25390625,0.3269630169190694,2.4170768268344034,0.6881871773546091,0.05284030462536053,0.010414109699103497,2,1,1.0
S2,2730,2790,60,30,0.035054023840311616,2.6699986096433337,13.939309790128338,-0.33575664540037886,3.6158174068674684,0.5312459447543789,0.0987377665416509,5.248979136433401,14.825142961176008,16.574948288354555,22.0,21.0,1.2114102832809945,1.1753414970716323,23.688793731119432,7.32786028719201,26.207933120489656,1.2001912262601477,0.8617616942292097,0.3094712685095369,5.920534502434835,2.04779342983451,10.25390625,0.31624046540839085,2.474241091479377,0.597557489569959,0.052904134490698945,0.01075304216025502,2,1,1.0
S2,2760,2820,60,30,-0.031720499990528804,2.8515878387119433,14.091744189852724,-0.645410435855025,3.9856229145483897,0.6008931772732987,-0.08345999319260677,5.151884932108438,19.556862103671648,17.357785314948114,21.0,21.0,1.2843848961839721,1.212816062080055,24.853073736387206,9.077353000170094,28.45818685943457,1.8356371652271182,1.0997755313643576,0.394477657223771,5.6427056378727345,2.494011386284898,10.25390625,0.30719367446121915,2.277164974746643,0.5539712395300294,0.06788042333382269,0.015761360472826953,2,1,1.0
S2,2790,2850,60,30,0.012786719232375043,2.6253679036986366,12.389016703909466,-0.36745552019633804,3.7582902920428554,0.6630725206536154,0.03826415255813931,4.736863323596815,19.68951883062484,15.423823122700098,20.0,19.0,1.2205245682865569,1.1736231933877734,22.80175174023051,9.073938767047471,29.227446912116527,1.9521835846813484,1.169314161138764,0.3817161244697257,5.597224109531057,2.7976575744368763,10.25390625,0.28803260047573725,2.4364985582509338,0.37647897976796807,0.044955747418261874,0.010714351553802346,2,1,1.0
S2,2820,2880,60,30,0.06638313028856593,2.318002540461494,11.727414537489942,-0.054853426630861506,3.571020732634236,0.26682309445697727,-0.42147017492538996,4.496876467782083,15.064177143035051,13.536331749925424,20.0,20.0,1.0084280937862078,1.0035609199994238,23.31040002478209,7.62122237048404,27.744748315497425,1.3687656852558028,0.953234369643071,0.3321722198824336,5.483233305547219,2.279249843675705,10.25390625,0.30204349963916044,2.210860121450637,0.4321843112555169,0.037848077910671594,0.00919218276009386,2,1,1.0
S2,4770,4830,60,30,-7.507763992287036e-05,1.8775953674150996,7.1625907130294095,-0.3951350942811351,3.2392657938599214,0.35937181372995136,-1.0942044266100472,4.426642419940196,9.295918863875253,12.386551761644185,22.0,22.0,0.5329355783188047,0.7056498722093326,22.612564337998798,2.9153284653445715,11.978405843124808,0.3651790167653589,0.34229553939605256,0.12692002595843038,5.096304699078667,0.9848143198546511,20.5078125,0.3776563659657836,1.2224584921196822,0.4980120682505881,0.02213172836849054,0.006832152446162489,3,0,1.0
S2,4800,4860,60,30,0.0399210674576337,2.2321973198616507,16.673568017115457,-0.14886810526807528,3.2752448341072644,-0.5002880208050283,2.197780494491627,5.118320597343106,25.41356627251483,16.353147341463277,23.0,22.0,0.5568849250624294,1.0516631656721367,23.585956187776105,3.9876943185243725,18.327542249952877,0.8312556217248542,0.5077453394519735,0.1933263667003014,5.4444797974524795,2.7248224895982696,20.5078125,0.3664726237933729,1.4630177946014942,0.659200564206418,0.04575274241895254,0.012079318303669302,3,0,1.0
S2,4830,4890,60,30,0.044391653135399466,2.3719662868760794,16.787355349571374,-0.29608435934538757,3.695358227903864,-0.031382082304876026,0.6922606586578124,5.377036124988465,25.1589417145631,16.90293388194893,22.0,22.0,0.7711859747450165,0.9202742180422541,23.31881599404527,4.400425336977534,18.956517191447915,0.8318885570967853,0.5291616487752108,0.19829397973375135,5.883972134849246,2.7672850157433926,20.5078125,0.3638353384111631,1.7008692944850778,0.6903168816571876,0.057366483294576984,0.013473427850314855,3,0,1.0
S2,4860,4920,60,30,0.010725600685108583,1.9521227422967442,6.328956264761096,-0.4340297551584064,3.6904164926396077,0.3460737098395785,-1.316210682430171,4.930119797640453,9.76983717928206,14.34505282085714,23.0,23.0,0.34697262106095306,0.5533303317093714,23.271597026377506,2.212220625462698,9.591010253079993,0.30438853617109335,0.23138226138897977,0.08899095490597857,5.483618999062458,0.4711834751397347,20.5078125,0.3999270555772194,1.2280754146282793,0.6449028944806381,0.02938173931946314,0.00801313597569923,3,0,1.0
S2,4890,4950,60,30,-0.05220236961550747,1.9753340565030069,7.56518563020553,-0.5559477454688757,3.5510207945961194,0.37798805361282634,-1.1928620723637127,4.720863883002779,9.571174032861068,13.570410705636663,21.0,22.0,0.32149615125571546,0.5703003758668036,21.915123816852653,2.6563504680821834,10.335771050784519,0.37051724521413865,0.3452761391189636,0.12423196987061144,5.533324502610786,0.40079879639239935,20.5078125,0.37864800734122855,1.3597030958457121,0.5512891424933398,0.026313418161788935,0.007321783108967022,3,0,1.0
S2,4920,4980,60,30,0.02959844064943111,2.02011656765722,7.892510644623814,-0.48946761291636626,3.6016803118280167,0.3669895032843834,-1.1777449305411594,4.573686916119834,10.034498200632868,12.630564318583902,20.0,20.0,0.4190165987287898,0.43467535084563114,20.27807770866801,1.7184566149936737,5.647218807693946,0.36703475648997524,0.26259665178058217,0.08808856609871224,5.581620530696844,0.5486740841838763,20.5078125,0.35205521823512104,1.5332257759428942,0.37601088270277316,0.020353256114729906,0.005857263385741795,3,0,1.0
S2,4950,5010,60,30,0.031233192067463743,2.025385968763093,7.151856901097613,-0.4089422834452117,3.694715282062634,0.33482594281362027,-1.259962555228097,4.588594238641999,9.521990396532331,12.222833075433769,20.0,20.0,0.3604228588175063,0.38455032319798405,20.596636735625772,1.563911307391491,5.750232735991069,0.2866589541756376,0.23020945514625576,0.07855566896154562,5.680733689952481,0.5177118432241754,20.5078125,0.350610082170579,1.5853105426476282,0.34717530624961646,0.01669659884311159,0.004699759219133393,3,0,1.0
S2,4980,5040,60,30,-0.0392347555261095,2.155978068791537,9.198713856297347,-0.6372207424642349,3.8175866506356186,0.32227270642546074,-1.068821308076529,4.824311610484921,12.534533435202727,13.19450734164078,20.0,20.0,0.621454499538765,0.60753940235177,20.5488104763558,1.8432322963962788,7.624782054530808,0.3639891416486146,0.273487039609589,0.092889770335756,6.140435175756227,0.8842701878153908,20.5078125,0.35400642445939073,1.9332503817514763,0.5436370881591357,0.022935881495280336,0.005108919204009176,3,0,1.0
S2,5010,5070,60,30,-0.05555557199784521,2.4464814521827183,14.559121632373579,-0.43155378468467637,3.9458649014614964,-0.21577013689134167,0.2574041861373382,5.392921681134235,22.474681087528523,16.40208948307859,21.0,20.0,0.7042253726621114,0.9282486085666053,22.932765012233165,7.379593614340749,28.43583521201591,0.5640797187530194,0.6775924517084327,0.23985573511802927,6.095226282440912,2.2775541265426167,20.5078125,0.3390150010906062,2.3261273040510253,0.5837857057991837,0.03954622688750174,0.007901017663348855,3,0,1.0
S2,5040,5100,60,30,-0.029002091528869615,2.319590138576593,13.759243827820512,-0.5521615802768759,3.8018330623741328,0.10380097088181918,-0.23432316728583036,5.397119701183957,22.517183280234576,17.063715703258868,22.0,21.0,0.8583733388378619,0.8942206957280434,24.10744968767538,7.419045851910018,29.20457964137116,0.661005650042233,0.7022624234953491,0.2605896156855139,5.852555089271644,2.1546868083586332,20.5078125,0.353250778077234,1.8205182342775048,0.5615688138795091,0.048462473161676366,0.01167713501758743,3,0,1.0
S2,5070,5130,60,30,0.0634953187824653,2.1452477265840133,11.507413277252986,-0.40188291822463634,3.4494560103617657,0.15609021340389362,-0.41542870977704904,5.386542889112931,18.13208205938679,16.472253186578502,21.0,20.0,0.6309354173978033,0.8451733842208048,21.949931245819673,4.838473403615923,18.37189043719139,0.6006821221039065,0.5879307322451918,0.205565052107407,5.987389688768952,1.711203720955242,20.5078125,0.38851747405912185,1.3586442946198543,0.7339754588906426,0.02664034203007005,0.006931362073372892,3,0,0.9257857142857143
S3,360,420,60,30,0.11611821445737552,3.1212051176452227,16.612758652817487,-0.12518121767276608,3.565440399526195,0.03215615964229286,0.5583304585308961,3.988171441802968,13.453028015813784,9.392209826116243,12.0,13.0,1.1905572778423108,1.1350916848271948,13.907283776683725,4.098785049234108,16.503036295802215,1.992671931997696,1.0797702041216404,0.23423007019767386,7.627104135788394,4.173123650466469,10.25390625,0.2509096383863431,2.8012071812727353,0.22852689591381686,0.009672452790078277,0.0023133092135769234,1,0,1.0
S3,390,450,60,30,0.00620331174511687,2.1901568658520443,10.274606984972147,-0.3179304127053496,3.1630494418290134,0.6314526233409996,-0.2847082884142935,3.855721600249801,9.959061837479776,9.649446385022081,14.0,13.0,0.8352049280404501,0.8321791264833303,14.396198603513993,2.0725645627022025,8.792325515222958,1.0267204741178533,0.6084506525550073,0.1430612856432464,6.631840477536354,1.958971729913672,10.25390625,0.27471289845156394,1.9733408977466886,0.24893175360655292,0.006713265654513055,0.0020462771805013517,1,0,1.0
S3,420,480,60,30,-0.0702910960351191,2.9371026302003926,16.50246055028055,-0.3211771359695025,4.025015337704852,-0.06376352297444368,0.17719970364870807,4.635596616856644,11.825328309284034,10.60335642325691,14.0,15.0,0.8771786019810077,1.0840188118515848,15.132085238920723,2.4963996345238977,9.105140278716968,1.3107440634998124,0.7182261723731611,0.17599790415219102,7.861117086290092,2.4327271489145352,10.25390625,0.2590390961643727,3.981490595505208,0.2658058833674292,0.01155027777640892,0.001887490891022088,1,0,1.0
S3,450,510,60,30,0.01423257700590794,2.697704705099058,16.363212572293705,-0.2014165558335669,3.317535141097239,-0.21874743180468711,1.0283120021327683,4.025145789688156,11.446127937876016,9.03507832995023,13.0,14.0,0.8158355642270313,1.2503207625071273,13.97633345522106,2.1831953958389017,8.403380637121485,1.045880335975375,0.6600571592784515,0.15021620530856117,7.158705599301186,2.7215421180748445,10.25390625,0.25155173068171877,3.200100399319046,0.17750473110369572,0.010948709411351234,0.002302191004104887,1,0,1.0
S3,480,540,60,30,0.021972283915988197,1.9407318792878137,10.870284700907536,-0.33253297250252306,2.8044245779402743,0.39786987724497563,-0.05205719212613147,3.1554623665251382,10.884543541378155,7.124961013847327,13.0,13.0,0.7977946219967597,0.8029605332409991,13.374474577948869,1.3637419770313772,5.3203667543513316,0.6841959651579397,0.49484015605582327,0.10908716436250566,5.688664724170551,1.438412872044829,10.25390625,0.25736692238588343,1.8548533942996186,0.13615690295192345,0.004210663484261255,0.0014836024803005288,1,0,1.0
S3,510,570,60,30,0.004872839482304628,3.071774736446236,20.165397719614965,-0.3507660682026648,3.6103506163807326,-0.3534284085125215,2.5794560506845423,4.208560687822694,20.219351487312398,8.618267678157936,13.0,13.0,0.7565396615004909,1.193844350223397,13.506275087776869,1.336581164506571,5.352830482782611,0.4070305153735638,0.49049826580002737,0.10923079089926378,7.130410968298925,3.681625601665677,10.25390625,0.23209696704259522,3.941740036866181,0.17238678947227234,0.00608311784728655,0.00112960444569732,1,0,1.0
S3,540,600,60,30,0.005105577690294608,2.956319298895804,20.4876667019169,-0.27671952604685324,2.968999792062474,-0.6769769793813666,3.834869826751162,4.106917056734772,20.34547442169643,9.471961922180927,13.0,13.0,0.7973325684790548,1.25563223535603,13.321950149857715,1.7951808430083316,5.711338459942693,0.581826820436796,0.6441225200702719,0.1403389834670925,6.8188584958657055,3.806344984659617,10.25390625,0.23923306572042952,3.7207314885689335,0.20312044887682423,0.013400953093375117,0.002559450200928638,1,0,1.0
S3,570,630,60,30,-0.014608264282735463,1.7530555658957403,8.663191617184099,-0.34651021975214036,2.821940914792176,0.3796627517751121,-0.6751127638483871,3.310075266216788,13.671197148602438,9.088371247998795,15.0,16.0,0.7935288333774634,0.9683198040865331,15.307188145846615,2.146928608570698,8.654481900860457,0.5340847009771917,0.48936546773985107,0.1227327340716709,4.769596581444227,1.0885728098798324,10.25390625,0.28272607584507403,1.400923746059605,0.16416797792584797,0.015182944827894755,0.006382383250552054,1,0,1.0
S3,600,660,60,30,-0.046203202956303036,1.913929497026884,10.485066895859585,-0.4057031197408897,2.9325967969165614,0.7343288251915051,0.23490246323764952,3.4809913426040877,12.915470005423657,8.739411052234622,15.0,16.0,0.9962682016637993,0.8377418709465887,15.865510199165113,2.0921550891251743,8.496559821063132,0.4674144789514312,0.464244817665058,0.12082966066761132,5.327771676192472,1.6861726071428498,10.25390625,0.2730906718224353,1.772782069451579,0.16252833066825192,0.00999531438535909,0.003464759929823707,1,0,1.0
S3,630,690,60,30,-0.02259487791654408,2.8895190847103294,21.581015402933126,-0.39574630107306324,3.150130809983938,0.7355165865240673,4.166991287917751,4.06957503206782,15.972500838689996,8.775958345410777,14.0,14.0,1.1461079746976433,0.7499428458757859,14.424132139770329,1.787662217416361,7.255680010169687,0.9568793169521873,0.5971965257564369,0.14109690477680897,5.978088026003086,2.8422609929528546,10.25390625,0.2476730438173782,2.87319900711766,0.16147045772076438,0.008130095341062455,0.0019369257005479696,1,0,1.0
S3,660,720,60,30,-0.00046378505229551506,2.765711311570353,21.82613387057669,-0.16492585231068752,2.4666987315591014,-0.7985636998868655,6.014682977477568,3.597673933736766,16.084580073652297,7.165200291168038,14.0,13.0,0.9995941814641082,1.3981870874020028,13.732522763557768,1.9159076978681124,6.214441916360975,1.0104386297493757,0.6995936164035138,0.15665498435670108,5.751693933621955,4.282916228587445,10.25390625,0.2330308581119746,3.2186056269106404,0.12063317693176845,0.005539768412395968,0.0012560417138358666,1,0,1.0
S3,690,750,60,30,0.05385937503699181,1.4644510485264242,7.404311817204432,-0.21590886971332066,2.1175472632843895,0.42628580722218407,-0.21625294762378067,2.456612423873817,9.308682024538683,6.238882446245338,15.0,14.0,0.9225829865515401,1.0409322243187797,16.307871044437736,6.553800173948756,25.37202790577384,1.4250112230685312,1.0916127607391641,0.26682475881684603,3.7320799135319183,0.8616999805127428,10.25390625,0.2732571197545185,0.8157755042868867,0.09283743053942829,0.005002637535095863,0.0037252798431060656,1,0,1.0
S3,720,780,60,30,0.015208462561664153,1.7814672418585662,10.108193108802688,-0.22989619596142383,2.6359053072900784,0.2703416541111258,-0.04810771806293923,3.0567721137833836,10.659887193744844,7.3609964843397835,15.0,15.0,1.0171586167891027,1.0653369506098678,16.86389973586759,6.211039650873001,24.195379248238652,1.2035211943734612,0.9332458092725524,0.24030607558976888,4.745743103426635,1.5055340476501375,10.25390625,0.2650944006610444,1.5163133008769474,0.13355756841961194,0.0059117895456718035,0.0024622170492128474,1,0,1.0
S3,750,810,60,30,0.031813279334330855,2.026033092529094,10.229658537852373,-0.25802990763681727,3.2364445712661025,0.2025709446974882,-0.5880537221482505,3.68802693205432,10.85909354869301,9.102512250663214,15.0,15.0,0.6340710951203378,0.8693231852600231,15.636657816757607,2.3432503485005833,9.419482003861722,0.3950571764750748,0.49605336408998335,0.12686455721918202,5.903949652119166,1.4406063596523777,10.25390625,0.27390084624067623,2.0022993125852255,0.16575206842158247,0.01100084463206386,0.0033692742123083708,1,0,1.0
S3,780,840,60,30,0.027435576451662714,1.8362514559476864,8.518233107633291,-0.18859128844598108,3.077150550210022,0.21542943922627095,-0.9057818408540599,3.4892647567420108,10.839233896984112,8.954353117766829,15.0,15.0,0.5026221452644942,0.7492915451939248,15.45184537942112,2.550007027814115,9.92336266287689,0.6305099976549597,0.5737888662714358,0.1443197620681177,5.598142450453181,1.1073455160871744,10.25390625,0.2851928421644096,1.5778884121056282,0.17597172523722965,0.011309397662427795,0.004173575361637396,1,0,1.0
S3,810,870,60,30,0.014030492837186397,1.763883300207932,8.813393370551697,-0.20571362148823813,2.733921731055774,0.3037500708216985,-0.6281379948157508,3.064917578248588,9.754202402036638,7.340089303441332,14.0,14.0,0.6446184653923965,0.6372276064526887,14.428513918723947,1.3108854261602265,4.024970024172562,0.5220829227539363,0.3740329397517301,0.089218866362798,5.306647064480716,1.0247520123826352,10.25390625,0.269691705771066,1.4899096290386376,0.1392802080496796,0.0043876406842468674,0.0018243625384251213,1,0,1.0
S3,840,900,60,30,0.030650577131720973,1.8433402982728049,8.961094320591794,-0.3577958277830119,2.975432098271381,0.41135890955082277,-0.6582646554162599,3.209428163777799,9.855324206318429,7.777868323911713,14.0,14.0,0.5053441777801663,0.7701266923987838,14.550854562854791,1.2017964932815217,4.282774629755398,0.48211181557921645,0.3361828172407054,0.0809864629223142,5.401521137441563,1.02067609294134,10.25390625,0.26625668432824673,1.6847724536920858,0.14191901059231585,0.007621474648283616,0.00284700210454432,1,0,1.0
S3,870,930,60,30,-0.04592734923012075,2.7814758441831553,20.341786999179952,-0.4439854705572434,3.178268159372574,0.8042905569292783,3.131690296567447,4.5392046451766985,25.41701604602835,12.295324758539993,14.0,14.0,0.7997893038966613,0.9685238163181155,14.627302181129977,2.439676064517672,10.72600586219263,0.8098525942971325,0.7298047009864589,0.1729935602755086,6.71045178283017,3.145814564374671,10.25390625,0.2649383133934687,2.3207759115287043,0.19968310498402228,0.008559811217106776,0.0023294400518200304,1,0,1.0
S3,900,960,60,30,0.01129049880026252,3.1085906951849087,24.97706491783137,-0.17113805015072064,2.584929708291166,-0.3366501350579192,4.516461320122021,4.974319827246071,30.291980755777725,11.605684602136561,12.0,11.0,1.456331383739487,1.4857733026707496,13.018757961525631,4.314541664867416,15.320587257592845,1.5939677102201568,2.083578259623019,0.3969015041090803,8.078490026918848,3.936609981999932,10.25390625,0.26756480910868913,4.214320533558976,0.366368678419967,0.014824382719047817,0.0021940536993627683,1,0,1.0
S3,930,990,60,30,-0.006522489554898233,2.431399663180472,14.134393398768538,-0.049358790632523575,3.513472128892291,-0.12169739701201451,0.19381007166674236,3.830015948757572,18.572782891378825,10.064974188742095,12.0,12.0,0.975562878363459,0.8818380665726605,14.732668117380443,6.261712529803105,25.01725030188028,3.0205985013110315,2.1583171624022235,0.445993133953174,6.893705550261605,2.2534124717613753,10.25390625,0.2604919887581905,2.017227676864889,0.1616361871485956,0.011913512307586704,0.003825737264680106,1,0,1.0
S3,960,1020,60,30,-0.003512828793923615,2.049400186140824,8.884816232135218,-0.35492664451557954,3.4088013065504983,0.41872287920958334,-0.9034788323318388,3.716564644355459,12.52853031744956,9.438891722308277,14.0,14.0,0.6028261657093494,0.6366765392947797,14.076187682927067,1.9149688862604188,7.524011024191976,0.7117176454203737,0.4835932506491597,0.11175242085648067,6.210811644646427,0.9173421759024334,10.25390625,0.276788786499366,2.0130358635842307,0.24703966367314217,0.007845111677645582,0.0023271332181304598,1,0,1.0
S3,990,1050,60,30,0.036322580108693936,3.185340140720775,26.537388000726914,-0.14711086483789074,3.427494783766747,-1.3886377800131269,7.4202213545465785,4.841628707987171,23.769501288616457,10.397419300288972,14.0,14.0,0.9061577944889321,1.3464214572206896,14.893940619911408,3.0188036026738545,10.168491192509526,0.7532436660259169,0.6326189519107284,0.15223271796032442,7.140454849330994,4.777065464500685,10.25390625,0.2555257753235753,4.346279306512787,0.3100727907258922,0.008203233402564923,0.0012411256781200055,1,0,1.0
S3,1020,1080,60,30,-0.015355272721152011,3.3072348696837275,26.482105952907567,-0.07318344558795191,3.527077081799924,-1.226115999848544,6.030123410288841,5.047181131119575,23.738086364835365,11.675519665789375,14.0,14.0,1.0005802221291382,1.4631236149955371,14.612535237869281,3.357179349080182,11.314329605051059,0.8851874393150235,0.7876530295838895,0.18386585355702215,7.42593045036316,4.692322449272152,10.25390625,0.25735525192898673,4.7680371037889016,0.3232672673587458,0.008859685707104046,0.0012133311145842184,1,0,1.0
S3,1050,1110,60,30,0.019692268766613553,1.9353336777548957,11.430921113268786,-0.15416034021000782,2.6208359018215543,0.26809442241850107,0.6047376266904987,3.4631166442041974,16.711320977918064,8.558217899994567,14.0,14.0,1.1731662488157084,1.2266035499781196,15.13054004140209,4.447138574529055,17.00563413046843,0.9183164498367742,0.8342624679770654,0.19857157508347184,5.380667206629341,1.730983916153849,10.25390625,0.27903229026826637,1.7104032919772367,0.2123505987208044,0.007534171750847853,0.0026106271266839085,1,0,1.0
S3,1080,1140,60,30,-0.01944427354783273,2.3725963302888586,16.963615534157178,-0.14866051932976593,2.7699171168637378,-0.42232678467894946,3.177213337651427,3.8155882257817955,17.69402740206596,9.577477200423454,14.0,15.0,1.0932253037167987,1.4059878953953697,14.842187465083738,4.296731717756874,18.44829770444362,1.0506641080893602,0.8069275889447984,0.18928290610397652,5.560573028029219,2.955303212162807,10.25390625,0.24522920765279033,2.2010843015320245,0.1337895578159037,0.0048721272949557555,0.001526477350190212,1,0,1.0
S3,1110,1170,60,30,0.0006474378618088043,2.365288991790998,17.02290231320505,-0.10605282683292735,2.6615019412542744,-0.5686019690419614,3.428771627950688,3.8783779655787183,17.72848571590986,9.617074122919007,15.0,14.0,1.0829448360440501,1.4293838280777527,14.700700347701659,2.5351249503167925,10.114345536377135,0.8859757678540027,0.6801472572503615,0.16210523666164553,5.740629776417845,2.9360716160181,10.25390625,0.264985159146151,2.5817005651370053,0.20522516789736253,0.015721223871452333,0.0038729078532001066,1,0,1.0
S3,1140,1200,60,30,0.022547372116478864,1.7610987932784545,9.15566131563046,-0.16028187666007293,2.7673530701305804,0.1326359490145837,-0.5944779997938965,3.1271588486140764,9.454327431126252,7.761959186489685,15.0,14.0,0.7308475907021118,0.7032314002655884,14.750641294257818,2.0854514389554515,6.428689886508357,0.7548650164715688,0.539381114493472,0.13017620356686266,5.077254705427494,1.1461450378263154,10.25390625,0.2735464181632129,1.339707392917787,0.13850216249573527,0.0062186401412550815,0.002825887602254985,1,0,1.0
S3,1170,1230,60,30,-0.03776303521210144,2.4329624489540773,16.095017764309247,-0.26893160354475726,3.235061153609512,-0.22201539859473413,1.6390637234876273,3.9624172273885727,13.943638652082546,9.952493297048228,15.0,15.0,0.548910850470569,0.9799401472244362,16.077882518878365,3.595586822378183,13.726387825625318,1.1141384799881329,0.757635078464527,0.19445874414520886,6.12189693300384,2.8289118459382676,10.25390625,0.275490705765301,1.9666679573210601,0.21030725026443725,0.008782753788235134,0.0026937349998121924,1,0,1.0
S3,1200,1260,60,30,0.001473060280358736,2.5657215166953113,18.603091101902784,-0.20704685621221258,2.4312271525375584,-0.21470532508277201,3.0921811992735293,3.8122571644004464,14.68680199521688,8.540490532447814,13.0,14.0,1.301555500786487,1.3644692547073185,15.028694003035222,4.37343335850807,16.97561481852285,1.3255119779581683,1.1445319759087342,0.2658390321480262,5.953907798863257,3.8990078199094103,10.25390625,0.24622214872140005,2.8966180162172406,0.1724104959083886,0.006704044833768275,0.0015901907171543086,1,0,1.0
S3,1230,1290,60,30,-0.06487570274063914,1.8577453564199768,12.604908006055172,-0.2191968579199871,2.2938518142928794,-0.958900903062356,3.6931461523745144,2.743436854530944,11.88012636691318,6.47463777541859,13.0,13.0,0.6820282267868762,0.8102849787828197,13.613496045684599,1.3441841567501864,3.7551933525087886,0.39073761178263305,0.4321465958122416,0.09711159456454867,4.675100843099498,2.482532757556058,10.25390625,0.2558244507785963,1.0388692735193876,0.0896758820692251,0.0030861371855354595,0.00195006383516956,1,0,1.0
S3,1260,1320,60,30,-0.03857723637687606,1.5469525645111042,5.72458935859474,-0.34882443578365585,2.608302407173592,0.3721392546331289,-1.0855978895437992,2.758096486557466,6.6085925335589435,6.761301674418964,14.0,14.0,0.37895010795265377,0.26386693954029733,14.609686253512937,0.9152190388362702,3.441681270689031,0.44063960932503826,0.26654579537347123,0.06464040981501408,4.767878040648426,0.30590756828394744,10.25390625,0.26841389663198684,1.1534359392803417,0.11463698838965818,0.00446303793999956,0.002406108495674228,1,0,1.0
S3,1290,1350,60,30,-0.00028784737455122834,2.1613810913674527,14.377293424734836,-0.33073454988100326,2.8484260713557625,0.014781363071590541,1.665846600964878,3.1275195189664564,11.918025957634582,6.963926679905624,13.0,13.0,0.7090145998853798,0.99388875673368,13.514372022470992,1.514173240085696,4.84424085922466,0.5573917193114349,0.5214339530054969,0.11592941626293404,5.622217650132721,2.0611409274512194,10.25390625,0.24235484621448702,2.0589712832164215,0.11810762533459843,0.004641288005326179,0.0015764173111549942,1,0,1.0
S3,1320,1380,60,30,0.008010699405373132,2.121184953301268,14.5553594014279,-0.19646652474082904,2.5096222152497,-0.26046747464115944,2.3575332763123678,2.929512804178505,12.002817999658655,6.40761020992064,13.0,13.0,0.8815444728135878,1.088678418136617,12.986837378662905,1.1313694413157935,4.192906538623388,0.6099093579056263,0.38696204704123127,0.08315377833579797,5.169756748251443,2.2979005480661523,10.25390625,0.2372611614508163,1.9667316315493637,0.09617109195716786,0.003052803652424968,0.0011103242027028267,1,0,1.0
S3,1350,1410,60,30,0.015910999626849113,1.4419754546888313,5.346639490939563,-0.21637767549218945,2.360144002920281,0.3930813402504175,-0.9935018635434028,2.4281986767747634,6.8589224136186955,5.61812661694064,13.0,13.0,0.46017177370418394,0.5427688168758076,13.016422245584259,0.5537277446842925,2.223904019738651,0.25821421835425096,0.18407503030027006,0.03986567974326479,4.495101944496798,0.49771508293902783,10.25390625,0.25861857223467954,0.9698099198308711,0.08932423807136329,0.002177672852517908,0.0014507800259270236,1,0,1.0
S3,1380,1440,60,30,-0.023697374889078745,2.7060231903619085,21.402301156362,-0.131681043989472,3.025451995822179,-1.2110149587551657,6.486076579408644,3.528786134549318,13.458911200713963,7.3041818238271885,13.0,13.0,0.7952664220476716,1.4595960578484846,13.227186314137429,1.4402983919807295,5.771441372953001,0.7357639625140134,0.48885415738051013,0.10653456795943143,6.015491143206761,4.018168738311702,10.25390625,0.23141397986078144,3.022296159077888,0.11158989046464154,0.004851831439793066,0.0011825323085084914,1,0,1.0
S3,1410,1470,60,30,0.02265618020896997,2.6808613517930633,21.318832737750927,-0.17745021948264766,2.8919053822346736,-1.3677183935007395,7.1881293407281355,3.4554687796644683,13.40699877413325,7.292707631121915,13.0,13.0,0.7957095371261718,1.5464664529893668,13.208198457233562,1.4186521060486155,5.763906619292614,0.7211919375316584,0.4815576548486282,0.10483023559044435,5.720288004525607,4.393327099019308,10.25390625,0.2373867925522417,2.816846626763187,0.13151166987290341,0.00577553780015273,0.0014667780123486464,1,0,1.0
S3,1440,1500,60,30,0.019290994690597377,1.8029608560192671,9.227003521308824,-0.2287267586258023,2.79613485348028,0.39987811033303944,-0.46255927828879306,3.0301075672511297,9.9324666744955,8.434012444208442,14.0,13.0,0.544656520156392,0.5892201393065115,14.541801555450819,2.8301228163310665,10.386918688348183,0.5098947803957498,0.5968037678756406,0.14072642743750854,5.103438480907768,1.3435541629914047,10.25390625,0.27105808391031716,1.2436109397571646,0.1368834286362113,0.006213369851837936,0.003058524977249505,1,0,0.8809047619047619
S3,2250,2310,60,30,-0.06377448777250157,5.4573269825988,25.747796199876404,-1.5424851185952169,6.903131555979151,0.8994424775840087,0.05814826986602695,8.572587652811695,31.071434206207105,25.035459153575758,10.0,11.0,0.7556388781188192,1.066086870333155,11.587802284887678,3.9690550089507464,12.165593734291134,2.535775602880362,1.5493240587600317,0.2721219317568987,16.39590590054417,3.335633885180289,10.25390625,0.2736421219642313,10.567504074519277,1.2611690706942453,0.14361493323209779,0.008344889291483217,2,1,1.0
S3,2280,2340,60,30,0.17734011451609594,4.589726703321684,19.335821926485597,-1.1101823207474735,6.151630369395299,0.8819729309691051,-0.20545812789670492,7.547567308700272,28.102426071222908,22.73216374477742,11.0,11.0,0.9542241370202982,1.057117385781253,13.739999679654215,6.947743470956328,22.024386004122277,2.000858375888411,1.8581102150918203,0.35387760864216405,13.003712634850547,4.09607297979377,10.25390625,0.27398936306452976,7.7566688150622305,0.9208402266825152,0.1126910471147616,0.008926515088612851,2,1,1.0
S3,2310,2370,60,30,0.08256816492743567,4.311901091467688,18.341889547403635,-0.8954053573857241,6.179923689720676,0.7217555043808033,-0.3736118380355955,7.173672948746343,23.971617575554394,21.191825625156824,16.0,15.0,1.2487295545145485,1.3132335089490936,18.297473363472182,7.388405394777176,22.11781881074647,1.3985772654190183,1.4592742084404497,0.3808789477398077,9.809186299087456,4.659525023383157,10.25390625,0.26713778714080205,6.758552381541315,0.7044363149532367,0.08933807473853347,0.008344387574034835,2,1,1.0
S3,2340,2400,60,30,0.03996603705394505,4.087841428951814,18.367767904784266,-0.5466983972738098,5.951115810404238,0.24920244048677245,-0.685132867193599,7.011191920403262,22.06448375368648,18.620652427844927,17.0,16.0,1.1825881483545668,1.2113278123304785,18.354224953846515,5.407998191735956,19.21622148566972,1.248790271765897,0.8647606750953275,0.2460888675729265,9.56096876780015,4.158970247043611,10.25390625,0.27749749337253476,6.550781594172646,0.6677561927744328,0.05768930953923011,0.005314687540170652,2,1,1.0
S3,2370,2430,60,30,0.027791541974215052,4.235317742549881,19.432260768826872,-0.673844166243631,5.702051202209499,0.3931671079224122,-0.4353631823212143,7.165884870479034,29.046818069122082,19.14171183343019,14.0,13.0,1.1591020997160977,1.248778231708465,16.40545544804905,5.889129834447132,18.94447687048435,1.525259540755824,1.6137028398847912,0.3840441416154929,11.089271060952544,5.169612829470754,10.25390625,0.2765720106668545,6.794131418157295,0.6752309847269733,0.05666357981928804,0.005048553604330698,2,1,1.0
S3,2400,2460,60,30,-0.013716620235858347,5.027497319347441,24.407607985316886,-1.5601794462560985,5.605256432999687,1.0678080232973433,0.5390962800380659,7.790697513696904,27.379905358367562,21.08010284466684,10.0,11.0,0.8154837683832323,1.2507155676809647,10.858721718527441,2.599562949581208,8.519289332333543,1.6184024624957305,1.167300119575509,0.2012916941294604,15.490772987667702,3.2446246955407556,10.25390625,0.2615252967546165,9.299953404613017,0.8870876365301954,0.09072529326285142,0.006304017732613066,2,1,1.0
S3,2430,2490,60,30,0.09780841425631191,4.932546519183381,22.965548421894244,-1.2887327378692905,5.704325746273707,1.0013555319958527,0.47999045426780906,7.550716708484712,26.389975245779684,21.00928745257073,12.0,10.0,1.2174420894811955,1.0754847950105095,12.424889228775491,3.5060827546173363,9.509341556321422,1.766229929331203,1.3666098810718976,0.2623901876185321,13.044989782818528,5.844446004793746,10.25390625,0.2579747522345418,9.22930569366447,0.8744774706751123,0.08154186472881915,0.005799094818036334,2,1,1.0
S3,2460,2520,60,30,0.06644772617217232,5.163272725760316,26.988964375762702,-1.2148373446719227,5.984517419514182,0.6358172774444433,0.13626320777336343,7.427901662073953,26.104750058882598,20.58953771506108,12.0,10.0,1.057366207402533,1.0705555265909583,12.80305726157099,3.6788632535715546,9.271108015324145,2.1018983645014515,1.5126513311357568,0.2956496915865907,13.084443712186987,5.705694940520233,10.25390625,0.25685512280338496,8.24707684391869,0.7721460692401962,0.07300319352532564,0.005837011509097745,2,1,1.0
S3,2490,2550,60,30,0.01258428623969645,5.289326456309954,36.67661332054977,-0.5182893563755708,5.634239629154161,0.4345691974103789,0.9502725293215204,11.560666826487061,131.40348901852903,95.93563574801561,11.0,13.0,1.397929210199378,1.5706574583773512,12.284594033569244,3.6202842571722322,9.862056746303974,1.4901822317757738,1.5177126990094976,0.2851312102272271,14.27255626920968,7.3713554773160626,10.25390625,0.3248883014795923,8.591024232354625,0.8171148895592676,1.330390135037119,0.09389998789056304,2,1,1.0
S3,2520,2580,60,30,-0.10651423544915044,5.0297742296624985,36.4907094429547,-0.060485208294944456,4.587580103526662,-0.13082096393814616,2.3548913404579466,11.073851574634963,131.43358343713416,95.35386515299273,13.0,15.0,1.5137361785302774,1.70148409336437,15.925657480762881,4.359657466767141,15.9281241382991,2.115268550080826,1.5234906055776802,0.36678000306246633,10.454314165277065,7.709615482453136,10.25390625,0.3127276889555687,7.845477680616884,0.5511805954724874,1.0686447961111945,0.08571074484351013,2,1,1.0
S3,2550,2610,60,30,-0.05607877450361077,4.669126741219931,28.32133654628388,-0.4140673466053511,5.325705795346467,-0.5413967871067145,1.853288339377535,6.113394585956931,24.36217792687767,14.513214371684107,14.0,13.0,0.6964342303536912,1.1714160752562266,15.839615304449799,4.478802071754767,15.9124946512623,1.8035601602665436,1.4917143862575886,0.35704781595896923,9.23982026958669,4.912509035615433,10.25390625,0.2483494481328293,7.26498894460091,0.4677243838097104,0.03454659766666379,0.0032413614767125105,2,1,1.0
S3,2580,2640,60,30,-0.048617610935205155,3.3269650366207313,14.551519218148552,-0.8664701571862242,5.096485238609603,0.5617146068610126,-0.6381354158197583,5.724471537543283,21.47628515582547,16.828328788955627,14.0,16.0,0.9926105065442636,1.0945122132497338,15.604374337499527,5.290198020081753,20.1854581985179,1.605084131136811,1.1259027372714905,0.26770085724062825,8.122100905114467,3.669940817671719,10.25390625,0.27151492502313174,4.739773542562627,0.5267343156597412,0.04783010039583116,0.006233701583262048,2,1,1.0
S3,2610,2670,60,30,0.024341639814344576,4.147863360442893,25.774334332885815,-0.44308340185270173,5.037330982539702,0.6461138357577189,1.4443726966861492,6.44549513175508,22.150820173713505,17.641454067731765,13.0,13.0,1.3545756640390998,1.1699367069536415,14.71227093406656,5.7638264288514085,22.74528300604466,1.8776574735894085,1.6656001179258086,0.3582119153714167,10.72770048272298,5.050431831751947,10.25390625,0.2557168401464636,6.796960403525638,0.6190067073166741,0.06344506552090724,0.006190665449149535,2,1,1.0
S3,2640,2700,60,30,0.03583520759599416,4.187426266981367,25.826488685577583,-0.716518535376305,5.202802838371417,0.7231694220919075,1.3354774089311547,6.435743601631589,22.342377229630284,16.940445621354012,12.0,11.0,1.0270222023625661,1.0026511024254048,13.139421274857249,5.061686470856313,16.72991357156514,2.0176892724103976,1.7490238995260108,0.3367207727360307,11.889232533983016,4.394081551571849,10.25390625,0.2586078533406753,6.812219528310379,0.679287727530036,0.04765857944053084,0.004550127142220264,2,1,1.0
S3,2670,2730,60,30,0.013781751895865271,3.9708927568736967,22.75164597758809,-0.7303434792206116,5.227344863935443,0.831398284471106,0.8612867626333354,6.9018507494825085,33.31365988199488,20.245397982786837,14.0,14.0,1.17504509740418,1.0400133992833154,16.04208083361553,6.076041187239111,18.702506001253766,2.1272525476211195,1.4618553816520679,0.3422051750021562,10.455569631222206,4.3086894558347035,10.25390625,0.2970256971340699,5.359665711385408,0.9793163854554973,0.07969278345880063,0.008156237493736345,2,1,1.0
S3,2700,2760,60,30,-0.005942646355116657,3.980001207505859,23.05011621928214,-0.5478415448502904,4.6729726657555,0.7702846647652088,0.8643543933437261,6.870937322192912,33.281988572479015,20.487211076141136,15.0,15.0,1.285917419875501,1.2073895844797704,16.781724823960563,5.15949637724994,18.4574017085933,1.9367072186738559,1.13771903026922,0.2912427577942783,9.887079802632204,4.380114487566713,10.25390625,0.29532728789104695,5.704767246445573,0.9281653962608358,0.08742646302432554,0.008529699198844705,2,1,1.0
S3,2730,2790,60,30,-0.04035379721183107,3.2434044900037056,15.492306329408304,-0.8430229979633388,4.161005290303102,0.849559965083397,0.15810351023031677,5.536403995653991,19.619501254026428,16.372815371385798,14.0,14.0,1.2044477050714422,1.1087970649185752,14.651196934626066,3.3482162194074796,12.316598652367846,1.8150417903399003,1.1844278939886745,0.2719456485668098,8.58891866366204,2.952095339986772,10.25390625,0.2799059942996926,3.8579217115062687,0.46349814653617954,0.05829610017994629,0.00908403435131373,2,1,1.0
S3,2760,2820,60,30,0.002356982071285161,3.5208739867668397,19.513086750238735,-0.8659091364904059,4.4375603025239165,0.8088968423926198,0.1908523463390801,6.068574075844201,23.795047718295503,18.985788568900208,13.0,14.0,1.1076124998330958,1.2206809504029017,16.752884306658036,7.550041995273982,27.290448343079923,2.4910326743715427,1.6003830855167656,0.3786608618765374,9.275484746166136,3.3830825012331305,10.25390625,0.2745700053320512,4.673165297684708,0.5626250055815922,0.07625426443292332,0.01003816266062587,2,1,1.0
S3,2790,2850,60,30,-0.071929931343024,3.9780858000783677,22.44882098942469,-1.1448531931866837,4.712586131062311,1.081614093324201,0.8930893330672212,6.560390661979908,25.878208876804543,20.46190869072405,12.0,13.0,1.1980714340773848,0.9897270075368105,15.561227279172781,8.216850794969458,26.78014612374729,2.307103803296175,1.7388499135225741,0.3696922531994318,10.683644762204253,3.9221566123173606,10.25390625,0.2766219661112508,5.383981994146902,0.6713119507672557,0.08839600060878222,0.009989001883615326,2,1,1.0
S3,2820,2880,60,30,0.045712188599016046,4.022172995660579,21.148995354163183,-0.8646837127682728,4.633068060430023,0.6936257011293308,0.49295331698417977,6.30231385423348,25.479955690635148,17.295419311340346,13.0,13.0,1.3222228989324532,1.4074148179863006,15.056219786960076,6.157708901064796,22.965883711677137,2.1679270298326543,1.3876801225242723,0.30807995108372677,10.426483241225002,3.600972057712475,10.25390625,0.25873282958991295,6.404898558802818,0.4786545235668064,0.0487819609823788,0.005004997961992342,2,1,1.0
S3,5010,5070,60,30,-0.09511656354535321,2.191618345928778,15.995037069533602,-0.30178248790305695,2.5281264727533763,-0.8579994234424607,3.767109182822143,4.092148455769927,21.807837585790544,12.248179656517618,17.0,17.0,1.204438922390996,1.3786157740967258,19.851027765072917,8.03255360331975,34.49628506199631,1.8800489572435746,1.1769970782164676,0.3430496077243718,4.957579864179631,3.2230150255977548,10.25390625,0.29202999059201296,1.4876443906946404,0.20867604118155994,0.026425339062842394,0.010109327023070753,3,0,1.0
S3,5040,5100,60,30,0.024988862450511847,2.3713410709343785,13.325494759721028,-0.29715331842561055,2.7867003423593286,0.18058622513152928,0.3208055222506596,4.255393667703996,11.980559152340087,11.516301420196804,16.0,15.0,1.235819581399815,1.3635930828820226,16.8345181535852,4.011257711302854,13.227821805932388,1.407778112071639,1.0519248914843031,0.27637902513725304,6.018510216525017,3.021006977711084,10.25390625,0.29078069753502983,2.200038937329048,0.33622458052339366,0.017167271949330463,0.00439410855307591,3,0,1.0
S3,5070,5130,60,30,-0.006937191397593389,2.4276833600086825,13.494691531930457,-0.1949525230358544,3.538811658541039,-0.032597938003381885,-0.0428741696115007,4.441907018341775,13.008518600996144,12.7000951512007,17.0,18.0,1.2246699784565322,1.150061570105897,18.213527226799698,3.61263309197904,12.266619800691457,1.0118840109917144,0.6630467516683565,0.19369127852596746,5.828392006666493,2.674884402578975,10.25390625,0.294342949986826,2.1386757411359127,0.3210978059041094,0.01557880336167941,0.004059172291646184,3,0,1.0
S3,5100,5160,60,30,0.03555454962567297,2.1930958855408313,15.465326066684852,-0.30590852201646873,2.958778184670646,0.11923493612644598,1.1507559425928422,3.8941844140983712,13.878497418422686,11.93140407508265,16.0,16.0,0.908943418059166,1.126178069313792,17.27993935905473,4.100553234369294,16.585979187426872,1.3336494462492943,1.0080843916010054,0.2726938919984171,5.56130465554378,3.018595418155077,10.25390625,0.2903419753391894,1.7828088717354516,0.2434825564070136,0.031240607293232435,0.010114799989322862,3,0,1.0
S3,5130,5190,60,30,0.08363798849423183,2.249767421486242,11.489726290476057,-0.450029178585003,3.477255181529616,0.6037964842875714,-0.29905772933230645,4.183570636868187,10.826720490501796,11.615777989288745,16.0,15.0,0.6286505872647591,0.5454465119937737,16.69655470674654,2.8134443318283657,13.600864815495328,0.9761811265522063,0.834270189027104,0.22387070931494785,6.187500958807571,1.043848926222656,20.5078125,0.29232187893433276,2.1438149032061045,0.25041843586276435,0.020551318413072034,0.0054643243218142614,3,0,1.0
S3,5160,5220,60,30,-0.04424290363002969,2.149833430512944,11.351138993237491,-0.021152846873259357,2.9377682375216914,0.07932679142063057,-0.3144782849946939,4.164853207444364,16.529791486289646,12.367765524353898,18.0,17.0,1.1214684306979459,0.8965725103077246,17.785661929085208,3.1556754428094136,11.294625120608435,0.9848192105919851,0.6156151566065537,0.17686246984906182,5.673292377979325,1.7713789180696498,20.5078125,0.2978043438199123,2.002305341482567,0.25677842436106074,0.03424844830558456,0.009575282330557211,3,0,1.0
S3,5190,5250,60,30,-0.0037409724912454293,3.609189756007236,25.73692399991816,0.010532158151487038,3.0396049554225875,-0.8495979013607688,4.5101423620056735,4.711715944443083,20.06242543070309,11.716489810101837,15.0,15.0,1.004662073528107,1.3037054759796678,15.668528588784147,3.610038576502506,12.751006930400868,1.3867330570187515,1.0447174838162008,0.25727431439625,6.906960758820476,4.972326801626866,10.25390625,0.23452158054462421,4.462383386776735,0.16394788875399566,0.026005486985840147,0.004260410251727368,3,0,1.0
S3,5220,5280,60,30,-0.04412573765958568,3.5443412195831607,25.720741686695916,-0.19069875713117312,3.318825481246762,-0.8265967998149129,4.908230103635171,4.627391478894459,20.058607505905446,10.823855420716415,15.0,15.0,0.847728032249223,1.1977648862090817,15.70694783655007,2.8974060067462903,9.868132794481044,1.091034391738429,0.9734727302813447,0.2435981093572295,6.77742384727637,4.723057566111227,10.25390625,0.23963878347436585,4.538367847066835,0.21666768386518098,0.015236960754356984,0.002388790991913158,3,0,1.0
S3,5250,5310,60,30,0.0309355077220475,2.4054157482110536,16.97813091059274,-0.2558247564295017,3.090420833731398,0.10826880821328869,1.3789422766839348,4.638792876403081,18.243971068553165,13.553568768668034,18.0,18.0,1.0579182250656716,1.207821266166765,18.892478467654627,3.211774542663125,13.101983002832862,0.7311913677872097,0.5942761130826383,0.18157250040267525,5.949593071360102,2.9898036643551427,20.5078125,0.29908989978054196,2.492556545165414,0.3421641031860156,0.03660877489812206,0.008137610375807264,3,0,1.0
S3,5280,5340,60,30,-0.011766082538591436,2.5128486789007267,16.582519722012734,-0.3134140540404779,2.955809463399331,0.40469893114378014,1.0746530374569012,4.702118557477758,18.27329078073001,14.20762959781917,19.0,20.0,1.2403246143402606,1.0758947413990148,20.52417034940936,3.394959951126548,13.631853317297477,0.8691944083850444,0.6301453758930438,0.20837265736543018,5.610869596663573,2.864913700458841,10.25390625,0.30115973262437495,2.106419163680392,0.30701557491594134,0.04223564490777846,0.011060046400840077,3,0,1.0
S3,5310,5370,60,30,-0.0005157403883037897,2.590727399907918,18.033089454116947,-0.23314539101363113,2.7658665696207834,0.47860923857863774,2.477872404432861,4.106245733530964,10.79529106702557,11.745956797627285,18.0,17.0,1.1168719609867102,1.1033648377273149,18.767421232776634,4.535595848845516,18.356242715776702,1.4571573003485876,1.0956518951509124,0.318029552218354,5.353844355578237,2.5236139825258337,10.25390625,0.27714387041002847,2.1792934624286633,0.2566994967886145,0.024016507945271,0.006661929417830899,3,0,1.0
S4,270,330,60,30,-0.011476696841634727,2.574125841968095,17.172343294142063,-0.12426162592736786,3.212774234801241,-0.13043301776509483,1.254414477368135,4.659221503418007,27.54598776389292,16.097581347922237,19.0,18.0,1.179217439688746,1.4511322062701328,20.855682223877793,6.175905707868857,23.84265453572384,1.5026113723696322,0.9984809860059779,0.31610996315674567,5.814276091755007,2.122092211363809,10.25390625,0.3180545308052789,2.095385126310915,0.47323393363036836,0.05446685892108514,0.013108883942830413,1,0,0.7451190476190476
S4,300,360,60,30,0.0015740613425230148,1.8298308337106717,10.153482269927276,-0.1936557854060995,2.7842963109557797,0.48726914518668246,0.1539083631195055,3.3629809046978614,9.998505245733202,9.358657460780737,19.0,19.0,1.1936037222341647,0.9522736917970168,20.276684955271563,5.582790257438357,21.382772748237223,0.936001559596899,0.7861715840942027,0.2481900671373761,4.318195677051821,1.9365970224057425,10.25390625,0.29507189225628055,1.4168056689464128,0.20296029513209446,0.014031624288301079,0.005521372939228912,1,0,1.0
S4,330,390,60,30,0.015536010031535976,1.471566320966697,6.729305491326787,-0.13778694468141484,2.4053987130177754,0.04372758213418326,-0.8795793673822745,2.927218366601493,9.510772466694508,7.475069155786909,20.0,19.0,0.9893743430882374,0.9129898341169843,20.538882696360268,4.491496983124878,21.676215042508186,0.6102875609329413,0.5835336069202327,0.19185219815685106,3.7332371588498567,1.3585770898296368,20.5078125,0.3084854539964474,0.9599615948421929,0.1359602926492579,0.005251519172715818,0.0028888809959010287,1,0,1.0
S4,360,420,60,30,-0.03441428265083109,1.375346341417248,6.880105424310565,-0.13285225050388377,2.159958957036796,0.2287330734298278,-0.6773563965181175,2.654241233049323,7.750013638765041,6.855792834850833,19.0,19.0,0.797318211067199,0.7947605215501853,20.41047187421519,4.617531419207639,19.97151864869982,0.9920686670266523,0.5935158417614216,0.1934626725182748,3.4886504130767255,0.9259192010159369,20.5078125,0.32110865492055957,0.6301321129386432,0.13136029446457212,0.00480746234112537,0.0037513389650186187,1,0,1.0
S4,390,450,60,30,0.02462356445925185,1.1920547940540493,5.657878625390458,-0.030698697113485336,1.8239807039693785,0.31741285661310903,-0.5698409892061811,2.375668392341772,7.299764314454293,6.363705103637799,20.0,19.0,0.8975767818253287,0.7740078230072948,20.508623540076474,3.4586006209267404,14.170040485829961,0.816805000084638,0.5178301113259327,0.1719807341715753,3.012110964419635,0.8283500705852567,20.5078125,0.3166884263478373,0.5625141770521539,0.10425148165692179,0.004792145181972094,0.004303897248216931,1,0,1.0
S4,420,480,60,30,0.033370969897241004,1.3065473148581785,9.206232774564297,-0.07488751537949803,1.74879467866196,0.6294689400556847,2.1107481774997474,2.538058063870749,9.372684558465727,6.557053418330419,20.0,20.0,0.9973064541689364,0.6440224828851793,20.90312310629073,2.2699834860149193,7.628013235718253,0.4476057495491747,0.3120013574972171,0.10743625866593277,2.984137249014838,1.1408471599606669,20.5078125,0.33424661388694255,0.5413943125435957,0.11560439566906101,0.005826301224508991,0.005049949213360139,1,0,1.0
S4,450,510,60,30,-0.02416711066988453,1.3268892098706138,8.713067798803596,-0.11983382850851293,1.7823057978956882,0.22157606525080184,0.707061875622851,2.5489773986268784,9.351154767294595,6.531962403228115,19.0,19.0,1.0432284525963813,0.848708325995751,19.234429860932103,2.2572439741140093,9.017208732748154,0.4869687211866545,0.3557405007233155,0.11255066689551224,3.3075043112086893,1.2397909777533247,20.5078125,0.3020018389939202,0.7769987340005583,0.09667444928263354,0.0057366024935323525,0.0040099175908354665,1,0,1.0
S4,480,540,60,30,-0.013821544312965676,1.1584535262460678,5.157477977977596,-0.12635614011451293,1.8667319063373695,0.22278371986166837,-0.8743076237321783,2.161914801105013,4.799501567207487,5.185496387658096,17.0,18.0,0.7648483585010978,0.7433182911011522,18.3228722915008,1.9044790042661597,7.7761421923143725,0.4674357608016212,0.3232681486295353,0.09772736084676083,3.1375866820575222,0.6353710251807032,20.5078125,0.2949451791218103,0.6025285834657326,0.060045639178683406,0.002995129039485241,0.002792368489480198,1,0,1.0
S4,510,570,60,30,-0.04891298745225597,1.316992337793501,6.516726882108198,-0.11831180203400231,1.8711999621955129,0.05350099142461304,-0.5177918913499724,2.308535961244464,5.636634745675928,5.482706800026644,17.0,18.0,0.975543031628354,0.849973742647559,18.31046290788761,2.1474866843354414,8.682861154355876,0.5640210349722398,0.37459168884879424,0.11281971966296005,3.2867922825798073,0.5827331114603559,20.5078125,0.2906044692368543,0.6871624522830028,0.06672080424623666,0.003926866682333741,0.003262517363969658,1,0,1.0
S4,540,600,60,30,-0.011930777394593296,1.4417903149106626,9.329706102592198,-0.10823123878973687,1.8987697880882575,0.043887522700914686,0.8998967754064275,2.540411838551917,12.03535930878028,6.259186669432374,17.0,18.0,1.0798256243350204,1.085722411914263,17.913103568179917,2.1698029699640116,6.68422162504123,0.5686305305487113,0.40889268986370936,0.120309946840235,3.5096195728658635,1.252268158288731,10.25390625,0.27712903113848597,0.937350120402729,0.08113149014101607,0.005732985568309102,0.0036924745414655255,1,0,1.0
S4,570,630,60,30,-0.055293848555371554,1.3465917912028285,8.893133338457442,-0.07558604637250585,1.7679614835564093,-0.8590889667098514,2.2651197356739337,2.377580801983031,11.733054604935123,5.973621109978552,19.0,18.0,0.7312480284871502,1.09594314303192,18.703109270190314,2.0070495715434786,7.657563661575539,0.4891831150479534,0.35407539840421287,0.10909013155059376,3.0194063161087916,1.3197833701334623,20.5078125,0.28473504111220144,0.6280551301645053,0.05964841746751515,0.00328759715776422,0.00306038916618449,1,0,1.0
S4,600,660,60,30,-0.0009516965635246817,1.0659494579971864,6.110724620092581,-0.026379264222385665,1.6931582850749174,-0.08336473732004655,-0.37087030004375077,2.1164143263316757,5.704707337322468,5.311749073553162,20.0,19.0,0.7619357103983329,0.7272441563933076,19.989482370015374,2.2411882630090774,9.704724176668833,0.5167011180087323,0.3317830173520033,0.10919856794807334,2.8128925857478233,0.9428594081509484,20.5078125,0.31840777398545905,0.46925268547188315,0.0734483665631986,0.003540104978390865,0.003808459278996136,1,0,1.0
S4,630,690,60,30,0.0019305115843605747,1.9516649565937279,13.647326166205731,-0.05089325932799834,2.1501118761132076,-0.18681085039787454,1.9111873991640351,3.0909522474021163,10.697404570469748,8.033560055191987,17.0,18.0,1.091938094485343,1.3030258490618487,19.111828934011367,3.9993964107570266,16.268977700037752,1.1643174404091081,0.9882129264214411,0.29605416011555813,4.0730742973642275,2.839463728434068,10.25390625,0.2692091947423279,1.37764147823691,0.15569113335100102,0.008790546219234502,0.0039466260866325206,1,0,1.0
S4,660,720,60,30,0.01691596192724297,2.020526426707595,13.427439892224651,0.014334303400598622,2.5196457143687567,-0.12337483870723112,1.1918074504884997,3.1606447156672584,10.720947573905404,7.997713809403079,16.0,15.0,1.0466998374097,1.2128088241312662,16.83075806985206,3.7298127546609523,12.76600777832728,1.3754833234822743,0.9989548551967143,0.2642937480677678,4.72562807533019,2.7117173188532564,10.25390625,0.2643102865067354,1.6399113665835416,0.14242664821549456,0.01033997880728452,0.004007279475862127,1,0,1.0
S4,690,750,60,30,-0.01854223248946066,1.5659339469520281,8.960567661288358,-0.1313069335752375,2.385749021096686,0.45943366603712005,0.06278584320810676,2.6194005675557217,9.191354697227583,6.460020080559815,16.0,16.0,0.929062011871571,0.8360513508494005,16.902004930471385,3.0763973468302326,12.252466261689026,0.81170823723224,0.5800556388982759,0.15878263226528752,3.9441331905723094,1.3909878697016311,10.25390625,0.2698918962403381,1.0767359471674667,0.07868776908444158,0.006196542882053869,0.0035917136547671223,1,0,1.0
S4,720,780,60,30,0.023245901920671636,1.535278358754709,10.12631903594352,-0.11991958056924674,1.976446033316845,0.3529325921636762,1.043505430020736,2.715180107515109,9.04536872661712,6.774140108297705,17.0,17.0,1.0312566610583993,1.0760374632603062,17.793945946729707,2.6463535616690095,11.441175340092311,0.5810506552320359,0.47771401737646263,0.138819910607036,3.7926832507048034,1.6907923628505968,10.25390625,0.28131279390717034,1.0485882272865583,0.09531491532520366,0.007561151726869299,0.0042885296875416375,1,0,1.0
S4,750,810,60,30,0.03915896809093255,1.2776782654697383,6.799558590416964,-0.04132221399912328,2.0315160068669416,0.20318192851621253,-0.48263193357172707,2.386388429077516,7.827919082042212,5.971996938646645,18.0,18.0,0.9328884362474589,0.8219856024998073,18.514238425085285,2.058960285047584,8.05132195797825,0.3878157041793992,0.34218858857834195,0.1043739222864169,3.306272903546876,1.0567670161380482,20.5078125,0.2995825099376744,0.6278799452633697,0.07507236554531646,0.0029945229229669393,0.002616870045798251,1,0,1.0
S4,780,840,60,30,0.017794533753540138,1.3824988033053838,8.141320123459098,-0.14040538602801592,2.0488327579879266,0.23045996731296328,0.001355145165031324,2.5216382449958705,10.646889802686065,6.283087576153921,18.0,17.0,0.9583732427589061,0.9080859321093646,18.07284338552441,2.818524558335965,10.572928758069855,0.7639296567146502,0.5313280112575702,0.1561995932203139,3.430829033829007,0.8614238408278265,20.5078125,0.28865754512791475,0.8299990815957371,0.09799837335876577,0.0049216624237242105,0.0033886633337208588,1,0,1.0
S4,810,870,60,30,0.01971690500352319,1.77487755413019,14.158181722343837,-0.1530634547902732,2.129299112883563,-0.07641211555448287,2.840521642400044,3.4186576962039568,18.522760474240574,10.930593621462105,17.0,17.0,1.191982606310638,1.36070088888807,17.182809092357708,2.501768231750611,9.188611560102801,0.7575064715378799,0.5143661193966447,0.1442424832179679,4.40950986480457,2.3516481578234822,10.25390625,0.2930685169146758,1.4315711472403656,0.14869534756390215,0.03841704170371566,0.015416335983963577,1,0,1.0
S4,840,900,60,30,-0.020467929034675623,2.036171163229976,13.996574945115999,-0.11157951317050088,2.8079422501677413,-0.1006910618905153,0.9068076390576905,3.6758309573828463,18.103261528405845,11.678473892322982,16.0,16.0,1.1330030985137831,1.3837188918254708,17.528912326872614,7.246113766240843,30.081815562396685,0.9559137707064581,0.8286474185186888,0.22144506106859674,5.087639567947507,2.8336442242972977,10.25390625,0.28073719338802317,1.8301729707777685,0.17545478627851188,0.045969767931238185,0.015237454022546752,1,0,1.0
S4,870,930,60,30,-0.06475628157505246,1.7001751886478975,8.736892606374457,-0.11152267566441565,2.8075084278906304,0.1251770634856123,-0.7321326330200542,2.882667220177054,8.763544179675842,7.486570262179878,17.0,17.0,0.928052350008755,0.8512489458248174,19.446940422527156,7.741811800681875,29.330309590076624,1.0355042151492369,0.8505832145339683,0.24960781855003003,4.151940123283639,1.7090386676495926,10.25390625,0.2683662322121834,1.3111078495800432,0.09273721301928457,0.013099738916335122,0.0063040897003432406,1,0,1.0
S4,900,960,60,30,-0.003055403771150743,1.2609601276455187,5.3695090236486385,-0.20103866230171208,2.1499178562609673,0.3243369196747211,-0.9997863403202167,2.2691866120321404,5.399693186532678,5.277539451584841,17.0,17.0,0.6850030660772171,0.7339203501642682,17.050888364785,1.6890488659173233,5.670472492990182,0.42136658139720484,0.33811111292165835,0.09518271873124477,3.42012275874783,0.7191255342955782,20.5078125,0.27422242661123347,0.8124870817306735,0.049306281209544105,0.0033303141046992562,0.002518096629805785,1,0,1.0
S4,930,990,60,30,0.0183078254122143,1.3427642081076268,8.623607376692696,-0.2180980413052815,1.9988753287873946,0.3357661910289145,0.43468352392414555,2.346337438252498,7.214375855850297,5.523117828097439,17.0,17.0,0.6724556776150942,0.9225281691953501,17.50051954865892,1.7787215209302545,6.365549815621437,0.4219793011656436,0.3427824393132335,0.09898067188254352,3.436840467830674,1.462863048322472,10.25390625,0.27763552400002106,0.7723235895557907,0.056547994645820436,0.0029667418550093213,0.0023256313888350027,1,0,1.0
S4,960,1020,60,30,0.0017887312083195806,1.4318550984102139,8.230704310132193,-0.21944577087490996,2.188741446219791,0.468838538026043,-0.005270847521778421,2.5555410239942704,6.959389399954352,6.14827101624481,17.0,17.0,0.9584308395247287,0.899341248171205,17.10306789845831,1.6548426746883067,6.4126820233831445,0.4461208463228428,0.3352582388766812,0.09469616350799025,3.7263692859169035,1.405457560393246,10.25390625,0.27536012535218873,1.0055687063655188,0.07345406541264247,0.0049125176052929025,0.002983094239405698,1,0,1.0
S4,990,1050,60,30,0.02390926352044444,1.1807843694499442,5.469137688915845,-0.16859040688875832,1.9172159947235095,0.254697554578504,-0.8358906861824624,2.266331112263727,6.6156163369209935,5.697138040727764,17.0,17.0,0.6803533577407248,0.8472856866486222,17.31892962873848,1.072717003052205,3.148216939078752,0.34222143446032366,0.21870850553969812,0.0628843802029271,3.2825579397094615,0.9109407135622712,20.5078125,0.2920413174138112,0.6942298270311681,0.06311175805489376,0.004917956628833305,0.004046788515739412,1,0,1.0
S4,1020,1080,60,30,-0.0188215657295278,1.200470309364582,6.469977655327307,-0.20285418094805163,1.7691020308542638,0.4827736235924919,-0.1445067611413946,2.1186815194090847,6.321333658168859,5.487624870770631,17.0,17.0,0.7715953855458669,0.8415117259709274,17.489012061464223,2.3774020620417162,10.7343831276304,0.9458118925317138,0.5702672350641892,0.16265134543951612,3.093969788299692,0.9643742277383843,10.25390625,0.2809598386286949,0.6173265978803477,0.051656305178480744,0.005106622050054206,0.004945952268111124,1,0,1.0
S4,1050,1110,60,30,0.012902381254444305,1.2154140167452918,6.540657803468644,-0.2160055208921227,1.821664164199674,0.352432917081645,-0.22669782383301307,2.157048578539307,6.355656927854236,5.485242902664113,17.0,17.0,0.7539992255284225,0.8260981065978028,17.719057552066772,3.037669005940235,10.708904725540089,1.1194919887722152,0.705649916634969,0.201336910029848,3.0768937772632436,0.9101837801867784,10.25390625,0.28015998419755783,0.6332191605515555,0.0530476187618444,0.004362172066245903,0.0041168784714486215,1,0,1.0
S4,1080,1140,60,30,0.008789515630674054,1.0503596506355908,4.414793452348938,-0.20710012458157678,1.727391370569071,0.30170857022910813,-0.9560603571978477,1.960984710850394,4.886332779253477,4.936462142176352,17.0,17.0,0.6267449030668534,0.8150351998325521,17.581327334425033,2.6492205481569826,8.838448881031514,0.7755700120153015,0.5741459315379067,0.16412962130795974,2.9168615559117748,0.48226171554574027,20.5078125,0.29396959821868174,0.49051363617504024,0.04961780704271243,0.003886195024881361,0.004470611928191198,1,0,1.0
S4,1110,1170,60,30,-0.006181280574337917,0.9462933387917656,3.924156264552684,-0.18725755173641742,1.6408557737411549,0.30203291013026873,-1.0826838260859208,1.7875075090449775,3.952498270130478,4.49235658457567,18.0,17.0,0.7028397464175591,0.5379025525731089,17.6705571818348,2.0759317526293737,9.319394665802648,0.5451498810943123,0.41170785064519916,0.11958027440574726,2.6763781119553105,0.4027879614439998,20.5078125,0.2913287002671426,0.42187823941023017,0.03927951091174871,0.0028699029616869173,0.0038866558520300226,1,0,1.0
S4,1140,1200,60,30,0.010975164886920383,1.183674613721133,7.5513730805942725,-0.0750534709238246,1.8197132983033149,-0.10885764335909164,0.5775082617016998,2.1897512080453576,8.525715235873111,5.8325349707403715,17.0,18.0,0.6963887082923674,1.028001563223843,17.855044247901056,2.4146974222498265,9.258827228742122,0.5718757773869293,0.4915654576665434,0.14348909603756382,3.167648081864413,1.187155837448664,20.5078125,0.2902164370238622,0.6696436711381101,0.07143120549798812,0.0073403725485339305,0.006274954043294063,1,0,1.0
S4,1170,1230,60,30,0.009339467876618738,2.8284375382510984,25.54265583559685,-0.13858379628111672,2.4387162049683475,1.1363912280823838,8.95804655641375,4.301378305923779,25.833364468378672,10.479728595943925,16.0,15.0,1.4448691780837932,1.0981498063520863,17.057641601019036,5.242078551594906,22.052959636906564,1.1738339540171336,0.9167625181797241,0.2424992175560424,5.404202067108739,4.300763227021514,10.25390625,0.2538876937257215,2.9458599310360642,0.19251690129905355,0.01589759242950956,0.0035935169661418676,1,0,1.0
S4,1200,1260,60,30,0.03663221798438685,3.1614113881791868,25.87017451357135,0.009694494797379383,2.9428017317646793,0.3684389140571902,4.920004149745839,5.277475848605162,27.746342073411125,14.805245226510026,17.0,17.0,1.2688658738035208,1.2050266829626692,18.765439317349106,6.0673468367131225,22.12513988009219,1.2687063420322786,1.0005081258466642,0.28566270705082314,6.447510721838506,4.041491183995913,10.25390625,0.28283062917668006,3.8594103528354515,0.532582316788512,0.04544245846924292,0.006885027042647695,1,0,1.0
S4,1230,1290,60,30,0.024665817480488732,1.8907996613361435,12.913308483239355,-0.07155562802091459,2.411968633594319,0.29712892291420234,1.2884964131697991,3.9333079988294646,27.798158704987795,12.585908547288541,19.0,19.0,1.1914984883599866,1.1251136829482606,21.184043462392438,6.222406768461416,24.510251435961806,1.1086583826245782,0.7365084026065849,0.24246873443009356,4.326893468002949,2.0588897524816088,20.5078125,0.3309625423028945,1.25912449849423,0.3592479059471033,0.028445375832960106,0.010570146780575536,1,0,1.0
S4,1260,1320,60,30,-0.017968616656603518,1.2619632951313526,6.057191913879763,-0.09298162370562409,2.141127308920067,0.11520866698899235,-0.8262320933474032,2.350034564263406,5.906134517005102,6.52589571328721,19.0,18.0,0.8297351742243028,0.6763215957467111,20.4889791944601,5.5754593023825345,24.255003840828806,0.9099285620284694,0.6128810074163669,0.19858819866908972,3.1421938841801618,0.8878343597897902,20.5078125,0.30157571832430485,0.6279285020078247,0.10184300269935409,0.007917525857341644,0.0068274717708450994,1,0,1.0
S4,1290,1350,60,30,-0.040966814083798646,1.1136597609012762,4.556265430910216,-0.11536123209566793,1.897163405594683,0.0947241578955675,-1.066971622706751,2.1716746719710844,5.841161184960919,5.47388155282438,18.0,19.0,0.6392355479237368,0.6371182453873251,19.084749604930657,1.468567763614946,5.388186347585066,0.35117677535825237,0.2631265678468652,0.08316174857584448,2.9927119550228767,0.42422661848543997,20.5078125,0.31345565235109735,0.5203245420805191,0.07731295511883886,0.0038938657075592046,0.003868826341604541,1,0,1.0
S4,1320,1380,60,30,-0.002157503564921537,1.080344968076498,4.640950937357848,-0.10736707550783614,1.9035045040322187,0.11704826618595919,-1.1202130676526794,2.156200537639013,5.101362403681097,5.227122018030448,19.0,19.0,0.5698180398643209,0.6000504880283779,19.01936631569108,1.3003049954115193,5.841913804796844,0.28826799922251223,0.23621555646410392,0.07449916175934793,3.006635881660167,0.33898051147492947,20.5078125,0.3116485848188934,0.5200513044377226,0.06583268554669583,0.0033512057396081567,0.0033706032814925535,1,0,1.0
S4,1350,1410,60,30,-0.029370850023696004,1.1296688482840316,5.031769766271637,-0.13897763286356676,1.9807595601750556,0.20336870263369825,-1.051396161243975,2.1823937846742125,5.00274079942259,5.115617893854725,18.0,18.0,0.5850279167773401,0.517234054309769,18.442888401742174,1.4307550427156963,5.8201064027777925,0.3542716731088544,0.26127724822077825,0.07981720115590853,3.164388063929256,0.35619164336082487,20.5078125,0.30037796688538215,0.6003806819858918,0.06028243106503578,0.0030137853830438295,0.0027561980932942374,1,0,1.0
S4,1380,1440,60,30,-0.0023465642368337555,1.1542527527105013,4.472714118548373,-0.18341909515500388,2.010256734680153,0.26493662717731553,-1.1130873620989088,2.210221301783877,4.559889854617061,5.182166692121353,18.0,18.0,0.6779466208786254,0.6526908875660117,18.10811528026888,1.917488382192986,8.911566171958455,0.5743859853827228,0.39162732955794954,0.11676309026481597,3.200538531068217,0.41553052233896554,20.5078125,0.2929522883404297,0.6370851296732642,0.05851670466378824,0.0026378238046012013,0.0023427217633701426,1,0,1.0
S4,1830,1890,60,30,-0.046731763948426874,1.3317318609924043,8.292613423944353,-0.11497153533580237,1.9634845125099991,0.16189173270958399,0.2315785356094051,2.7221866703267974,8.849991443542415,6.898931881218284,21.0,22.0,0.9923301936249561,0.8980268195914088,22.41204441486064,4.120314230854648,19.49772932395456,0.6110809038959877,0.42010151227083786,0.15266505312892226,3.228305719094671,1.1243313303079903,20.5078125,0.3256252031404308,0.6904391296313875,0.14020900446152332,0.0048532079911590715,0.0034052577843126765,3,0,0.9617619047619047
S4,1860,1920,60,30,0.0487528604956895,1.8624944028860773,11.909656940809997,-0.14636484903928842,2.267201549993496,0.43230847621320573,1.277342096797721,3.3325841101210045,11.898022507414364,10.067552158678836,19.0,18.0,1.2623251322303743,1.2173696167730954,19.695698152821667,4.372728167143148,18.803681175082897,1.3356174413281041,1.0075324649491102,0.3095715240528382,4.156927950518095,2.5052924196158384,10.25390625,0.2824823683648057,1.4150421772175725,0.17943382939653363,0.014134317960578761,0.005857580129407419,3,0,1.0
S4,1890,1950,60,30,0.017671082965873275,2.767509053799659,16.755659570076737,-0.26348092133373047,3.0120100064587874,0.0610114613155288,1.096244710655692,4.279062240117035,21.891803118192833,11.837909984990022,14.0,14.0,1.3916991160262138,1.6517805594546167,14.87465211231629,3.8964046461599615,13.874457468801072,1.73074209438579,1.2049377940581882,0.2777057523535993,6.186449031483355,4.136532109641147,10.25390625,0.2537393860438955,3.1284388474845537,0.21586445320683506,0.029764568416014745,0.006390144272635178,3,0,1.0
S4,1920,1980,60,30,-0.12503399533888876,2.1964628986981722,16.712720565971665,-0.26692247366023714,2.034130098355516,-0.2932134788287667,3.9651848545528594,3.484463137335165,21.871257219022166,9.478070856038444,16.0,17.0,1.1088867649342404,1.3144500579164298,18.777605967319833,5.800589755557376,19.163183282682553,1.1410900879953707,1.134319594872035,0.32143238911200855,4.0431409883497444,3.691428825691643,10.25390625,0.25270106537708636,1.772304597181911,0.1231636936224422,0.015499106870925561,0.005878372931839175,3,0,1.0
S4,1950,2010,60,30,0.01155808663750057,1.2922907819973535,9.094894689484166,-0.19664075746291695,1.911097768334352,0.6248919272456858,1.4770480889429232,2.566977010011377,10.237565697506245,6.696064198606714,20.0,19.0,0.9799099429271829,0.7714310524060535,21.040947961119674,5.066764253755376,18.511497412371334,0.8494712240824981,0.670587901671739,0.22287575510993152,3.1510938693664645,1.5425995566323925,20.5078125,0.30726640025240604,0.7387981344002377,0.10618443433519566,0.00575364933560656,0.004123484475341333,3,0,1.0
S4,1980,2040,60,30,0.05857493025680982,1.4364735283109038,9.281490203017263,-0.12263981508733354,2.040757785738142,0.5469518852302638,0.9302920485733885,2.682983180378297,10.39360986795128,7.065229388043715,18.0,17.0,0.9039766225506116,0.8698911644918599,18.78662746109793,4.805989470980658,20.620278534354284,1.2106335308087115,0.74616041866575,0.22108181615224023,3.4374906245641212,0.9866397430777826,20.5078125,0.29383728723727465,0.8092738142389314,0.10321661278065349,0.005755847031995095,0.0039820188682533255,3,0,1.0
S4,2010,2070,60,30,-0.0032378044883692417,1.2700519557623005,7.4645032372503834,-0.17805797816031438,1.9840574439829521,0.1014114460868462,-0.11983988782017452,2.418927075550636,9.485466129512243,6.414780072663838,18.0,19.0,0.8513042544445419,0.907927471203954,19.798029100714885,5.090313424251686,20.455421205421317,1.2671726019217842,0.7786699906321908,0.24168421722804043,3.2446246549470255,1.0872981761729263,20.5078125,0.2983653005233094,0.6761984355662835,0.10158723773122924,0.005655644719193183,0.004569475777201519,3,0,1.0
S4,2040,2100,60,30,-0.03076492007146052,1.0850656675380168,4.23430522933608,-0.177166945487473,1.9485670630587197,0.20950307019746964,-1.2051581417405783,2.1387146678862496,4.946135214655111,5.4825752641034144,18.0,18.0,0.4992087838304502,0.4082563166096131,19.167466118744613,3.8291634724527652,13.112726148136693,0.919551382413163,0.6235202382165108,0.1916987246105637,2.97694360532164,0.4138993795688431,20.5078125,0.30699400238966873,0.5133635516710047,0.08058157511839247,0.0031029411533410167,0.003189651746116424,3,0,1.0
S4,2070,2130,60,30,-0.010189518330293681,1.090418325352712,4.278176375875589,-0.13781661161790365,1.868124552553459,0.12806723120318367,-1.1096794817419517,2.027299611575459,5.588880303043781,5.081576612470576,19.0,17.0,0.9556292578875385,0.526529407287935,19.318348377175017,4.8940696612141865,19.051034717644185,0.8382957329572647,0.6739239344226877,0.2060929463066323,2.785594671114418,0.8924231280939016,20.5078125,0.2932336189836668,0.5313049221677484,0.06366251294246814,0.00299947051575001,0.003169131099893897,3,0,1.0
S4,2100,2160,60,30,0.011403269825309892,1.0360639260382203,4.203337104473121,-0.14472588589512309,1.8209874579209147,0.2065927072515458,-1.1527789911341395,2.062805259933024,5.543913888948115,5.242700743238726,19.0,19.0,0.7295678781684851,0.7610800596928606,20.16395225925654,4.4038374757459895,18.105769528365705,0.5546210975294122,0.5463472060780737,0.1767614532439011,2.7032531111252704,0.8180065719725734,20.5078125,0.3071819401656217,0.4687486506808795,0.06218548213359963,0.0029397111634565567,0.003334814313583856,3,0,1.0
S4,2130,2190,60,30,-0.02483975538330638,1.0320310044581857,5.275482795743474,-0.11698829302719166,1.7271004487288268,0.24456743299361,-0.7050971888886561,2.2388540456775816,7.439271845279172,6.20470241573595,20.0,21.0,0.6007099029898292,0.6067562714392658,20.74820512979649,2.4060795315316756,10.495983679714392,0.49266732024295484,0.32788138342121703,0.11193075974081587,2.824833097210956,0.6009421373400715,20.5078125,0.34143817876848775,0.3916048167718511,0.09226947929208386,0.003969561837012023,0.004598873338578706,3,0,1.0
S4,2160,2220,60,30,-0.021407410724902706,1.191720431402204,7.303328999366996,-0.050393702097865034,1.6193944633150876,0.010066736536138576,0.5355691365110888,2.357537182717525,8.16672726757901,6.921909960366445,21.0,21.0,0.928173776609337,1.0538526320646011,22.047110740306984,3.990031543964427,14.477941005825155,0.6033074788786325,0.45413808809790934,0.1620474890625903,2.760623081889822,1.0671850668679552,20.5078125,0.3334348203516165,0.4459438520816383,0.10655254908597024,0.008538689021861978,0.009002767935693417,3,0,0.7382380952380952
S4,3600,3660,60,30,-0.02344296831307483,1.7329661387077722,9.3116680051347,-0.2090483161826916,2.4161852994498707,0.3781960153113747,0.10009762596716554,4.233360610593947,16.031799679320912,18.93135459219761,21.0,22.0,1.2085566068895703,1.2712667604584045,24.55625457367092,9.46070373610741,32.57921409513585,1.4418104220850545,1.0783752399620763,0.3815231699848138,4.053829090264555,2.252081428508365,20.5078125,0.3607734878072085,1.0572206325046127,0.32049684031114306,0.10257910158249246,0.042997467106652906,2,1,0.7784285714285715
S4,3630,3690,60,30,0.025023086543154802,1.5846645527049572,8.72613216159923,0.039131773525264514,2.0346555136729343,0.32228959452622363,0.2695297561170773,3.684905976729699,10.938974602797025,17.141354489779474,23.0,21.0,1.315767855760852,1.2940031263002036,26.76040224858044,9.598580873361415,32.53735728312961,1.4151397476380188,1.0576192965753068,0.40779512186428957,3.3386758820105373,1.9491900068981136,10.25390625,0.3620273089003799,0.6915938914465053,0.19059013337860903,0.08176075310772041,0.05399094126721832,2,1,1.0
S4,3660,3720,60,30,-0.014490260817891204,1.3835704632643853,7.2545126902442965,0.032313362835473675,1.807350757420187,0.01564255845156885,-0.16739961190603214,3.7608304124777723,14.5560365167903,19.021080700488614,26.0,23.0,1.3760934806306893,1.1909601715012996,28.84081721735688,7.677002868039375,27.971283184095295,1.039516870055148,0.7336432898450675,0.32361448774452856,3.2357635382898997,1.6201503739979084,20.5078125,0.3970767875262733,0.6293963720197344,0.2869977303976563,0.08974747513404356,0.05443621493135318,2,1,1.0
S4,3690,3750,60,30,-0.03602612122034606,1.2902669657738168,7.248625167631789,0.034449753459867234,1.7322763131723558,0.025373509979546422,0.07844601679962038,3.907594357312236,14.848498311007031,19.769551089982816,26.0,25.0,1.2683607752301296,1.036692354029338,29.89724315497179,8.494036157532776,29.942381508561937,1.0541830750786663,0.7602924979565296,0.3438370558775912,3.395260886336868,1.3107687809297492,20.5078125,0.444686284742093,0.4493386125606784,0.2950788290061432,0.10237033871820063,0.06999291362163691,2,1,1.0
S4,3720,3780,60,30,0.009381717879921595,1.262611086896028,8.273088924462524,0.09784987717350979,1.6237552481156938,-0.3595794873129948,0.3925261635125352,4.237054585196276,14.373220368821032,24.79311675420733,26.0,28.0,1.2940393692638328,1.292120531125256,28.64399086533376,8.113618381928994,30.001848930570688,1.1836680565205817,0.8223427479476189,0.3554912822756615,3.23874386640838,1.5666682615646494,20.5078125,0.4588900308755005,0.4534590118868495,0.26294799781837136,0.14694628789103706,0.10240618035554891,2,1,1.0
S4,3750,3810,60,30,-0.0036633833824941597,1.5661600049154094,8.951710655555658,0.03747741818379812,1.7731939871458802,0.13262663242163383,0.4022971644779263,4.579963224352055,14.479074228661515,25.872522811188755,28.0,27.0,1.53253395863079,1.483069066315061,30.06967373241626,7.382096147272484,29.961401590424714,0.9810475610853225,0.7076807851894662,0.3279915358415094,3.401826807712439,2.048037644611957,10.25390625,0.4105919216696851,0.8238646856953872,0.3058808457627301,0.19645219347362317,0.09420155236235513,2,1,1.0
S4,3780,3840,60,30,0.005753854217876254,1.5437417762587504,9.739062567997227,0.0005510612684285364,1.6961501233350127,0.014120487670143272,0.8320243350044296,3.9276071098049186,13.328315700358706,19.0581435364331,24.0,23.0,1.4049443197573552,1.545417328485419,27.413321971990566,8.348464062138234,29.062245435813892,1.1669607545232197,0.8446052899150459,0.34767194640090604,3.426817175451786,2.0103593390698906,10.25390625,0.3803610445854206,0.7403741801355702,0.24667712402464426,0.1200773638352493,0.06918234639540861,2,1,1.0
S4,3810,3870,60,30,-0.006540142608387065,1.3082376136506624,8.543053444025722,0.006404110175109112,1.5194801210616138,-0.3443142017068019,1.1250015217326421,3.6257392463663227,12.764523976306364,17.43545771001943,26.0,24.0,1.2462848220698042,1.4035281671012365,29.266372141997195,10.015217738766808,32.24223642585061,1.4864185315786427,0.9789703278737016,0.41437646908353765,3.211378967833736,1.5163687879329721,20.5078125,0.4153530956272299,0.48259229739824466,0.25728671551454796,0.0842882186855511,0.06199490375672177,2,1,1.0
S4,3840,3900,60,30,0.0041087753101340385,1.52114352666766,8.16059704639882,0.08550451058887988,1.7664900489847533,-0.3842529835055828,0.4034900602710305,3.6638527109182584,12.782986918878446,15.698519962918473,24.0,24.0,1.3229212942817015,1.2545226156250568,29.109520541329456,10.988200105185724,31.677899101447903,1.4839255903512962,1.097235117278259,0.4466959665253994,3.393937546269903,1.6300267791682201,10.25390625,0.3689547637025377,0.5929567962438483,0.22458869539946805,0.060338921415716396,0.04319640920894769,2,1,1.0
S4,3870,3930,60,30,-0.001017579842963685,1.6142482230873676,8.705406226120468,-0.06034331108592292,2.238866019089229,-0.13143199574103423,-0.07495297526599254,3.4667684100354266,9.681979273844398,12.765074135429751,20.0,21.0,1.259829617717831,1.2227423876888035,21.46667068773953,6.313571717929707,28.63825004940605,1.1044871887502266,0.7361677134788673,0.2457834769873716,4.0890732430500485,2.0452108698158966,20.5078125,0.3372381306150791,0.9149713775435634,0.23852027233893927,0.04343651806104233,0.022388065548769466,2,1,1.0
S4,3900,3960,60,30,-0.050356383454433634,1.5496055819612216,8.882448904711584,-0.08470825693536342,1.9082434758698155,0.021432653114472,0.4896822353109891,3.529579585441229,10.083434106078194,14.145109195385354,26.0,24.0,1.3294879617401631,1.2262768531529702,29.59592127260868,9.235888310425736,31.355568663199097,1.0839305915098458,0.8232057475850996,0.3626091918432189,3.426585828340127,1.9939577545913163,10.25390625,0.3843289247004205,0.5426303739726872,0.2924438779413985,0.05197125141029881,0.035969648910019345,2,1,1.0
S4,3930,3990,60,30,-0.052968639354639795,2.1954517685630757,13.924240915436643,-0.12462397051598925,2.321728755327792,0.430622429043132,1.476277735504909,4.4717457860970935,19.862346831032184,16.598475896524654,25.0,24.0,1.3634740818667166,1.2590556655527168,29.448420954878685,9.655304671164389,32.45832867905326,1.228323786972841,0.9844694232689373,0.42182937948679217,4.140628650225885,2.7302923411615168,10.25390625,0.3163362863826449,1.7064513687076657,0.43844634602718374,0.0681926297840252,0.020661383601727132,2,1,1.0
S4,3960,4020,60,30,-0.154518887748775,2.761232653726375,15.475221300121223,-0.23686030421561893,3.314650177040014,0.010434738130700854,0.175893303088952,4.7246376990527805,19.988619680344975,15.550621753062222,18.0,19.0,1.3113665164992012,1.152423763493867,21.691760163737417,7.535637816869563,33.55893184182525,1.5793573916020918,1.0662356542748899,0.3446195960093213,5.444150158566897,3.0828464758032936,10.25390625,0.2908511174740121,2.3055712351161546,0.36125191727493966,0.060039898807853,0.014997415247135088,2,1,1.0
S4,3990,4050,60,30,-0.014022555949823207,2.577629754015666,13.913946905075427,-0.26735919759530236,3.462470740563729,0.5165963840424493,0.21063867645942835,4.4358804012877275,12.902433770357113,14.881596380509317,19.0,18.0,1.2689463427917353,1.121714395268227,21.97080391629232,8.380730163911469,34.81578731435136,1.8719132414921025,1.5039264977241462,0.46483525171280593,5.627963651324842,2.8146013456041716,10.25390625,0.27447967728757405,2.5131948539465006,0.30969424301963405,0.05142952293962448,0.012596015458335467,2,1,1.0
S4,4020,4080,60,30,-0.07383780901316742,2.5640877399359567,12.419601751954868,-0.13229534543016347,3.5881175528244516,0.22346567281143187,-0.45046038216786455,4.593929545269556,17.212917973517825,16.27307070905352,17.0,18.0,1.3738419742591634,1.2432385489125455,20.887191589559137,9.373206329158272,34.81578731435136,1.9755584761066949,1.561559880441375,0.4473010399218261,5.96822715610269,3.03135352612212,10.25390625,0.2787237998963301,2.541664713429585,0.3136641483968459,0.07089712364781185,0.01704752359382636,2,1,1.0
S4,4050,4110,60,30,0.04022637470453876,3.3286629195351614,18.119956532963435,-0.3258710133404531,4.780504676105632,0.5396332060472329,0.126339899359885,5.769389689115956,27.829648453368016,19.551502249766962,15.0,13.0,1.2393347631671057,0.9903176451365003,16.08233703389512,6.531008396268254,26.194941104247402,1.4667039265520716,1.2266410057624475,0.29323287855767743,9.165667737395424,3.4140914270188,10.25390625,0.27712764353671987,4.18583101033643,0.4797683553912913,0.10376888791288226,0.015249324017844448,2,1,1.0
S4,4080,4140,60,30,-0.0891138319563524,3.605239661056559,18.291856842239966,-0.7294705727848206,4.79424023619512,0.7646814971752747,0.21831404535844934,5.977739021087845,27.86160558981581,19.750475795227267,13.0,13.0,1.1923944110904896,1.077608160057036,15.21659649937741,7.334763468720042,26.161843227853563,1.8803738328830961,1.378638846118595,0.3020019378134928,10.027695123618185,3.4722228312163006,10.25390625,0.27820179484677554,4.717940056945456,0.6146643500722556,0.1122449817207154,0.014476729305153428,2,1,1.0
S4,4110,4170,60,30,-0.009866017484978654,3.152315158199358,16.23159326353532,-0.6026765887213205,3.5938340923100096,0.8612626220137896,0.5563586998810415,5.098304817407805,20.84600569986823,16.401862736305862,14.0,16.0,1.3351730292491522,1.4081092272898492,16.74048716796291,5.533904246579696,16.35888636650785,2.1339570330837545,1.375568912176295,0.3416303348927236,7.6747818624232025,3.6864928888541066,10.25390625,0.2716567618658994,3.2512626189902356,0.3603164222283631,0.05962824452712203,0.011419273859870415,2,1,1.0
S4,4140,4200,60,30,-0.010000347329853205,3.170340128629509,15.652961164059976,-0.5163541674588432,4.09496042323014,0.8078056713504483,0.2625966814515066,5.062113715369712,18.714350097326182,16.535721372816592,14.0,15.0,1.3407093682243938,1.3724118415208664,16.111857168445106,5.972155995905066,17.039641943734015,2.418059286759883,1.6010511204376956,0.3722898989646871,8.133887462302878,3.512592595289575,10.25390625,0.2701536423056737,3.3485628193714874,0.3646952053372709,0.06836790814058832,0.01282766851137533,2,1,1.0
S4,4170,4230,60,30,0.03223449945183662,3.554082907275934,20.938852203100105,-0.23639322489583384,4.495260450525784,0.48537885469068137,0.8316616859996171,5.711210986008816,21.340835484953757,19.190128040362104,15.0,14.0,1.4238847864004398,1.459838903484052,17.144133591534608,7.427623420962606,26.462013979136664,2.233695890500806,1.735585569139442,0.41327482208102173,8.769955200253282,4.638663248663049,10.25390625,0.2601494074587967,4.377850855253078,0.3344277056029659,0.0814044123998872,0.012281389870299626,2,1,1.0
S4,4200,4260,60,30,0.08108195095348812,3.088853327858763,20.717414196036913,0.128299701174988,3.313869791076769,0.29039219569070457,1.515111276776702,5.4263168573568,21.222126969710597,18.998848976147137,18.0,17.0,1.4506096930432326,1.3674653319043246,21.71682927923285,7.6864995482520895,27.62210192456606,1.7711711362478644,1.2102552224849141,0.3833693706596342,5.728791494227679,3.3242349772243434,10.25390625,0.2917373505310757,3.395884855907866,0.49769020181609813,0.08334015534923545,0.014053687644093918,2,1,0.8049047619047619
S5,270,330,60,30,0.043878478338249614,4.313893417479322,30.855435861531937,-0.05348599244592789,4.6357689896159595,0.28278685157924127,2.8711095744526913,6.132716921662914,27.71864679199023,12.295251208120057,13.0,14.0,1.0979129980874969,1.1853534271319626,14.503244429155396,3.400945857783671,10.743604167807518,1.371101219048286,1.3221989388944484,0.2978404689384115,10.125513101202772,4.8477400413220755,10.25390625,0.24507537531967682,7.836535969147779,0.3280863260791354,0.01154277073810812,0.0010189210754563151,1,0,0.8438095238095238
S5,300,360,60,30,0.003195613771443331,2.764448790678611,17.153754705663737,-0.2187181426190171,3.6964672299729626,0.22849624739224725,0.43256158732539296,4.869481962636109,21.322063508452093,11.242395259023603,17.0,16.0,1.1876021398568888,1.1887436301926164,16.59883552885568,1.9339937471855326,6.6793191923531,0.7038973139396318,0.4624939326684211,0.12608149269512015,6.807702585273349,3.113244777858272,10.25390625,0.278584976833981,3.615284811523796,0.34859430513929895,0.008537811490215083,0.0014095113353042165,1,0,1.0
S5,330,390,60,30,0.007275087156415799,2.7524254323354955,17.150927279389506,-0.2861903453909046,3.3638859232542426,0.16102831736870263,0.5417665091091859,5.007524098935739,21.316487363271854,11.27500811092804,16.0,16.0,1.0967370707492314,1.2126846163453318,16.859605179049893,2.3750639904555313,8.90803948850873,0.7602474854065979,0.5243307017591629,0.14437932362507108,7.100808078234013,3.2391800275630334,20.5078125,0.2860925007629584,3.6148543913994278,0.3570989721192246,0.008734253811333798,0.0013992373780713286,1,0,1.0
S5,360,420,60,30,-0.03416793932797139,2.3565701522034397,11.337724512163627,-0.550870243923608,3.818092257955941,0.3216121863274849,-0.7360205493882006,4.427847164962475,13.019287148870152,9.908549259549208,16.0,17.0,0.7450655016688156,1.0178224681676937,17.127388590967705,2.011542356243138,7.694107649771855,0.49768619147963544,0.40420405255238745,0.11385418761703109,6.623031429989135,1.8312708420151926,20.5078125,0.29104689109091353,2.7655984173650268,0.2890786349130271,0.00778776803741076,0.0015958359920463744,1,0,1.0
S5,390,450,60,30,0.0321807820625802,2.457583478252692,11.421233676522359,-0.3863641749061827,3.963574851481627,0.24052573782878023,-0.8240331783467356,4.36436784008434,11.037170441760402,9.409827494687953,16.0,15.0,0.754498433712033,0.7215343678028494,16.139244908624285,1.7065785775831717,6.0265828536807025,0.4885110059307281,0.4154338332890929,0.11045135212659142,6.994521769014033,1.6808776489341486,10.25390625,0.2723490557666798,3.171577195066431,0.21039243720786022,0.00687854696330589,0.0013357842985487508,1,0,1.0
S5,420,480,60,30,0.021505449224100748,2.5498922377171134,10.975637758647682,-0.4116851462200041,4.363448921879964,0.25413799235038276,-0.9802968060779418,4.542078829111584,10.880520403201178,9.807662558528907,16.0,16.0,0.676684530239644,0.8445163424733527,16.15545449493126,1.532700432944937,5.868880330440328,0.5215680551487057,0.3773342948474564,0.1006378139119178,7.341929387606006,1.5517373644997858,10.25390625,0.2729782749031375,3.32130619335337,0.21092512150896534,0.006114412179743663,0.0011334550791970795,1,0,1.0
S5,450,510,60,30,0.038313983093220594,2.320008965903526,9.803099410248494,-0.5436650853895049,3.935972547683734,0.38888162576378177,-1.0067058826201702,4.142093433695575,9.181824228342528,8.960213686617214,16.0,15.0,0.594146935324859,0.5899368398654363,15.814334715896557,1.3735804812702352,5.401644814986595,0.42728531512887424,0.3406835066460957,0.08910419020036878,6.557338603874846,1.262378070936966,10.25390625,0.27228071215859856,2.7160157271907734,0.19285320681889584,0.004134746243413651,0.0009376936758524779,1,0,1.0
S5,480,540,60,30,0.03617369993550185,2.88993657342439,22.49830280087147,-0.49930618903607094,3.663240689575389,0.2429716788499625,3.5503656208768755,4.5093337078694615,15.151320042077288,9.159594418214095,16.0,15.0,0.863613396709402,0.8875204623886557,15.678999787802727,1.4090598792518798,4.52789264938508,0.459610527223533,0.36561295719260306,0.09473006910604151,6.706300932240453,3.21984621361766,10.25390625,0.2508242757711081,3.722880244672844,0.1604616618821255,0.006065533054330354,0.0011011823375784715,1,0,1.0
S5,510,570,60,30,0.020757555181832768,2.824137876491373,22.769242551656685,-0.33215532707607764,3.3055557212561073,-0.2328409091764796,4.585070870108142,4.299705376346215,15.297616945378367,8.618983061995552,16.0,15.0,0.8340600141165043,1.0302991905338375,16.25896386273171,1.2214318735832805,5.17236236365625,0.4471842583689017,0.29477896711906415,0.07940632532261406,6.251587112837759,3.3467264257830807,10.25390625,0.25137963769252447,3.810651600917338,0.1480866529278186,0.008042086721430367,0.0014237350577420865,1,0,1.0
S5,540,600,60,30,0.026438268419639765,2.1383555205934126,10.990785409606058,-0.4674756257378214,3.3577408762750984,0.38136469388176264,-0.5940232405456194,3.839444876838462,9.446815264218134,8.272267919489236,16.0,16.0,0.7282343979407758,0.8601903818736635,16.55213383477552,1.011927623659062,3.74291059951282,0.3644499429728926,0.21934298926287923,0.060287455820643744,5.860434244247598,1.74008213065315,20.5078125,0.27607784464786334,2.367763065857681,0.15556615493022066,0.004076847930999654,0.0010467719956922022,1,0,1.0
S5,570,630,60,30,0.03982349524772408,2.3404408570440673,11.08850963484462,-0.48470791200792707,3.79088732983707,0.3872933542925513,-0.757973313160206,4.188063752729074,10.277470598001681,9.196113786911445,16.0,16.0,0.6937694474938114,0.8119305284894999,16.488742251741314,1.4908156385578337,5.112466690232088,0.432626395019581,0.3081044968064909,0.0840306817441532,6.351337985713919,1.5469554946490538,20.5078125,0.2782617811959813,2.7180071319582684,0.2203820579995812,0.0057970163207871055,0.0012799199797460783,1,0,1.0
S5,600,660,60,30,0.0029485711297671958,2.0522598340231966,8.427776187510268,-0.31832649089959664,3.376652801005434,0.37392637379203025,-0.8992645675146864,3.745895400840121,10.30653485002464,8.506025988523287,17.0,16.0,0.8886210666877415,0.8762672811612661,17.00176843249631,1.9967631976267035,6.576937742395549,0.6017266538773187,0.3964081397566227,0.11087231958031601,5.552754019064939,1.5902406832429032,20.5078125,0.28129830129903743,1.9985767971332438,0.18015605378058763,0.005089842979886151,0.001506504076210044,1,0,1.0
S5,630,690,60,30,-0.0350447570472024,1.9436040201779887,7.44173521332364,-0.3695991988497935,3.1825295844807946,0.34912204544470055,-1.0232803956965346,3.4899636352725083,7.617883268013537,7.726541873572419,16.0,17.0,0.795383504259544,0.9266690034311363,16.952087833287642,1.7658419013204276,6.0519472295818275,0.4966501487590541,0.3402262019314879,0.09517704268877877,5.33624017763584,1.4492841999395167,10.25390625,0.2753110186572529,1.889296822910579,0.13126453801671753,0.0036378666948065647,0.0011734457395273703,1,0,1.0
S5,660,720,60,30,0.04718665754237761,1.9492996921135817,7.85940347382755,-0.4324127702899727,3.191279697444696,0.4842035787537032,-0.9420653208727474,3.3628787697749756,7.73880862222649,7.432238526272517,16.0,15.0,0.7382550084973146,0.6311212135379791,15.692971827468293,1.5209330590416443,6.239485471777796,0.43060503911177683,0.36346712883216353,0.0942043061990945,5.228541935438434,1.081735505870165,10.25390625,0.2653029129277981,1.964852233163362,0.12611804414143465,0.00483141205341538,0.001558869934516023,1,0,1.0
S5,690,750,60,30,0.03446987274143217,2.070834972246555,8.589741731071726,-0.417747202793446,3.5154651022227115,0.3636315626065113,-0.9663850974081143,3.5350802915669304,9.22108753251697,7.589503522857257,15.0,15.0,0.5791964975890586,0.7088188033890938,15.621088630342424,1.2215541002402657,4.342350847662912,0.32219858926788725,0.3164887832728453,0.0818728737447901,5.750141763386398,1.1598996588022752,10.25390625,0.26783273180920525,2.171470085910726,0.13689455650253837,0.004561557571725119,0.0013192750626410813,1,0,1.0
S5,720,780,60,30,-0.047979390361375725,3.2826448349756254,25.592214468180277,-0.4149455428204943,3.336415542233663,0.2349223462621963,4.639940824996208,4.580216103749238,18.422675926364462,8.624290536115025,14.0,14.0,1.098677946043368,1.06578664729706,14.641328232364915,2.0146261165983685,6.998281450388511,0.5940485733363838,0.68695342744035,0.1638905222375583,6.940128003644892,4.145806730683822,10.25390625,0.24120622082467413,4.8430254499433065,0.16831515842246716,0.004319750357814691,0.0006278682786943913,1,0,1.0
S5,750,810,60,30,-0.07846596464662366,3.2579016015389772,25.688445520539297,-0.37184504497392656,3.114949311047093,0.26891744141644786,5.0141967159375564,4.443480593341658,18.464906914047585,8.363890871538587,14.0,14.0,1.2081555576786918,1.03450456617844,14.926569663614154,1.9235537319728684,7.430738702012473,0.4874648077302711,0.6655933375594304,0.16215729738142046,6.666216075529605,4.220887145557838,10.25390625,0.23628786815720945,4.59778101888374,0.15047592735425305,0.003656254757873889,0.0005719548977932199,1,0,1.0
S5,780,840,60,30,0.02303579698831065,1.9807499043185346,9.22003326555281,-0.4833359000269256,3.359234569732478,0.42577635520882573,-0.8713858202195759,3.4443921516328495,8.758306774828483,7.473539960568161,16.0,15.0,0.8001208956831238,0.6091788534903019,15.557289457524723,1.3113218981050754,4.837646886554161,0.38820454618577094,0.33042272107585857,0.0850644478815406,5.4594856413467205,1.4112958621857645,10.25390625,0.2682868862868933,2.006451072012803,0.13794243940449472,0.0029946410276998547,0.0009331325543964475,1,0,1.0
S5,810,870,60,30,0.029673143761802384,2.1568978049183425,11.837931453259987,-0.5886904684264507,3.2689816851146194,0.6844909988218386,0.16208175636184485,3.5113196560073274,11.034998593520084,7.726474273191227,14.0,13.0,0.9569992030497122,0.6832527518201277,14.134409585200547,2.005732294900484,7.142041851616996,0.8267211483582945,0.6180929804617388,0.14269956672929324,6.000108121557771,1.9723520626731663,10.25390625,0.25925352300084137,2.2371419073022176,0.15558012805520938,0.005585845606206991,0.001619616147234301,1,0,1.0
S5,840,900,60,30,-0.052072733571160476,2.225893098927312,11.935495047028567,-0.6601256415454433,3.3301611246008096,0.6327764266495661,-0.01089717409840052,3.5032822349411705,11.140378645834836,7.691116714742337,13.0,13.0,0.8398245125800157,0.5971240211143924,13.709140849856894,0.9515863821821525,3.434579439252337,0.4573775777282203,0.301485621434875,0.0685584130608016,6.180227594548559,1.8826494548371842,10.25390625,0.25302051415598664,2.340828693246589,0.1377454264554265,0.005922203704750946,0.0016884130569661284,1,0,1.0
S5,870,930,60,30,0.026326990312857096,2.055427746801891,8.446971481093119,-0.6106567098508462,3.4252495292456038,0.5478766041748099,-0.8972594877103806,3.3645208117433225,9.057075572908325,7.151924316373917,14.0,14.0,0.4015137645794203,0.5791344941839296,14.782927659259752,1.028471118984708,4.404933804213567,0.3079891441677289,0.2819962222077661,0.06914651924150332,5.692893334400716,0.921667467423439,10.25390625,0.2582989941281013,2.1880811794372477,0.12383162671421535,0.004692927302941604,0.0014010693258497094,1,0,1.0
S5,900,960,60,30,0.033697764467095034,2.277791239184438,12.23607396627791,-0.5373768840407105,3.502699492816129,0.4065611417166969,-0.31326925707095343,3.9074673985671975,13.651943031787628,8.4124832832722,15.0,15.0,0.7733728955351761,0.9119875711842029,15.44011093358178,0.9935111983142085,3.4048576409448383,0.3225270606733053,0.24537540618920148,0.06288879830149266,6.21150131708135,2.117413583325131,10.25390625,0.2663576182326135,2.696334303642312,0.17020944837349317,0.005183630991814231,0.001214948961061917,1,0,1.0
S5,930,990,60,30,-0.06092297731258455,2.7203002287236218,13.01307195461595,-0.5720926378963075,4.092482347896442,0.44565553246260864,-0.3594108470846882,4.596303412417431,13.664728237088175,9.810394235479055,15.0,16.0,0.9214605472382114,0.9939087092785588,15.842199450385417,0.913109697210194,3.0952552033663476,0.3526141442056424,0.21975735359855744,0.05783088252593617,7.237003302468906,2.6810796008911946,10.25390625,0.2606074902272294,3.8249582106098585,0.17155463619005676,0.0065269558030988314,0.0011082897736767261,1,0,1.0
S5,960,1020,60,30,-0.01843415432124035,2.4781132578691736,12.713440601047477,-0.42639620907049175,3.808113591255583,0.3144249315573008,-0.45078290226247386,4.114809893177099,10.48863430706053,8.48333627625235,16.0,15.0,1.0625993418996031,0.8992562761684437,15.59137343057767,1.6250853415586441,6.725731229847998,0.6557395175439747,0.3931139247382739,0.10108726299198874,6.615795360379251,2.407337437486337,10.25390625,0.25989536497461335,3.1561990187770386,0.14328646942186068,0.005552439420632314,0.001144901625491883,1,0,1.0
S5,990,1050,60,30,-0.018022845271023085,2.4221106765651546,13.12140486716675,-0.44689850020427296,3.681619697439828,0.3375422326488588,-0.2601006613708452,3.8141575171212687,10.886823027490244,7.903747055279333,15.0,14.0,0.8872140397603634,0.9613489549493703,14.838037349520802,1.5815008255974878,6.739776529763395,0.5114225857590664,0.3947832586679026,0.09663734070052318,6.23570421912459,2.3343528783482883,10.25390625,0.24804290993361003,2.8700304917085266,0.1258274847774268,0.00435636479618417,0.0010368701397819818,1,0,1.0
S5,1020,1080,60,30,0.013386473745070843,2.438056111111562,13.212176919419198,-0.434691730967515,3.623446817009006,0.23287169070246322,-0.3280194569460422,3.972054456258672,10.940453928528605,8.135063415911842,15.0,14.0,0.7432695629635024,0.8923510805720444,15.137909304549927,1.274218685161625,4.384992128102855,0.44154982509075524,0.33965198888374903,0.08508229362151067,6.651254688684243,2.2076548117233754,10.25390625,0.2543413106591685,3.0478494083584446,0.13314763884395975,0.0051230394637075604,0.00111966176103078,1,0,1.0
S5,1050,1110,60,30,0.067668307548683,4.314476078658417,40.41009406784214,-0.27302775612427016,3.5585017587488155,0.06263159591107104,9.376349135577563,6.12922298399561,34.3070797440066,11.901085761170997,15.0,15.0,1.228738742395322,1.1437420847846527,15.206805396126134,1.5051771667682963,5.952936194029091,0.7250110159938276,0.4418748746323108,0.11077674583399365,7.787904238022769,6.923302592987043,10.25390625,0.24587890063873263,8.50367020180264,0.34585826649901935,0.008385950042574832,0.0006795689050753197,1,0,1.0
S5,1080,1140,60,30,0.02940862263718319,4.437293644825548,40.334286099897696,-0.3955144535150811,4.235074955763522,0.058617771532498655,8.0173514715857,6.4264750447574315,34.270479408916145,12.563030229682337,15.0,14.0,1.1827926173730186,1.1417135326713814,15.376658239782637,1.5718049054423409,6.201357840702105,0.6647646861198991,0.4499313775249133,0.11398028951128733,8.581411308934886,6.71918375920742,10.25390625,0.2448628556227884,9.120299622865875,0.3464077099345319,0.009522676036706802,0.0007231334540452984,1,0,1.0
S5,1110,1170,60,30,0.0008116962957147529,2.6834180672340544,15.557604091222277,-0.5090223446579787,4.256570281780872,0.2099432031381911,-0.16020842012228842,4.597747187477142,15.32626000188333,9.790439271188609,16.0,15.0,0.8121266697472721,0.7204234099100271,15.520148790544368,1.0733907394216917,3.799913005654634,0.2977583891497231,0.26305679098522955,0.06772665829745018,7.142430579001402,2.318818738592574,10.25390625,0.2632610907533357,3.605165491543868,0.1975121193449104,0.005632643527018595,0.0010015350066420873,1,0,1.0
S5,1140,1200,60,30,0.04159277022120905,2.614642872285798,15.696255502976253,-0.47194359029072425,4.009398022751888,0.23482523524932275,0.03792903877612064,4.444720241962934,15.20628264813726,9.41893543151294,16.0,15.0,0.7573652567239713,0.7841133496171826,15.799216877930894,0.9362933061818124,3.2190709666511683,0.36336377936112924,0.22628106456662667,0.05937502943696471,6.91366150108755,2.38137627416597,10.25390625,0.2629307711253039,3.475984317734417,0.16735707023058244,0.00452584174877077,0.0008372870364398546,1,0,1.0
S5,1170,1230,60,30,0.00210096480793435,2.721323333920815,17.250473666593223,-0.5594868560261381,3.660772628738454,0.8066136064234798,1.4064488835228994,4.475462435045882,18.46652327324021,9.43028070218947,15.0,16.0,1.0821430326791426,0.9652628983742972,15.746197151545598,1.352423625935689,5.041583880454201,0.5000952813453271,0.3631795931899547,0.09454284686982829,6.8632414015976675,2.784447286575929,10.25390625,0.25945171410917933,3.906823319121992,0.22076774665769822,0.005750984604616349,0.0009566279469006957,1,0,1.0
S5,1200,1260,60,30,-0.029332176176839392,2.9202734357218163,17.500503504376105,-0.31408892708710867,3.5584488075158953,0.4375853170969285,0.8254671614597373,4.683124568414902,18.299344440449605,9.820465141212974,15.0,15.0,1.2670818527732806,1.1931164020037182,15.27014406433427,1.2741251497413688,4.69732287914106,0.4465311969953609,0.3549271942283828,0.08965811324753581,6.957608945822114,3.5069591847769797,10.25390625,0.2533451148844724,4.114706341289054,0.22139991582544716,0.00609278575637629,0.0009875204469519602,1,0,1.0
S5,1230,1290,60,30,-0.026403637543205627,2.4338909974291707,13.301964331468138,-0.5628569457595292,3.6491242253878724,0.2814537248882722,-0.266878248446174,4.119087764885564,15.055423621832254,8.566919381106795,15.0,15.0,0.7474681298371136,0.9563117616906099,15.434103171093707,0.9863002305284748,3.9498058425503206,0.325016845355008,0.25583773507612134,0.06553597521358154,6.537549101786943,2.1540061054512574,10.25390625,0.26286131113394057,3.10558581028596,0.1774651972318771,0.00350675665217992,0.0007236154218115923,1,0,1.0
S5,1260,1320,60,30,0.022714625012515994,2.1323314966573412,7.856501818267089,-0.4935054997092753,3.7953025558770843,0.4252565136275535,-1.107203369961853,3.7417814852453324,8.900802990804358,8.055553670078154,16.0,16.0,0.39276361222680245,0.7215939479325022,16.06955492116294,0.831832064156792,3.1954767803824407,0.2921023124402555,0.18884242192224798,0.050445097061174955,5.950378235149452,0.8567501876759729,10.25390625,0.2732360979916891,2.182598507538298,0.1431139263787569,0.004300177434115757,0.0012110366919346341,1,0,1.0
S5,1290,1350,60,30,0.019472574900897984,2.1239713562610136,8.479634198251263,-0.47770012603108036,3.615012743113253,0.3726834371842363,-1.0005329608049167,3.7110110486718524,8.20621239765995,8.028304234597599,16.0,15.0,0.6537435081841372,0.6190101081012649,16.00299984560848,0.8812854128156845,3.6232669453419533,0.3344699039047845,0.2035418803395365,0.05412662387147355,5.942031009644529,1.284255508384918,10.25390625,0.26951641579776986,2.3148688602716607,0.14157617264311392,0.004915693320095161,0.0013266200005818025,1,0,1.0
S5,1320,1380,60,30,0.024590104718196767,2.6843191618353917,18.544495714333852,-0.4498030107894526,3.5904964779004223,0.3204594404848858,1.7115709145125164,3.9003218781772366,10.325184154347955,8.27972627914322,15.0,16.0,0.8719894400730562,0.6715941988413016,15.875907524373298,1.0388524774218917,3.0528400349889058,0.3328073820277761,0.25260246847642476,0.06654760050186734,5.964430169944498,1.7285005797104982,10.25390625,0.25762263122017404,2.5009659204281083,0.13757494882701554,0.00559728565490934,0.001469125862656787,1,0,1.0
S5,1350,1410,60,30,0.025743520252011053,2.5059884273924413,16.463961416287926,-0.4360795869242612,3.382588958526793,-0.19958249135376618,1.3386504376362867,3.9142033941553485,13.03609342952572,8.33113021550588,15.0,15.0,0.7267386006644514,1.1024370872622726,15.352218862684598,1.2240952062331059,4.334887600691939,0.47731128171732023,0.3319670057068436,0.0843713959367999,6.396554848456026,2.4394937368374436,10.25390625,0.25296674072440467,3.0728654291249997,0.15308326254062699,0.006766432264994416,0.0014742407560123755,1,0,1.0
S5,1380,1440,60,30,-0.03325705606775345,2.560487222263643,12.63160393657371,-0.5799148545916238,3.6545557034293195,0.5675387727757893,-0.02102371254609059,3.8900689953635617,9.888932192092925,8.416202436166696,14.0,15.0,0.8879915485500672,0.8998316038666658,15.068720592164848,2.058727909005149,8.329662348047579,1.2165433494489357,0.8473161989324364,0.20687873709546753,6.507161666697631,2.335593732757314,10.25390625,0.2505099799962565,2.8499213439395485,0.1104995994744841,0.0040878477058622215,0.0009725075185096413,1,0,1.0
S5,1410,1470,60,30,0.025453955821091778,3.3949700788399477,19.629393585129495,-0.4829414753849528,4.340312318369534,0.3096595435248506,0.5192139097625055,4.541820081194172,15.762007115103494,8.502347994488145,14.0,13.0,1.005552029287687,0.9177776092634249,14.141241444924287,2.5212433559243883,8.310812030889798,1.294574957168526,1.0013876617596713,0.22660336504732204,8.052831017338427,3.1096701490512797,10.25390625,0.2365658549184451,4.789102777220439,0.14942988482394406,0.003950794985130119,0.0005930817739450724,1,0,1.0
S5,1860,1920,60,30,0.015805563686305493,2.30188278005543,11.948021191427497,-0.3575358845659362,3.5846893676774236,0.2809540199966346,-0.5649885859332717,4.056429248510155,10.552816774256968,9.113422751616996,16.0,16.0,0.8104412059867552,0.8077444395193214,16.67040169977077,1.028183582366065,3.4908335488168873,0.33192498889166033,0.22038646739611273,0.06100221193808151,6.395040783793887,1.5721640518065332,10.25390625,0.2731963046719751,2.6871496972863493,0.17534423807066354,0.007737739593034098,0.0017758143410304625,3,0,0.9604761904761905
S5,1890,1950,60,30,0.07357137342110624,2.506267017847139,16.656019694771015,-0.26422859206370125,3.305307101932174,0.05759296761403048,1.0552400214634776,4.5317730733405925,15.173382262761148,11.571284304783969,17.0,16.0,1.1560168879848323,1.3607815169050266,17.301501982145684,2.3917482054341352,10.161277859342746,0.7055966742174078,0.5090479809789795,0.14394408672400955,6.245135558461975,3.72063145634,10.25390625,0.28913258650492946,2.623207575778154,0.31747762343989877,0.023882618512500165,0.0052112006999113876,3,0,1.0
S5,1920,1980,60,30,-0.031324190698276244,2.7152845170398274,16.608532984346432,-0.48711475994536446,2.8790696852225843,0.5933050718783629,1.0082366155933604,4.878050793742483,14.831619732055046,12.342718109551674,16.0,17.0,1.4537250379608078,1.4080725311391498,17.303197372375397,3.382862661612882,10.502781110262845,0.808240990387319,0.6944816236759492,0.19284523969527587,6.582183684589177,4.347193875120998,10.25390625,0.27355932300015395,3.3642170215464864,0.3377539673496177,0.02517848992541171,0.00456487774195407,3,0,1.0
S5,1950,2010,60,30,0.03643759438353564,2.341302748678222,12.822525837309485,-0.25394938482717144,2.6259119910625284,0.25495205466024756,0.21029586696666414,4.087171357758121,14.02379949415215,9.405903141636982,17.0,16.0,1.2450703089460728,1.3065956926099846,17.385417774255778,2.6268891886321093,9.37626689103158,0.5807118549706053,0.5246337324768119,0.14864777261606146,5.5146120256333795,3.104479132832691,10.25390625,0.27442046249495067,2.3621762276785763,0.20219985574341776,0.006916254401634013,0.0017840073083295683,3,0,1.0
S5,1980,2040,60,30,0.06321688099659425,2.147308412299097,10.503191698695488,-0.32402297004077246,3.2853590256182685,0.33240393039721267,-0.6524280641269757,4.021537875254914,9.534226115584342,9.14205053282563,17.0,17.0,0.8869521589810722,1.0616949788286918,17.108500404187346,1.380531607799104,5.424217492919395,0.4212982849454281,0.27719163782775386,0.0785404357334255,5.762079321346555,1.9203335371610233,20.5078125,0.28689270679446455,2.171115674253423,0.1862814152388131,0.004075379274207151,0.0010919663424225254,3,0,1.0
S5,2010,2070,60,30,0.02719681028774511,2.0492474135123233,9.945723367337834,-0.43703341626504766,3.2808695682628204,0.4643599543111408,-0.7211040317389639,3.840104968210118,8.682742332054183,8.94136171772945,17.0,17.0,0.6335734292742669,0.8495821411653496,17.368837717276058,1.0497655035499114,4.671265563798443,0.30736426128560596,0.2151667713124887,0.062054019278997646,5.617373304615855,1.3429194119806382,20.5078125,0.2902338130101285,1.9822382130012637,0.19101867218671642,0.004942662748904154,0.0014293504318873794,3,0,1.0
S5,2040,2100,60,30,0.029547119655929828,1.8022112291261023,7.669541429602093,-0.37391513234398566,3.071539472333626,0.3586351996582688,-1.010462378320207,3.5435528132782297,8.779644662559344,8.381869016714585,18.0,18.0,0.5592243636710623,0.7909742033504297,17.985988771666246,0.7636061443890703,3.080357414335161,0.20402674644591606,0.1396331711965718,0.04178321105509968,4.992407583877571,0.9936620624012072,20.5078125,0.2989987307137638,1.5363298187134915,0.1524297736319702,0.004202274874320756,0.001519436421600005,3,0,1.0
S5,2070,2130,60,30,0.04007684845675552,2.1944014989612204,14.586489440964545,-0.3460369458940268,3.1680556649575857,0.08092054001858807,1.1289361801882798,4.030550524377208,17.26693901250982,9.880181234604347,18.0,17.0,0.7035486809436501,0.8901395079332975,17.813327833525854,1.6360142920592524,7.7728913973809455,0.5828030874793906,0.3985509378752093,0.11707040286125076,5.446585840906054,2.1039561728161504,20.5078125,0.2827747641187075,2.2444480249658456,0.20158086404897052,0.009026229833816544,0.002375157618250679,3,0,1.0
S5,2100,2160,60,30,0.0397485874231687,2.445559720784262,14.853575330018778,-0.29321678671828433,3.364502932589215,0.22760717472592146,0.5517540686739091,4.311819865600044,17.41448465559836,10.209314342902386,18.0,17.0,0.903586574456587,0.9176896521107542,17.653240908054517,1.6667992035209716,7.83204584606702,0.40582273449960227,0.40018490183020317,0.11646938788347236,5.649482446464387,1.8728296582130122,20.5078125,0.28650134971392355,2.3944472537182557,0.24022327206479427,0.008469123476041916,0.0020502719404473396,3,0,1.0
S5,2130,2190,60,30,0.004565195803794655,2.068559426210098,9.526305399926226,-0.2920973901576006,3.195958778425856,0.28473549643428714,-0.6671047437250959,4.006111478713204,13.425864554517108,9.628471259594136,18.0,18.0,0.8220164745370874,0.955083458873704,18.444142583100817,1.9570609629012754,8.716079054388931,0.351597665474825,0.29646920672709237,0.09027131569654571,5.562483805139225,1.701424409756597,20.5078125,0.2986235584830782,2.015053242619114,0.21872106271008043,0.009115746434287425,0.0025033924398636448,3,0,1.0
S5,2160,2220,60,30,-0.08132955481351188,3.526821910880084,27.677191213504848,-0.3212154636046596,3.3334829810954223,1.4337775060254312,7.245931293913829,5.076201924690685,28.41133973305343,12.603760068455015,18.0,18.0,0.9894986613517208,0.7529870552937313,18.457128690862106,2.0794213600308264,9.534784353838386,0.38362263558165105,0.32800919034801085,0.09978294813490794,6.051885862760868,5.396070895927393,20.5078125,0.2952075162748531,1.6815647119949266,0.18714424544001534,0.006880978769147951,0.002288534497946773,3,0,1.0
S5,2190,2250,60,30,0.043679402970912155,4.201224477512902,37.37534958195663,-0.30876949001987963,3.231777412820424,-0.5227113753602866,9.067880930461062,5.635205021630191,33.985967612645055,10.694963076121715,14.0,14.0,1.0401667816900337,1.2303479168828333,15.818636053787928,3.6817107806389773,14.393206823705537,2.8752591719917087,2.1529884421373033,0.5045113772325657,7.483136993438009,6.548940423368047,10.25390625,0.24225947568621192,7.501676660341911,0.2839595354370952,0.0045609897584725214,0.0004253944768744797,3,0,0.7728571428571429
S5,3600,3660,60,30,0.16378123270052367,7.691270489680943,36.383991937095786,-2.185654269114284,8.720606842311769,0.9592806416379743,0.24613098145099688,12.27383229370035,45.64972305271535,38.19579736181101,12.0,11.0,1.0957804696637885,1.1707443689568937,12.367625809930898,3.1694178275024676,10.698088759313247,1.9338080228884547,1.2148495392165761,0.2356791577931429,21.34396161117151,7.336798020996765,10.25390625,0.2573006454283828,20.366282245931533,1.7992873822093713,0.32375450301042324,0.010565297290398823,2,1,0.9604761904761905
S5,3630,3690,60,30,-0.24347225079270823,6.496286287193991,33.28281601450795,-1.585249547234487,6.90858988655247,1.0587504538372596,0.9867446094609851,11.026690748544414,41.795606915851735,34.70375494315362,12.0,12.0,1.3777402397387437,1.2198705776984937,12.801686851595832,3.328230288215732,12.940283094968457,2.257784040937088,1.5169888995315934,0.3000311960955838,18.106137722900016,5.323569182029428,10.25390625,0.28029840714949916,15.7161279892456,2.1388288848475536,0.3202480353819425,0.01221072195382782,2,1,1.0
S5,3660,3720,60,30,0.05881011706500322,5.3026739269548635,29.62154748036504,-1.0059929004094976,5.9499422678522365,1.2515436223736973,1.7373138704522049,8.916117202426106,41.923833361602725,27.570543069781106,13.0,13.0,1.446135837339893,1.3219100484432804,15.734068746067052,9.174930518000346,36.08268642672312,2.3773700409671843,1.941264870400779,0.4093439329090909,13.568353811707084,6.274301182760918,10.25390625,0.2712384508943011,10.63056787703262,1.1571934374853041,0.15387648153116384,0.008999691631618869,2,1,1.0
S5,3690,3750,60,30,-0.06987073522846741,5.232201414229628,30.077094247146384,-1.3406694255944411,5.731924379246964,1.1177027945205662,1.2695852227118127,8.63770710044816,38.072081607137065,27.066428699963065,14.0,15.0,1.477571515443583,1.3122794726688496,20.498783249308666,11.112694125091323,35.41083077280966,3.344854739939018,2.252005383071051,0.5625840444161354,11.877333209050345,6.602135857548636,10.25390625,0.29021621849205453,9.121870334452614,1.5654710086726555,0.1852951063757302,0.011613375859560062,2,1,1.0
S5,3720,3780,60,30,-0.03821563345917305,6.782037948007113,36.36078851942642,-2.125851211292968,5.893175690904663,1.4630382104190713,2.008805899736722,10.751831020715409,38.94357378736917,32.38459446765353,9.0,9.0,1.2644840452889254,0.939279785363204,9.445559003187983,2.9752859275639767,9.248040675687424,2.344565019613518,1.9338458216698133,0.2786306275593937,22.472525071725258,5.841614680153621,10.25390625,0.28335067000690956,14.557922454390303,2.145883294271921,0.19594474810459003,0.007889267754698621,2,1,1.0
S5,3750,3810,60,30,0.08949591095738922,7.365976168338374,44.42500155635178,-1.689645836217181,5.56640800717397,1.3145047777748853,2.278556915202487,11.248966267014168,39.32014964978965,31.399464614354518,9.0,9.0,1.2494241085904663,1.4396160510422453,10.203539056880466,5.30445496931742,17.37845845960898,2.9933917987195393,2.113242737139165,0.3065606125943404,24.142741253103406,8.022019703147791,10.25390625,0.2651233603990301,19.266085471624617,1.8143670163875047,0.1621060722189518,0.0053501370187909476,2,1,1.0
S5,3780,3840,60,30,0.09104088062864628,6.412536023500379,43.51174169245478,-0.7634342974047169,6.535069174864418,0.8409430875867353,2.1453687548082225,10.353621558236915,43.528458895216815,31.434020600719972,14.0,13.0,1.4360029315738656,1.4806357938367156,18.247791696820624,8.929577277964295,30.159488909251323,2.1503648242916875,1.8625087446274042,0.45031164185422645,14.981987207746657,9.717590805961017,10.25390625,0.26767825474182955,15.580820934258883,1.5578946652689005,0.216940731052195,0.008813507770442588,2,1,1.0
S5,3810,3870,60,30,0.14937041544951637,6.618577093536678,42.84033133795628,-0.5070984380215244,7.089200130137632,1.0209290716373982,2.3214108373367397,10.54130834641668,51.61916521614405,34.32355535071009,15.0,14.0,1.494772540419132,1.2316926567640707,19.567351858067997,9.713504760500152,31.435319422768657,2.414176439428307,2.1796619289539936,0.5428520903644092,13.965633451674192,9.471311136872398,10.25390625,0.2684136595281412,13.143699630931215,1.6183138654026414,0.24593419517393794,0.011859489877042256,2,1,1.0
S5,3840,3900,60,30,0.07869854783876097,6.6407582816967246,42.87860351725873,-1.3418197298076247,6.649357672125628,1.0734963981801944,2.1564519125173396,10.257464976525299,51.65299957399956,32.174354345450176,12.0,11.0,1.4377602214674865,1.2960888672070683,15.533895820361524,8.890906759639089,30.508885950221433,2.8438949649079115,2.374519251660283,0.46903181565297264,15.590171296028831,8.469120976098933,10.25390625,0.2765033588203093,14.557345144253208,1.983018404676897,0.28536821183901295,0.011938567254443342,2,1,1.0
S5,3870,3930,60,30,-0.04080893074742485,4.866948940773245,26.19491126504967,-0.8154839727125256,6.305966564702549,0.6227926910650923,0.3842880856977122,9.440824107139543,40.34195570803458,28.089596114266428,18.0,19.0,1.0583901401722735,1.0216673179269207,22.11959931907262,6.6716623450123524,23.570631675493907,1.5947767900882186,1.6458430644196476,0.5180398462346605,11.717891416147124,5.020294164899109,10.25390625,0.32091301997539456,7.907288486360199,2.2067276092448807,0.15975375388034918,0.009786605656155894,2,1,1.0
S5,3900,3960,60,30,0.05488870347499086,4.641635569100628,31.843302261932713,-0.03981354367697301,6.565877649046033,0.07528099768488364,1.0436812065964043,10.33002738975537,41.28129890275707,29.353006851427665,25.0,24.0,0.8021620926956441,0.9495048003011471,25.69280246408003,3.8895904964896415,15.596853608742645,0.44418075091719067,0.3572154489718033,0.14955937653208132,10.577393053764244,3.8428315816603646,20.5078125,0.3816225752564863,5.025061088258167,2.8226764263448,0.04225263323084916,0.0029307068447016124,2,1,1.0
S5,3930,3990,60,30,-0.02952314845843269,4.7081757992051445,27.85087697240591,-0.38437131881330155,5.535620603404731,0.49680711565007135,0.6184517920669093,9.467386220553077,38.71993020563869,27.62352646227958,21.0,21.0,1.2508640947981513,1.1700376104755206,23.23227131114883,6.418392085232466,23.418871771004547,1.2089923989991866,0.971095560042725,0.34265034757159446,10.561371787631243,3.990251565154785,20.5078125,0.3135918002262178,8.35997352507776,1.932313817683881,0.08752972683346576,0.005293266335864289,2,1,1.0
S5,3960,4020,60,30,0.07063290532708856,4.380175677686566,20.72692517517224,-0.4921130160629626,6.350781404555123,0.4818392732054611,-0.44747552595544526,8.283134271200208,27.152244631196254,25.710768413062915,17.0,18.0,1.1141507142978462,1.2678421625847731,20.148282334485366,6.635270109074536,22.310956273169865,1.684339269716824,1.033921967502966,0.31365762983919443,10.9805655563356,3.2506395298593427,10.25390625,0.30405731276146364,7.571856928415243,1.2633920870453705,0.15110446965427055,0.010819208529770497,2,1,1.0
S5,3990,4050,60,30,0.05103474014521807,4.230447565799763,20.873115076925743,-0.416077937203955,6.041721687704363,0.5841138662145812,-0.13255832645868804,8.484592753094878,36.44674776630899,27.750536857372616,20.0,20.0,1.2565588887329213,1.2714167115629125,22.559778438385194,7.98626096477938,32.08661760349444,1.5189411068793286,1.0010237848248484,0.3353386816324237,9.5401992562857,4.700851696002492,10.25390625,0.3085222933282902,6.904913005735472,1.2710504920258852,0.16183412372138978,0.012457344730358255,2,1,1.0
S5,4020,4080,60,30,0.01798299867307573,4.514456681092263,19.605453491185365,-0.9339385654531863,6.106826324356369,0.8001010277253607,0.009687417776833573,8.697865019276568,36.37054754034557,26.949107807269367,18.0,18.0,1.3587183213384932,1.3391695290484507,21.493164257237797,8.773694213998523,35.57163436354112,1.9509347249511986,1.4530260046877028,0.4395162668916312,10.705129780079208,5.970943988985416,10.25390625,0.2908109722339406,8.601612775844325,1.272169696310473,0.16461755856210228,0.010965680517642204,2,1,1.0
S5,4050,4110,60,30,-0.025970052281876373,5.506642899410968,27.38148631704295,-1.5242634531158585,6.644087499522319,1.1317853871579906,0.8581041822875926,9.131543632944561,32.43978482601797,26.231663172358314,12.0,13.0,0.9719466671379557,1.0810654325442268,14.740063605280824,5.422585102288064,18.350849227997053,2.5498490151379554,1.5440995260228938,0.3359678530158038,15.727302857210526,5.296264779813965,10.25390625,0.2772396940853724,11.883306389292375,1.5609215781248638,0.15591489915668644,0.007901296609148836,2,1,1.0
S5,4080,4140,60,30,0.1078311305258993,6.1169437183790105,32.19858753799605,-1.358848291777639,7.056697903002823,1.0026291553286684,0.6854142811395181,9.555943753908988,32.83446155658023,27.280154110499154,12.0,12.0,1.0553754736905143,0.9520529994412742,13.972462188853918,5.13031921602736,19.27966652190213,2.7334498274494945,1.7736448602815342,0.36275673141117226,16.919523598295147,5.7965063362320635,10.25390625,0.2664724155939384,12.071849376353581,1.3509663965651475,0.1431209219154975,0.0074894452994017984,2,1,1.0
S5,4110,4170,60,30,0.04595659314194786,6.016224596694372,31.835997164983596,-1.3449566184236996,7.154469717676754,0.840365091517666,0.32398004429844374,10.255911340294883,34.97300704754398,28.490441531557924,12.0,12.0,1.0519247967020025,1.2070353176641222,14.444163921787725,6.345179727286016,24.22925388372707,2.3747195752813615,1.6380896483618241,0.34170320191764547,18.466559693187296,5.91966748302473,10.25390625,0.2762772056146421,15.811921023707136,1.8950491134012797,0.16668246036107104,0.006378404896110719,2,1,1.0
S5,4140,4200,60,30,-0.2333812333101268,6.361898959204838,31.99981086667047,-1.236545775541339,8.097859645092047,0.73073925518483,0.37994997952787646,10.535143057146746,35.89819178689471,29.55001209679048,13.0,14.0,1.2973680637919338,1.2400009181843628,16.985449375239025,6.61873983195354,21.676317916420796,2.1221145858315205,1.3595051443552337,0.33687846876261723,16.54268611203789,7.977966105567411,10.25390625,0.27706536586483455,15.755134536238952,1.6891632370134222,0.18035694086700974,0.006935939914984629,2,1,1.0
S5,4170,4230,60,30,0.09516988435820554,7.136089650987273,34.50862335191205,-0.7042097589231607,9.202483691506552,0.7186954918331004,0.17361704365353336,10.686162016861473,35.68984379159224,29.360126949357102,14.0,13.0,1.2810918928326862,1.1833439050825194,16.203360291155825,6.025770453878695,19.05618980483105,2.8528217621861205,1.7782388721130593,0.4113886802142834,16.947221409280186,8.20041508299873,10.25390625,0.26944676534258066,18.354583988328,1.8593025447732612,0.17441585393218717,0.005917116423684323,2,1,1.0
S5,4200,4260,60,30,0.11069648351372416,6.32021978985135,32.14843622662791,-1.2848666257334975,7.458371846265623,0.9363674003084882,0.6262897206897504,9.999324619844728,33.98412189857147,28.622915368494713,12.0,12.0,1.2711433568749824,1.2669550238601182,15.992671190171682,5.79762468839401,17.00261713155562,2.163950987788545,1.690643514564153,0.3901796865526909,16.273637237783806,6.943672425083997,10.25390625,0.26863479978776267,14.325693498657152,1.5357060019968287,0.1779375566923722,0.007777127222402238,2,1,0.7895238095238095
S6,630,690,60,30,0.012997288116014775,4.342146876134215,32.22445336378488,-0.19293179931009596,4.754163921534379,0.6969758132446909,3.002271019803458,7.67386173941544,38.81817543805166,25.547810398421387,17.0,16.0,1.4805633117286805,1.2817916037780643,18.63860539229444,5.832578236923789,22.321957642927686,1.5118424134125876,1.1124415256359248,0.31390066227759644,8.87208461602783,6.482435455025857,10.25390625,0.2811245363111189,6.274768385684608,0.9866574325190279,0.13820567999098168,0.013107038952448736,1,0,0.7884047619047619
S6,660,720,60,30,0.03528108154603044,2.5067136739735885,10.9936152041967,-0.09005865549262516,4.0542797556792465,-0.040802537357041556,-0.7691655122980157,4.078784240058728,10.855721598167612,9.346165318021407,16.0,16.0,0.814255082827814,0.8537709004716599,17.000321473985917,3.252740750970891,10.902028509709371,1.3160813487843657,0.9003042267368693,0.2434570650992075,6.343804685784135,1.9731212505276068,10.25390625,0.2652311101649286,2.7045099147856604,0.16753820364022037,0.011704412737194558,0.002755829547448089,1,0,1.0
S6,690,750,60,30,0.046889055022131546,2.5720754840997455,12.021214995072967,-0.2557875445113728,4.201236135071129,-0.07556098577886793,-0.7022010091864104,4.351676468122496,10.801093152580643,9.794675324339616,17.0,16.0,0.7291158549965874,0.854409423425874,17.282618854688288,2.649205104630471,10.40106207033586,0.8046190631191222,0.6924197291482787,0.19369835318482206,6.639722718018501,1.9330683676030047,10.25390625,0.2724367466380079,2.992065258856815,0.21376323962995858,0.010161262311532339,0.002090956009688623,1,0,1.0
S6,720,780,60,30,0.0334788208763121,2.6988070017511756,13.285755582563748,-0.23921042540658846,4.0341805116549185,0.02542334973216068,-0.555213197065906,4.4129748240089395,11.111438302376442,10.505316946090758,17.0,16.0,0.904649533183857,0.9774921052090287,17.679184094456787,3.710994400136602,12.846704625986659,0.9744793830693448,0.8712859221652013,0.24393566463979238,6.714278211105084,2.4804212361738305,10.25390625,0.2747627276423656,2.986309982780086,0.2564347594599481,0.015337230986966,0.0031206558983434968,1,0,1.0
S6,750,810,60,30,0.06125789521580414,2.2051823491817117,10.47175662347501,-0.3018416187393186,3.222254379188418,0.3409321579430675,-0.5506999212865238,3.889487962114679,11.116643857497754,9.597189451605493,17.0,16.0,1.0199299465853684,1.0444060305288996,17.552833984271025,3.1408223055924265,10.880779468818387,0.5632572906853529,0.630641275502442,0.1786880764427077,5.69785433032629,2.129095134496451,20.5078125,0.2826005266723827,2.2077202269995393,0.1977204629543022,0.013465535627239312,0.0035941321383236324,1,0,1.0
S6,780,840,60,30,0.027053431822127102,1.8080205265406621,8.089690278556434,-0.14505933593126455,3.0703215488180353,0.10014291490518314,-0.8723869929051182,3.2615697868962874,8.424492817947504,7.230030853117212,17.0,17.0,0.6882928956255214,0.8882314638766254,17.41928222999694,2.087888568276135,9.061014211746821,0.5575859044275838,0.40305560231644655,0.1154207958360615,4.880226261797407,1.1846995460324528,20.5078125,0.2818592697464088,1.5483754000356535,0.11515421476200448,0.005349013571037669,0.002048170044772586,1,0,1.0
S6,810,870,60,30,0.04566070847984984,2.223455761563934,8.778779846708773,-0.11423864726999369,3.5874220583843943,0.10761807606810148,-0.9331309880452059,3.514718491246047,8.461926841025424,7.131560204764636,16.0,15.0,0.6991722174713656,0.7485305365080323,16.298420384780034,2.6232497088784164,8.785099187688898,0.7800974559734999,0.7310777556506942,0.1925143310009603,5.797038226583491,1.5475750568182698,10.25390625,0.2578832592784203,2.2787884967862357,0.09490357191962659,0.004489121601931563,0.001293359054014122,1,0,1.0
S6,840,900,60,30,0.061278739041429046,2.1913236721636755,9.453243599793039,-0.2371941181745192,3.7291951187943604,0.21578984844638796,-0.9869968278925638,3.368145551468168,8.073489871205686,6.433669512188531,15.0,14.0,0.6358837180016731,0.6875851672284458,15.147087504834417,2.1904504600627073,8.237405759866256,0.7943823563627728,0.6434980931738395,0.1587764064933689,5.784464534809928,1.3618623033954464,10.25390625,0.24615293746421604,2.3862545406781415,0.07141095672213296,0.0027978425806290796,0.0008095084566563009,1,0,1.0
S6,870,930,60,30,0.04014158031163503,2.114372583226268,10.455184645549355,-0.2029316133379928,3.483225161117493,0.132673402417776,-0.7383421631376272,3.3631089457522463,8.527935481578863,6.588510508781109,16.0,15.0,0.7436626035342682,0.689113010957884,16.182426019873088,1.6104140069350767,6.229241300106363,0.4141060483040334,0.39380398452947696,0.10511049690026458,5.43600840791622,1.3607291086694981,10.25390625,0.2557020665504899,2.169427326278912,0.08230156491795652,0.002935787972715726,0.0008971318290372032,1,0,1.0
S6,900,960,60,30,0.041694061463648,2.1170383484292477,10.400234547697238,-0.13252460656995013,3.516461616331182,0.06063684452920288,-0.7908967463881225,3.413043011035103,8.508736455437704,6.786166862524951,16.0,16.0,0.6842064498875811,0.8558125774334622,16.211025862675527,1.6275627047857757,5.75049399534563,0.41225805697324885,0.4061088624534871,0.10853550844434977,5.559594562403262,1.1100320857358281,10.25390625,0.25719126694935696,2.2700378216187875,0.08284101752213696,0.003898967614009325,0.0011322167503981407,1,0,1.0
S6,930,990,60,30,0.03094212239699356,1.6571755240445663,6.493748089732976,-0.18809857712377057,2.9488426155715697,0.22066257864648303,-1.1640467246376602,2.893362226110074,6.008019614675087,6.239049473520307,17.0,16.0,0.7385855797355829,0.7152138117370908,17.356134293681265,3.064584297748218,13.006584470640481,0.7304548019467564,0.4728812760215134,0.1336395824339772,4.389461336260574,1.088365088826117,10.25390625,0.2719106824243937,1.4010961660489978,0.07950599451942639,0.0036571491475490903,0.0016155831474268826,1,0,1.0
S6,960,1020,60,30,-0.01118239564023035,1.7563860279670966,8.113698212803921,-0.09537710761202704,2.8941210113397413,0.02178344798365385,-0.910346455867058,3.084266914726544,7.550163618967343,6.742583892052535,16.0,17.0,0.7211415000794443,0.9299558629173913,16.993601400344364,1.7132098016235457,6.166216197862196,0.4108726402799439,0.36179652516792193,0.10142744471253219,4.74123229277789,1.3661318090532246,20.5078125,0.2736070518993288,1.5652932598698355,0.09827297151054062,0.004451569524687494,0.00174486493750252,1,0,1.0
S6,990,1050,60,30,0.01901018873849063,2.1247193028124953,8.25381854876212,0.06108482462465738,3.6311616765297097,-0.024001152721021744,-1.1014396344454747,3.236761680768594,7.494262178907363,6.521243737774946,15.0,14.0,0.870686472860199,0.7504060774516323,15.184591355749047,2.5946353829847064,7.628009766704093,0.7558159635788516,0.7015279406257107,0.17235262398485707,5.731223982835426,1.3481369633566078,10.25390625,0.24714851299287136,2.268339772045819,0.07849789146614031,0.004616591932758288,0.0013977618913714551,1,0,1.0
S6,1020,1080,60,30,0.05941165074294926,2.1972630199934002,8.767786865403606,-0.19087251639938477,3.8325142520002315,0.12946030112335094,-1.113534791362011,2.994266858132873,6.6888974591913675,5.534691787862661,13.0,13.0,0.55474195278001,0.7482192604282962,13.639224379882265,2.1393168506961975,7.198896969369269,0.8093366348419038,0.6734855669997065,0.14954872618355058,5.869510844022628,0.8378692473227293,10.25390625,0.23175835442305748,2.2590830243185778,0.03724430469174475,0.003703299481766646,0.0012075491920470883,1,0,1.0
S6,1050,1110,60,30,-0.059467426249942446,2.031346120265853,8.463359887496102,-0.31890340647275,3.506109491055427,0.12141526254218417,-1.0582000094620605,3.2765094574536966,7.203005654483707,6.617936225672734,15.0,15.0,0.6586039971016929,0.40912590601656657,15.902864337619361,2.223764495042249,9.573469139757627,0.5467421710183501,0.6247143203823612,0.16191585358089286,5.580184101360078,0.8179363650092425,10.25390625,0.2598494840814485,1.9849222240166995,0.09150031357623048,0.003950920785218889,0.0012936770691949994,1,0,1.0
S6,1080,1140,60,30,0.012975732300597488,2.1634364037938214,10.397788248439278,-0.03462877146364707,3.5757992840905457,-0.27652064272930993,-0.4523104912210303,3.5891483816961136,10.857729169355823,7.868451883335068,17.0,16.0,0.611334866827163,0.7278209831108988,17.11618014471361,1.7439040229812335,6.76970627138067,0.5336706416334859,0.3401717284651074,0.096098556192534,5.519653812031066,1.0682729961010105,10.25390625,0.27283760885068054,2.084920181170868,0.12464865845810635,0.00685940396690318,0.0020276849658201223,1,0,1.0
S6,1110,1170,60,30,0.025973753008492816,2.205781996729278,10.670835723341552,0.01731256043990642,3.357033653429287,-0.24510619942248385,-0.3635308905357255,3.371551453515586,10.358150289587787,7.4673235888147245,16.0,15.0,0.828978250737513,0.8149961976567784,16.277444039771833,2.6583505363265876,11.050848299057995,0.9607179652459693,0.7037605241013782,0.1853301941980455,5.254635874206067,1.5005202755575897,10.25390625,0.26085319694704695,2.065570543619942,0.12016846231160871,0.006746948969135764,0.002113715279113463,1,0,1.0
S6,1140,1200,60,30,0.03145938854868256,1.9657106874186487,8.316848545007455,-0.14101612302224126,3.349938255254414,0.10114299194018633,-0.9970564320593551,3.0620319179691324,9.393971199594176,6.535846378838579,15.0,16.0,0.6489989374079573,0.8900067578911365,15.618453453047797,1.8051693478746496,5.580557488875101,0.4235917660925585,0.407275475818066,0.1047392779021452,5.12959063927267,1.3968224705676078,10.25390625,0.2543784051287056,1.8253293510074078,0.0769676682557401,0.003771774708775561,0.0013765746989045132,1,0,1.0
S6,1170,1230,60,30,-0.021718775346797916,2.162210030324177,9.227936432643634,-0.1268829323802685,3.5555601544340654,-0.06256934071857075,-0.8438139428562397,3.1879825009825993,6.707479836850472,6.193550776966195,15.0,15.0,0.9024661256048662,0.7482513653843371,15.190465950969328,1.867143846895044,7.320675105485231,0.6184721895878291,0.48543313119794346,0.12109570283161117,5.469787298928364,1.0746391947909557,10.25390625,0.24834532853682653,2.129427969260832,0.06930158210297431,0.0037874482436313552,0.001215636585987498,1,0,1.0
S6,1200,1260,60,30,0.07063058456653129,2.06638183508327,9.235389033793217,-0.003289337016530558,3.361392158437054,-0.1448952849300349,-0.7411231981398365,3.0902309840204767,6.789001202909528,6.201936629906954,15.0,14.0,0.6712154713270677,0.7592415408817861,15.149893856954849,2.714132255783555,8.0881390509977,0.694688866805889,0.7434804516646666,0.1816803417692433,5.3441002160858035,1.4970685880304815,10.25390625,0.2432581230063507,2.0711128820224833,0.06680326154442673,0.004467512885492717,0.0015075309372642688,1,0,1.0
S6,1230,1290,60,30,-0.05721489581877376,1.9638772593713383,7.996796344497048,-0.3873837187065333,3.1842027193856226,0.28791298045734837,-0.9877429382221039,3.198590998315194,8.938005383501736,7.399039749823407,16.0,17.0,0.8507450579996801,0.808915535163205,18.99734087942404,6.375566126967027,23.205275736921305,0.5497058582662595,0.9073137446840078,0.2632074684122691,4.933968646966742,1.560824538562206,10.25390625,0.261115430014311,1.7635385649229764,0.1080409058982193,0.007197099815008456,0.0026423800012859034,1,0,1.0
S6,1260,1320,60,30,0.027082826463967962,2.211318326440486,9.978388991828895,-0.24183257799105137,3.729778419174996,0.1786660408717503,-0.9444866128585101,3.6725337076902407,9.011681172787123,8.151650576077028,17.0,16.0,0.7749802604599774,0.8790676433779188,18.512051978079533,6.1499270248730395,21.78851308332613,0.566162160371686,0.8053114444985282,0.2300361697157162,5.675844189218353,1.7881699020194637,10.25390625,0.26620736378173204,2.3242330725648768,0.14846682618789103,0.0071230412780390745,0.0019380177838331392,1,0,1.0
S6,1290,1350,60,30,-0.05039689956827566,2.456632332054302,11.711432988316258,-0.4206485369951753,4.114632986640463,0.3688290616413133,-0.7088629566108553,4.132275682627512,9.95073708480465,9.024936192941144,15.0,16.0,0.7721975048133172,0.6255113544155392,16.01054284660099,1.0450619914334627,3.4834302344280665,0.3130176716965809,0.25409179555119576,0.06750432651273362,6.662867758106956,1.7986933091530024,10.25390625,0.26037995315657414,2.948425836701075,0.11521206506283273,0.00608243364631076,0.0013417711083400187,1,0,1.0
S6,1320,1380,60,30,0.045126297643668586,4.652031349355629,33.273174746346214,-0.4767958967630807,4.477786543439956,0.36291918554479646,2.818174618814483,7.156025690189257,34.00080849365841,18.26460406037384,16.0,15.0,1.3873667679506554,1.3144719612263809,17.56801830657881,5.99955766276052,28.3143930297121,1.4505591060403635,1.2159833511212568,0.32278663093852095,9.47410395619035,5.175120237640716,10.25390625,0.25927769515413124,8.620271779451647,0.5545432719882906,0.05520487082748503,0.004197520673143007,1,0,1.0
S6,1350,1410,60,30,0.06640906250361918,4.583041381388618,33.01839617753548,-0.24756586105173156,4.328817877977339,0.3192639016612164,3.015744591489627,7.0369886420276035,33.93029011268487,18.031596324892433,15.0,16.0,1.2960287482061723,1.3309501720110855,17.47635326633889,6.495690721627667,28.28580826874447,1.608948582646834,1.4192210175103477,0.3647235005926839,9.487728302928561,5.126924627184931,10.25390625,0.26206407007099114,7.895941942917876,0.6720472108491378,0.056197821774479816,0.0045946645115252874,1,0,1.0
S6,1380,1440,60,30,0.022875528477034963,2.2454569857857525,9.609303160723641,-0.40762065572299205,3.709798296886995,0.27405691832721574,-0.930871429322365,3.8859223420104856,8.546411125970865,8.6326895179771,16.0,17.0,0.7097891980052805,0.8889977780915214,17.641159662347498,2.144549322933287,7.703538036219053,0.45185526205032245,0.4546491109184718,0.13155718755047133,6.002525945820934,1.3288822009834416,20.5078125,0.2798283708959251,2.3319867569638433,0.19987064218700154,0.004490188378652412,0.001146149097970016,1,0,1.0
S6,1410,1470,60,30,0.03565431801639864,2.1117453139850366,9.762412268465223,-0.12593202006316634,3.340512657212265,0.20676981142805714,-0.804474070853515,3.6258427733876246,8.520747221110614,8.032400240412096,17.0,16.0,0.5868452632275079,0.7098242632899725,17.385523934586825,3.1221234590898934,12.263505399440794,0.8714945330226892,0.6957307630418949,0.19471699100577797,5.484671960563446,1.1976101962207821,10.25390625,0.2775559988177724,1.8733957534109271,0.16768447103946363,0.004667019422186774,0.00149286165520856,1,0,1.0
S6,1440,1500,60,30,-0.0283979475358287,2.040409650669004,8.328917851309193,-0.1997490350897937,3.313295868076895,0.32501636949844814,-0.8255846003671987,3.2542949178633065,8.17490332446502,7.389434430210928,15.0,15.0,0.9733086359762003,0.788591919286573,15.899415833516866,3.743476038052299,12.405006603269191,1.0538610330224176,0.8853732767785871,0.22255830586441686,5.537474766751454,1.2809245747901652,10.25390625,0.2604496256040521,1.809841572139931,0.11979492412681429,0.005738865735790387,0.00204603454575267,1,0,1.0
S6,1470,1530,60,30,0.05390912690103589,3.705394745354944,28.33040271364353,-0.2030156339071929,4.203203908654599,-0.045852057255485495,3.4003421524581405,6.366342465921392,40.00203950268384,18.52230559831208,14.0,14.0,1.3486491569960322,1.2951329885447218,15.207769239815065,3.160379598636945,12.657782159392987,1.0296167803050387,0.7856174688679037,0.1914754524117611,8.786930371456288,4.998994650989016,10.25390625,0.27621028554060506,5.516025043288152,0.4179406145364929,0.04968038270364973,0.005502989169700362,1,0,1.0
S6,1500,1560,60,30,-0.009998063044013222,3.730002682612477,28.911008647718816,-0.023696855201225164,3.774783378485071,-0.49847178141054227,3.847813095160606,6.335063546392514,40.3945213701264,18.46225141780635,15.0,14.0,1.3535281314668983,1.3297158709875447,15.203084118852876,3.6018155484689993,15.159168999021551,1.4423408389702421,1.1488807049555123,0.2733769796907617,8.588965159714386,5.010735971407457,10.25390625,0.279007680087803,5.683721654609274,0.5050076383459269,0.05523894455388364,0.0058444624703410325,1,0,1.0
S6,1530,1590,60,30,0.03300042328736303,2.44658578005698,14.07299113510209,-0.2289610666452313,3.055105530106352,-0.29382455479688124,0.6205724466901303,3.5682988354245286,16.110730712344214,8.314233782950408,14.0,13.0,0.7827807115744885,1.1401980246209928,14.391255390467329,3.2289203309892045,11.483400400806728,1.2542798839218001,1.1863814538296964,0.2680322557623138,5.931059006840607,2.6576395307218053,10.25390625,0.2580577932800841,2.1348296907199735,0.15183839011153996,0.006449357363346528,0.0019735131458246884,1,0,1.0
S6,1560,1620,60,30,-0.016338091076143188,3.5283708610783635,17.883488142154505,-0.21953607354117263,4.490557026515489,-0.11566362756914597,-0.19430692622916146,4.296681360863611,15.633300538711259,9.46299811472806,11.0,12.0,1.0260830352234007,1.1243192627368703,12.468552329327212,3.944404042733765,11.975388374934544,1.4879388870243546,1.5619753323197876,0.2951897226306294,8.708218685154954,3.946140501100921,10.25390625,0.23464994169899242,4.086723032241808,0.17172109171553349,0.014188447626975602,0.002524978812511239,1,0,1.0
S6,1590,1650,60,30,-0.14038059510993553,3.401575053409416,14.84277082430096,0.07542005294750737,4.741157098073037,-0.36291086119663957,-0.5527905248541862,4.1875005152686775,12.887052146600475,9.27691120229221,11.0,12.0,1.029284279773922,1.0820527179431516,13.693714367766827,5.631972530960095,17.24162850583794,2.43691642819456,1.887621054369218,0.3693045468175334,8.65606176485871,3.479745795316104,10.25390625,0.2345260756480358,3.599060665644316,0.1367558890870365,0.012826954575016909,0.0025970082116977913,1,0,1.0
S6,1620,1680,60,30,0.019624874066030185,2.3151991899906017,12.367054732955765,0.07717990652536025,3.365439200998363,-0.2879348076034413,-0.10109136316956757,3.439046416123798,12.467221515679217,7.987324318177543,16.0,15.0,0.9644646527965772,1.058710539490891,16.92994912575728,4.20783820565293,16.94198432887283,1.901258828038764,1.4286651270859358,0.36860171104509737,5.5026998924948645,2.4585129556242267,10.25390625,0.25887943985638073,1.9793689992697325,0.14043500611576107,0.007003120427726068,0.0023018592949851577,1,0,1.0
S6,1650,1710,60,30,0.008933700866963407,1.7792209774355983,7.033047485840212,-0.04153750802354836,3.126808171793698,0.06389797329339088,-1.1063825756258658,2.936990799032957,7.233054217812896,6.4377296313707415,17.0,16.0,0.7940783625762159,0.6988175416797902,16.971785601923344,2.9734059264807926,11.796505724353365,0.8929113888283203,0.6556448801483895,0.17975625217649413,4.620166570031056,1.025290791834424,10.25390625,0.25985720946894425,1.5407808909709348,0.07396228237045575,0.004406882447097183,0.0018601268550077431,1,0,1.0
S6,1680,1740,60,30,0.026342656013127016,1.8253739682166077,7.054266292678524,-0.14705185168664953,3.186203350651571,0.15839734830939226,-1.1272705367162528,3.023700112828786,7.191301392199989,6.496082106611654,16.0,16.0,0.635030423422394,0.6229647679921512,17.043878658786365,2.953323663746172,11.44959240757066,0.765522935274631,0.6147663383706453,0.16961522329379025,4.784592089779144,0.8487129777961043,10.25390625,0.26674992850241386,1.5136296785472578,0.08066136511491938,0.004364084614765487,0.00182131647722541,1,0,1.0
S6,1710,1770,60,30,-0.014481155817616612,1.8668403531432851,11.326654657392421,-0.18586895532166678,3.031024061497045,0.26193181658018855,0.03499851235425666,3.5746773988751124,14.313431374959551,9.033127135088824,19.0,18.0,1.0073540482857861,0.7728370782064661,20.242596403489944,6.152419124515394,27.99444738233739,0.5632083108766919,0.6000159777833955,0.19128128023658494,4.743970523684271,1.8928014638821011,20.5078125,0.292423969531003,1.5861615320077564,0.15122050874649492,0.010343161006811673,0.003707353257376084,1,0,1.0
S6,1740,1800,60,30,-0.03458884129339978,2.237763884195942,11.261297450194958,-0.3024772053868179,3.3615492019842943,0.347246549163088,-0.3004006361206444,3.8953319386871117,14.323231278140325,9.389544704128099,17.0,17.0,1.0837486492559156,0.9413084379236063,19.713317621288166,6.971161883390787,30.755698094407776,0.7688893836916605,0.8398494307472802,0.2534847909984245,5.528097005537101,2.3210768162542816,10.25390625,0.27450501947335676,2.2537347284065046,0.16966682269388333,0.013119252614309115,0.003562991189416849,1,0,1.0
S6,1770,1830,60,30,0.0006123084205891235,2.107448041432096,11.371654898590643,-0.23601790289468672,3.449046269725182,0.20894710578135536,-0.6118624527291421,3.694748990404461,9.873830162753983,8.145876840411512,17.0,17.0,0.8009557770936917,0.7118175004675049,17.493009155367105,2.573684216314643,9.33900737377121,0.661064797630812,0.6051388605084365,0.17203226737301033,5.6397595594007255,1.48557113017294,20.5078125,0.2757101847254607,2.1640846374704834,0.1451648610457535,0.005978811396253446,0.0016789508002438356,1,0,0.8782619047619048
S6,2430,2490,60,30,0.019785891257913114,4.202450219574125,21.806497723797754,-0.8427767603106326,5.382859546918276,0.4169965568280519,-0.05932338142056981,7.124546804755752,28.6380441594952,20.535967343464367,15.0,14.0,1.3415291915747292,1.2870866542678814,16.319410712588684,5.5032189216585365,23.18058052824122,1.4788245788489753,1.2879196060715346,0.31662474323309936,10.704340912171967,5.564643492600914,10.25390625,0.2686646224142306,7.732158858138586,0.6595750977556316,0.09331474970555367,0.007618289020752639,2,1,0.8217380952380953
S6,2460,2520,60,30,0.10915534596844512,4.463390333434717,27.90224213211961,-0.2064411890268621,5.507980373491145,0.017679607151003005,0.9756126452136531,7.078300454423763,23.656380643573627,17.552373421622473,18.0,17.0,1.07846375804564,1.2386587391125523,19.980218785361703,6.741856326785813,21.015511262501082,1.4162846173516603,1.1259421495672066,0.3344410448506043,8.849583368203243,5.255026183170552,10.25390625,0.26170760683056776,7.402821075386085,0.670871779371607,0.038200040983268624,0.003312298829817314,2,1,1.0
S6,2490,2550,60,30,0.030943318668926276,4.496198519667758,27.669693477679896,-0.22927675158910008,4.699157292505809,0.1479778466501327,1.078611868941886,7.04555141568279,23.53212617093576,17.808674774219828,18.0,18.0,1.2901887195425548,1.318382846372439,21.47056863270639,6.456496800428887,20.819426028037842,1.5083204184436005,1.1627758998340745,0.3717334230993065,9.241494996820986,5.7472718115302985,10.25390625,0.2616101905074216,8.408991417940744,0.8011299257800192,0.04931882764591489,0.0037615757134617863,2,1,1.0
S6,2520,2580,60,30,-0.02442346710531001,3.9925129415434273,21.355878854425434,-0.5787417808396259,5.378501396602086,0.5905155344920541,0.23503582120500832,6.074940067107455,18.863775181869613,17.485026252014652,15.0,15.0,1.2489508739752029,1.153161952369077,17.14480881595541,7.104878785893078,19.02287133154769,1.985559801090077,1.5435227649862573,0.37450231727031574,9.478479895947236,4.5311574099913985,10.25390625,0.2494672216214256,5.6884768846352065,0.5141691961655985,0.05733898261010357,0.006863967026123301,2,1,1.0
S6,2550,2610,60,30,0.05977533639260116,4.161852369015528,19.017604399019675,-1.0377585093204702,5.4912846941524265,0.825560110905121,0.06620340174399564,6.324085152856628,18.962859536488352,16.817921501195347,13.0,13.0,1.210371866149238,1.1766307071734037,14.014638430534438,4.484259187299907,16.040980010000105,1.6001818658235618,1.2001257728872836,0.2582105551009985,11.0166074217997,4.518030448563676,10.25390625,0.25224712759109813,7.20962861055763,0.5029278737976562,0.056443209384073954,0.005284775015503051,2,1,1.0
S6,2580,2640,60,30,-0.10481397303502155,4.072269028024392,19.461782451541865,-0.8992803759179198,4.936254186139822,0.7385726780783269,0.09581275020212487,6.286206799694576,18.43472653243179,16.62079661599713,15.0,15.0,1.356863736792495,1.2650988795258076,17.36816297683461,4.941885622919226,16.391459998887054,1.4537782205686278,1.1305521792045718,0.30071141450995564,9.354746954364368,4.371379745539955,10.25390625,0.26510145669532464,6.010340635393073,0.5255161043810163,0.05182679628421543,0.005489461822968913,2,1,1.0
S6,2610,2670,60,30,0.017071781621656467,3.860566352080657,21.149836246712738,-0.8038698014593397,4.68559693440179,0.779388772865952,0.41413671384847905,6.020397162210802,23.02417569374864,15.911077665665616,14.0,14.0,1.3078876981187884,1.2222474084096149,15.805803832662598,5.093680709914954,18.49744715511761,1.7986053270378635,1.4053676664793986,0.33296481983291754,8.98840280836568,4.262761382395445,10.25390625,0.2652971102371516,5.676988435039371,0.5225222873893567,0.051795481011525236,0.005795822309359892,2,1,1.0
S6,2640,2700,60,30,0.019009890342135245,4.143523975338272,28.470851462964376,-0.9640370478860094,4.176439464892858,0.40885619163691617,1.767165797450546,6.45725547782282,28.424645533902115,15.62142883637219,13.0,14.0,1.293418752381739,1.263715049147438,16.026421223834372,6.409317211926621,21.95403245736881,1.5038977805432192,1.642914854058808,0.37724795730397426,8.604698481103293,3.9852013080846023,10.25390625,0.2549350465023462,5.211279338200341,0.3594878495297961,0.02573108468258247,0.0032749615581006927,2,1,1.0
S6,2670,2730,60,30,0.041328536170262095,4.082720710434765,21.555203818739294,-0.5192476128211208,5.016353994562872,0.35447339861028965,-0.062376507299052975,7.10961933084852,27.968184602087078,18.15828491408842,17.0,17.0,1.2489063344484264,1.381190371428593,19.2215718336452,6.828729096999334,23.90797535916269,1.9565529176916967,1.4330069061412334,0.39838353187831843,9.226752260440026,4.154494643668869,10.25390625,0.2848054426627616,6.3761953314971285,0.8160509806293599,0.03902598063449279,0.003525579202001755,2,1,1.0
S6,2700,2760,60,30,-0.1653074173308116,4.0345753355431775,18.380421361874422,-0.8589710316810115,5.735846231601284,0.3895124586902242,-0.506686449804064,6.051654469214574,19.96001427479719,15.135744753306934,12.0,12.0,0.9349114621223823,0.8090158203976692,14.536929511490657,6.088183668762048,17.88062592384933,2.48431582171849,1.6575463112662168,0.3461181449966066,11.443192429876014,3.5429983136027516,10.25390625,0.2571612767041659,5.683874837258629,0.5648568437208994,0.03708940463611022,0.00425469940568485,2,1,1.0
S6,2730,2790,60,30,-0.08518753127322498,2.7226110152595706,15.233783225129816,-0.4726509955576502,3.369685833146063,0.7539576900137464,0.9004471224259349,4.176121967820104,14.519281023154562,10.260034563368581,16.0,16.0,1.3350851230922476,1.0965386982974314,18.80232312184941,5.740307195599144,21.509635943183,1.1095055106371083,1.4564194718571073,0.40364262404317247,6.265960650209964,3.650620697304895,10.25390625,0.260291047060393,3.0303295558252477,0.2890508095538381,0.013403045821757626,0.002846363228536857,2,1,1.0
S6,2760,2820,60,30,-2.106040221925858e-06,2.796850862136602,18.15450108095464,-0.3657878682002517,3.6958543341395518,0.19291887443583564,1.070052446669857,4.7308800842509555,11.947746967689987,11.80715419544532,18.0,19.0,1.0465486307388583,1.2361515347688137,19.991417378322392,4.278980115343969,17.856743270155967,0.9469218391122655,0.6459822977576959,0.2061129703806462,6.317550822521169,2.400813014392004,10.25390625,0.27713508974202894,3.2429931427422534,0.31645516917496114,0.016661319079005484,0.0030892471288524676,2,1,1.0
S6,2790,2850,60,30,0.0009885735136398624,3.371890114786514,18.086302652773764,-0.5676259811815408,4.7218291529198115,0.3603000043489092,-0.05037728770363126,5.3553470352203325,14.551165768117613,13.508489943176414,17.0,18.0,1.1468885876557229,1.2662344737699813,18.99429650110844,6.17151409071338,19.837003295357313,1.6540792288273545,0.9796589328338319,0.28262061272284256,7.655226317033707,2.7653987279694308,10.25390625,0.26847644463332065,4.643460459338904,0.43591083557542015,0.026259133823283858,0.0035250267367711537,2,1,1.0
S6,2820,2880,60,30,0.024659296333498105,3.7018202318555655,20.107093230133835,-0.5876646486487649,4.832688910664292,0.48788381414088283,0.0254967578112133,5.59402950236573,15.719602658974807,13.475220956152361,16.0,16.0,1.2192240550895967,1.1514970965020968,17.88833819499787,6.89225767470141,20.51999775525856,1.829408967948846,1.380891676826699,0.3573207798974897,8.626657211458765,4.323991339880101,10.25390625,0.24816783232846004,5.822997745511825,0.42995682071623603,0.022656377204835106,0.002646139395556129,2,1,1.0
S6,2850,2910,60,30,-0.08302059465344187,3.9800318232892398,20.278352645173122,-0.6977217174452724,5.7670646080316725,0.5059669712779212,-0.1370908390148804,5.6389369635016315,15.681485145245677,13.297267050752373,14.0,15.0,1.2058704040238262,1.1690436993269469,18.22688744333853,8.764400592717235,30.89758115514334,1.967428870517107,1.471859230036731,0.37286117124141904,9.211827127078907,4.3784656773998805,10.25390625,0.243287766946108,6.729921983187886,0.3632077528405819,0.021765000688106557,0.0022587242024033963,2,1,1.0
S6,2880,2940,60,30,-0.08674276848324097,3.440673891504045,15.68371332181141,-0.18554937392207177,4.97992964656213,0.27127104812793085,-0.6422901830128884,5.011360624962866,12.860278289080028,11.72061287866964,14.0,14.0,1.1281824018036604,1.1222312015117633,16.660659377593337,6.04202680060856,20.615756328050722,1.7141781712299011,1.1076628179399128,0.2776785576653776,8.57809545967863,3.2690922146946457,10.25390625,0.2441853787728738,5.034245446551303,0.2705358158210705,0.01841068309348853,0.0025473624670329415,2,1,1.0
S6,2910,2970,60,30,-0.009829070763615316,3.4473230178481864,17.101174658515546,-0.17336955382183794,5.103518997399007,0.22576504399096847,-0.5027232402827786,4.693566637879064,13.079396854295645,11.06774752946516,14.0,14.0,1.0698941644543523,1.128535609252222,15.375989014729166,5.975824647846019,21.93631817252399,1.8773843343267542,1.2467783287104068,0.2860520583734136,8.229937865865974,2.678696572652594,10.25390625,0.2381956912179235,4.591792836930221,0.25796492456502007,0.01739112285248176,0.002703456248752377,2,1,1.0
S6,2940,3000,60,30,0.019629155632829836,3.9453811168083623,19.53310197571128,-0.37145922143533233,5.5531735283802774,0.2524317556817133,-0.2439936541696599,5.380469629592818,17.534860288895786,13.02156348167631,13.0,13.0,0.9503549575155126,1.2334992962726608,14.261179358557975,3.888258000117508,11.698338529046234,1.7747257228838704,1.134765320569165,0.25169730645562527,9.674642162081252,3.765286738836409,10.25390625,0.24510955872779103,5.706987211548341,0.30995905926097334,0.03151810881797829,0.003835853581754804,2,1,1.0
S6,2970,3030,60,30,0.06695943567560969,4.295902825057467,20.346085532926484,-0.5135858258889077,6.197040960943254,0.31181111697433334,-0.5449439926044675,6.111834499782494,18.001584035795037,14.463395420627641,14.0,14.0,0.9887242664834235,1.141574796760109,15.139590819565617,4.315110922231323,14.403237702592808,1.97642177361283,1.1821954119475968,0.275965888944492,10.905188185241174,4.043802868447416,10.25390625,0.2475187621314987,7.355215193271601,0.41384340051891183,0.033832502091555285,0.003151452272562253,2,1,1.0
S6,3000,3060,60,30,0.10444627301463039,4.108534034657191,19.10705835388289,-0.6084805439163191,6.3970703474972925,0.14870220651216864,-0.6142346073535694,5.732289167340916,15.583839697295598,13.466837211708318,14.0,14.0,0.9316821278706583,1.1428132962325235,16.359346991693116,5.672326956297753,18.177522003737458,3.0314490764981294,1.7750783168736246,0.4184011366734008,10.131579550452424,3.83623172270823,10.25390625,0.2442174971315461,6.241428778125201,0.33884496826074567,0.027217572746877326,0.00302680217380926,2,1,1.0
S6,3030,3090,60,30,0.08955197080097915,3.9125703621091295,17.440100068306705,-0.9502710325253203,5.7310946961798805,0.5141984852396657,-0.5246313083425309,5.0946851099890855,15.17587175098738,11.687904878407556,12.0,12.0,1.128771018043717,1.2354479647433605,14.593847297767091,6.008554236485522,19.955480252482673,3.2850583817382257,1.878710509708253,0.3889460630966458,9.845230092325414,3.825284748400127,10.25390625,0.237591874600335,5.3730201234500115,0.28674377222868475,0.020386571551982036,0.0027148220995672177,2,1,1.0
S6,5550,5610,60,30,-0.006314102442235681,2.1347293903099067,11.718435217161826,-0.1738498054156415,2.661390685518106,0.14950315347086274,0.0163216638035788,3.724925393141049,10.870630414492943,9.639371712111553,17.0,17.0,1.2198624516601186,1.2325415302545453,18.48613611275509,4.82791373540438,21.09015134898004,1.2453412503936312,0.8481023939357144,0.2457313882312767,5.14728677195838,2.2919930369962573,10.25390625,0.28083671075083166,1.9701886187675588,0.21687957893441068,0.014105255495117427,0.004237034914673853,3,0,0.9884047619047619
S6,5580,5640,60,30,0.020945608084397074,2.3629021371392542,13.40102568919351,-0.10438729532312527,2.880069754697006,-0.3167190544711292,0.5809960229502011,4.385158451449886,16.91123199630492,11.642760714328674,18.0,17.0,1.027322276167014,1.2137081799614822,18.689880115268615,3.354921839648345,12.36965374217595,0.9811088062982202,0.7345853390626533,0.22006861524710675,5.842022772202739,2.966973245565399,20.5078125,0.3065685094826501,2.1291477769146785,0.33542467269626497,0.023159174556742844,0.005777439299018587,3,0,1.0
S6,5610,5670,60,30,0.015047984012642722,2.9212395678182643,13.80013641729559,0.12228068640299744,4.476063192375613,-0.07282671245544224,-0.766129578837242,5.241617212098213,16.961908501216083,13.457348897034251,18.0,18.0,1.008573415090517,0.9412831607952775,18.949320870225844,3.8044145990804576,13.723364589231213,1.4182214357484257,0.9498155355569523,0.28351280189449246,7.395050423117628,2.393728042350351,20.5078125,0.2865099980621479,3.4887119142289804,0.34998843077550174,0.024594193120237504,0.004097345791644308,3,0,1.0
S6,5640,5700,60,30,0.05897476295068342,2.805167930434005,15.299783414450363,0.14800291564151466,4.057766723700092,-0.29231882416905797,-0.09362358890447942,4.936807992091375,16.85192538760778,13.812971823493184,22.0,23.0,1.1471606737990534,1.2921874067397985,23.74516479845914,5.938131281475881,21.959503253739857,0.6406419771269619,0.5514918198477388,0.20735426635705448,5.510265777580961,2.7685822197142285,10.25390625,0.30014320397852884,2.595468571771551,0.49732198279028283,0.02112053520002389,0.004355935558349713,3,0,1.0
S6,5670,5730,60,30,-0.07559795251876894,2.775670950128931,15.677058721276122,-0.09329718955822641,3.6981098146494276,-0.3873903798476243,0.582641245781983,5.27754769211869,19.296574713289605,16.71726531444022,22.0,25.0,1.2633196355617136,1.28116130073337,24.46416089648093,6.7101507831033835,24.352291616700377,0.8774974271722269,0.7095543461055557,0.26923540661706374,5.181477286132812,3.448135883925085,10.25390625,0.31272252371302994,2.6081413109658023,0.6135534684823677,0.052717966382199825,0.010393898028172265,3,0,1.0
S6,5700,5760,60,30,0.04020040655993978,2.434306156233152,15.348659301038673,0.008413493967845062,2.8395022030817874,-0.3606974210272251,1.0519931879836975,4.828469338992391,19.446529421981484,14.558732048406847,21.0,22.0,1.199061075921459,1.2407995042390243,21.887775923010174,4.728561273417763,22.646457462885593,0.7231038391484257,0.6203761984078857,0.21632585563053627,5.075007175868543,3.2685428625726782,20.5078125,0.3118098102754355,2.3075778627470043,0.39366364936332315,0.0454634204875039,0.010400450678781453,3,0,1.0
S6,5730,5790,60,30,0.04492620433647553,2.1806245723617073,11.639181207385304,-0.08847744118750685,2.9413469626848974,-0.23428186728894937,0.041367459406783436,4.201168287370921,11.39149607653458,10.039303966094941,20.0,19.0,1.0476407106887355,1.1176864408216094,20.406178156533436,3.399868470647407,12.708684813537127,0.5758497615227472,0.5363674741009625,0.17711565919861963,5.252882873874077,2.468311304396211,20.5078125,0.29617992848196895,2.2490453473624865,0.2866134546543297,0.009338365370163143,0.0022908200266844323,3,0,1.0
S6,5760,5820,60,30,-0.044374993464549824,2.2614096428972306,13.911605029131799,-0.2256288939202492,3.1431848816821075,-0.23332458778830256,0.3629766464541815,5.144381883281205,24.26703417237914,14.76401608530111,20.0,21.0,0.9181722632337244,1.1789608383797803,21.778953527503077,4.687209349521833,17.171605462656125,0.5828754276621512,0.6168115674136558,0.21388590396562698,5.843780934845482,2.567455224410052,20.5078125,0.347382544450761,1.8520612642092982,0.6946237002491171,0.01695226880467698,0.003876539978765953,3,0,1.0
S6,5790,5850,60,30,0.027761505234407045,2.3563015226626325,13.970615365918025,-0.1268100177371082,3.072475364480061,-0.2816547306402729,0.511337147243379,5.704753737704548,24.236000523361277,16.985186567225426,22.0,22.0,1.15589944115728,1.3118624217836872,23.59119254920352,4.44686485751723,15.113702505972219,0.444377000268181,0.4966722897579375,0.1884636721590522,6.093657610571027,2.810087876224447,20.5078125,0.37927236185462926,1.7441442508317013,0.9529275838513056,0.027214755367087586,0.005587785624532846,3,0,1.0
S6,5820,5880,60,30,-0.018287709411755768,2.134556519532678,12.263325429017854,-0.1280584732632989,2.9771817680491237,0.07768403445190872,-0.28837220719378154,4.631992399747518,16.418577939043644,12.9391532356747,21.0,21.0,1.1058638328412378,1.149897284849704,21.898354032201993,4.299104357633806,15.20049634273772,0.7042317995499172,0.5582301615510453,0.19607170931821252,5.368846922213585,2.329785887767792,20.5078125,0.331057754425697,1.7714417990940228,0.4617015840258219,0.01752383617088485,0.0046336983735212655,3,0,1.0
S6,5850,5910,60,30,0.045314192470863386,2.884461102804188,26.55140626465426,-0.17564167224930932,2.637673516811292,0.9324933707439876,8.711959706098332,5.220978679084456,39.927273607097206,13.843227875765557,20.0,19.0,1.2423959223195864,0.8836494144856605,20.234239818705813,2.8049571951037273,9.343295989117909,0.4244382709004793,0.4053444894465123,0.1341732630572079,5.391219529838641,3.6543638296242977,20.5078125,0.29717586352720277,3.5498893298929075,0.4991204123012757,0.03441473822907396,0.005364416406314837,3,0,1.0
S6,5880,5940,60,30,0.008676932741543082,3.1802393469643975,26.789091022559518,0.0638803327675897,3.0815180897146055,0.02988450142558685,5.195920048262698,5.267883091789964,40.12990273159187,14.610131488361727,17.0,16.0,1.0799333594513707,1.3161815131411978,17.75286095389574,3.2819422058094876,12.97989119406302,0.9321865160365024,0.6732301473595604,0.19228770179346333,5.802193670194072,4.1262614273076075,10.25390625,0.2799706827354183,3.602652155787818,0.4053691943150375,0.03705780058820994,0.006149803471702653,3,0,0.7115952380952381
S7,90,150,60,30,-0.03825417542455079,3.012202900581843,13.035964454758272,-0.2957703158253203,4.538815299200902,0.09640087340663608,-0.8483148100065887,4.966116957569433,11.310388944284705,12.283584831561212,14.0,15.0,0.8736827367376243,1.0455811397772943,17.376755464861027,7.26697230209465,30.554407144038365,2.1983399349026427,1.6406776384014579,0.40819571602835913,8.365749607333031,2.4727495010034235,10.25390625,0.26658402308681844,4.180788201985564,0.3156916209467659,0.023545257481629958,0.003561235705515527,1,0,0.8228095238095238
S7,120,180,60,30,-0.0673329861152639,3.2505655714081576,15.10140170241521,-0.5046209684784692,4.772758566565274,0.23707756535314453,-0.5836616308291633,4.929247044739551,12.892597906484294,12.26085775905156,14.0,15.0,1.0602184492103124,1.049994175289142,14.977732807181289,3.7381083136963764,15.334425461383153,1.896330640463098,1.4489535593314866,0.33381800526384287,8.202059629536778,2.7020412997481906,10.25390625,0.25403497249558604,4.408893537871234,0.2272347936077869,0.025133482240933574,0.003823769865889737,1,0,1.0
S7,150,210,60,30,-0.031860584942382066,2.9015561185781418,13.613560377516997,-0.7189346215674967,4.568323844337054,0.44970195105905564,-0.6318055426196918,4.590092360041636,12.978015777636587,11.589244834129,14.0,16.0,0.7945807378810475,0.9206542738846517,15.448792717897303,2.6425885868387127,10.908790509974697,0.704723736096413,0.6157081959324081,0.15445320826400136,7.293160503939989,2.4125247114019497,10.25390625,0.2580707670159183,3.8011704887235984,0.2535232637166588,0.023200593766664654,0.004007421631611135,1,0,1.0
S7,180,240,60,30,0.0154766511074763,2.2888043298923106,10.014496529063836,-0.5037816521700715,3.9307211256271506,0.27645982306894074,-1.0392234358316796,3.903789862996279,8.613725178546883,8.829217804046804,15.0,15.0,0.4352786577792593,0.7127727005191612,15.072491159441995,1.099899920219713,3.932479658747889,0.3752522960812975,0.2853658407326629,0.07131417159709542,6.642689247574824,1.076684355806704,10.25390625,0.2607784139740716,2.681946227165033,0.15846842447678472,0.008771012131841964,0.0021202126313531093,1,0,1.0
S7,210,270,60,30,-0.06146385771694672,2.1138794300075947,9.624508589169004,-0.46630992665058435,3.551710540032542,0.1835400276843887,-0.9458418882881756,3.721577950180071,9.042043542053424,8.765152720251411,15.0,16.0,0.4663823803293147,0.7634289890281631,15.852842863785199,1.9164234258425907,8.278388278388277,0.5908035397710185,0.5625254031933292,0.14605242949515504,6.095896309088334,1.1953478370830006,10.25390625,0.2721147743401276,2.1798614248484345,0.14915960725003663,0.00793262002306936,0.0022564859531534623,1,0,1.0
S7,240,300,60,30,0.007942706555252737,2.1429053461658625,11.03724659750233,-0.3786482011659487,3.588296321467557,0.24766960411647704,-0.7736384524316167,3.812683457518153,11.540354657479668,8.899355336293285,16.0,15.0,0.5121818340423872,0.5870281146462497,15.73771199508106,1.991676620352426,8.166220908672052,0.6228640469566803,0.5891869643089235,0.1516178497964291,6.07323905279654,1.5558507611718353,10.25390625,0.27059053532892735,1.9924141419156576,0.1361403683260643,0.006419802071969079,0.00200517246781628,1,0,1.0
S7,270,330,60,30,0.031191299430944956,2.142969292182158,10.761571807767762,-0.33818251420261,3.509948895154439,0.3642154274057283,-0.6644062138499591,3.8445756474604678,11.362086500248736,8.719186622173728,16.0,16.0,0.6966611825063762,0.812001969646351,16.33599921087092,1.2073756576984827,5.24557673870453,0.3929567591698348,0.2616701286655159,0.07087307119426102,5.98262750336077,1.602649378578661,10.25390625,0.275686936582854,2.2966979553928373,0.16951254085026624,0.005407807381749515,0.001430762736186215,1,0,1.0
S7,300,360,60,30,-0.011712759130915937,1.972888218092771,8.49031955088406,-0.49465839096095215,3.286527720748549,0.4149576135618656,-0.9069129136253586,3.8252808591178034,11.90963078866696,9.596002902534677,17.0,18.0,0.6237839188100397,0.8385371725183305,17.632333333709656,1.828845768647913,7.831189347777023,0.4315982006481504,0.3455874246098509,0.10051102743852944,5.530470309001131,0.9095105594359479,20.5078125,0.29797480716614605,1.7963882565051468,0.20104764379151602,0.007380315748684693,0.002282240147246533,1,0,1.0
S7,330,390,60,30,0.027860929730386313,2.056004043345558,8.556803476291249,-0.44862490082722584,3.5797814760116253,0.4222800647785142,-1.0168138661614448,4.060108698800769,11.898651344483602,10.213315064522098,18.0,17.0,0.6325560611900335,0.5829904867538132,17.673394598772497,1.6315532154552324,6.7431563546760085,0.3984869342082547,0.2936452869555925,0.08581480635490056,5.619385884613449,1.0094581438311492,20.5078125,0.3043417377609816,1.9713624206845601,0.2611121537488265,0.009366544984182941,0.0025585920111824605,1,0,1.0
S7,360,420,60,30,0.01833324897535441,2.005529599541098,8.046585722023572,-0.4720521107247987,3.554917270499592,0.40458521225211586,-1.111583055755308,4.096626914613925,9.55032429391781,10.385268146745783,18.0,18.0,0.5317278396915899,0.6456401712993675,18.213623667906056,2.219559326418929,6.708182508334344,0.42588817757237457,0.4098078867718968,0.12255205318989702,5.744941965893113,0.8287084893898635,20.5078125,0.3099731753012785,1.8562723774133998,0.2666826970575412,0.011425675528158711,0.003234638819217146,1,0,1.0
S7,390,450,60,30,-0.03305548434995032,1.843665810252058,7.335595285113948,-0.5803683327777749,3.063389357184957,0.5211457778421257,-0.9575696514513767,3.8267554357346967,9.55659707343699,10.183088125209276,18.0,18.0,0.7149308384874686,0.6035162384916374,18.465994104309026,2.37519232234278,7.826127425213819,0.48448965891114404,0.43589128759759405,0.13189346832819793,5.191275856741792,0.8782499520946904,20.5078125,0.31929633680088504,1.4707073961216626,0.23526959305697284,0.012210092213582324,0.004209405877764786,1,0,1.0
S7,420,480,60,30,0.02704749247833778,1.8683130926144598,7.377718073211219,-0.4362090283555461,3.144525116581311,0.38283780857071614,-1.0264324494519024,3.668373718495903,9.19954315515418,9.534205182363051,17.0,16.0,0.5095552762869938,0.5392477203565278,16.89179108282481,2.203995478821935,8.729721656990312,0.5757756082193896,0.46265727469319085,0.12810287951949906,5.326416704026831,0.8069982968986433,20.5078125,0.3000724579802192,1.5762696554076463,0.2197134433943191,0.009042150555633158,0.0031313043325286918,1,0,1.0
S7,450,510,60,30,-0.0303294959985548,2.0908978359197077,9.88061781848047,-0.5774096987636042,3.1855347496480517,0.5284104501720058,-0.6126211558861683,4.123425058892642,13.738001038678682,10.893724583461307,16.0,17.0,0.6954594811177021,0.6870870975934913,16.998368438868734,2.6505283599306493,9.068244808736589,0.8164387933011249,0.6677954117977606,0.18385955434031218,5.866779697048081,1.1480813559886724,20.5078125,0.30139633931014237,1.8354915509028222,0.21869105069525846,0.01052868931513333,0.0031573568874224953,1,0,1.0
S7,480,540,60,30,-0.0012876447436228474,2.0588812874161757,9.932593686236473,-0.47740536112841575,3.2031301555637546,0.5479324629745972,-0.5451296449237346,4.362736921248287,13.755646385867815,11.957937887605636,18.0,18.0,0.7163179026622728,0.7688158212221942,18.714028702245294,2.920908263716022,10.960237888476618,0.7814369776251953,0.705296525611974,0.21279419539532707,5.7818662183523095,1.112838777194711,20.5078125,0.3274747313424204,1.800957898274345,0.31538391990769077,0.017342329234010998,0.004740012900663997,1,0,1.0
S7,510,570,60,30,-0.07415620644619085,2.1006079464820875,11.669840448239995,-0.4407792788074686,3.1328777800723095,0.4016476566269191,-0.2461896445591205,4.103502600664955,11.093865090498234,10.882126147647535,18.0,17.0,0.950213424913427,0.5573317126196978,17.75906708122332,2.864109707459123,9.227566604615784,0.7100952077585319,0.5836330649913799,0.1681044045358204,5.744104105937022,1.0320595009139986,20.5078125,0.30633902375781663,1.827698516244562,0.27514289501349126,0.015433876874660747,0.004496152714178127,1,0,1.0
S7,540,600,60,30,-0.007865949676827497,1.853233301699058,10.881818151038633,-0.45902921152965026,2.6716637569500854,0.6447961000108988,0.3316211557312734,3.4942360865048143,11.083701331789264,8.911570367488753,16.0,16.0,0.7999931637048232,0.7241026621436064,16.491042657257715,1.6276189528408866,5.905299516643659,0.5096706190685225,0.33159470384649936,0.09033168302169581,5.187716987698032,1.324123933546978,20.5078125,0.28752871676098846,1.6852863210087616,0.17959581388175416,0.007229724070243451,0.0024806008855158706,1,0,1.0
S7,570,630,60,30,-0.02081638033979601,1.6848367298173756,8.834628875013797,-0.46462917371883583,2.6291003490714955,0.5647459361257336,-0.33370699905595824,3.4667308241978643,10.017601735253479,10.075935196087025,18.0,19.0,1.0547887977813042,0.9824635718536614,19.03951910686769,3.353782328881507,12.845608025446536,0.4431447798613533,0.4875738008594327,0.15068505986825734,4.461745096217168,1.0108540657913718,20.5078125,0.3137665589090411,1.2115587542719406,0.2082903484329098,0.012689957721697833,0.005437556803070581,1,0,1.0
S7,600,660,60,30,0.022866648651086768,2.2294925206330145,11.349269545996867,-0.5304496311367718,3.2799003801549143,0.5068876519663299,-0.28261006417871304,4.35090524760074,12.091418969284629,12.039981657040462,18.0,17.0,1.0790704773946442,1.054742859801558,19.340909672181027,5.594890641074156,21.460921056037982,0.7996433356726699,0.6934805508051629,0.2104618233297146,5.730242550746484,2.0610170603273907,20.5078125,0.30458696092950993,2.1427319648527137,0.3359250372402675,0.02042667901118682,0.005111897733425598,1,0,1.0
S7,630,690,60,30,0.015950334950153137,2.464539818571093,11.330201755341797,-0.5421170829976895,3.7814454522233802,0.4828676971065565,-0.5661567270619132,4.681306917131228,13.307457340658392,12.20563001663814,17.0,16.0,0.8235690612836657,0.8039538723642835,17.130076301880614,2.197495958796073,8.819298645798902,0.5537749241945382,0.440222831735966,0.12371394879918753,6.844658590496204,1.498947350502052,20.5078125,0.29814448173150987,2.7062679735514528,0.3830950430381499,0.018177921543866115,0.003693066150739334,1,0,1.0
S7,660,720,60,30,0.02286380325020714,2.5207279687072575,11.557863102948856,-0.43448238083853574,3.9957827405744304,0.4339231211823152,-0.6976373723518186,4.569367447628262,13.347684442951568,11.547412732877477,17.0,16.0,0.911089082492264,0.7935307331900486,18.13415815664017,3.9143211615265145,16.76662235274169,0.7888050033647944,0.5885423612361201,0.17154204043732227,6.583280449314262,2.0873361636453205,10.25390625,0.28282882063416326,2.997344570039819,0.3187057154323277,0.01653541918994384,0.003245846555007477,1,0,1.0
S7,690,750,60,30,0.01141992152349807,2.592248063525536,11.26031683405637,-0.5194779385794754,4.181265484305078,0.46922813228231997,-0.742199917310236,4.746662092524638,15.271134347720317,12.234900956016883,17.0,16.0,1.0124170889735287,0.9869281254520034,18.066969190308683,3.993752489963362,17.680576504105915,0.7455483303751474,0.6256973405647461,0.1812021051436406,6.758948733343759,2.1326322383466785,10.25390625,0.280026791570062,3.167594239104728,0.2848174365290472,0.021656984326871034,0.004103469615014416,1,0,1.0
S7,720,780,60,30,0.006571175051464988,2.381758232049524,10.458277328225414,-0.4768517324090994,3.988914959385616,0.448491002921432,-0.850493456315192,4.431867220810745,15.220308767592527,11.318905879791046,15.0,16.0,0.6657248138795792,0.8821629100375878,15.857861554468547,2.4019065871648415,9.805401181872426,0.6661856323152704,0.5883488798449669,0.15199206596759393,6.746268672235408,1.4983395117910514,10.25390625,0.2848424841688751,2.76325949081189,0.2843137718179452,0.017264354905567818,0.0036600746294525644,1,0,1.0
S7,750,810,60,30,0.030761405182859032,2.00386455690576,8.531709252674007,-0.5049928395081245,3.1780591941378447,0.48381388015175536,-0.7155641674715754,3.553724546675144,8.812236795534467,8.585927780688232,15.0,14.0,0.7506574447838771,0.7306320607737925,14.712759825526577,1.444145107226458,5.324179838660802,0.5751689397578476,0.4318769993959472,0.10481932225668146,5.605308864888059,1.3488285204924466,10.25390625,0.26912557098096174,1.9482031470120194,0.1695310418490735,0.005877620506313967,0.0018773731419085354,1,0,1.0
S7,780,840,60,30,0.012046626609979577,2.404418249699399,16.344173040645337,-0.5027528872164754,3.1043991292492694,0.22008233601340296,1.5523481612141508,4.100565454868879,16.29767788327903,9.83724505062941,15.0,15.0,0.7962214765179771,1.115973185832395,15.533078488154212,2.2034806706962695,8.690472426926323,0.571435714241072,0.620888014283346,0.15722339319337458,6.4053898670783935,2.6289527961594605,10.25390625,0.2678788808835982,2.5901588369810415,0.21417496012934117,0.0077798551772247935,0.0018825426788763749,1,0,1.0
S7,810,870,60,30,-0.017463379107687246,2.5110721644753458,16.43205534434149,-0.4562106865770832,3.0304443506098533,0.2658583505984543,1.508724146034739,4.384304274689525,16.355299371346767,11.016165255023642,16.0,16.0,0.9355191688184916,1.208764669474416,16.410867262583235,2.346723116007942,9.921271520933725,0.6697889228452356,0.6225562838254967,0.16633183155643042,6.308272253603487,2.7395987108092723,10.25390625,0.27941059562574194,2.7865005286988516,0.2824548797493361,0.01356428585207646,0.002908029948818097,1,0,1.0
S7,840,900,60,30,-0.02317675014921414,2.1399121104209384,11.797573784398846,-0.46690628006341406,3.165444568419029,0.800762125049246,0.6499005614024633,4.179304741499955,17.82733634997813,10.978122532502967,17.0,16.0,1.0448016774092757,0.7245134761081358,16.576954651979225,1.680876159702264,7.784722992621745,0.4646064825994891,0.37105990245745324,0.10147903468667684,5.814011265059872,1.8291471612040768,20.5078125,0.3043665563179678,2.0572768346378254,0.3241980015992858,0.01108481087411769,0.002880982783102243,1,0,1.0
S7,870,930,60,30,0.014063335222600618,2.0399565692287767,11.81427758539492,-0.5109977120930909,3.2322297935982776,0.656605204633941,0.1166143690397261,4.032600617674237,17.841103464564533,10.331837974629167,17.0,16.0,0.8323799542209726,0.5978989836017742,17.20086712046324,2.0786554160117174,8.520298886675233,0.6506934030416359,0.4278454789132762,0.12089079579768638,5.60835055460761,1.567123669220726,20.5078125,0.3013148075377914,2.0323075711789906,0.2877379868340295,0.010687085338483617,0.0028552046175135,1,0,1.0
S7,900,960,60,30,0.013880269598469193,1.774121797110596,7.969291484941544,-0.46481779311511584,3.0137810624714714,0.5163520473435631,-0.863279923918228,3.5372708259057895,9.380513206582686,9.240159361541277,17.0,18.0,0.5211395788573464,0.6246188141843918,17.649052272846173,1.597881098469917,5.971374807549752,0.465757812748272,0.2935486174662155,0.08568082236061748,4.8877113511988775,0.8584868511338938,20.5078125,0.3092650484038629,1.3328467061945637,0.1981429077077652,0.0068203881032988505,0.002698186053452566,1,0,1.0
S7,930,990,60,30,-0.01554297983625861,1.86045883934581,7.4464779574610915,-0.3840684529592556,3.170382576042983,0.39517496724871726,-1.0147923041406497,3.7056776372396643,8.94216514617845,9.603242401084804,17.0,18.0,0.46986605141503435,0.8522685486645013,17.78886968706859,1.3269812089525725,5.223418204873266,0.4314690930197578,0.25793180990074377,0.07604001660625755,5.368331389909093,0.8803557692335251,20.5078125,0.3036287526794648,1.6342682227917238,0.21066424273925227,0.009089603059132607,0.0030170851292737294,1,0,1.0
S7,960,1020,60,30,-0.04293907931736372,2.1555791240821742,10.059531750758289,-0.4039402609854652,3.60276818739168,0.14544683540282857,-0.7369338575542006,4.072334400293687,11.575907365484062,10.787637869625662,17.0,17.0,0.5377026202989705,0.5757661174025603,17.664945844704178,2.0896484558654818,8.37257808637437,0.712220729371828,0.4986147184311997,0.1443355004117091,5.964934995269326,1.136923058914609,20.5078125,0.294796228847529,2.0427223300037145,0.23625407868491782,0.018296738251978285,0.005050166529944757,1,0,1.0
S7,990,1050,60,30,0.04300392466790317,2.1535896625936113,9.938689715515512,-0.47295655928862435,3.342792185976152,0.21770720135272664,-0.5960963561965209,4.248038070263367,11.441057790541542,11.522367661487714,18.0,18.0,0.8077548171273322,1.0072039151720626,18.7379257131833,3.778991832377287,17.39742320067097,0.7024635040269323,0.6506506008328115,0.19558799984617314,5.6144012863279595,1.9433367985893883,20.5078125,0.298496830752769,1.9220665637862366,0.27008113562163055,0.016673737064830822,0.004802156295889214,1,0,1.0
S7,1020,1080,60,30,0.013618631123946616,2.2413849438173403,9.447198928797935,-0.5227491382485179,3.4524553794697845,0.31644528924929594,-0.8584997280651239,4.257687141908729,11.4554104805751,11.043138469210431,17.0,18.0,0.8663080288205695,0.9910182328243423,18.522625417496894,3.8469217339597357,16.548728782260568,0.6788851405161298,0.6183081485132289,0.1838688172303896,5.794262169180025,1.8815907792832895,20.5078125,0.30459802837284033,2.0762133706582215,0.3148674507552391,0.012926950057727546,0.0033362087455400245,1,0,1.0
S7,1050,1110,60,30,0.005148144033038983,2.1299770420359017,8.77557131645828,-0.4793705579174702,3.410856568076891,0.31350910340276705,-0.8690553456437748,3.9410420142707223,9.158857874790938,9.837896814989001,16.0,16.0,0.6847766013610878,0.7734749025661983,16.017652424739705,1.6411365648069844,5.6646852577618425,0.4947962445443177,0.41507041175205217,0.1095723274266888,6.090340698774601,1.2758180862765263,10.25390625,0.28008413181342917,2.1639896221162838,0.18987928096151288,0.010295084117107715,0.0028468223576961714,1,0,1.0
S7,1080,1140,60,30,-0.05553687882890418,2.1584499604356364,9.275332240261912,-0.5300160565368028,3.2695649709592196,0.3194590800589869,-0.8574024515305902,4.002131566030315,12.769483694030859,10.34049143754062,16.0,16.0,0.835023721045022,0.8078902278169142,18.444994611794712,5.970718155572959,22.128702550634983,0.8062171863731872,0.7130026317163682,0.20500924566027348,5.947405703333675,1.4392452430758655,10.25390625,0.28569142196328084,2.2170499180344985,0.2391157659336356,0.011116604029226576,0.0029301770106290254,1,0,1.0
S7,1110,1170,60,30,0.02948027332195963,2.2536723894186137,11.319178365764706,-0.25605851988273887,3.3865283123837013,0.28887772355682273,-0.5737747646803117,4.11696229048943,12.905643158862956,10.659024890342836,18.0,16.0,0.7716570660206559,0.7115651238122943,18.67777322668607,5.467345960670394,20.353992467396303,0.7465661185640259,0.6071154830850286,0.17921005726824032,5.742772549303974,1.8989614124522534,20.5078125,0.29037760433911913,2.001890098449912,0.22408899227987966,0.012306174522739056,0.0035331200688025533,1,0,1.0
S7,1140,1200,60,30,-0.053428382504856556,2.07027850143233,11.272361538105276,-0.38414590995963116,3.201405587940578,0.4350770227888881,-0.34613391344384636,3.6713728996140773,9.275625382426256,8.848093537152895,15.0,16.0,0.794652024179422,0.7012118884613942,16.022624346342102,1.2020880844608242,4.552367775350886,0.2692075118907323,0.2826042284494803,0.07504461289269494,5.619897179932181,1.4628827174417027,10.25390625,0.27485888048974544,2.0018791561766247,0.15999715884590512,0.007519332336732023,0.0022983968638916642,1,0,1.0
S7,1170,1230,60,30,0.02080176285081359,1.8995555844249012,8.80596800062736,-0.4731675565325176,3.029442737869994,0.47336276010307066,-0.7437097705001721,3.9216357635355954,15.761461466739334,11.075091087757269,17.0,18.0,0.6632868418559198,0.8982456306381101,17.987790505408086,4.027223657348074,13.964152979259085,0.44188341491953775,0.6124865419179528,0.1765000069335942,5.501397436973519,1.2205280440421524,20.5078125,0.3081111749285721,1.6139416090178411,0.28993573955615815,0.01717189300369513,0.005601489331320034,1,0,1.0
S7,1200,1260,60,30,-0.06291608574644388,1.8852384616307707,8.748761715165346,-0.5533507908368693,3.0853385949260073,0.4165380824908215,-0.8669657872887395,3.850366907445112,15.700680654215516,10.92378958665026,18.0,18.0,0.8283685610918297,0.8041760877257267,19.75591834490903,6.2515742931378755,24.6086158294543,0.5281627280932826,0.7409811286246749,0.22710749061540286,5.120450840387452,1.382086089852836,20.5078125,0.3130480401461163,1.515934089461417,0.3153357597529329,0.015260469083791455,0.005161226161176002,1,0,1.0
S7,1230,1290,60,30,0.02290341895284145,2.0339464303287236,9.108895283589682,-0.5238714792758157,3.3888312101039624,0.41685674980782694,-0.9133111380101337,4.0291412642613045,16.4662657486955,11.196797648694421,17.0,17.0,0.40141344327323863,0.7955214081093444,17.290580584012005,3.0321460939222256,13.405022512964637,0.43888045572999557,0.46774204554804494,0.13175169534072995,5.759510519635102,1.0821442382455677,20.5078125,0.2872709493699631,1.899557472943208,0.1823669054729804,0.009605372890395238,0.002932399164531365,1,0,0.9438571428571428
S7,1560,1620,60,30,-0.07365621622033376,2.3481381025251777,11.134006254879239,-0.5557658138906677,3.4664766713573925,0.7676861208219461,-0.08924437265815532,4.180321055445376,10.512441753052727,11.90101486290089,16.0,16.0,1.0078957256569172,0.8981981326261851,17.752988503222983,5.71873105020608,23.475981586820723,1.6115999420382974,1.2197641346660784,0.32673920643894644,6.091158868010856,2.138905259334645,10.25390625,0.28410086455109906,2.2247557596495207,0.24246889937100613,0.021807097938242793,0.0057771946194158045,3,0,1.0
S7,1590,1650,60,30,-0.07516854179224002,2.7710184162529217,14.6546971074197,-0.4321251186004942,3.806454692696447,0.4007845729521471,-0.27541352870012137,5.171617232177656,17.384526257578624,15.391172593062922,16.0,16.0,1.0705870359113228,1.1050154431797197,18.554840732997928,6.864774608312784,26.258933546272907,1.7570949470820363,1.3743147870072736,0.37119756305019597,7.219887084854417,2.9901585192200644,10.25390625,0.29833764149075664,2.7789783238509833,0.4332086959689908,0.05145884956130571,0.010232077672497246,3,0,1.0
S7,1620,1680,60,30,0.06057291712045847,2.628589782338422,13.132238273518805,-0.3963287349203719,4.108473622768285,0.1388374217451134,-0.7085952741307744,5.591871233964408,17.307801982283944,16.29728880960954,18.0,19.0,0.6442575562263854,0.9600476236158866,19.419004749514478,4.043882603065302,14.544445290986861,0.9497309635161025,0.7355196964900832,0.22715954395764426,7.414242286475048,1.8586373016500675,20.5078125,0.3257862896115112,2.9271847487457614,0.6099782496718464,0.046063005663620295,0.007667779439317049,3,0,1.0
S7,1650,1710,60,30,0.03793603491760415,2.2537675961798476,10.826344181019326,-0.49276857083208536,3.5689862152332834,0.3503196301656176,-0.754374455308513,5.295493326458779,19.688066539435468,16.182531965571908,20.0,20.0,0.6615847951032918,0.6547043468548215,20.446730991483886,3.509005534208594,15.292278810400973,0.5199675116311859,0.40813713043130584,0.13590946005849694,6.185930872214652,1.0989486484988709,20.5078125,0.3508330387000505,1.8939201672390507,0.50448242421867,0.032401587490089326,0.007532612418837897,3,0,1.0
S7,1680,1740,60,30,-0.0382135156687493,2.2249668426329174,10.33265091108977,-0.5178480326007477,3.5962807209376884,0.4213413023574186,-0.7694868926864218,5.19508256377408,18.620213449944185,16.34613252273423,20.0,20.0,0.8530243384817418,0.7225294704378484,21.272979092036366,5.559894736034021,25.04210810900003,0.7984449171447495,0.5729384188495045,0.19337362256251356,6.300070867988958,1.0582757826386195,20.5078125,0.357248959075687,1.9022105306834347,0.5806733723695713,0.05027785497922916,0.011358734942848283,3,0,1.0
S7,1710,1770,60,30,-0.03550538827680544,2.1213979563686625,9.717314017422389,-0.5572729864389068,3.270472633115542,0.5273471512776374,-0.6724727816096854,4.628367947723799,12.165931602715618,13.885834841314482,19.0,18.0,0.9511705677907435,0.7006614093848915,20.09589419133093,4.7136433167481036,17.629200490387554,0.7961807844557759,0.5825644214287707,0.18682391728181497,5.946766489111948,1.757154702259831,20.5078125,0.318666877014902,1.9655950075543818,0.3406040418301906,0.030003945099368972,0.007848555704237798,3,0,1.0
S7,1740,1800,60,30,-0.03441794653117523,2.0571452143235622,8.824193829579935,-0.20071102317241918,3.0183705658272286,0.4880074673118747,-0.6425996881585969,4.396398003022149,11.39154068287269,13.404879721486676,18.0,18.0,0.8204574477396323,0.7880902696468026,19.26517208271582,5.041476081858412,22.016511811167916,1.2150012072724328,0.830052284327853,0.250554807688442,5.792483241528022,1.1714467203703351,20.5078125,0.3292114788243477,1.5866619986164716,0.3488035691100117,0.03413207792778625,0.010458182882690811,3,0,1.0
S7,1770,1830,60,30,0.05238987599875099,2.1659269585107315,8.461642776745137,-0.17204840229325502,3.5859189152118156,0.4315939964871002,-0.9514146274930706,4.637090206480947,11.053871604064591,13.233029090101791,18.0,17.0,0.5456805220370678,0.5382613901882597,18.165371007342333,2.581021835638352,12.043296009399645,0.6969400136690828,0.6682454072413304,0.19684927955471526,6.402878021663494,1.0250617851342558,20.5078125,0.32041680711625076,1.9710769890954412,0.2905411017705001,0.023887869720212222,0.006209953186142378,3,0,1.0
S7,1800,1860,60,30,-0.07122503428918046,2.9909362619295043,24.300352273997945,-0.6139227812339147,3.9962008821762502,1.7447999317659089,7.587635908403465,6.71941518466709,46.61417475742571,25.209369351520163,18.0,18.0,1.17010288607897,0.5624390319199015,19.489605083862326,6.300971798595517,28.826345326739258,0.8053904807797346,0.62048699412578,0.19004440403821538,7.408102973498425,3.2118480680141306,20.5078125,0.3098209805860478,2.418390896434241,0.3432949568513479,0.020450242274867834,0.004472160032070919,3,0,1.0
S7,1830,1890,60,30,0.04708541015395446,2.8885642638816913,24.905357408440793,-0.4482835887015578,3.7302350830402036,0.9334038679694582,4.926424228873911,6.735886164123832,51.13537184371655,25.1601856187693,19.0,18.0,1.2976578370641425,0.844830848681563,19.891716720023265,5.904578480010168,26.657939224984347,0.9296006577843959,0.6561089558565348,0.2051765324082284,7.0533056000007015,2.976822658363029,20.5078125,0.3493704105163961,3.377553655915737,0.8840270414426245,0.23561381278595217,0.032210685874526274,3,0,1.0
S7,1860,1920,60,30,0.06661775206811511,2.2115410516032674,13.846084568688298,-0.40909200771475923,3.409309522348866,0.24008949343405475,-0.1332787148665875,4.7105259893050455,18.909177201851655,14.685659137480796,19.0,19.0,0.7384374378859406,0.8245327631368784,19.567986083871695,2.393875424821725,9.601526343607793,0.41205892421207074,0.38436090870179557,0.12348157699241777,5.907356798500985,1.5408208863301662,20.5078125,0.33303710826958305,1.7110847993786333,0.3722405593792196,0.029737583880336597,0.008283747510791865,3,0,1.0
S7,3090,3150,60,30,0.08939588762660192,6.315276252429911,36.16340764428484,0.18124919171522288,7.795649895187859,-0.2686499314580949,0.3197371337353516,12.228440476824108,39.47592435711121,46.74920641754698,19.0,22.0,1.3750449010349421,1.3458053836850594,24.189014147392736,9.584525573846488,32.769021549619914,2.3902813679580075,1.6505755293167714,0.5387470318211361,12.332890423851019,8.258186252324698,10.25390625,0.3017075961901984,13.085222511181335,2.6909620265171097,0.55089299637409,0.023197927166850263,2,1,0.8894761904761905
S7,3120,3180,60,30,0.003300506404939456,5.310911334702136,31.824040404705237,0.3257738574239598,7.319717746084795,-0.2076276052702644,0.17918573262851556,11.405511525481598,39.20034229213051,45.17532050916883,21.0,22.0,1.2185076221715794,1.1255828732115236,26.05750587571286,9.98978634761242,32.249390207626874,1.5947847333934013,1.2441740231977199,0.4527326590624337,12.269584241460988,6.558628011140394,10.25390625,0.3316846838703691,9.295163448063098,2.5455918788608307,0.5690552788932295,0.02984915828457394,2,1,1.0
S7,3150,3210,60,30,0.13929912925920393,5.598212119321827,33.101489483055495,0.4694295710584256,6.767581659283164,-0.8258023505610568,1.3096083037013884,10.886492748791541,40.572169396240774,41.09294919301763,21.0,21.0,1.051647647629338,1.262713253982551,25.454645859888014,10.009723557364,32.24100976422958,1.5451789477811142,1.1873892536973367,0.42575104499328253,11.484886714564848,6.501976706553542,10.25390625,0.3054273514846196,11.276597749318745,2.1452224755020004,0.43423578178519856,0.02105784217400029,2,1,1.0
S7,3180,3240,60,30,0.06070627730065124,6.117260264920882,38.382316604200106,0.7584362158853895,5.905095806814803,-1.5322789255123437,3.582221918598669,11.608858196981036,55.03174768830572,42.16489188366252,22.0,20.0,1.225265364717522,1.4960745413404246,25.066660315067853,9.260518635083384,34.00785281281918,1.644485838634492,1.0993605013655021,0.3969882914924064,11.27975310163775,8.718480133955534,10.25390625,0.30111240115498733,13.622557907915565,2.44989261399231,0.4564477137433267,0.018631694756313016,2,1,1.0
S7,3210,3270,60,30,0.0075107381667957095,5.752702919534835,39.42570252161702,0.6115044632375093,5.752889896022809,-1.3740358704282274,4.258871303238641,12.068373603339609,63.73503879490974,46.46867240413417,22.0,22.0,1.387861548439346,1.5752591396605422,24.303148262941384,7.19465685855972,23.818833496252854,1.3141098873071335,0.8821833282737549,0.3245025379882441,10.401011042825193,8.423858993945657,10.25390625,0.31979488816443846,12.256109276874842,2.698073701639501,0.6323097796641641,0.026544368374167435,2,1,1.0
S7,3240,3300,60,30,-0.0850967688672124,5.172650894862045,35.0250853905419,0.08741236899912658,6.54344851927379,-0.4903993494675037,1.4144131973038574,11.689467766275843,63.23471029080032,48.99420669763991,21.0,24.0,1.2272723721124759,1.441597428378025,24.197060972342474,7.721201819908231,24.793692423401914,1.546325119392987,0.9225620381772244,0.33382963387131404,10.216819639684545,6.798170557586494,10.25390625,0.33363851605125083,9.368522125077662,2.2773266734969555,0.750684198520615,0.039285044359781425,2,1,1.0
S7,3270,3330,60,30,0.021735324405062696,5.701295932087437,37.52727718990947,0.346250597730236,6.391803051202212,-0.010689763710736154,1.0499483541924048,12.432745328048421,41.084529254581525,50.58775824005597,22.0,22.0,1.4524397595600367,1.2510364968580567,25.18469879893923,9.402234306852755,31.86467192351367,1.8592607154896983,1.0306180103563392,0.3752714758672856,12.00391111333703,7.27559020499458,10.25390625,0.35350712314053945,8.628579773917858,3.224516698756878,0.6997048290897617,0.03572205964257053,2,1,1.0
S7,3300,3360,60,30,0.08313812340542648,6.111214831498979,36.04508450346573,0.33794622562906307,7.458567159077607,-0.28883353702735337,0.39872333826757345,12.61400458613433,50.9088581540845,50.17215032644844,20.0,20.0,1.400747125562859,1.3387340686505282,23.63229910970919,9.481651285345247,33.2249002837415,1.7397099805216185,1.1107342518917445,0.3760217260203172,13.410732737259533,7.574383378330639,10.25390625,0.31767785983030167,12.076353010380412,2.7115577444849333,0.5328116381401895,0.022890211975723673,2,1,1.0
S7,3330,3390,60,30,-0.06573364589675967,5.4160957173855335,29.64991029909919,-0.13609067879174097,6.650045748163826,-0.5088010073859627,0.5189784276445573,11.091619245590536,50.180165028687625,48.19455663543994,23.0,24.0,1.3779770158967188,1.401445579091648,25.70702148381431,8.686930961036024,27.245788512279283,1.0279078547336473,0.7494485660440988,0.29066683247485636,9.505671883785787,7.921491013154866,10.25390625,0.31496931632968345,9.207974843422237,1.5334026866240904,0.6321014849998997,0.037484085657616247,2,1,1.0
S7,3360,3420,60,30,0.039681420175334096,5.200761902913313,31.009926051021974,-0.42151627895449095,5.886082115274104,-0.37470921704405064,1.1196787012945517,9.213245032402636,45.11801336155923,40.30141230124384,17.0,17.0,1.4082471898026085,1.4398953848034082,25.162951455892625,10.169527582731549,37.961298552530955,5.1269599670176245,3.6218153047500836,1.060921444048671,9.054845845633421,8.690142374753277,10.25390625,0.3010773263678651,7.022702565601407,1.0489389859994667,0.5533176926642625,0.04641706386170268,2,1,1.0
S7,3390,3450,60,30,-0.12272649378981582,4.304314334497508,27.732667481527443,-0.3716311460298525,5.3198270525460085,-0.3773747823205649,1.0111409687826622,8.07264469321254,45.41261209629566,27.408838101301214,15.0,15.0,1.0684698740687217,1.0091504739928703,20.167072570514982,8.481788087805365,32.76913836083922,5.522239864766726,3.7147347732579528,0.9081121726683281,11.419327681389554,5.485854372559502,10.25390625,0.30088272637276564,6.63502717871414,1.0882847393396586,0.1675874441012104,0.013915387431010508,2,1,1.0
S7,3420,3480,60,30,-0.07817094179800407,4.234147218427426,21.904301371926913,-0.5640300681982618,6.131461865754358,0.017900121417625457,-0.5104449096478776,9.190924023160235,24.214488486119468,31.477404240364695,18.0,20.0,0.9541034460508178,0.9351347335935529,21.116544569405686,7.427651372755562,22.829430051813475,1.3924199863429665,0.9552772634661271,0.30155713810772505,10.920300047896047,3.5509136440614584,10.25390625,0.32746931209673596,6.6712230090685125,1.6983945134258143,0.19383356447286715,0.014199053811979973,2,1,1.0
S7,3450,3510,60,30,-0.017017648565298953,4.338131232893373,27.410149638583093,-0.11183250539916051,5.204630480035245,0.03608343752894394,0.9088769370800751,8.76836235373509,26.9175245045016,33.00890573873313,20.0,20.0,1.1203388593460482,1.1564395007588415,22.5087967799178,6.543598491316024,22.7814887512701,1.0859822664266654,0.8068278011348151,0.27903397964201676,9.266783337631416,4.450008647507065,10.25390625,0.3250766164003041,6.1781205744121195,1.511777774990686,0.2443635167818951,0.01975820366744501,2,1,1.0
S7,3480,3540,60,30,0.14547147260335117,3.882245776307675,27.920908200786506,-0.4158139343481617,4.758022648154691,0.6250557113684105,1.6424906841911042,8.065655079255722,33.73495627476606,31.017906389207873,22.0,18.0,1.2523492601489323,1.216722140115448,23.170423942328163,6.828366033232831,27.73266571135232,0.8367839308559739,0.683427897819092,0.24580128444755953,8.034529618290243,5.1480977784914455,10.25390625,0.32166508247865394,5.032300270669079,0.9860899828328055,0.2852607177351422,0.029429577326368556,2,1,1.0
S7,3510,3570,60,30,0.09517991117003065,4.664557394736505,39.41317999674409,-0.05664821592125713,4.129836686876418,0.7243928942515131,5.095215224816801,9.084294336876004,48.63310775965246,31.89518307563621,20.0,20.0,1.4676445476721784,1.3873844897824452,21.726170851489766,7.593301501916037,27.994969939984614,1.376651183388742,0.9254840030739208,0.3019116321040751,8.588656527209764,8.33324375130541,10.25390625,0.2992796342914551,7.964643369917405,1.3304174892677945,0.2834569004521043,0.019882427893332447,2,1,1.0
S7,3540,3600,60,30,-0.059567984654841005,4.3079059399832405,39.17416874203155,0.046910416132654786,3.8164444825131376,0.818490344207994,6.650931586488063,8.241374162522806,48.44167888984803,28.741384929052266,22.0,23.0,1.3763392625216524,1.148754268179649,24.983413405229232,8.365268642944912,28.435526167381006,1.5168647848474182,0.9910415940609034,0.36545948455197247,7.297593239354182,7.5102647348798754,10.25390625,0.2982517525702876,7.3801206530587375,1.3306896877413787,0.1967314375240662,0.014773499262557627,2,1,1.0
S7,3570,3630,60,30,0.007583023538924939,4.104591356141286,31.916868979606193,0.12325276476157462,4.295823974639194,-0.5208483720513251,3.241324018877406,9.832553275602416,49.80695013602627,36.641317394712374,22.0,24.0,1.5214608303458366,1.6250620467185963,26.536062948782067,9.693072078955419,30.80056462996572,1.3731312718731292,0.9628300546309334,0.371096009519526,8.455342205347485,7.241572758064633,20.5078125,0.35804972476329106,6.081223663589586,2.2208537390360994,0.32579513899523266,0.022931771032614328,2,1,1.0
S7,3600,3660,60,30,-0.0769856717555841,5.409469043852622,37.09743511023142,0.0742867815264755,4.286621001233109,-0.02448041944323536,1.9732600957698114,10.921733108851468,49.93385053537622,37.960577576949035,19.0,19.0,1.6059522888496682,1.4410130310788745,24.114098239490648,10.634790709493712,34.21817684396556,1.9124572667431938,1.2677726007036854,0.4215648360832481,11.033772978665894,8.306151430276667,10.25390625,0.320231708792786,9.382538725442888,2.36908971550191,0.3409771990678546,0.018351786543881705,2,1,1.0
S7,3630,3690,60,30,-0.08720632067068097,4.592726278915944,34.31491387442311,0.11038640060642209,3.982980613578883,0.2519725380605065,3.153225772100776,8.620708870729496,41.06991386220811,29.687440966394448,22.0,22.0,1.4084187852292847,1.1468042660177251,24.99557795716989,7.222988985428155,24.723085751559516,1.1560480270370805,0.7314496461472284,0.2807904786348486,7.9926101561435186,5.312086506640663,10.25390625,0.31142121196648964,6.679699121811707,1.4466564885893554,0.2138055425671929,0.016723237266383983,2,1,1.0
S7,3660,3720,60,30,0.007867160121541442,2.851937991178117,16.71686971919271,-0.05554846605361034,3.620843187144402,-0.26007669501120617,0.5532933011462986,6.757472697556502,29.856723994742616,26.016318292861037,22.0,20.0,1.268711634466028,1.4572594262057803,25.861171877325244,8.380460522919975,34.22188143828756,1.8961267448810115,1.4054196513199713,0.51902195388528,6.39192460278473,3.505588677187909,20.5078125,0.3810483479029203,2.1910468060676536,1.043936417426372,0.19383861508194908,0.03387161448548954,2,1,1.0
S7,3690,3750,60,30,0.036809234340939134,3.712852881403097,28.33727852347358,-0.07256236783314904,3.556561601205165,-1.3452061171361305,6.669560217392789,6.875476809135519,48.80253215096708,25.610919847921863,21.0,21.0,0.9227145625633153,1.221016541386942,25.46558315948966,8.502848375235178,31.517523083788145,1.7609441735570528,1.4740248315688689,0.5295988205605956,5.320917370351266,3.046912052052523,10.25390625,0.3287370545352292,2.062272834754434,0.5468682288877772,0.1361489743302717,0.03293075575829422,2,1,0.7771904761904762
S8,150,210,60,30,0.0047527652424135735,0.5306286026165276,4.484485053640438,-0.001833490054100658,0.4288066231905109,1.318346503575137,7.039566343047451,1.0854977412142655,5.540812999058042,4.371805662638946,20.0,22.0,1.5925503295830297,1.337657957422136,23.483320269284253,9.254847091591902,31.56883728040731,1.1519538759977779,1.007972471082001,0.34422107187877093,0.8325734781745441,0.8142656023322549,10.25390625,0.31902095238683237,0.09664899895142291,0.019255880807766714,0.0057830223368880865,0.031421415823692005,1,0,0.8578095238095238
S8,180,240,60,30,0.0013784451947059634,0.22233957127970627,1.14471320540091,0.02284966856786689,0.35559465042806165,-0.10862242943469132,-0.7715247336225475,0.5745427132316564,2.6123069027975094,2.7006728416515657,21.0,22.0,1.1230420880458885,1.103029306020084,24.116709095333015,8.948072638120223,29.627105429771913,1.2005014169034167,0.9233007447771947,0.32809306124373633,0.546388528934021,0.2625301918740023,20.5078125,0.3693523610001368,0.017985084657838362,0.004335596906449201,0.0024734710520291393,0.06198610662873054,1,0,1.0
S8,210,270,60,30,0.001967450114796245,0.6736940175944668,6.010392110754061,-0.0020770878415856675,0.40644544250943093,0.682641746624265,7.770656938570182,1.0425393576871342,5.265013653631612,3.6317037242069623,21.0,20.0,1.2990207450204634,1.0689860960127298,23.958149331344607,7.829369175801196,25.86563919600743,1.3038385862813933,0.9558668973817456,0.34095484122766023,0.9299804190933696,1.1882484728808034,10.25390625,0.26944864582978606,0.14939682013307695,0.016772178761372974,0.003801786454026547,0.016202021217113477,1,0,1.0
S8,240,300,60,30,-0.005889935952074585,1.304864308618792,12.213686288526443,-0.033869788857194584,0.5900927773645082,2.3319882309749222,14.450727712999846,2.3739537815338774,18.758555552237553,7.822579675108933,13.0,15.0,2.2913509535427172,1.1694511877101699,17.702208511395693,8.362500117144926,30.016037063435498,2.759316383032174,1.7373288917198537,0.42364034749322954,2.3274973699287327,2.6900077068140225,10.25390625,0.2944799592867518,0.5877368821224385,0.11130869996881343,0.012736018540187775,0.012170474105045565,1,0,1.0
S8,270,330,60,30,-0.003989491538046498,1.1864980754147196,12.242442053480108,-0.011327655123669022,0.5777456036183901,2.9379777864955594,21.684203530375385,2.320413305058117,18.770525922543115,7.8272979477766835,15.0,16.0,1.8773827139453245,0.972378222889503,18.929316067642393,8.318005904323247,26.754174758145012,1.9384318137064622,1.534298038399722,0.4047625922342327,1.99594830457737,2.297733897198018,10.25390625,0.323927433527889,0.5378430151635736,0.13836222100976275,0.015270691681152193,0.014022105182359693,1,0,1.0
S8,300,360,60,30,-0.006664547995095356,0.8046006324462598,5.946228989744893,0.011629577242325785,0.6980864100668982,1.055995521345978,4.9072086108463475,1.2396813064993633,6.202703348876149,4.511579754034495,19.0,20.0,1.4519101942721526,1.0928995259545486,21.76103394487278,8.226092495588475,31.1467936136212,1.121455012266571,0.9306791977966352,0.30153144490196976,1.2884428121252263,1.2214829765498576,10.25390625,0.2597296798676347,0.20199645547362063,0.015762354270706127,0.005766050223490668,0.01911932438370334,1,0,1.0
S8,330,390,60,30,-0.008941673695713517,0.7577199921483675,5.7608432129409435,-0.053342498327471344,0.6509602415180751,1.5850236609358646,6.844372004084402,1.1528140624725478,4.431887344606489,4.115227005478075,19.0,21.0,1.4443918210211688,0.8819537057258188,22.604895334418227,10.024641316106967,33.460650379000946,1.5618560233565313,1.147438384537006,0.3676097445947335,1.2750424126531665,1.1411583587646632,10.25390625,0.26317241121264473,0.1768798479782634,0.01587689088889705,0.005673252906367472,0.021196936350030955,1,0,1.0
S8,360,420,60,30,-0.010360835155416265,0.49642634912552724,2.4013720864523744,0.03513060498502994,0.6179017429261111,-0.4994504237966277,0.027821368812876113,1.170336798103161,3.3123316295091687,4.23406749096743,20.0,22.0,1.4159353862556219,1.3198516442649189,24.090933253687517,8.841376082206166,27.311631449266777,0.952484875282397,0.9049369556912751,0.3216113489216246,1.306975365164945,0.6301944960628246,20.5078125,0.3502661534101221,0.09078387326876104,0.029627670422337153,0.004350058610427846,0.0212922090470058,1,0,1.0
S8,390,450,60,30,-0.005687857643615726,1.0863513476103193,10.174617539751953,0.08707121080792941,0.9398987718014822,0.5215302689891049,8.406128715982392,2.0725367337044514,13.016596439448879,6.38912477774666,19.0,19.0,1.3344243480385742,1.079903602287436,19.956455212648887,5.546923607320652,17.058899280459734,0.7756484333748627,0.641165720173516,0.20148866627226092,2.0695312331086573,1.9846102357237718,10.25390625,0.28780596012686077,0.5182622849674454,0.05539579927574217,0.009082167732852373,0.01029280441080833,1,0,1.0
S8,420,480,60,30,-0.00747106776972961,1.2644587417398452,10.30870322454166,0.03551056336300472,0.9601952339469608,0.7235095464406722,5.3227738775526685,2.51500196219914,13.102253907740957,8.035475127925915,19.0,19.0,1.5953868294379114,1.251856100502506,20.875449733238,6.391496254915137,21.392448835939735,1.0107227632747176,0.7448177939827352,0.2405285953349172,2.4728250050403333,2.2144696226981258,10.25390625,0.3033254594317091,0.6873468945913467,0.10281394971745451,0.01648667542898794,0.013184083661954935,1,0,1.0
S8,450,510,60,30,0.03713206868767915,0.8410775435979096,6.774376445612636,0.04830758370238253,0.7590940894273132,0.3500287416802359,5.089066773942029,1.8549856660503805,11.21897377729586,6.540333621736502,17.0,17.0,1.2904349875912433,1.3742161393197363,19.511691099137995,7.020800794732174,24.131274131274132,1.1525013907940904,1.0521397013760743,0.30667442174136716,1.9622572093221236,1.2614049192256709,20.5078125,0.348535827918108,0.26663410400996723,0.07958869037321097,0.011771961904819788,0.019843418793496315,1,0,1.0
S8,480,540,60,30,0.005030071671737036,0.8709511802254933,8.638419105448893,0.009947526845225301,0.7400766307793104,0.003034904616557228,6.947555623536459,2.1900318540573416,17.209065287565338,9.64193051648608,17.0,18.0,1.6988660418681847,1.877110551633871,18.57318185623698,7.61337754643993,27.378027378027376,1.4814722866305738,1.0974953512058112,0.3002429881168805,2.352863497997917,2.1251017726563517,20.5078125,0.3676109863851349,0.27406861314141073,0.08887428518532908,0.03088776666789222,0.04831400126858066,1,0,1.0
S8,510,570,60,30,0.002366229854970784,1.1497876731855101,9.961564122840329,-0.054142495828561676,0.9742679900165291,0.7775610746175912,4.417189361557467,2.8620422261884104,17.203995608387146,13.234115146790193,17.0,18.0,1.9031525357831942,1.8620878491029376,18.886745008739982,7.575130159109637,30.73703269512942,1.8587905145203285,1.3119309717668541,0.3605709524622406,2.813410188539468,2.55746193694925,10.25390625,0.36207408678579944,0.36411065451553565,0.11113567629657299,0.04135994057596122,0.0505971527409077,1,0,1.0
S8,540,600,60,30,-0.01511424166037382,2.384037311924645,20.39141644444055,-0.3554879398873206,1.6025178125067208,2.8643606528762877,14.456482351390498,4.508374098761086,35.219637892657474,16.721948061477484,15.0,17.0,1.8537546312431468,1.0770364759199493,17.441746271776555,6.370156112082795,23.598928917660732,1.8104370358000708,1.5049756605536215,0.3822606192733974,4.360738467691629,3.6903670590364905,10.25390625,0.31395031323687006,1.6459751087648324,0.4028964981555675,0.06789496541446911,0.021279430906932805,1,0,1.0
S8,570,630,60,30,0.08995352514752962,2.4893048836971317,20.337795699346128,-0.5016829827977839,3.0260555512844256,2.446826551620909,11.366245143554686,4.602473134655968,35.36594344728314,14.54121428502266,18.0,18.0,1.181818180167296,0.625394760605486,18.084092312262097,3.173747533890015,13.98878823282862,0.7984991501918728,0.5268002951306991,0.15459737391011885,4.170422119697275,1.061788143608523,10.25390625,0.2968895452625364,1.3573197903794063,0.22099360741303778,0.013980112474277292,0.005663893328239403,1,0,1.0
S8,600,660,60,30,0.026577473337940666,1.5321869006481892,5.30967412919097,-0.4159125383745972,2.796713165571224,0.4276110633867872,-1.2424367664927642,3.106053603128159,7.042894311526105,7.971304054192636,18.0,18.0,0.32807215811645957,0.5399680311112041,18.629864580194628,2.515333919382924,11.67362748937271,0.35550678830454446,0.34017190767420563,0.10416462614695711,4.275059556508955,0.4574146011184271,20.5078125,0.3131102775357889,1.0587996572913232,0.15552178992858398,0.005878015776502186,0.0028878466917113843,1,0,1.0
S8,630,690,60,30,0.024950090901483517,1.4038616027825128,5.707109310279741,-0.3661857308205845,2.4256241131120104,0.4996736894309621,-0.965027265933577,2.83008667454483,6.338927087575774,7.803225567934731,18.0,17.0,0.7627584186920738,0.7509174673052635,18.20163339703818,2.975617101914616,13.563720229739694,0.635015667491113,0.48374461785825446,0.14341565441374293,3.736101534655369,0.6725343980680415,20.5078125,0.3112987068697684,0.8631010720426846,0.14003304229711122,0.0073709637209837635,0.004459217268268852,1,0,1.0
S8,660,720,60,30,-0.019141999368146024,1.6029401691512657,9.664480218445924,-0.3458410947964973,2.4234774792160305,0.3599159536884569,-0.11817034864428644,3.0252879750532324,13.63031899078615,8.915710296679492,17.0,17.0,0.9279058156210664,0.9460504373795757,17.27298294108065,1.9885124770867095,6.499740913644844,0.46122330684334484,0.40392711096110867,0.11475784188433913,4.18093559820804,1.616189220356253,20.5078125,0.3042779431758463,1.004676983328579,0.14309744449608858,0.01675254959082001,0.009078430072659287,1,0,1.0
S8,690,750,60,30,-0.024092170374169775,1.5638072353663586,9.58810751039056,-0.38809161660055913,2.452537477139226,0.41623395504375565,-0.09745754025468978,3.036600699077005,13.671813596556493,8.46842298242082,17.0,17.0,0.6319117881192358,0.6000417486636953,17.303522642754274,1.342128569117323,5.06197210862296,0.25999502873321717,0.25534264132150125,0.07322215179867408,4.315966175170054,1.426679926763054,20.5078125,0.307359155288171,1.0607560239559324,0.1513729904099759,0.015354650757829557,0.007771037059139941,1,0,1.0
S8,720,780,60,30,-0.04260890258550765,1.4273680650346938,5.703497618324552,-0.43704097407598397,2.4869697419833905,0.43006407809543956,-1.0889145174221069,2.6696332410804744,6.014583476170365,6.343073160393859,16.0,17.0,0.38460577712157556,0.5128388762954819,17.16523591248453,0.6621193982206682,2.4696363920053344,0.2078005042406832,0.13569059108109338,0.03876135719322797,4.051456522381075,0.4718942285399119,20.5078125,0.28978063330105924,0.9725719512222639,0.08651477143209245,0.003150039530335542,0.0018648107126345449,1,0,1.0
S8,750,810,60,30,0.027823271046316416,1.557347021726585,7.876450778758951,-0.2524111050945349,2.588416145531893,0.02762252789846731,-0.6149216267330311,2.9364552040418306,9.788940612569375,7.585527268773107,17.0,17.0,0.5780914146145002,0.8936611824823241,17.293252299806664,1.5340117617609368,6.952906626790954,0.5002434781333644,0.2945769271474822,0.08427447914510718,4.344151422124263,1.0646933796424989,20.5078125,0.28648909175684256,1.1627739865728122,0.10141796228201402,0.00817124709765673,0.004122719748372044,1,0,1.0
S8,780,840,60,30,-0.042232972802299845,1.62492428336513,8.721654650313766,-0.26203885115361314,2.472155847839133,0.12733458375583287,-0.4781979750173839,3.0960758778154385,9.764941200716038,8.537432360901503,17.0,17.0,0.7924588625982364,0.845551040020528,17.783915686500194,1.76635601440437,6.946977530929715,0.5304199337529171,0.3431270793773654,0.10069232534262151,4.410805334331847,1.368610243225337,20.5078125,0.2984640257575955,1.1477943511422146,0.13371830171246232,0.011869986382914796,0.0057686607927901565,1,0,1.0
S8,810,870,60,30,0.009204261367523128,1.6659476104009106,7.006029926333514,-0.33220401990611825,2.755037526564605,0.39313919427366517,-0.9429586072332135,3.3382138969732806,7.394239917390127,8.574664801526955,18.0,18.0,0.6973350188030719,0.6989267307939914,18.53114042786344,1.5506736291239187,5.285883609437429,0.36676276183575085,0.2784478349855409,0.08538703386919386,4.706594902552018,0.9916024990075075,20.5078125,0.31595330155935863,1.2616602246128943,0.19301500215792103,0.009175689938308711,0.003731985277757189,1,0,1.0
S8,840,900,60,30,0.04093469827459802,1.655063914062667,6.690961719400168,-0.27158904717092147,2.800369078073836,0.16845442845907274,-1.0506063314393517,3.2712488466222673,7.463455273248066,8.207410948637333,18.0,17.0,0.6616341987548308,0.562015409722107,17.671085993860082,1.8699262814775572,7.097755858465156,0.5082849313412422,0.38642911736799257,0.11246866966710962,4.573475651224408,0.852968111012385,20.5078125,0.3038191404910754,1.2135439834508581,0.15060857611972328,0.005850631062005998,0.002604723593041712,1,0,1.0
S8,870,930,60,30,-0.047429637963261176,2.2013362716979903,15.221171491232123,-0.49320289156312747,2.9411915426116,-0.3271307812451072,1.3713622733134825,4.40230511418797,23.252062827321573,14.261466919347098,16.0,17.0,1.1348125844307557,1.3393338256193232,16.93621045004884,1.8415125267828623,6.0117277695642795,0.7023694799016941,0.44265304052464655,0.12328205950793848,5.76514377031885,3.20892739124869,10.25390625,0.3012707996833194,2.300982267592167,0.28631860310441737,0.07069796161629449,0.017194142427244756,1,0,1.0
S8,900,960,60,30,-0.0209927583584879,2.5305740922740703,16.617877790117504,-0.5848719097624933,3.711074119415029,0.035075343848317925,0.4458004033570413,4.931331931369721,23.31627961087719,15.249393899115775,16.0,17.0,1.01178585526503,1.208117545609323,17.22976732860864,1.9500291123302722,7.364563134254107,0.6348749331624438,0.4787925478272143,0.1354014854207156,6.722911406732848,3.0008252557212143,10.25390625,0.29450727554401124,2.9281300756210196,0.3292766065738227,0.06142880806348082,0.011970571400351758,1,0,1.0
S8,930,990,60,30,0.01098210966560621,2.1044688217261003,11.400011464307887,-0.5062324319317983,3.3685003473898547,0.4970738125358591,-0.389007107555988,4.003078907947603,13.012448244426844,9.983191189415399,17.0,17.0,0.6818895402287247,0.7365053059137682,17.06856688980163,1.6004369613104568,7.467655657239227,0.4897212868311018,0.38083846766921103,0.10726495254357257,5.9144994759716125,1.171289712972946,20.5078125,0.2892188349983359,2.0768158307469395,0.2053728269909667,0.009748678808290827,0.0027056339656305766,1,0,1.0
S8,960,1020,60,30,-0.0610035456113837,1.9276782124599503,8.38766730305673,-0.46996687225877415,3.273758701654571,0.3028175930164424,-1.0504769468829749,3.8551433371269126,11.43537004257782,10.01824862669331,17.0,18.0,0.4177228813551644,0.7241511531085636,17.552679852551254,0.7982954358366025,3.155045358945854,0.2365296144321074,0.1558260575259531,0.045491915449136555,5.623168284041801,0.9102859392291235,20.5078125,0.30524870201865606,1.7043266271263318,0.2243711128043708,0.01088870056611823,0.0034534164137518244,1,0,1.0
S8,990,1050,60,30,0.033778641808566344,2.000997177307583,10.114151972306297,-0.4014263954442266,3.403501811105551,0.19580443354905536,-0.7764911125891079,3.940045401445368,13.513116042749473,10.919713113708234,17.0,17.0,0.7034595089532006,0.9801857010376727,17.859175143807548,3.96982552165685,18.39119131365652,0.779925253700984,0.5167308487881149,0.1489252851554743,5.5153747909277335,1.506344358059213,20.5078125,0.30065251041640223,1.7408039446577361,0.2624488934399674,0.01378301917245872,0.004339841857332905,1,0,1.0
S8,1020,1080,60,30,0.04593379675634081,1.6583517094812175,10.40996129545304,-0.32543211351646234,2.472406404422585,0.2276124513239948,0.1878401630437625,3.1543309816111105,13.417072857671064,8.804410660465852,17.0,16.0,0.8600426218180517,1.1384917120374147,17.38488968998211,4.150756479947503,18.495516052654175,0.8440414601158868,0.5594947996215618,0.156310752469792,4.188024922974571,1.6151636018485622,10.25390625,0.29671067322612116,1.226080256567014,0.18944874938863118,0.011166693638993959,0.005053580108888091,1,0,1.0
S8,1050,1110,60,30,-0.02205952377807345,1.517537509290866,7.263757290819827,-0.22918124024718978,2.337028240437464,0.15278194384719238,-0.7001940895642238,2.8011923594211736,6.932197225122683,6.894792926460057,16.0,17.0,0.8244980268243927,0.9178887344606049,16.82340130133882,2.008582446007348,7.146401345508206,0.5299573666773836,0.43591417741113575,0.12048484726675947,4.118913065986706,1.3133563713477256,20.5078125,0.28380746068155877,1.0750947020865331,0.10212120021429467,0.0058052053944725205,0.003176461229425501,1,0,1.0
S8,1080,1140,60,30,0.011099313536007073,1.7082715640337,7.163758708215248,-0.17839716769259942,2.879216909571723,0.12041479498394282,-0.9573935419604247,3.180406188777101,7.522143770216827,7.6449790926755545,17.0,16.0,0.7405964718202701,0.7622639428078888,17.52393844532763,1.803425483240179,7.219713768583608,0.5183622823685312,0.38760078305914347,0.11191649102225908,4.7231417994619,1.2636769271533304,20.5078125,0.28730510075622034,1.3706010210760358,0.12301935567709668,0.005562963863496656,0.0023551987066367302,1,0,1.0
S8,1110,1170,60,30,0.02374074738194861,1.579669047038735,6.620864019603738,-0.21548310794170294,2.745235027383052,0.17647498454023008,-1.020256625790104,3.1197835099915134,7.531739639920154,7.703560213996332,18.0,17.0,0.6132051293850049,0.5595439352555996,17.973939830822818,1.568724237991586,6.399440465740932,0.3894521269471685,0.28678240780158687,0.0852751287565938,4.4638947679836924,0.8548910055185077,20.5078125,0.3030234629797512,1.1455750739020358,0.1267570647854428,0.005689874188215912,0.00270760465070083,1,0,1.0
S8,1140,1200,60,30,0.03179741315376322,1.6251528372766213,7.476732559229151,-0.289138432020559,2.6683340794242523,0.2103371647834332,-0.8517920651912587,3.0916290804617548,7.885706873602771,7.797019495928476,17.0,16.0,0.7152698778361716,0.7173518662980095,16.936575039958758,1.8608123085832848,7.06886048487778,0.5684268780118146,0.44011590397141,0.12257666793852368,4.5741007092018044,1.042575400986866,20.5078125,0.2883863314310471,1.2471729112023848,0.11074088804362006,0.007297015063166749,0.0033905238108711765,1,0,1.0
S8,1170,1230,60,30,0.015235767131330865,1.597177190369267,7.302201845086797,-0.19327616517213836,2.442426859331764,0.2846115373185327,-0.7174307621944496,2.9451445952078608,7.978253311232608,7.517936384278966,16.0,16.0,0.9396753899669696,1.0349170997277468,17.314982869120243,4.287805161195105,16.477047003162618,1.0596078541916922,0.7929501389762752,0.21718427742202867,4.3415853415335,1.3811463792962984,20.5078125,0.2854608600375211,1.2029670211167618,0.1238189557200691,0.008373453228809382,0.004055000261180663,1,0,1.0
S8,1200,1260,60,30,-0.005992894128240152,1.5543050653413142,6.852178508801302,-0.245860335451167,2.56588927462562,0.3707715989814687,-0.8881178017081792,2.9919898348465104,8.418264029388462,7.536351251525555,17.0,17.0,0.7945358257684216,0.9262473477206223,18.04997335776704,3.76840649353871,13.003015346020701,0.5552008890580816,0.5560083386427815,0.1616932826006583,4.226190938599892,1.1649222561647008,20.5078125,0.29600802149199557,1.1098817393882598,0.13411708063331743,0.005511840350279932,0.0027661397052823563,1,0,1.0
S8,1230,1290,60,30,-0.024854698225308062,1.4812522846410596,6.995295439619411,-0.366672386704732,2.3715205955684375,0.29182908196005786,-0.8032833050043879,2.850891724173199,8.288709281180084,7.1029542526102505,17.0,17.0,0.818733403775863,0.799707247498524,17.044483813404455,1.9075801345844572,7.498040169761845,0.4708027592264493,0.34864625221515494,0.0979638240042583,4.172834683591666,1.0370943697785142,20.5078125,0.2943513813069573,1.0277778238174136,0.11718509790897105,0.00482806750934037,0.0026339514520949195,1,0,1.0
S8,1260,1320,60,30,0.018914669459089897,1.4675875106466068,6.695767536312308,-0.2922594023393519,2.3276881218969954,0.3124245561838323,-0.8074798323393666,2.6650319094870323,6.288580344183281,6.317868832647092,16.0,17.0,0.7427259919545739,0.7951861462491499,16.685038347170092,1.165139655096834,3.8149166393421954,0.3129833870720463,0.2578034899992285,0.07133466795772786,4.021252143897084,0.9556655493638012,20.5078125,0.2841917096708463,1.005476555752737,0.08378673845646964,0.003132721583648753,0.0018312647361423116,1,0,1.0
S8,1650,1710,60,30,-0.010969467213609549,3.7473595536900577,16.502683958714826,-0.3570767674476494,4.914835234978375,0.1803383382159555,-0.48195381520337355,6.153717298312737,19.812827194028394,15.226154661619628,15.0,14.0,1.1457398874552327,1.078111592401685,16.05291636478268,4.414689937934803,12.918616229309144,1.4500554853239422,1.163115748531274,0.28726868962439794,9.860161554965389,3.979408230382835,10.25390625,0.2663013854937364,6.150008298326139,0.5200738015022142,0.030255347800458285,0.003106061759898722,3,0,0.7911428571428571
S8,1680,1740,60,30,0.027285312633379293,3.200645935628315,16.45325869943862,-0.31473857055743093,3.777392611779075,0.22645148628963263,0.14089744735958032,5.383503952307176,19.800877283231767,13.389561222750359,15.0,14.0,1.152419794408418,1.1720319038052143,16.39737747782205,4.506541701802845,16.012111593492456,2.1730887956219758,1.514214944162881,0.3746542731972389,8.35088781662231,3.8715439927820086,10.25390625,0.2760914326814559,4.272853043189008,0.4825716219226468,0.01661080691539191,0.0023386898958948042,3,0,1.0
S8,1710,1770,60,30,0.03627759796434828,3.9960906699487118,27.811029976535945,-0.46413495015917955,4.394640542000487,0.3132278320561385,1.80408712948622,5.834190145146357,27.35599108846163,15.88316964480484,12.0,12.0,1.2818968694527768,1.2321205040101628,13.67953549159342,4.951308617142575,14.296007319363344,2.60523844339415,1.9786201750886063,0.3906406335268908,10.765946936338104,5.5574895206530135,10.25390625,0.255909605998965,5.47295473637223,0.4641110294599741,0.05282882716326987,0.006414171356709895,3,0,1.0
S8,1740,1800,60,30,-0.0011323909554935307,4.185990685570259,27.75058345002359,-0.5106689903918439,5.878537779559879,0.1958721325000272,0.9444812554347015,6.432635245496611,27.34487904185272,16.776372333938074,13.0,13.0,0.8783009126641792,0.9368836052905806,14.153945411646497,3.5824640229560734,10.334110334110335,1.6270489009736475,1.541638237465398,0.33364494356811747,11.317010271655109,4.275363696455024,10.25390625,0.2672944411963947,6.686820977397898,0.5849387870283577,0.05707171176389878,0.005389302384992369,3,0,1.0
S8,1770,1830,60,30,0.05815396287349701,3.1225461031953063,12.672118381475915,-0.35683300329397344,4.927967649423926,0.31312749947527163,-0.8612042954696593,5.7170437988939815,13.468291869069038,13.85198568314313,16.0,16.0,0.9461153866537384,0.9580774836698396,17.021085814655947,3.6144873942473583,16.137877240079504,1.0983279101665078,0.7953223451236996,0.21590228867858127,8.328517399077054,2.5667511173633235,20.5078125,0.2851615595989875,4.29616834826361,0.43210915965639685,0.01970171556539194,0.002679196321782991,3,0,1.0
S8,1800,1860,60,30,0.044700306727322406,3.461252182141463,16.172277759030358,-0.637159239263256,4.983704452777777,0.330427597135016,-0.5574599480681695,5.731800134409956,15.299470661781388,13.051318789909049,15.0,14.0,1.079786093363252,1.0854596848359286,16.358927402788733,4.534314291212885,16.58429749449993,1.2947120443809088,1.0389042861520448,0.2633811569818408,9.052384171711578,3.753333084738811,10.25390625,0.2700015828075484,5.136983236731193,0.4960913218238368,0.014671544117771737,0.0017623177396595404,3,0,1.0
S8,1830,1890,60,30,-0.12015037556754055,3.6570148647891325,17.25670932514722,-0.5624822673138337,5.182054295959865,0.3048631887344874,-0.5054565037263377,6.034642535692106,16.144544412098185,14.425920905893925,14.0,15.0,1.056010429201331,0.9953139766856516,15.581071193674546,4.221303379646407,15.683201180158585,1.1051726709673295,0.9720436245945767,0.23685527188482428,9.673812709935039,3.994813853638942,10.25390625,0.27025454733326176,5.480344334361023,0.5526701081233653,0.016595062006041786,0.001868881073541833,3,0,1.0
S8,1860,1920,60,30,0.027821048026842564,3.1271639086644583,16.795394168612425,-0.1382264329061863,4.655438457093635,0.23026545938973586,-0.47809007999161945,5.9413238120724685,16.247536326667465,15.970873428142028,17.0,17.0,0.9156772348549507,1.0445015560367408,18.88534640156947,5.933982036026834,27.16342961224916,2.0960121838457746,1.3296317503421229,0.37610495274231026,8.391791406522032,2.8293350610394694,20.5078125,0.3049852374857384,3.8174796676648954,0.6596145045683639,0.026605439257392834,0.0036992381015327497,3,0,1.0
S8,1890,1950,60,30,-0.07312375549571046,3.042148945682001,12.100920992335894,-0.4972927428339561,4.699071932297596,0.2140193178460711,-0.9195147577529528,5.47730239536466,16.22879596759157,14.059377134566285,15.0,16.0,0.691518599101664,0.7909876399572224,17.745331837817,6.429199938750494,27.160653762145063,2.200431847154495,1.4632523837416478,0.3807517752819327,8.565107511581099,1.5310145491273848,10.25390625,0.2932304579669034,3.601469499284348,0.5765173295137191,0.021289844637294983,0.0032784892407683487,3,0,1.0
S8,1920,1980,60,30,-0.01668927771925242,3.4159205254349976,16.85346044827891,-0.33270114467454365,4.91717862306751,-0.11738292938528816,-0.3779860525364098,5.753567573716893,18.689669489198657,13.708392751158526,16.0,17.0,0.834399174964712,1.0346226965352492,17.57626401726105,3.3753649987553285,11.660527308295444,0.9027235273126808,0.8138066204077608,0.22820664230000767,8.523951415675056,2.5953836380565094,10.25390625,0.2836555681270547,4.657809800523115,0.5200594608280791,0.01653484008475837,0.002068530554613735,3,0,1.0
S8,1950,2010,60,30,-0.08173329294141855,3.309645083686943,17.12606057529398,-0.49516847594972224,4.94928469736391,0.03467928880813005,-0.3552796685983677,5.952998331238646,18.77811805233973,14.6461225659541,17.0,17.0,0.8833501438297215,0.8134988837562922,18.069572608427464,3.508690426374564,12.93666327908302,1.158446238318736,0.7213253053301915,0.20861010198822896,8.521336913398882,2.4176677846094976,20.5078125,0.2948470891162553,4.495023217923942,0.6539786616428699,0.019808108098527837,0.0024336905831749203,3,0,1.0
S8,1980,2040,60,30,-0.08959027792475785,2.78079677430196,15.031935766692703,-0.6610452396501404,4.1624083761296395,0.19759705727570015,-0.49670104068970655,5.505211490669702,19.02484356279355,14.646183928927782,17.0,17.0,0.7567035458681487,0.8179615752807335,18.624379103442664,4.5328722692033585,17.889247238042955,0.9983324191107984,0.6755566487825323,0.1998688310007492,7.701637455053351,2.087548482181032,20.5078125,0.30540369775426385,3.175962039400098,0.5251988877756956,0.026802979405113087,0.00449229131897876,3,0,0.8755
S8,3300,3360,60,30,-0.03828800511615896,4.3450604399789565,24.500905087856918,-0.6883594162131486,5.429873544095264,1.0987966103826785,1.6479810460433066,7.385726172540164,37.910271549255015,29.46697198117774,15.0,13.0,1.5269564361999355,1.37721135430894,16.330524054984814,6.495985555577552,25.89678889249558,2.104712064117428,1.4643002914726306,0.34872765143212103,9.06232413392763,6.528598498844696,10.25390625,0.2876561992334423,5.855965513489007,0.9004563287528177,0.20293862316188982,0.020313030400733432,2,1,1.0
S8,3330,3390,60,30,0.042289023940673444,4.716119149131929,25.574953850303835,-0.5379236952543476,5.94129641325414,1.0117332472394742,1.164097549434345,8.01500568937316,39.576322253265594,30.391860601176845,13.0,14.0,1.4737864258810072,1.4330013829274617,13.915646338401102,3.375302925122093,10.01600960576346,2.016366706201417,1.2506908748364216,0.27141168101234736,11.227429987861047,5.845388699697936,10.25390625,0.28451167025583113,7.058001891349274,0.931251169997234,0.2379193648632197,0.02019609820230445,2,1,1.0
S8,3360,3420,60,30,-0.24347678588513724,5.240288296923573,26.720112761966718,-0.8322814507332408,6.412662435766949,0.47214605789771935,0.2030179933327778,8.390439402809957,33.39883906955752,28.534862474873027,13.0,14.0,1.422841031639719,1.3853129800786663,16.25205713853976,7.362242591061944,24.92155684625142,2.9657520078675974,1.6439980984576674,0.3759039667649619,13.144863671682625,6.663003828838202,10.25390625,0.27656838913715065,9.154497419165258,1.215612613626715,0.22538338032763905,0.015135539700436977,2,1,1.0
S8,3390,3450,60,30,0.09365821158883587,5.6120467166498855,30.132976106978724,-1.0388458093571686,5.9880495400169025,0.8721348931980021,0.6156891688293262,8.686104312668942,37.834800408299074,29.799416260829897,13.0,13.0,1.4577181758165916,1.4689013819591124,16.365211866650835,7.558073320520529,24.853210884714102,2.991953866728362,1.637100312994673,0.3749800296991043,13.710153905093799,8.558033506891505,10.25390625,0.2768647503316996,9.769199853188214,1.2400200401835757,0.240884601741687,0.01518705646291013,2,1,1.0
S8,3420,3480,60,30,0.05688127737793095,5.825693043976914,26.435470197722434,-1.3732349137841244,5.909674097641682,0.9673313122190541,0.36942646129114465,8.580015339837995,37.21388518456763,29.609510310424252,11.0,12.0,1.4358114729824574,1.4061831731483172,13.123462281002485,5.755819943641483,16.59870692702535,3.049600471955097,2.106163961483783,0.38619902371673825,15.839051158893573,8.01086984905244,10.25390625,0.27329852291530343,9.817666845049986,1.3006249858322714,0.2442685856605365,0.015475405141204332,2,1,1.0
S8,3450,3510,60,30,0.12349194497732556,5.659855248839452,26.822996923127974,-0.7637612039432851,6.382094197153857,0.7897026136514391,0.169492213168855,8.75947681896478,40.88376732302743,29.623265364841313,11.0,11.0,1.2947778591733352,1.3259438185388432,12.675261764977694,5.099323041097481,16.601010983291722,2.8107535242617163,1.9268006897339391,0.3529493072731872,15.771762596455156,7.104494942892887,10.25390625,0.2620592909755957,10.712707181279496,1.0617948144989091,0.19326451223435198,0.0117525729888692,2,1,1.0
S8,3480,3540,60,30,0.08761267609476232,5.170161430677753,25.68170104514441,-0.7507123996835845,5.548126913225779,1.0405796090093415,1.0251857925179975,8.71864828086127,40.88160014299014,29.838675762439006,15.0,13.0,1.4183023613555268,1.3547624590605465,16.48655078127669,5.644122622660748,20.304582609017274,1.7752304557759817,1.266130080635956,0.3125302198940196,11.86584925441129,6.3703777193989275,10.25390625,0.26832277801868504,10.73914757194661,1.043365567292989,0.2518890919168536,0.014942152932344724,2,1,1.0
S8,3510,3570,60,30,0.0016663924434231355,4.895299456265753,25.362382354244176,-0.8139512603606576,5.662323840167632,0.9057401084114809,0.9404781276740577,8.908452428544031,35.9755910168567,30.986246294393485,16.0,16.0,1.2770487496739564,1.273106168128839,19.49173369698514,8.511639291980597,29.964821500902026,1.3867242795181915,1.4505276981755995,0.394972662297238,11.871722207663614,5.454844154714462,10.25390625,0.29137769701356575,8.062113937536493,1.3641258354627321,0.2526400000424869,0.01792187617438457,2,1,1.0
S8,3540,3600,60,30,-0.016089322542212466,4.0376020179491645,21.894636307147902,-0.8011097728010138,4.826757590863777,0.9508501275644984,0.8627058934254719,7.763192638025884,31.595387987574153,28.4904886075006,16.0,18.0,1.4034322534314014,1.3420290487597533,20.524622092905286,9.290835545274533,32.08631488070617,1.8694832544005213,1.6218171941799941,0.452311629495868,9.611529241963527,5.565339727036852,10.25390625,0.3131927626536801,5.204242390760232,1.3159217283645648,0.21539763702312234,0.02153804754078997,2,1,1.0
S8,3570,3630,60,30,-0.0197774351630199,3.639549434773431,21.691268433884986,-0.6415498547258371,4.4195345898754095,0.6465400897967066,0.49378482849832706,7.159015826866092,31.23848340834643,26.70939722532142,17.0,18.0,1.3705066736950173,1.310952041573432,19.69068072635089,6.794713546650051,27.60600706713781,1.333664788733467,1.0950815327895145,0.32254866974996876,8.862576630125231,3.8087335979437764,10.25390625,0.3278612478102762,3.92440500062725,1.019694791320079,0.17846012217201282,0.02223759910094593,2,1,1.0
S8,3600,3660,60,30,-0.004088547912766921,4.244121080439613,26.664492653077097,-0.7363311863258956,5.491858792842887,0.5070701884762916,0.7694713950484142,9.318280251824197,42.38590192536176,32.87786199474625,18.0,19.0,1.1878070525840263,1.3579024012102108,19.567693128579155,4.240253043343911,15.48043039930654,0.9732765379827849,0.6886794310870221,0.21446889013753698,11.021434521274127,4.596787556164088,20.5078125,0.3513907052835358,6.317120117243496,1.866107390005604,0.35526858172397746,0.02476805476341118,2,1,1.0
S8,3630,3690,60,30,-0.03204270032429177,3.762995218590117,26.265605447106754,-0.27577430948629134,4.97850273186891,0.4868118299528107,1.5089917781157194,8.460041312279012,42.48986596297284,28.800056075428035,17.0,18.0,1.1374628562183529,1.186802497544854,18.170679918319735,3.5849948964481433,14.334370635367913,0.7995967521109589,0.6839039474772755,0.19922813774144887,10.417360085799938,4.783777285823893,20.5078125,0.33361218311871826,5.533562740252982,1.229165016098735,0.22922042733074238,0.01980636352734448,2,1,1.0
S8,3660,3720,60,30,0.007120531651022345,2.344255247795726,12.055718970907675,-0.06701320171838486,2.8444659793974383,0.29479702682908293,-0.0449296947065263,4.672346113312957,22.227447957990275,14.536617319133265,16.0,16.0,1.284248812147024,1.3316515585967725,18.58430461968249,4.788329701989894,18.544356215942297,1.0460356927724481,0.9999217202921528,0.28796429136224916,6.261335784383903,3.1164826604510747,10.25390625,0.3005630164105481,2.277223448730205,0.3516915557017288,0.04281889520279943,0.01036420989960588,2,1,1.0
S8,3690,3750,60,30,0.06836626939126081,2.3041367684637453,14.813761222885363,-0.06805174796604183,1.9933150260009627,0.4022612478754458,1.0290633320859115,4.400804823127478,17.786368897507423,13.262210204527374,17.0,16.0,1.3820864003599374,1.5024572255030375,19.022056930570255,6.054054513490735,19.14760914760915,1.6336088341856052,1.4836996530280002,0.41100729919897117,5.522545220045273,3.2856663316220986,10.25390625,0.31650837981698904,1.6306190507944984,0.41584638599335283,0.03140099210603776,0.009612582837882433,2,1,1.0
S8,3720,3780,60,30,-0.0016089506162023834,4.364191375900906,33.07357215053472,-0.2848446786024962,4.063207560487646,0.7570051896179335,4.557459172308786,8.089004879458544,56.585197719492974,25.118008036043943,16.0,17.0,1.3929437653355259,1.2625360493676174,17.985559846346018,4.310120496788834,17.17823487184169,1.353137214291185,1.042932608706744,0.29198998483950545,9.240565810812113,7.303640185115989,10.25390625,0.29133964853013733,7.938060664780928,0.9110142820925952,0.18357634515040905,0.013344291328795766,2,1,1.0
S8,3750,3810,60,30,0.027258848168618205,5.123945263315973,34.85334984173721,-0.30016654127217224,4.3894428829046745,0.809962362806421,2.9149227010939844,10.019563422733384,56.606136967911524,35.72259174891836,16.0,15.0,1.6337336668451332,1.432574062808307,19.081189396583262,9.076080801254253,35.53483375543765,1.9708850921977235,1.5459091917137122,0.4081890688777845,11.24223247456761,8.48243804713843,10.25390625,0.30286677653954963,10.72652477427778,1.5538057543350992,0.39623936221989153,0.020545030398821475,2,1,1.0
S8,3780,3840,60,30,-0.0013609148443844215,3.644462045489006,31.112388982138146,-0.41400897091217453,3.43617807790102,1.3565151830106013,5.5533162952117685,7.789328661813444,47.75572378371402,30.750109734357146,19.0,20.0,1.5627838519500552,1.4492741571613068,26.067883074290208,10.882180657572517,35.547898171411184,2.0564935074583843,1.6640105914402397,0.5666171243452429,7.086783652576282,5.865745258072966,10.25390625,0.33014541244961915,4.592279279718728,1.0129195218762026,0.28630760226166363,0.031040581292751696,2,1,1.0
S8,3810,3870,60,30,0.05945662940312392,3.4071853606255043,20.367877607798675,-0.3442263212654266,3.8141395931593864,0.5781518517217219,1.0909870230955203,6.164017073142841,23.65467724200494,20.39827881600881,18.0,18.0,1.5602638110968714,1.3824355528513317,23.34664214996898,9.98586377784368,29.602067039386007,2.1755750178201776,1.5032527968102567,0.4745770754507894,7.038162062049578,5.388036894997025,10.25390625,0.29156463904251134,3.975507423976965,0.6510427442171759,0.08295478135464739,0.01189410483672406,2,1,1.0
S8,3840,3900,60,30,-0.01634518136917805,3.790163726582858,20.219240264931738,-0.23942045931136396,4.183757272748065,0.5885585746469778,0.4635439477138541,6.564934942969311,24.337550589640202,21.13495123114263,14.0,15.0,1.3540365936029757,1.4301148394312346,17.406689684244615,7.701592367118851,28.204558573058844,2.3177326622968297,1.611031572230608,0.3928397681421939,9.521160740746623,5.504503447240293,10.25390625,0.281749607610049,5.316180739461058,0.7838414844664703,0.10169556609380025,0.011359923234093235,2,1,1.0
S8,3870,3930,60,30,-0.034446385466292154,2.66174435405588,16.99578435950724,-0.13507948784179927,2.670598387139931,0.6199076261000311,1.8267428655290647,4.969705835504069,24.354247417437904,18.62215730211742,18.0,16.0,1.6340005614906705,1.3341531124363195,23.379619384681156,9.80673201927261,34.400223165199264,2.266719146426286,1.4587976656112573,0.46478426293906194,5.37640375719732,4.157461480629595,10.25390625,0.2955498945653879,2.343740493631089,0.43054489029541126,0.09347408976801763,0.022760853405973065,2,1,1.0
S8,3900,3960,60,30,0.02948317400085185,2.942115613633122,25.22762618172081,-0.028774381712528836,2.9854056543889125,-0.19337941408748854,3.931454446338903,6.771299374764392,46.99775025435065,25.716974710268317,18.0,18.0,1.522189352586394,1.655631346460971,20.957440371654815,6.861131472061268,22.80797190667186,1.602826425730624,1.1697766102919043,0.36212225650929114,6.333468683527339,5.589291353910719,10.25390625,0.3455134125188438,3.186123268223095,0.9687562871103867,0.2030113696207427,0.029181960115571514,2,1,1.0
S9,60,120,60,30,0.039758387816348086,4.71889522144903,30.90329838688323,-0.604430138399835,6.026086291769192,0.3974670907357834,1.3159766519453706,6.777519276665177,20.94461688222804,17.25095259506354,13.0,13.0,1.1134872562015692,0.9809094248753698,13.945193335218576,2.534493870076615,7.318396410366994,1.275562591874071,0.8869904081369676,0.19880248221224525,12.402644573390162,5.12811283049045,10.25390625,0.2499371458620743,9.313062386606383,0.537370996002027,0.06214953716481547,0.004540065248819008,1,0,0.745904761904762
S9,90,150,60,30,0.04456726973883898,2.8850211818452793,12.621046015678273,-0.5941817560619811,4.670844218418557,0.3649388602585416,-0.816539734620152,4.796443505265153,17.57424063062375,10.742953817888791,14.0,14.0,0.8393912774287454,0.9638382057834199,15.08942277385641,3.6816793706669135,14.912718534213477,0.9778240107086589,0.9146523197800221,0.21833992051620366,8.002511681734264,1.3269367130478076,10.25390625,0.2629345157849669,3.985207972819748,0.29067285229462114,0.009284226475483454,0.001486986381530959,1,0,1.0
S9,120,180,60,30,-0.09257665089656204,2.92121868749333,12.630709946387343,-0.7605195746297253,4.638031939922523,0.453131505534381,-0.8188982260922018,4.945854828503301,17.71675757306378,12.334088618497617,15.0,14.0,1.0828412556226692,0.8547142524803057,17.19342874781763,7.820852900246633,27.97552187999728,1.596845054702683,1.1623527032476797,0.2913015674055662,7.780735668875573,2.121566100439997,10.25390625,0.2660754896316003,4.145794242119585,0.3792081981989315,0.0174253279594224,0.0026458815375968,1,0,1.0
S9,150,210,60,30,4.39170502323967e-05,2.9835072327688055,12.233133457675839,-0.716867285089142,4.866310947702563,0.36023314577547244,-0.9585733078942171,4.759103153271005,16.19886308715348,11.478513571951128,14.0,13.0,0.8935178132812295,0.8294481421316895,15.790588973582228,8.025594483580198,29.642479090419094,1.4904054828808704,1.1722262092763007,0.2684194787351687,8.310416329495002,2.4056881345199344,10.25390625,0.2480331675008163,4.160334214670721,0.24931843783081595,0.017147724817689038,0.0028236375249116644,1,0,1.0
S9,180,240,60,30,-0.013449147065312835,3.424207944760149,16.385486976767254,-0.3231750781660172,5.196807652691944,-0.020226406121907292,-0.5200836924202257,4.489477616070737,12.647849851693671,9.254526327172735,11.0,11.0,0.7941966542828203,0.8174951269507014,12.537988835634426,2.411840320967433,8.974034694364699,1.7750806567219644,1.3910383803152968,0.27574175692258024,9.445821009506929,2.2221615933722774,10.25390625,0.2334386656069443,4.808437702116242,0.1845700691890817,0.009561321157834072,0.0014490374436218298,1,0,1.0
S9,210,270,60,30,0.04319978882721583,3.3500050363031506,16.24170832959013,-0.13958610511693528,5.0574028260472,-0.19558225141679217,-0.38954694661666167,4.26626686962878,12.429793470619899,8.522370146008887,11.0,11.0,0.8005087041824034,0.995108410772566,11.920005880125126,2.9386705190216027,8.24556971715084,2.140873367462495,1.938142156914235,0.3521333860672666,9.106649107368344,2.7563520484951907,10.25390625,0.2321109980806391,4.342887386963927,0.14368047683482374,0.006759661042855524,0.0011409386748469747,1,0,1.0
S9,240,300,60,30,0.005450017734348237,2.663949308093924,10.807172944252315,-0.27020617625358656,4.524588332926429,0.17900267743270684,-1.0158121546878371,4.033628980770709,10.749173760676678,8.364926782268352,13.0,12.0,0.5382265676553959,0.5030944556445562,13.417849921678126,1.3640252812832288,4.9265026633529825,0.5358619709851147,0.47463388444467225,0.10501856046083781,7.713910319296283,1.0884684282197565,10.25390625,0.2431473701058629,3.4852947128729284,0.15589393490183104,0.00507137387441973,0.0010139128338391636,1,0,1.0
S9,270,330,60,30,0.05086504779670703,2.969751102429565,19.42793298839019,-0.5625266089100696,4.584064455255694,0.09080250371434956,0.48627781478368126,4.751668726349293,22.047873051336264,12.493446517278482,14.0,13.0,0.7000141072380208,0.6180885470558205,13.696093582632829,1.2024668555533202,4.251435159608963,0.5014506167993369,0.3957240661488819,0.08962391742047847,8.062173820560389,1.751761261549552,10.25390625,0.24580721972382238,3.516580884402511,0.16169161197143433,0.005219487438081764,0.0010226131741529144,1,0,1.0
S9,300,360,60,30,0.04837919533880373,3.1169354639488946,18.7395616994341,-0.7568907682903135,4.575841660142052,0.7192851414552125,0.39679190462471237,5.988875845427359,30.966855356005716,16.95970672581096,16.0,15.0,1.2815278487196888,1.1375410208493593,16.89007342633147,5.107108997616878,19.024086623848387,1.0755126921707656,0.8137246967409604,0.21469769111921005,8.08270020096575,4.067351175466726,10.25390625,0.29765157450919427,4.253645963136172,0.8142805023662831,0.0328553659667303,0.004194899665874635,1,0,1.0
S9,330,390,60,30,-0.14373227560698232,2.701018288658931,19.799142163850348,-0.6178888415260148,3.83935914823957,0.15920429201588895,1.165656471260462,4.915309332884866,30.712621621279634,13.696437803343718,14.0,15.0,1.0077608140230345,1.081842090586157,15.676854058554628,3.4881463953947263,12.690364391366657,0.8537286167280607,0.6682073771675219,0.16819315498643128,7.236033347877573,3.449052183499948,10.25390625,0.2669719892468264,3.0632488872660484,0.2857940980633959,0.023502527912551988,0.0048280294101317196,1,0,1.0
S9,360,420,60,30,-0.04043543903616069,2.0157829103113443,7.698380818104569,-0.6956950424589825,3.6154828896432822,0.4827359213316989,-1.1379125971090323,3.1766695389005566,7.783469937252474,6.9473324048686305,13.0,14.0,0.31248591754013616,0.5157393590790856,13.68646053296891,0.6076118446995702,1.9807909296308033,0.26818015156238234,0.19669188700273943,0.044777815893083946,5.7209222352900575,0.4215900567778448,10.25390625,0.2453551694760499,1.9984115495806438,0.09352386692806298,0.003791950733659016,0.001309342522544082,1,0,1.0
S9,390,450,60,30,-0.06762688722559498,2.2223118287424586,9.145255093450793,-0.6773087484048609,3.6848257096497505,0.4653498263948419,-0.8800062627946801,3.597253201482869,10.27668945274598,7.9650721327652505,13.0,14.0,0.6112130498427151,0.7664863977087134,13.62813402770517,1.4829412900621965,5.3994490358126725,0.6505791625569074,0.45329798969366447,0.1018293026348991,6.43058488091681,1.1927543525457507,10.25390625,0.24985045798370234,2.4219224251875113,0.12134290776832651,0.006463910189068679,0.0018122746424501911,1,0,1.0
S9,420,480,60,30,-0.016330132296041404,2.3981754654372525,9.867613580199256,-0.571371452080443,4.193644231170583,0.3675175493700547,-1.0513039986340966,3.893370861536406,10.089351453449991,8.568494715274658,14.0,14.0,0.5835109978374615,0.5350409687420503,14.142829669373887,1.4549093779748092,5.419043801267913,0.6078318219783528,0.4545040066292308,0.1059748503721943,6.721387971519395,0.9194139476583535,10.25390625,0.2519483799454725,2.7093700237576477,0.12601623446691723,0.006412216611480282,0.0015922237630926334,1,0,1.0
S9,450,510,60,30,0.037434659329602674,2.5163012394336977,14.223571565894842,-0.42813978063679464,4.162172680407306,0.25655741050929887,-0.4549441949187387,4.460744985864272,16.90992342470441,11.368922256903826,15.0,15.0,0.7394611391814324,0.7845757607896372,15.772760417819585,2.8167415408278536,11.640943811396626,0.8356496640743081,0.5227511482679021,0.13419324321629927,6.992281345376481,1.683254866388904,10.25390625,0.2758226404726648,2.9187936811448574,0.26781216724191564,0.02369359188079828,0.00491154727475327,1,0,1.0
S9,480,540,60,30,-0.07147851425942214,2.60531551585133,14.253832969361302,-0.49092944574954367,3.878402469309891,0.36391769385540457,-0.2265444935462546,4.567287585362964,16.9259991645891,11.822553998357213,15.0,15.0,1.0288540423058108,0.8890999650045026,15.674225295001218,2.9023671626660184,12.215985975566973,0.8672807066779613,0.561862207255205,0.14299347212457497,6.950602384136548,1.97242181651867,10.25390625,0.2749724291075279,3.029142184518967,0.30776538922959634,0.02357753514580295,0.004715851616977911,1,0,1.0
S9,510,570,60,30,0.013519721420486581,2.16794158051625,10.643919181351615,-0.5169691877270508,3.573704523505333,0.5297932128653324,-0.5115973993973242,3.5952632816692693,13.091161938709472,7.917578172349277,14.0,14.0,0.7083979504973966,0.6495744817407313,14.234053585317033,1.2452219352191405,3.8665322407653733,0.49596775460249676,0.38218121405527794,0.08995522859404657,6.124341989157232,1.277225386286479,10.25390625,0.2568197903721399,2.4424055523640416,0.1440798926929749,0.0054144986120801325,0.0014568458942273862,1,0,1.0
S9,540,600,60,30,-0.04408577126976914,1.9376827887734043,10.576835962192163,-0.44434322755016276,3.150159321675599,0.36234241470299255,-0.561948649483393,3.3499709800143456,11.772296590730358,8.106060428682333,14.0,14.0,0.7770320195612949,0.7126300213088472,14.408707774536092,2.1938815697576186,6.902353920544112,0.6818305193688949,0.598508188485821,0.1406690561294739,5.6351020815533275,1.4056133037643805,10.25390625,0.26810397566920957,1.8649189262690349,0.15176218762755667,0.008115224019123853,0.0027263052101717845,1,0,1.0
S9,570,630,60,30,0.005254337795377486,2.045162711269161,10.472930866557142,-0.4368927920428695,3.352198580957132,0.3717152522913085,-0.6968402522251993,3.5843831894312768,11.773646519168413,8.649289350647212,15.0,15.0,0.8914116941453007,0.9826440751309572,15.311256350509096,2.861445275469607,10.849444672974084,0.8525278691403059,0.6647995442130201,0.16453771929709055,5.783259495874041,1.527979342201332,10.25390625,0.2680946892123558,2.0110994619417397,0.17882712921443095,0.007379878578028793,0.0022899976950515122,1,0,1.0
S9,600,660,60,30,0.019562831566371817,1.9143803994030266,7.585287611731086,-0.4689363023424072,3.3189286405234077,0.5047668812697155,-0.9676549048309804,3.2458616625553347,8.534147009341186,7.662331786870807,14.0,13.0,0.5555516517797294,0.45075473935103216,13.711339558673464,0.8922375648756175,3.019807742805245,0.4837722028162502,0.2842608424364638,0.06468713061521471,5.596846921222641,0.7854322618214938,10.25390625,0.2594437532124604,1.7613010237756672,0.13939120360346874,0.005473965539685089,0.00201229765202586,1,0,1.0
S9,630,690,60,30,0.028956966704675492,1.8290899039760669,7.0804829617200875,-0.47562318896493105,3.1580045628971716,0.46310836717582265,-1.0220868493571336,3.1408749302326338,8.418369740154175,8.37583707966397,14.0,13.0,0.5560653765835124,0.4157034872280501,13.698363450362722,1.0726993223219206,4.1307652649807665,0.4829670204653138,0.34439118632200544,0.07814776439493927,5.425562406410829,0.8105491383181423,10.25390625,0.2639370392340885,1.5958223890529115,0.14467919949694297,0.008429755711974251,0.003354796236140598,1,0,1.0
S9,660,720,60,30,0.03199775445170342,1.9275280582223338,9.57840612936294,-0.24279644105469925,2.8513961133902788,0.3551246029204412,-0.4475127972968225,3.434276334869874,10.635381549305967,10.164564716644637,14.0,13.0,0.9612887670923433,0.7366057150792661,14.066096282040247,2.0969718284540275,7.4687366536043704,0.8128421833086583,0.5822888308859859,0.1338155553579088,5.702508294955166,1.016986418919958,10.25390625,0.2727864495511629,1.7374533381891342,0.17195641187223565,0.02318111882461158,0.008245957588401494,1,0,1.0
S9,690,750,60,30,0.016789682951180912,3.498745832304813,19.935765895300904,-0.20584025985558566,3.756743859154731,0.13145763613735117,0.7379924429780851,4.865203318488981,17.361909233297368,11.283709505316956,13.0,13.0,1.046445061969687,1.3689088905454987,13.026047235015126,1.4755228805859197,5.496619493684239,0.7351931075440887,0.4567770578873735,0.09807344238054182,8.299690329316823,3.351393964228849,10.25390625,0.24282061626273166,4.4801458019779705,0.2564379997804239,0.0137588357424932,0.002145552987690863,1,0,1.0
S9,720,780,60,30,-0.19776677373846863,3.7151572824736587,20.07477189519998,-0.7089632260704086,5.1234067358320585,-0.059370290423799855,0.25966161911958396,5.437970757329193,16.38945983701565,11.505936661853264,12.0,13.0,0.7549290502230038,1.0758726680246953,12.704046618023426,1.2682565558825067,4.671611712264568,0.5291880573104422,0.47430818854022505,0.09943838629273942,9.978659622172069,2.8379293093222624,10.25390625,0.24385507046993188,5.490161352076558,0.31177488550399546,0.00756454917224186,0.0009541078266895717,1,0,1.0
S9,750,810,60,30,0.042467134067670186,3.458383456790694,17.088508089357884,-0.6944045837908233,4.9809456640914025,0.406850695719779,-0.28726024219826707,5.210247680365055,16.240206907154953,11.33880679878904,12.0,12.0,0.5665197549296858,0.8435169596803727,12.725396550186469,1.7893571085225606,6.836164436942296,1.3429493889288941,0.7984818830703045,0.1654996096807899,9.849657965826847,2.1927029800107674,10.25390625,0.246757107572575,5.668782240731868,0.32019054349908305,0.01107182781684415,0.0013378410734378719,1,0,1.0
S9,780,840,60,30,0.05004053458377781,3.602505639225676,16.982713501758425,-0.5396072545290194,5.8454413211172085,0.33490245037115257,-0.6314853823660123,5.5455445348303,16.193260560942548,11.852930250686958,13.0,13.0,0.5577339686124761,0.8180761824337329,13.586623850087696,2.298388744968101,9.147062512086112,1.2836523870717023,0.9113075487521752,0.1995928195843421,10.124474484850037,2.2865873859190744,10.25390625,0.24811584932386485,6.202261528712743,0.3043518032327604,0.010505140800080637,0.0011558389551624242,1,0,1.0
S9,810,870,60,30,0.02488065466624053,3.3916496684602837,14.324606717357339,-0.8512713712064313,5.80407695807148,0.54923504016674,-0.9121087680505195,5.690262888524939,17.12123861900947,13.325484567837798,14.0,14.0,0.5392887560180616,0.46314510804038844,14.468756597683848,1.7773149650034024,5.904675253556638,0.563178540098263,0.5090617323679217,0.12094884636296932,9.692196022266872,1.4755867739489668,10.25390625,0.2577654388627637,5.532248478624767,0.3479089268932501,0.009287604033800604,0.0010965565079350662,1,0,1.0
S9,840,900,60,30,-0.0036149933249660406,4.0224561576120825,25.812948434249236,-0.19749872308431254,5.853350990177161,0.044293122817652665,0.360796702671605,6.396566246989271,30.189394817946933,15.20933883895653,14.0,13.0,1.1492282510078213,1.1608073816869835,15.076154529613317,5.307187515734372,21.623399496194793,2.061591007691195,1.417427285148175,0.32028675742074875,10.584719040824227,5.2181532592887825,10.25390625,0.2561657009930622,7.424228292291981,0.4109167145149672,0.03205076722443291,0.002860335750993807,1,0,1.0
S9,870,930,60,30,0.03639763194771538,4.201013527180981,25.389015240444216,-0.24670404291754816,5.606109591875572,-0.10699189784664595,0.33852148286138206,6.554224300722905,29.04490336518215,16.021518257931827,14.0,14.0,1.0333081889946412,1.3919332096807038,15.840025702543738,5.226851632613365,21.617878266077714,2.014634848161962,1.4294786806363757,0.3397209786579357,10.369064874347146,4.911346850199268,10.25390625,0.25868070202563753,7.015164823170246,0.4692474462843542,0.027736373744450912,0.0025777565607003174,1,0,1.0
S9,900,960,60,30,0.044370661370907914,4.052031752626339,26.844314993854784,-0.9233630345729436,5.468358077991297,0.9418151977753774,1.7035987202733232,6.160796463420443,17.9610206487661,13.753752118892635,13.0,13.0,1.0176868246535167,0.8339336560846249,14.96604860617474,2.593163042960373,8.262465245597776,0.7882969360394613,0.6996261959496348,0.16944986004200835,10.649334020861405,3.897087745099836,10.25390625,0.26334762323988703,6.601870454070567,0.5229317833824767,0.016754666487909485,0.0016147144250491909,1,0,1.0
S9,930,990,60,30,-0.06924433450487626,3.9689752065987447,23.596937304495963,-0.8755887562933325,5.443755944712779,1.019590771221633,1.645942512034141,5.515338727181668,18.41512028516572,12.08268703406151,12.0,12.0,1.1281923407397558,0.742603410120518,12.481271440851687,2.339786194297726,8.448802899844676,1.8016700302661368,1.448130520260717,0.28562732155043735,10.350268309519796,3.965439380014699,10.25390625,0.2449631051618478,5.911696917684329,0.33117861445957086,0.01237604064976019,0.0014438523305305687,1,0,1.0
S9,960,1020,60,30,0.11911893137031764,3.3201609422748892,14.205697225034593,-0.6272861319062328,5.5548687853884084,0.33799124575254996,-0.9349792805855124,5.123680809556266,13.56794290658101,10.501968536909343,14.0,13.0,0.7444061084545682,0.6246389931717148,13.701671908563775,1.4730630088420726,4.970531576036164,0.6719931769980801,0.5411491795139196,0.12196798844771933,8.868903753945766,1.9019135486872463,10.25390625,0.24624875892177917,5.360158375708239,0.21243870631418776,0.009900127346839045,0.00127197314667043,1,0,1.0
S9,990,1050,60,30,-0.040027894832349614,3.241226389699002,15.469410406403384,-0.6257197899525639,5.028861153685728,0.3006414408340953,-0.6697387743894518,5.226058272484653,17.043401204224207,10.798888647117044,14.0,14.0,0.8224856003046241,0.8115258099730005,14.533187139505532,1.3038433640491878,5.760206823580052,0.6065635892098223,0.41841386283035864,0.10044493501876339,8.854166736484625,2.7985282114526338,10.25390625,0.2531107408022967,5.341894044005815,0.2503162917988008,0.009601029564621397,0.0012007199056854236,1,0,1.0
S9,1020,1080,60,30,-0.018985223347860666,3.6953063604692256,20.56870782769765,-0.44540798970554135,4.953544365388957,-0.022680092297312316,0.0911022006517408,5.482178739358418,20.621032560394916,11.763856767731696,14.0,15.0,1.015152085432718,1.2484968626792736,15.448857617189436,4.626198869416987,18.496056720033707,1.2647851448309446,1.0831100367779396,0.2588994309083071,8.72618261307824,3.7360725233724943,10.25390625,0.2473906651356042,5.803247623628359,0.32421592426898543,0.011661314074381146,0.0013725714853102624,1,0,1.0
S9,1050,1110,60,30,0.06557237090949485,3.5999467563619283,18.895969216226412,-0.39175183699478994,5.063267484243887,0.013385953546886575,-0.0026507612697512783,5.0188317464025545,20.885813372827442,10.69313310880956,13.0,13.0,0.7868405864459588,1.1792959268186511,14.304996355574097,5.144964898914317,18.841218397769598,1.3315573902344355,1.2610419950442993,0.2731428472285943,8.545589276464534,2.740785326269194,10.25390625,0.23918033092802538,5.236984448317699,0.2776045173677468,0.01081172228206284,0.0014615867283906752,1,0,1.0
S9,1080,1140,60,30,0.059904680971214326,3.054754773149291,11.081298116590428,-0.8587280730996281,5.304162690595567,0.5481860283454947,-1.0620800292815773,4.525320443363153,11.208924564407742,9.348489384694805,12.0,12.0,0.3484303720166354,0.6089818847363598,12.475142126039854,1.0272920842492232,3.82511236042658,0.4922990629149511,0.39598226789222946,0.08178160187673114,8.742760854555119,1.0726939811976073,10.25390625,0.24105222785636746,4.608168085989706,0.2059721437868952,0.008859743884934006,0.0013509270566987126,1,0,1.0
S9,1110,1170,60,30,0.06644172809329144,3.1563213251323203,11.21864007661949,-0.9364875194687032,5.44753514910092,0.46525346261286316,-1.0729796134361906,4.70208190363858,11.266749217976635,9.491487969846025,13.0,12.0,0.5619401170818094,0.4692621390205975,12.95941897909916,1.3022524477382107,5.146558220985986,0.5137614571758048,0.42813156991334156,0.09162794433672371,8.75279275570195,1.4970351873392758,10.25390625,0.24183835625846312,4.831396690754756,0.20315075627614146,0.007772892190127846,0.001127424772449902,1,0,1.0
S9,1140,1200,60,30,0.0006418524201285923,3.559832690517359,14.18560133649271,-1.0133950142063068,5.768169960642447,0.5042939880968588,-0.7814267714495613,4.861292764958472,14.592659295185006,11.608039823666578,14.0,14.0,1.053758665784874,0.9693106194332561,14.740771376949397,4.733297959858617,20.46694686174485,1.4918483148624135,1.0781562349887157,0.2459076078599758,8.444477745902093,3.3529417329827496,10.25390625,0.2317782207491996,5.289633202785333,0.18885022958036685,0.014273257489447959,0.0019886614487612747,1,0,1.0
S9,1170,1230,60,30,0.054485279069330726,4.196173641245286,23.521663071311774,-0.46758350393223225,5.533220202090986,0.1602799746620075,0.04489091912078269,5.560294637474163,21.553858660564984,14.319124037768258,14.0,13.0,1.2518951425515952,1.1897676768112417,17.025962563971795,8.75448333701295,33.16977164271656,2.021858863844389,1.5844621483269137,0.3739749850804024,9.352006122944276,5.791640069633502,10.25390625,0.24223461949841243,5.9365718448563785,0.35339597297003633,0.0442638280938212,0.005263914460708883,1,0,1.0
S9,1200,1260,60,30,-0.059230745396456855,3.285370047502776,15.083336147730353,-0.7267250149982639,4.794938671762521,0.34922655363391364,-0.6723830413888279,5.248278666270037,15.613995611874465,13.101061570623893,14.0,14.0,0.8990487549026014,1.0000882261673028,15.57998924886964,7.952692349924701,31.295437236031297,1.5733036432111562,1.1004497219905829,0.25199658949934084,8.832339340364612,2.748425266206961,10.25390625,0.25264185083079754,4.487786270825926,0.3148276705139131,0.01529242238526497,0.0022777346020900514,1,0,0.9207619047619048
S9,1860,1920,60,30,0.081482603546234,3.945946671493744,24.97481232343397,-0.5640523168866913,5.73479601774017,0.8176978634003688,1.2178045094460108,8.09751539079227,37.9100946904833,27.79135824230642,20.0,21.0,1.3426777235146812,1.041735549177074,22.60641716053314,8.133058142578301,30.497993759760195,1.4419221786077767,1.005239538359688,0.3354161028646224,8.807525853818937,4.916938365824297,10.25390625,0.3143867701770827,5.310710551113178,1.096239101518977,0.19242197402992198,0.01897125821741134,2,1,0.7959047619047619
S9,1890,1950,60,30,-0.06325620535453172,3.6276437342792662,15.940535191317544,-0.6944361567948871,5.36230924282602,0.7235806588326954,-0.13474649029459274,6.741691617222556,20.758594151336407,19.66208421729226,18.0,18.0,1.1125185203623529,1.0185336185548606,21.111826450739514,8.128246046125174,32.96578091174944,1.2965913416118653,1.042609678180304,0.3247665149424291,8.640904481979758,3.6573586318394518,10.25390625,0.2866703586154138,5.743423597703624,0.8552376251543804,0.0673086815462246,0.006774706165957141,2,1,1.0
S9,1920,1980,60,30,0.0600816208407007,3.8241608212155582,17.149453581648316,-0.9839510658871681,5.486488808139374,0.7980387793848785,-0.20583355237944279,6.834577011001206,22.472530935964397,19.963009020540085,17.0,17.0,1.0119030811847118,1.047487694961126,20.723051216774504,8.861344919779768,32.94373667495112,1.205930526761036,1.1886727157864363,0.35420460854595026,8.932865782646267,3.664497640404574,10.25390625,0.2801721739085389,6.411888100055308,0.7305700363827774,0.06974986097169082,0.0065064358346769244,2,1,1.0
S9,1950,2010,60,30,0.0012242560802133518,3.7649654455229276,18.950641631254832,-0.7829027329736409,5.626643682396356,0.7843320003305453,0.12615587925764604,7.108286285667734,24.384687284903084,21.23085676945835,18.0,18.0,1.0222991101246852,1.003507365125349,20.586805905837284,6.857745484595582,25.731531569163934,1.0841510127133338,1.0149830858201996,0.3143098449375553,9.173418083459762,3.3721977124832048,10.25390625,0.2910434884610831,6.004588375287303,0.8496597883036489,0.09067461399820391,0.008614497099559046,2,1,1.0
S9,1980,2040,60,30,0.02475164206151166,3.3682624817229,15.72551095217078,-0.25349939039848,4.996302521331968,0.49795326758376074,-0.3340924087766499,6.606244986259988,22.819268109975877,21.117054480696684,19.0,18.0,1.0603898289408473,1.1109931918794411,21.342760434040603,8.288504368661602,34.48099720569424,1.5746332868306823,1.2753834512983948,0.39219581896714445,7.875774676883818,2.6511398291308104,10.25390625,0.29604438024945956,3.956886185943056,0.6500081667785487,0.08035914119898985,0.01129745454789438,2,1,1.0
S9,2010,2070,60,30,0.08416943252282937,3.665498678989288,21.50885724047172,0.14007112087964957,4.924116754539282,-0.031060970886357436,-0.019711534775353368,6.881099880591092,33.53913310621619,25.325112204582236,17.0,16.0,1.118207641435486,1.2538778738265017,19.835895700048965,8.520369432899905,31.770985312712767,2.0579103065809194,1.4232947162028384,0.397816396433126,8.53042386038161,3.462766308921836,10.25390625,0.3046701598961858,3.559073314379766,0.750143689406782,0.09855540170689099,0.01483826037300065,2,1,1.0
S9,2040,2100,60,30,-0.06608828612514574,4.351504184918999,26.9057282922723,-0.8021472297057,5.4726775846737645,1.0957689094664478,1.971512500977754,7.8082894462637915,40.269391235630714,26.702102415625173,17.0,17.0,1.3652833744258914,1.1306946511627194,20.579504228057953,9.220731876830337,32.02299845982669,2.55575759232919,1.5795065078544603,0.4444730757511107,9.635442395053886,5.387845852293593,10.25390625,0.28884027153846953,7.288777980640297,0.9496158757053411,0.20260064825317944,0.01621303814250366,2,1,1.0
S9,2070,2130,60,30,-0.25992641818331924,4.333991969018535,26.364822125413756,-0.6724108048780757,5.798380465025572,0.5957209628109401,0.8911997034095442,7.400458705688293,33.26458557350209,24.258543569062184,16.0,16.0,1.1412561960576482,1.0708619068090277,20.667312229697533,9.140688683557453,27.09967876790722,3.0725446714437687,1.9326290999814832,0.5221305943601073,9.471074116374687,4.338443494039757,10.25390625,0.3013590967945743,5.059778657907914,1.0886420778257075,0.13676619355768688,0.01462582574664306,2,1,1.0
S9,2100,2160,60,30,-0.01990635980169169,4.780914486302879,26.728049830141373,-1.2309412492471887,5.491332986196566,1.310367523004985,2.1539183359636853,7.652315994173385,34.16495485002873,25.0875170476109,12.0,12.0,1.2839754400303172,1.1636282795408084,15.43382790796512,7.001595502832752,19.56376956376956,4.571616647916818,2.4609614215246074,0.4976600820899618,12.63912556065684,6.210726433997502,10.25390625,0.2954759428133479,6.198473087135903,0.964272949628692,0.1399952653920048,0.012685771620323302,2,1,1.0
S9,2130,2190,60,30,0.035419579335981756,5.390377070517139,30.207952992163445,-0.4840120345972386,5.0543713283206575,0.6468352280573247,1.1112055758579258,7.360096449787531,35.32490329848743,23.52034862513726,11.0,11.0,1.4823396541573248,1.4532680765811972,14.160289502117413,6.615576073633729,21.02768198524779,4.073144778917474,2.3826978578142577,0.452186119145989,12.987582145873464,6.9388372450965345,10.25390625,0.25877631626197806,7.908115637101325,0.6839874443080436,0.14547860952800154,0.012179586054767313,2,1,1.0
S9,2160,2220,60,30,0.06924899721661314,5.266510754036034,30.415999713637245,0.7161708946049625,4.858148908287866,-0.3206520427759888,0.8843502774068677,8.29774518896143,36.910211596907686,25.065834974093484,12.0,12.0,1.4923564848145632,1.6923518024841346,14.535521464594105,6.5206292426672245,23.498666689403645,3.3084979328131023,2.1640757961017454,0.4333329076294647,12.520695826588563,6.855195656988767,10.25390625,0.272702315692502,7.250636474632539,0.8899654243336719,0.12122405465403235,0.010404200661574327,2,1,1.0
S9,2190,2250,60,30,-0.18042242692214455,4.2212487396693135,29.521929706996744,-0.18437225502489324,4.695572292111109,-0.20364325687306917,2.021154506409978,7.651189794914276,38.17364303101422,22.567868995016457,15.0,14.0,1.4828728571597587,1.6786077128415176,19.549418510922937,9.203736661242642,30.283234311334827,2.9983351738517614,1.7903812280324443,0.46581187869270063,10.439489729880188,7.33705065015705,10.25390625,0.301453932047284,6.224397016601238,1.2332577657923283,0.07627111794241914,0.0066125977265645355,2,1,1.0
S9,2220,2280,60,30,-0.07891558727261097,3.3080908850639634,14.572127102574989,-0.7377217010257135,4.686265195217832,0.7259318404946198,-0.23291612896663016,4.918722686160364,16.01151271998762,14.631498574678687,14.0,14.0,1.24585083111514,1.2286045392299025,19.232646452233027,12.158536315731608,37.29811636057388,2.5629593001352284,2.0952793330812103,0.4839719250460444,8.02608743663985,3.800296079906162,10.25390625,0.2498524947015787,3.7103061504036994,0.2922999950761556,0.03706455735608451,0.006831098846890091,2,1,1.0
S9,2250,2310,60,30,-0.041080430716450914,2.9249273438510928,14.70871528565325,-0.6004296568201986,3.2400780032514884,0.8729902539974975,0.5457985928520377,4.225773737465574,15.81336011036274,12.011406465751572,12.0,12.0,1.2820926583946193,1.1691993611190674,13.91632704295289,5.544358613437687,15.356987839901404,2.6089915167922406,1.9655302400730423,0.3884746232850542,7.453617152933074,3.4529247344358303,10.25390625,0.24841423442099772,3.0441212658574694,0.22253598265778665,0.030840207704773824,0.006952384044884179,2,1,1.0
S9,2280,2340,60,30,-0.025455128434974605,2.1247536190711775,10.322337003476587,-0.5327099004071035,2.9006458039339984,0.7534025104495105,-0.03523654881009053,3.6261126587411465,12.4311964519638,10.386914330508104,15.0,15.0,1.1587312192299748,0.9716850790643877,19.09323242205257,8.347137511689965,28.459104983595005,2.2913841422345893,1.9466406335920148,0.49676010231496875,5.462987284280514,2.1919076148794425,10.25390625,0.2882581770816606,1.621692338828684,0.27126302831299887,0.019415247419410853,0.0068177369793402855,2,1,1.0
S9,2310,2370,60,30,-0.03468610324918693,2.3581574230390383,10.330049903406692,-0.6230120927111126,3.325026846425395,0.6967395167968284,-0.23276285109901584,3.8555918449189783,12.412834994381573,10.876786387123031,16.0,16.0,1.1898035048553128,1.1376976230164189,19.367632334735774,7.597268414518942,28.682897059785095,2.2962049753081146,1.702320758176561,0.4612740118930036,5.545877710254098,2.3662225708075044,10.25390625,0.2807885537060414,1.87263351158273,0.24742281239770275,0.015567556029592169,0.004914746352077957,2,1,1.0
S9,2340,2400,60,30,0.0378637796212054,2.778499567083731,14.586572653373441,-0.48695552162019207,3.628561573460251,0.7713713854771309,0.42650235487002375,4.130401373385579,12.95696289905317,10.422215532477365,16.0,15.0,1.2993888105652085,1.1369266344921747,17.223864060419682,4.48771131455161,16.240974264268782,2.0047035798712707,1.4500106309720537,0.37755075200135313,6.300686466045444,2.96123731678192,10.25390625,0.25944011957711743,2.778203760605422,0.20376307125647,0.01376044982013328,0.0032215934920591027,2,1,1.0
S9,2370,2430,60,30,0.031402944734830296,3.5209397986472584,19.184428761194688,-0.15643683587703766,4.620529148385421,0.11423373789943964,0.12803228146377332,4.805779447988858,14.83926460464362,10.986687479286626,15.0,15.0,1.1171968869220923,1.267970868692432,16.452862021910544,5.197707948873689,15.0711427890093,1.711782834052735,1.2462100980558857,0.3091080476068762,7.433051438254611,4.475408901620621,10.25390625,0.23823437597197653,4.814650125687158,0.23056262991185436,0.014580787976052684,0.0021591977915757345,2,1,1.0
S9,2400,2460,60,30,-0.04188322936860062,4.566009711007658,30.7790618704065,-0.10311948690236816,5.441971070148687,-0.3927366687066553,1.875884493856626,5.735482699955104,26.257584063788464,11.988326631978238,12.0,13.0,1.2163764625923155,1.3303709212845403,14.405415847159935,5.252283243591522,17.393957133493014,2.1994603234170227,1.4353675299476432,0.30793296502275863,9.997304954823706,5.709119499456037,10.25390625,0.2321347430886148,8.252919521838955,0.2592723651405137,0.019053327664919885,0.0016976709229054557,2,1,1.0
S9,2430,2490,60,30,0.04972496618634605,6.073905796841208,35.98234105639682,-0.6386686837624358,6.0393963144918645,0.26803834054875364,1.3515029183917715,7.382712982323572,30.28222626363437,16.13399899372208,10.0,10.0,1.3403615334602568,1.4679737753662672,11.481504041316889,4.6770833593271,15.878038915922136,2.6868117533536258,2.026462885585766,0.3381284577479759,15.838991111726408,8.45159415962108,10.25390625,0.23055539190438057,13.404650608702015,0.48920461806597637,0.05413872607819592,0.0029919560752661783,2,1,1.0
S9,2460,2520,60,30,0.048662892722904125,5.4103405966565,34.12728375311867,-0.8896898017104895,4.930526182706566,0.7651046360045071,2.0824462434688416,6.61960120339753,30.31753980836651,15.149633821740265,11.0,11.0,1.3442116881535977,1.3645096469900475,14.118831485424014,5.77510038736878,18.06802965556988,1.9539433353664917,2.0535814608450598,0.4079654394912991,12.112578875139096,9.015684932730576,10.25390625,0.23288367157540835,10.457508373561295,0.4188556614869942,0.041671429677212324,0.002923805628317078,2,1,0.9540952380952381
S9,4050,4110,60,30,-0.09066520714120056,3.3674227349837307,14.798017797125528,-0.057692011755392514,4.6656532910588995,0.046793249198324505,-0.6502345303238886,5.73862061501998,21.77416459817014,15.27513677681846,12.0,13.0,0.9461245987945495,1.1332761226224892,14.642449759103407,6.826400711995041,22.314746914856592,2.4411775345316533,1.9021679316707572,0.3863849176633558,9.993418959929725,2.508400001759688,10.25390625,0.27430939656919695,4.53561533351422,0.5583886819023759,0.038663947080488405,0.005160758358879812,3,0,0.8625714285714285
S9,4080,4140,60,30,0.04223483151240388,3.2023341833801804,13.350918380433402,-0.16755814327532675,4.934409973531244,0.21878725050752723,-0.9017113689855654,5.587959171003341,19.66811696017956,13.766191965307314,13.0,14.0,0.5623249706084572,0.9070484343670915,15.255775095778313,3.8312166121151816,14.055130844624255,1.2165148370628542,1.307946468866177,0.30800230827495406,9.349600292851415,1.4908274169477722,10.25390625,0.28645035730067525,4.211579109612447,0.5036229043436844,0.019038510893753118,0.0026049478797535394,3,0,1.0
S9,4110,4170,60,30,0.04979826985209003,3.389441697953359,14.370760424011028,-0.5981323395556783,5.412255696167421,0.3578925243740886,-0.8518469507096391,6.165525308444558,15.303614831149659,14.644187823277354,15.0,15.0,0.622522144895267,0.796866352406693,15.970692350135693,2.7447563456675836,10.015348699229985,0.5345536144476019,0.6544802901761605,0.1692368358987407,9.924810539199516,2.117199531940539,10.25390625,0.2782713916649201,5.727961590390355,0.5630668478224873,0.015564332882501909,0.0016242219914289215,3,0,1.0
S9,4140,4200,60,30,-0.09654657348550189,3.926311972499688,16.969492445296577,-0.7087277951760639,6.054541745999982,0.33437874468632195,-0.7930829994056654,6.852150642427961,17.12880581351255,15.67940578298335,14.0,15.0,0.6084084312654382,0.8785227674492964,14.92236111035706,2.611086805575495,9.380525794355801,0.5020117691115723,0.6413482056034908,0.15524881416731218,11.439245709752097,2.4763387808965462,10.25390625,0.26538089722377606,7.404944435917617,0.5696419343631803,0.016459378654603875,0.0014040263830715173,3,0,1.0
S9,4170,4230,60,30,0.021983102394235014,4.210343577884795,17.426943201919634,-0.8891258480334208,7.22591281837526,0.34851763382671047,-1.0001742353423546,7.829185276123483,16.571353375597162,18.51561757944367,16.0,16.0,0.5234213877599534,0.6035618789565318,16.729192543955357,2.2060831397875114,9.319955216354577,0.5409254029394345,0.4972131313221561,0.13619079352226846,11.90656594773759,2.1210006833336306,20.5078125,0.28911464089371425,8.294629649223623,0.894985927473546,0.019480965555520945,0.0013458703896906028,3,0,1.0
S9,4200,4260,60,30,0.08240595734535201,3.9384029212418583,16.58413274147495,-0.8623474500522437,5.853535525159627,0.4359935265106374,-0.8138509211742924,7.304065673612855,16.48493385817671,17.458375644469932,16.0,15.0,0.7122969617978251,0.7385091355915121,16.152113794889853,2.0847188505937875,8.0204627946834,0.6729850608507443,0.5511426514272164,0.14562515010407337,11.07993333387066,2.5209965142277215,10.25390625,0.2802075398606816,7.715698664054811,0.6978051511479674,0.01798515604880685,0.0013908999456745904,3,0,1.0
S9,4230,4290,60,30,-0.05016227340080052,4.089895654080328,18.247800924651784,-0.6143863746960443,6.124725354656076,0.3846049740788298,-0.624411538471414,7.08269044900863,18.681778272336658,16.110512118445552,15.0,15.0,0.8920502709763954,0.8898030923505192,15.667732684573279,2.259205746295894,7.930090761679054,0.8440468414985285,0.5959367920690983,0.15225059470468894,11.254178121978816,3.6030627875488777,10.25390625,0.2668827148584914,8.249030161165091,0.5704014718306251,0.016534902783563437,0.0012633538200447715,3,0,1.0
S9,4260,4320,60,30,0.07868850584771099,4.323991331750001,18.183874961131735,-0.8225052516459459,7.06820022080937,0.3345438229641247,-0.9201896517011101,7.782033223991179,18.851126029064336,17.848299864869006,16.0,15.0,0.6391284905791178,0.6693825995688062,16.174118575103826,1.7625525264425121,6.065943588608457,0.6644011310750161,0.40664275607191086,0.108336266587716,12.015193141819074,2.8264008478168106,10.25390625,0.2766492492015376,9.212440554397734,0.8423026572032118,0.01870250634137562,0.0012236246700898653,3,0,1.0
S9,4290,4350,60,30,0.05368952813715341,4.313237555404547,19.45958322026349,-0.8688440906396764,7.118469685861397,0.45621823382283316,-0.7724319761009983,7.681138336949866,17.36900042779883,17.66270222663177,15.0,15.0,0.5381955361820647,0.43738135182493443,16.231687170219697,1.1064333676343239,4.2809916044998015,0.377697934842516,0.2366537731156268,0.06374424804257875,12.074052178229621,2.128843152137208,10.25390625,0.2754493658553483,9.558489287430003,0.8244884164746625,0.01828597734588924,0.001162002187215558,3,0,1.0
S9,4320,4380,60,30,0.06964884959332199,4.579699922587594,19.86220020556204,-0.6871912590444256,7.416433775523764,0.22338678804935266,-0.8522082628281669,7.484608536833517,18.331106476284575,16.791161133000458,14.0,13.0,0.5831726543726069,0.6209022163513169,14.269834322790256,2.326981367496315,8.462732919254657,0.9412146588391009,0.8709960264030497,0.2005177049248065,13.314188343419698,2.8145189524361105,10.25390625,0.25870112495573444,9.596820035700036,0.6972939573498779,0.016322300271255554,0.0011060662993046726,3,0,1.0
S9,4350,4410,60,30,-0.017039551962733154,4.496176601005349,17.648610624431214,-0.813490475481943,7.772228001484983,0.2646201811078806,-1.068489859649201,7.860029055925391,18.800589711839333,18.290135870262617,15.0,15.0,0.60255470171736,0.5895245645069703,15.389122589023222,2.2253307797089703,8.131161168044487,0.39662884753905253,0.6201325582789278,0.15552510674412662,12.797624215771402,1.8776152752586672,10.25390625,0.27339694884069116,9.05962035962207,0.8391404642617918,0.019696562132889815,0.001328088911143572,3,0,1.0
S9,4380,4440,60,30,0.10311118288785673,4.215356881197583,17.901015341876114,-0.8452282545379176,6.853508449566382,0.3957068880025275,-0.9129733151090176,7.825258347858492,17.89259950700699,18.72699785797207,16.0,16.0,0.5213616883062775,0.8128909477776411,16.121597617034762,1.6106860419747953,5.896100177314727,0.5464545145235314,0.36997718873115115,0.09843808234535495,11.926362650790638,2.295989624675933,10.25390625,0.28308737082998764,8.294482439668215,0.8659649387221724,0.026758544846125658,0.0018949338920355293,3,0,0.8374285714285714
S10,90,150,60,30,0.022423009407739808,3.1272037285109353,16.532463865594146,-0.3924223247122096,4.935532179033382,0.13115669501003568,-0.32383677247936005,5.017829432001443,12.58965223723889,10.823641882168388,15.0,16.0,0.615248642721574,0.9306674862296538,15.899387018917439,1.9458235624566909,7.016551295704652,0.2953116120213739,0.5186351248739516,0.13517977137064083,8.393326425004895,2.4130184760766733,10.25390625,0.2566516203968972,4.694088620845114,0.2512226458182789,0.008813604834120596,0.001236911887823975,1,0,0.9523809523809523
S10,120,180,60,30,0.008787542850956297,3.408420460832799,24.148281300240335,-0.38141280404404165,4.1997746006298335,0.1943451902322725,2.5042111300749506,5.667089135491067,26.193148688919976,13.403363970297844,15.0,16.0,0.9598216007435695,1.4270536647912195,15.915653091521907,2.4238206415631565,8.510853625864177,0.6170460597673494,0.6914525527128099,0.17850517680212685,8.420528182380984,4.755340838718673,10.25390625,0.2667812386562018,5.525340644539663,0.4698144754451362,0.02312477086519809,0.0026293372091515843,1,0,1.0
S10,150,210,60,30,0.04152693771979513,3.2697892146579273,24.20301641682628,-0.26945395954672,3.7583159815971823,0.14802059853840574,3.37203127485179,5.461338462070641,26.230850276234197,13.464840935589471,16.0,16.0,0.9206695053174252,1.446888705280379,16.988240667080564,2.8382669689146343,10.9915845151323,0.5814076363878838,0.74844255524616,0.20481227078667397,6.978361004883882,4.723223083338654,10.25390625,0.27141985407745883,4.529295589088563,0.43335111573607543,0.01967391819455134,0.002674935424636534,1,0,1.0
S10,180,240,60,30,-0.022741968801133206,1.9664790922438435,8.197070715832956,-0.5757189058939751,3.3014240931725913,0.4932614372797531,-0.9611635558745504,4.082044486685635,9.482246455335552,10.72649044446335,18.0,18.0,0.6898195913416396,0.6914469380897512,18.378387113365402,1.2948261671562138,5.148342535904593,0.29650816487364173,0.22389907513822133,0.06825316991943114,5.696331457080159,0.9237403047859909,20.5078125,0.31989233402375833,1.7951364632293978,0.2977102534150285,0.013061786056226573,0.003682782199460285,1,0,1.0
S10,210,270,60,30,-0.06479820238282276,1.921454782094187,7.949159333039072,-0.5256994491510893,3.1130150719635425,0.3949056718259147,-0.9267859358212243,3.901294531923905,8.532187388832835,9.967732377514496,18.0,18.0,0.8039494583071414,0.6376084150017572,18.204676697879552,1.3528797684893166,4.7993750309770355,0.2552349857664182,0.23744743972572116,0.07166179388120927,5.345215581377558,1.091562873012597,20.5078125,0.3135479369095181,1.6646805077316202,0.24370783996932927,0.00913744005026263,0.0028567400917419387,1,0,1.0
S10,240,300,60,30,-0.06566160851632986,2.41763381264239,12.478390428082072,-0.4946587259930619,3.6849397009087808,0.36595328237573344,-0.46425069583091494,4.973288793092306,15.512412979751765,12.505989668017634,18.0,19.0,0.8213873254636864,0.8479755721253847,18.996607562821993,1.9679670493870387,7.854287240030596,0.49767866753805,0.32463915315518593,0.10170881506323126,6.671560057947854,1.8138482885208322,20.5078125,0.3184205064569381,2.4237153000999387,0.3688174292483675,0.012494156933891628,0.0026251594273333117,1,0,1.0
S10,270,330,60,30,-0.04279640332625722,2.627121613724889,12.4830829488194,-0.5440031878935067,4.406580514695867,0.3574106857581488,-0.8741139709960928,5.376994855875984,15.454370675336303,13.094253518965747,18.0,19.0,0.6055690437744038,0.7045872182990932,19.067333229542445,1.6817439418853775,7.848532319093618,0.4644446156652137,0.27527400630410565,0.08681651317234329,7.398084989271305,1.449723964046453,20.5078125,0.32220019656098475,3.08551736711382,0.5103422692878427,0.012330876881963894,0.0019917159878121648,1,0,1.0
S10,300,360,60,30,0.02184956947165783,2.396383520280346,9.674307506779549,-0.5267931125714467,4.232424002523583,0.3622098185215885,-1.1676042600805037,4.68834500810747,11.267643751375012,11.13715817175441,18.0,17.0,0.41735123104951394,0.40101886190450325,17.64907779005455,1.32459633947285,4.169753623548717,0.26151028192218445,0.26655589347667896,0.07794989635496227,6.7851923215234216,0.9786504565517845,20.5078125,0.2985070472047083,2.613064941032934,0.2777031267224313,0.006922230206697801,0.001467223180826557,1,0,1.0
S10,330,390,60,30,-0.02713201848590428,2.256940720424446,8.793159092820558,-0.5479080712944,3.917097343962051,0.2984138047966775,-1.1413501567729996,4.473564444289535,11.12772646777762,10.790517283412742,18.0,18.0,0.6249946532704517,0.6888408518358471,17.910194260275194,1.3742472319840942,5.6375796592070895,0.2700318858723079,0.25478326414234465,0.07561465554265659,6.48906323831624,0.9191964374922753,20.5078125,0.3044894840411665,2.3355852744647687,0.28207487115301627,0.008614448376941457,0.001993263180043629,1,0,1.0
S10,360,420,60,30,0.05137366613765402,2.6910844462022148,18.943187765949933,-0.23681049908428425,3.7680933586755376,0.07252345603865702,1.5718251237172325,4.819563636184273,22.414921313017942,12.36925606131778,17.0,17.0,1.0107232986970298,0.9879172385707031,18.520864803163075,3.3031305944630747,15.164558163539837,0.579367588600785,0.7183291303274849,0.21380547608673708,6.465681939091944,2.2866224598352662,20.5078125,0.28665323251469493,3.181355802976089,0.3299716867816069,0.022211541444052157,0.004059433288825924,1,0,1.0
S10,390,450,60,30,0.04386344422736609,2.4623395427791435,18.982613126788102,-0.07600532890375261,2.536220880233136,-0.09578326925675278,3.2663353738507945,4.447658014593083,22.4422716787835,13.029063617438,18.0,17.0,1.265558302601914,1.1757218570419683,19.703872176161497,7.188603781108679,30.1058946835809,1.0350695037295903,1.077090356161677,0.31697146767376305,5.173210004515905,2.823005984715054,10.25390625,0.28487011420647806,2.6139168476359362,0.33373810378153096,0.03171678028593336,0.007120879037347334,1,0,1.0
S10,420,480,60,30,-0.016035118127375476,1.3691986232698345,7.339822391675913,-0.2674639373461183,1.7299939997087266,0.5304361960635346,0.016840028026957832,3.1311695969747317,8.81901193925112,10.376964878926518,19.0,19.0,0.9142944053682958,1.0246486359766809,19.925908675319665,5.984862205673697,26.8542199488491,0.7717895980599047,0.6105142261302207,0.19166511147977525,3.7065088465556477,1.0531539489970716,20.5078125,0.3434406284194459,0.6854834773944847,0.1897556791476601,0.017517544270115936,0.011801634950689713,1,0,1.0
S10,450,510,60,30,0.011419880952992194,2.5497653189948633,16.00400688800553,-0.2085237785023844,2.585718140125711,0.004493097479768283,1.0429584378448817,3.852782261702147,17.731889111647583,9.63057002113742,16.0,15.0,1.273117768095015,1.4074905418130828,17.218135443565057,4.34851216517127,17.52000005915172,1.9679676438474083,1.2342815770065876,0.3266859055372733,5.594062687836381,2.722989398615446,10.25390625,0.25590229365727,2.741246681572394,0.16544305795175018,0.015542758360091393,0.0037717139077280337,1,0,1.0
S10,480,540,60,30,0.056365813105707395,3.0530533285610533,16.457516624502865,-0.3353800496181075,4.668870955826209,0.23764577385403357,-0.4203865460563634,4.750492715644329,18.01298524290771,10.72065197908695,15.0,14.0,0.9953657453932204,1.108584122534111,16.532685408014228,4.98037921941936,17.475487495868677,2.244266198388856,1.27392697250613,0.3195169127161998,7.344778905974694,1.726048228419195,10.25390625,0.25872352599211257,4.087189492085545,0.27964856379421094,0.012205218702099613,0.0019421366686626193,1,0,1.0
S10,510,570,60,30,-0.022159655313357927,2.440366125830101,9.788927584531056,-0.5395517406353039,4.164878091692638,0.3685557378785547,-1.0259018161201816,4.464567500654759,11.048031842562732,10.304474633140655,16.0,16.0,0.6361188716676826,0.6327731626942071,17.00162823135225,2.8898398067401443,10.84487836180916,0.7585254992052716,0.5389197728251861,0.14890028720533785,6.850652227933887,1.1648128269592948,10.25390625,0.2817426709089567,2.9471576246859934,0.28747548333727235,0.007922180516051775,0.0015834952776290865,1,0,1.0
S10,540,600,60,30,0.03309978665772324,2.578793767058956,11.525920134781234,-0.5276027358860613,4.429033904922651,0.3816505420708777,-0.9380465109461338,4.361355801780268,11.367537971205932,10.010546939199212,17.0,15.0,0.9131651062201975,0.7745403467249147,17.622264588799936,4.138708364738167,17.639899227789506,0.860116824844714,0.6574047420713963,0.18505411458730367,6.4521483048329955,2.4069404256275457,10.25390625,0.2666733588723756,3.2152623949283776,0.1887717653912383,0.012479892129467816,0.0024556056278928038,1,0,1.0
S10,570,630,60,30,0.027381546715299247,3.0603575670251497,18.735668896035754,-0.05493796473766138,4.025003224153769,0.14901424908632405,0.607228567892097,4.675771498578812,14.866631872720525,10.406034827280271,15.0,14.0,1.1520474625924348,1.1000622791377506,16.379206394836345,5.055370405625255,22.555536874110768,1.5066276917572765,1.1970991245656388,0.3001169460410146,7.482109440411489,2.818233698604865,10.25390625,0.2527019629554938,4.3019861760406215,0.2212486182225798,0.013265133939311684,0.002065829105163859,1,0,1.0
S10,600,660,60,30,0.00515287323980676,2.7042451993282985,18.62845957094717,-0.05016415982184918,3.190073930869055,0.035498274587558463,1.854999552049894,4.26973741260254,14.818303286842216,10.02099462537857,16.0,17.0,1.0357521125758933,1.1730268844054756,17.686323472358392,3.5310633028768823,12.549755192395555,0.9871937285689916,0.690291824318591,0.19574020781941737,6.046096305737308,2.787816261964099,10.25390625,0.2655486493299756,3.158437189684588,0.24435119814435763,0.00886418735483002,0.001775227992415791,1,0,1.0
S10,630,690,60,30,-0.000520622437151027,2.3285111613481946,13.184331980993637,-0.27849464066097496,3.2851342867497255,0.13099263597050262,0.12222640107417293,4.121466307986929,12.659478761411735,10.372957079939809,18.0,17.0,0.9497441411261222,0.826581914769726,17.747335502414227,2.9443259248669302,11.20873738532237,0.6448941931884357,0.5151363728797004,0.1486883389266623,5.848067285141553,1.6128427910835645,10.25390625,0.27560344546031784,2.399881960870821,0.21533174133840643,0.009002095705548455,0.0022760527570132826,1,0,1.0
S10,660,720,60,30,-0.06848273512240051,2.385183924860195,12.09745327456545,-0.3658608377389403,3.4609546084908596,-0.17401562350314875,-0.02314285793647075,4.258731046294185,12.172891116781571,10.358957422425147,18.0,18.0,0.6719819419908403,0.9583511647950149,18.039933187568238,1.9765264617686216,6.865122061702614,0.4328995735922208,0.3896624066895125,0.11568452060986452,5.94224676764518,1.2935356021113162,20.5078125,0.2917985258114509,2.176562330690087,0.22975701748632257,0.00876241299804199,0.0022903846018570173,1,0,1.0
S10,690,750,60,30,-3.0066602531262344e-05,3.0472340353996787,18.997436990193783,-0.2511144670827231,4.130448363018397,-0.2575687161533514,0.9803551613002859,4.9896422754663865,16.755926102247145,11.804199005707028,17.0,18.0,0.8529490471626595,0.9714215202790911,19.0438389806822,3.174287657075452,15.608391608391608,1.563453181371331,1.0181620118302313,0.30731168061278435,6.647406353927155,2.8772338224190475,20.5078125,0.29106748932530974,3.067001329693145,0.3250812931856029,0.015608288609910941,0.002895562674674394,1,0,1.0
S10,720,780,60,30,0.03967671815704045,3.2208622973592664,19.32325011401165,-0.35399436464502176,4.574627463323701,-0.162965203530061,0.26080317521793983,5.294688243282374,16.885719063406857,12.539712776006775,16.0,16.0,0.7772634292998571,0.9418310971095386,17.21510090304076,3.389128938900033,15.0375,1.6723151320473773,1.039171892528961,0.28257380410095023,8.019461870410682,2.6849175691079403,10.25390625,0.2755868690207541,4.32234972128898,0.3347813807936619,0.017635740302759904,0.0024819839047429647,1,0,1.0
S10,750,810,60,30,-0.09513013785012825,2.4826047600507777,10.763914296830727,-0.606488056873075,3.9282781750110156,0.24625369255875973,-0.8632092190464671,4.519449349904099,12.298227083551083,11.316153378622442,17.0,17.0,0.8348281563923388,0.7241994764907514,17.890611242211122,3.3060322793665526,15.27462627561826,0.6426903487323747,0.4950236334159271,0.14382382666887294,6.571264455190148,1.766378735144764,20.5078125,0.2871492903722584,2.755185567304549,0.3011837000868729,0.015439841083767517,0.0032397572599153096,1,0,1.0
S10,780,840,60,30,-0.09489081617764794,2.3208217273025666,11.337857884568448,-0.3943753909703364,3.8528926888195665,0.31578480165471395,-0.7736781159957178,4.362846410667817,12.302054710690546,11.383481976001388,17.0,17.0,0.7781007710958472,0.6784524420241111,17.544346040342695,3.6402896893440957,11.367439912748706,0.8995264060059831,0.7728953843770362,0.21603804200311477,6.262301147315448,1.183891869562229,20.5078125,0.29989958036397135,2.2032728244086797,0.32648462276590673,0.013814367594532688,0.0034060030623865537,1,0,1.0
S10,810,870,60,30,-0.03934008322025829,2.66583405942247,13.552012293148588,-0.38894466315732146,4.250890048696908,0.29235453347155166,-0.5704263980119793,4.907064258848068,13.626823080250317,12.044098723621845,16.0,17.0,0.7394947741266736,0.895972418152287,16.807238241123695,3.465452682032287,11.221185525199145,0.9755196716302595,0.7651144061000085,0.20537621146944013,7.474530213910821,1.8274807169536342,10.25390625,0.2849266814176898,3.2724824174554983,0.3716869306645061,0.015999858019203075,0.002835201367612037,1,0,1.0
S10,840,900,60,30,-0.03671099029129167,2.4750169591290145,13.891175017930415,-0.6382803147815432,3.9463180614433044,0.45019699111213785,-0.33210508228035795,4.75169211003123,13.716843196395311,11.719086445939043,17.0,18.0,0.7038826356954366,0.8000556835499324,18.19555805750673,2.439621172963906,10.851204169951254,0.4621526090087618,0.4519760239346051,0.13464906152593636,6.68214949859031,1.9030959150171392,20.5078125,0.30077990347681927,2.893312068385304,0.39772807332539023,0.012525948471352903,0.0023529722131676147,1,0,1.0
S10,870,930,60,30,0.037375813233241253,1.9565644584681499,8.359314235972668,-0.4100124921152828,3.384612603527378,0.43034996499363637,-0.9954685191581305,3.943280946216852,10.886862117115752,10.012241871501933,18.0,18.0,0.48833844413314775,0.5575295337793295,18.939848058622594,2.7225960188310676,10.656225836222593,0.6048061124637129,0.4676856613511754,0.1446250031203936,5.31586321624174,0.8938500521628879,20.5078125,0.3161721207895542,1.614589340898636,0.26059061715911314,0.009940921390782996,0.0031424876789372404,1,0,1.0
S10,900,960,60,30,-0.05149395316081594,2.135725946782866,10.906446365059825,-0.5256465409153214,3.4333817957641113,0.3444799696027391,-0.5855962621985311,3.9961165552679567,13.662563519747328,10.368305425370181,17.0,18.0,0.591293468181632,0.732978713048473,19.380527442209527,5.108954528063352,24.930347474110285,1.5541172002486954,0.9611081242662618,0.28955269506622905,5.613234528785043,1.5040815560278595,20.5078125,0.30015168243148543,1.771364295417998,0.28320817249190355,0.010551368056291126,0.0032264791041145212,1,0,1.0
S10,930,990,60,30,-0.04633365910266607,2.2656538446591314,10.866171331050804,-0.46268814461599794,3.7320526819533666,0.2860448702536342,-0.8375101744582119,4.328248471863038,13.63737229995461,11.048980448053339,18.0,18.0,0.7072659544616606,0.6159728814067106,19.624711335850606,4.693554717971524,24.932443381641242,1.4763663681692374,0.9023422980037863,0.2780823884146956,5.900383362006574,1.645268512097982,20.5078125,0.30256874447485516,2.13538707856344,0.28811510417783154,0.011287395426906913,0.0028625198200429467,1,0,1.0
S10,960,1020,60,30,0.03928224367858797,2.8284523872635448,18.047652289722677,0.16709059087799444,3.734210785803665,-0.12998038406976642,1.2718459217293026,5.058789633874322,21.633812881970815,11.872735208307969,18.0,17.0,1.05748657166702,0.9356458223924297,18.563838076783128,3.7134340536152752,15.239959854107445,1.3604344950441833,1.0284080443641392,0.2999302925748905,6.607276233151466,2.321306190506458,20.5078125,0.29265186699291307,3.28427705134546,0.42419225265781113,0.010915442840911315,0.0018564799668983045,1,0,1.0
S10,990,1050,60,30,-0.010195963309705205,2.802375187799873,18.040320703599406,0.11254339882892245,3.472516469610954,-0.11470722191516376,1.418434402984846,5.051625640342338,21.629287841094282,12.100002274828151,18.0,18.0,1.115098983196315,0.9946834797390757,18.94375786622589,3.818926502860261,15.22257053291536,1.3659578851039116,1.0439373396552467,0.3098741417285467,6.5136086906811,2.269077355178474,20.5078125,0.2963767502709248,3.241519164179737,0.4849810109450362,0.011042627904525211,0.001862571144830779,1,0,1.0
S10,1020,1080,60,30,-0.026680856258338048,2.3133668865842534,11.696189574842471,-0.48122185155433117,3.74710956702355,0.38606016351935085,-0.5761687693741981,4.2736357051518725,9.10558842208431,9.772187118275468,17.0,18.0,0.7130466063914641,0.807523496692791,18.407841968427924,2.7825561554892464,8.970613943573806,0.49232434969857264,0.5269942383896795,0.15785866461525572,6.1855763417469865,1.699427082304186,20.5078125,0.290676034752766,2.5613427789985317,0.29272112753405644,0.006489257715719697,0.001431791987422393,1,0,1.0
S10,1050,1110,60,30,-0.057717066706819725,2.4803993095635497,10.970609554012636,-0.5415058524718209,3.9136395383357456,0.45523068896596114,-0.7032112829846224,4.287060334653881,11.265688884127556,9.115155335705218,16.0,17.0,0.6970139120236163,0.8860593896914501,16.76115094636384,1.5426830582048612,5.374100526977504,0.33324077918169165,0.3536729980775476,0.09791353072518919,6.719730193239979,1.9767370082039646,10.25390625,0.2707013646852889,2.9259440797580827,0.16916759706113754,0.004610904280843307,0.0009804588226739834,1,0,1.0
S10,1080,1140,60,30,-0.04080347845166178,2.887981656455074,17.355745820494473,-0.4456810215088354,4.226260232795031,0.16091402139272987,0.45022146192608803,4.7714292557383695,18.21323359273923,10.964495075002985,17.0,17.0,0.7929379027004919,0.79845929463169,17.65123415382731,1.8470242054934323,8.532617351930645,0.47210254852789196,0.356477192146157,0.10375096284072964,6.910882234011914,2.091270387845771,10.25390625,0.2695844703120914,3.8704461399880885,0.2581869315769842,0.009632261743215713,0.001552471595754225,1,0,1.0
S10,1110,1170,60,30,0.061131995631224595,3.125156658792633,16.823997736863365,-0.33822678966409625,4.612736969959968,0.0665661932686751,-0.0947271731768149,5.345540203802309,17.981930860925786,11.850550230939659,17.0,17.0,0.8390719543580208,0.9295150167226842,17.682728941702912,2.092397170787317,8.802433481030757,0.6556743425950224,0.4081891318334416,0.11863499783409139,7.701985680785056,2.3040586037285946,10.25390625,0.2751811677542965,4.533389346267419,0.342102858187934,0.010790741944436442,0.0014486695933671391,1,0,1.0
S10,1140,1200,60,30,-0.025066229088650437,2.6378281008360025,13.199393591415468,-0.25498911997674234,4.102150235677806,0.0019357358208085234,-0.5790751687255828,5.018051863705097,13.306501027259499,11.700820829559216,18.0,18.0,0.8898524910964501,0.9544764164806521,18.256207091996068,1.8466872086057153,6.567344286642534,0.5170531936871107,0.33891965839891,0.10206356754092084,6.95041258580851,2.2850683904945774,20.5078125,0.2962582458682734,3.3420095171678006,0.346488074745339,0.013229337987035683,0.0022064442931690152,1,0,1.0
S10,1170,1230,60,30,-0.057863687548930835,2.3919050964932094,10.215827863754036,-0.2466555949259104,3.8485138861884467,0.12451160462957514,-0.9398891145409642,4.660729416400556,10.783102193257177,11.430550998384028,18.0,18.0,0.8898593198640388,0.8332156129430448,18.62948864531497,2.2073802155090436,7.558445247998245,0.6491217575481883,0.41212361309033696,0.12606408235290362,6.471710896387809,1.6142708382242852,20.5078125,0.30628916151612123,2.4509754974146145,0.337326239736921,0.014638843744161332,0.0031753804130167265,1,0,1.0
S10,1200,1260,60,30,0.005516303779374506,2.2801245000684456,10.589406193038752,-0.3577749242595998,3.7739019264617975,0.1611086699829825,-0.9064113220910843,4.637146801549538,11.600854287821182,11.461733858346637,19.0,19.0,0.6606782808327453,0.810714540077152,19.338212200711553,1.485190412021495,5.804938698311201,0.2969417952594561,0.25160077075757337,0.0805920711700586,6.1773180336356734,1.1850639257497344,20.5078125,0.31755323834825677,2.312839542290646,0.3628253100703306,0.00977355241784264,0.0021462186916606997,1,0,1.0
S10,1230,1290,60,30,0.03405893458809023,2.5747756562786606,13.227937575435,-0.1776785309369038,4.20584780013177,0.01354781161115851,-0.5970180189447802,5.087630268007157,23.746426271733423,15.37399283658581,20.0,18.0,0.8460976746217149,0.64945312663117,20.558620841669807,4.976771222045228,21.026509613026853,0.5841166752023375,0.5710153333659277,0.18717661393421497,6.259177901338855,2.1056846339017827,20.5078125,0.3016999978578891,2.6550434497318154,0.30617225692163336,0.014136232373016509,0.0029109511786445832,1,0,0.7142857142857143
S10,1590,1650,60,30,-0.008886242748534409,2.21426412803215,10.687941771328031,-0.4489626108213852,3.4186081943314175,0.5149668569809368,-0.5039413471025433,4.370845681284419,10.907050260972696,10.82539372996231,18.0,18.0,0.9873760825015584,0.938228238006081,18.03179548596168,2.6762096938853963,10.016365686031273,0.6548707809911191,0.5180283436988383,0.1522145556684406,6.099531678589427,1.9971535232146822,20.5078125,0.2999393972341654,2.238293060966534,0.2636460547386208,0.008134071837702114,0.001988200345709757,3,0,0.9023809523809524
S10,1620,1680,60,30,0.04680980655860572,1.9691553515882554,8.982001612391638,-0.25854558916626114,3.30743769820599,0.2852587852339012,-0.8901258246633117,3.850921363195699,9.38735863550184,9.020261827596373,19.0,18.0,0.8385204954085123,0.8636993195342811,18.845338724074992,2.9986495548290137,14.591865012162453,0.49825529935700125,0.39701526410133564,0.12234078426170435,5.0479030543764605,1.5346890112520681,20.5078125,0.3035010170289416,1.7521131938929508,0.1967651764806277,0.005471095118630102,0.0016919901175249392,3,0,1.0
S10,1650,1710,60,30,0.039353860057760134,2.588777860322826,12.987416151877806,-0.4627425482990659,4.073605754033371,0.2828980810126032,-0.5835743976035275,4.764525883592659,11.495454590895582,11.482396042927943,17.0,17.0,0.7174135873869266,0.7910458102646476,17.45928183535355,1.5398517683004973,4.8710888610763465,0.4797330606950177,0.3122732723431481,0.09014770859198543,6.827139615010498,2.0690593409838676,20.5078125,0.29181744891413725,2.8545060716431157,0.307482673484154,0.01292859742375461,0.002571983544151619,3,0,1.0
S10,1680,1740,60,30,0.08864349181748561,2.724249235793206,13.195133590657136,-0.39925286948716066,4.217976767490873,0.28329956055116656,-0.6463275797497054,5.010593605887494,13.653477430410943,12.061634093920347,17.0,16.0,0.7478450180135402,0.8490703109457168,17.058083006624017,1.6364776178428286,5.803073552985246,0.48732729367075533,0.32657038182559406,0.09202869053056192,7.238471210913406,2.279750588049628,20.5078125,0.28715948178573386,3.230917914665318,0.30336371077172364,0.014219486126557893,0.0025567149490303715,3,0,1.0
S10,1710,1770,60,30,-0.03186695093613971,2.432937184218912,10.843800044539538,-0.5243196302434294,4.050474204291195,0.3220180292043565,-0.967032612650689,4.767781627163263,13.5795960977261,11.469495710006473,18.0,18.0,0.7483776666078468,0.5933626206621855,18.158836678558256,1.5319775624802137,5.762138743593805,0.3773952415801593,0.2928527904382214,0.08797708285910417,6.666488616932704,1.469401116960961,20.5078125,0.30933118866246734,2.4896781743651624,0.34814196158127503,0.007844198526366163,0.0016570381127956444,3,0,1.0
S10,1740,1800,60,30,0.05867783351143901,2.685370688132386,17.350811156158006,-0.2834595772110886,4.226378769138815,0.291593388576381,0.12777443280790735,5.2333880741194125,18.217342163766048,13.948381194366496,19.0,18.0,0.5554273611090011,0.819017351302402,19.08754610343757,2.75277228820745,12.13431635741443,0.5481621591291034,0.37431031732485376,0.11709976160227324,6.8355238203320665,2.8318383300648438,20.5078125,0.3187377691553514,2.366240217779296,0.3860610339264746,0.022203565229552507,0.004760163750867297,3,0,1.0
S10,1770,1830,60,30,-0.03144674592874037,2.7994119447592527,17.408242057882816,-0.5191063228944836,4.038485670335399,0.6120247079365838,0.8100773210710663,5.408185110740485,17.93481930083649,14.33850615372661,18.0,18.0,1.1338566432025385,0.8809230715472444,18.466192484142493,3.556382653845869,14.53707640193645,0.6732666709440485,0.5674965558806279,0.16911349047102575,7.313649009770751,3.282152737805848,20.5078125,0.3065554575415781,3.3652056754140953,0.5405595442741806,0.032276586326516164,0.005090855229043974,3,0,1.0
S10,1800,1860,60,30,-0.030095709886888332,2.4247904568269254,12.351894985842215,-0.3802091949658555,3.961292645409957,0.2851073949209232,-0.70912736981533,4.678676914625672,14.166025107122593,11.456053789757979,16.0,17.0,0.7171834263788281,0.7449459587865653,16.55221355539012,2.1847454193056395,8.027859237536656,0.5916679738279267,0.5006974364848439,0.13568335827524353,6.746613923765646,1.8223894652220969,20.5078125,0.29438124111470093,2.6286884765820555,0.279956471872351,0.008980708277306342,0.001925776523412352,3,0,1.0
S10,1830,1890,60,30,0.01384853998438865,2.7185871108007933,18.07786830363125,-0.14240463910964152,3.684321332688285,0.009454563730850471,1.1215399316565353,4.927626426244499,14.453330387736152,11.676645647973958,18.0,17.0,1.0592585613538659,0.9194210210642693,18.70055232912508,4.15052134927204,16.544815544227454,0.6673170084719244,0.6411336483602081,0.19166202968036972,6.56380575345821,2.807762094713622,20.5078125,0.2916579620552743,3.2944245621204105,0.37935495297457106,0.010189350683388847,0.001746139969781835,3,0,1.0
S10,1860,1920,60,30,-0.0834027428214279,2.9911359894852185,18.066784572585636,-0.09484494459907,3.519926264349393,-0.15441284932891206,0.6223778026395399,5.451280213128821,14.44967063114757,12.771112901275218,17.0,18.0,1.2029202803048789,1.2023522366135178,18.928247645596603,4.531439773129879,19.10605696337037,1.1962674376212559,0.8781449267838563,0.2610820838305113,7.033346959216683,3.158259775579827,20.5078125,0.30056014949639137,3.5500989962186176,0.465031931174179,0.010508886621064254,0.0016060818448632632,3,0,1.0
S10,1890,1950,60,30,0.024491826195729257,2.776272241071973,16.097801013651637,-0.32388186435138566,4.108563645514662,0.27705094354751086,-0.1068327695162159,5.329967956863737,13.876006147360375,12.508234139304081,17.0,17.0,0.8485534472723304,0.8461642385053346,18.067031534905702,1.8376646989574066,6.1016585104425225,0.4908285373337866,0.36442014326368743,0.10852758999556741,7.389992405901206,2.1270901733365277,20.5078125,0.30378175686242637,3.2882703363140116,0.4162728824150479,0.007119214536170593,0.0011636988065209114,3,0,1.0
S10,1920,1980,60,30,-0.048982072915756916,2.630482673005962,13.085566670002237,-0.4378242155607933,4.1580989674338635,0.19091243849518771,-0.6714880080189554,5.043935458559157,13.301546286100985,12.124901128720905,18.0,18.0,0.8240141271373033,0.7951557870232541,18.307273163261396,2.8931680170772758,12.596606573118981,0.7042626227741572,0.6072558587521759,0.18016316926329823,7.176121332140058,1.4912542043805137,20.5078125,0.3058743662364209,2.9321256953449546,0.40779322463277795,0.009123937786066447,0.001654409066665017,3,0,0.7976190476190477
S10,3180,3240,60,30,0.08915461100699275,5.689571670837886,38.00981271462055,-1.2642848099336077,6.580521727380717,0.3291697222894886,1.3267704845371657,10.482182983148556,46.97546711099001,34.605453349619246,13.0,12.0,0.9532334479887865,1.3065407553461998,15.756636293213733,7.475982369646375,26.239989782612234,2.686661963224666,1.7690993230923995,0.3862059959970933,15.830669436059708,6.369936855427736,10.25390625,0.29756410164814884,12.41838384933209,2.2096187960439724,0.23647246694286783,0.010587056029004796,2,1,0.7857380952380952
S10,3210,3270,60,30,-0.016453167823350778,4.9846309149052335,22.721898479029846,-1.4253288442725227,6.767396961806213,0.7587883793760669,-0.1751619054157847,7.7994131449463815,26.274397712877384,23.98821682764979,12.0,11.0,1.01763914484462,0.8902412744490674,13.07038235835448,5.595463503361528,15.254618367422147,2.985302090480723,1.8904663924478713,0.35151508589139624,14.134591433419812,4.057827196087352,10.25390625,0.277175520934757,8.203667383914388,1.0085195705206018,0.10318349168071554,0.007589226687629755,2,1,1.0
S10,3240,3300,60,30,0.06349476969371355,5.135006536418405,36.08844058877527,-0.18805101254113077,4.1983159365978215,-0.013735938576514985,2.724438706918945,9.336273154238683,39.16187653139049,30.498940846187207,13.0,12.0,1.6493381094190196,1.8478718679178976,16.556885896644157,8.51799733430173,28.99473228962127,2.6656161853303937,1.9188401163959046,0.4244327200791447,12.275789755769681,8.316495792909583,10.25390625,0.29494812091596656,9.784734463097148,1.5958016233115717,0.20064215564759144,0.011461378159426413,2,1,1.0
S10,3270,3330,60,30,0.1665003038715484,5.049719595942428,36.67198269269965,-0.051122508020981006,4.170133769140149,0.023315680094784512,2.26239113031552,8.809182149781714,39.003134387310425,28.343059155097908,13.0,13.0,1.7960074599341658,1.689694062663819,16.394551069449957,8.618351654000337,31.871789952604335,3.555901363697929,2.4393560146973035,0.5183554395005654,11.073861988710348,8.379218289289213,10.25390625,0.28165457521946674,9.053211018094316,0.8671744247420076,0.2172526265912994,0.014481021543218571,2,1,1.0
S10,3300,3360,60,30,-0.26338376329361346,4.561066525195736,30.79957729124245,-0.9357497358515464,4.925657799300207,0.5937001992849533,1.9081020034577865,6.916830879399211,33.29348964417793,19.35730352345308,11.0,12.0,1.446032112394915,1.4560359406430274,14.65633839001888,6.607697074842006,23.401876188490366,4.0207335382913705,2.532715736121999,0.4986642520421341,11.027584411984481,5.6549414889342895,10.25390625,0.26106969367838173,6.958445455175873,0.5191879130754161,0.05871037365085614,0.005466671635833758,2,1,1.0
S10,3330,3390,60,30,-0.010630006658742164,3.6366271037850395,17.43927993281329,-1.059531706444173,4.099762941833559,1.214351714531578,1.0186170961129317,6.193514663078291,24.891889169418757,19.308321713803185,13.0,13.0,1.2823129512566547,1.2295777066205318,15.080756270411234,5.731206567952168,16.912296444310975,2.7738801581404737,1.801602366904355,0.3880374328717072,9.66949766556033,4.215949354921965,10.25390625,0.28565117391883366,4.723894543079997,0.6207792456514667,0.09392775539015724,0.011669633604613662,2,1,1.0
S10,3360,3420,60,30,0.0651964725761361,3.2458870035062204,19.50180808738398,-0.35596010011620094,4.121338108061556,0.741485287695747,1.0623669882179705,5.754735237123195,24.638178753987106,17.713386800431902,15.0,14.0,1.2589402663527314,1.1986719078522081,17.458498052919047,6.284507001552248,17.51406448265219,2.363758946662664,1.681833407003486,0.41869598345317316,7.509679238640056,2.953590178596566,10.25390625,0.3033907926521228,3.7951582622864626,0.7086994262068599,0.08270727645710992,0.011728504777044466,2,1,1.0
S10,3390,3450,60,30,-0.02173045755124917,3.306623574218797,16.644973565341314,-0.035614000142442495,4.568741623050206,0.33699212480726604,-0.25905995150463523,5.60916814854202,21.36328770062996,16.54892635232164,15.0,16.0,1.2051677335851345,1.3641636965774162,18.082038738911244,6.097960394645104,17.622248583102675,2.5368751405630725,1.612891051736915,0.4195220507742593,7.951253238104633,3.0500252294506676,10.25390625,0.2905530260489285,4.222160140889945,0.6025132499026336,0.07130043328534427,0.00962890051842769,2,1,1.0
S10,3420,3480,60,30,-0.02117699667104933,3.807196556737864,22.367488794960895,-0.8036713582698769,4.13771109200413,1.1161104508738966,1.7545572544412034,5.961422492008337,21.059141031597317,17.462714457689795,13.0,13.0,1.3998682105048328,1.0760098498908213,15.363141551458076,5.491617221055304,17.09219649782583,3.255521811238689,2.0772023664539314,0.45060946950604364,9.608657820521987,3.8285147898399807,10.25390625,0.2757280533562357,5.261310030243443,0.5299452332259267,0.06827924710096685,0.007952036369111699,2,1,1.0
S10,3450,3510,60,30,0.036811781902909096,3.5312731719338064,24.685888871893148,-0.15816944630087237,3.3779543958854052,0.6902276474332197,2.734115070649117,5.688615165846383,23.51652572066687,16.188868700164328,14.0,13.0,1.4529847016703026,1.3477475340737473,17.938885255483168,6.611842525218697,28.949011022391144,2.8024058541597023,1.9169821410022647,0.4873728797005171,8.186745851003101,4.328510519574412,10.25390625,0.2730895164869332,4.5325097726682495,0.4612746792289548,0.04578431486704891,0.006237298233187493,2,1,1.0
S10,3480,3540,60,30,0.0041124793289083455,3.815822239567248,27.957546098697307,-0.5559587236915433,3.9664385630562866,1.2476510648946446,3.7674991812859897,5.992857920158007,28.900118686029508,16.763024354562916,13.0,13.0,1.5015647014060933,1.173205355877353,15.974273175211096,6.514416727881716,22.570739197192367,2.461954138853562,2.072815801907988,0.45631608187297473,9.368472516009726,5.405648839173099,10.25390625,0.27657339558320077,4.877865653309893,0.6597491774230456,0.05620071231584233,0.006938058044488416,2,1,1.0
S10,3510,3570,60,30,0.029939518371479575,4.6801419901698615,29.7337725827931,-0.8101240490311425,4.223457673824727,0.9489950603708298,2.0256855317923517,6.361833761565602,28.946684545239876,16.33835100393047,12.0,11.0,1.4999805691212078,1.3310926752854202,14.177227227794525,7.191085026900587,22.557073946151057,3.129571529648056,2.139311028857641,0.40667296010970805,10.939737880594095,5.269890144980318,10.25390625,0.25615536068570444,7.478673212721142,0.6704132335424096,0.04557829869780267,0.004014087009589717,2,1,1.0
S10,3540,3600,60,30,0.06700053401308718,4.324724939346379,28.311826427074347,-0.0752382115513408,4.546927920284624,-0.046538298688196936,2.0438233134457287,7.670098577796727,40.280835597642195,21.12324576197822,17.0,17.0,1.305517544579286,1.4787428937848586,19.863518105986316,6.31622620170832,20.560980467479936,1.6503084436503601,1.5343330764462588,0.4402339043473318,8.858381717989118,5.11150739603245,10.25390625,0.29802719278947615,6.8073857221480445,1.2642945640394745,0.04242280814581794,0.0033770034717486696,2,1,1.0
S10,3570,3630,60,30,-0.0007739799079469256,3.759804827747153,26.803746516597833,-0.3966421700071414,5.162867638940282,-0.055702449221262995,1.2886504799769911,8.044490299747833,40.227378233477836,22.9705815289253,20.0,20.0,0.9382740353621296,1.2847879107863769,21.637090235143482,4.579175028294276,16.414349185453347,0.8521249948233657,0.7224215329542262,0.2473345789453808,8.948572820113712,4.4918895897658935,20.5078125,0.3223574710504511,5.80872909990571,1.3442737601742956,0.06587238575158008,0.005568977191118327,2,1,1.0
S10,3600,3660,60,30,0.045633715038286116,3.857014214790762,18.177116888224784,-0.553697512138385,5.627715589681225,0.6214554069585838,-0.30847856556973774,6.2914645379493255,20.23209627621241,18.450350572343492,15.0,15.0,1.1131104494911062,1.0468850727050403,17.73268137081101,7.902037513896912,28.95551344863249,2.415018323074367,1.615230576314279,0.4002240056605378,9.321502651467513,4.263526628879829,10.25390625,0.2722404224992656,5.4517201205706565,0.6169646149208655,0.06364560751559435,0.007227045990794332,2,1,1.0
S10,3630,3690,60,30,0.020532784511669715,3.8051406548017943,17.5420629351595,-1.0016228800383362,5.162515835821479,0.9424318205229223,0.133249560247668,5.666373798103467,19.937546936760285,17.437892681345755,14.0,14.0,1.2484696208503419,1.1900894705059417,17.650001856993534,10.7528657773632,33.90196018025033,2.9117563428281565,1.9006809106643199,0.42679258468749226,8.749512539986517,4.485175362163106,10.25390625,0.2569987710210506,4.7296100101773115,0.4723079190845055,0.055303228301992975,0.007729695508160115,2,1,1.0
S10,3660,3720,60,30,-0.0738229729354546,3.38947003860142,16.180300674207892,-1.0884289823568485,4.39713905895934,0.9792177189217703,0.21776253672221824,5.625053975446474,19.936933742033847,17.136711053301983,19.0,18.0,1.375927666357139,1.323200437285591,21.858696122841582,8.33535746511681,31.57152924594785,1.8669064293226747,1.1760457277639704,0.3716529851226713,6.540931868390709,4.12470681125421,10.25390625,0.2726231507070524,4.024438485316669,0.5403666355106757,0.052831004563132056,0.00804230588369554,2,1,1.0
S10,3690,3750,60,30,-0.08858246264093722,4.102402122437025,26.864568824107828,-1.1199900933492097,4.021152467946054,1.447564091419723,3.173157691941868,6.219138282902224,29.104754643398767,17.97430655127607,15.0,15.0,1.5022464209954483,1.2927184963132985,18.51652088490693,7.890942535443145,25.78383778921055,2.5527157638093256,2.007235433574643,0.5015529640242606,8.21919080802092,6.406356671642075,10.25390625,0.2661843552517483,5.743263304732324,0.6859291689285245,0.057221668665341945,0.006290138985138773,2,1,1.0
S10,3720,3780,60,30,-0.09008051760059568,4.26723670482615,26.897715485981394,-1.237139474318857,4.535036285590236,1.392119081550144,2.585882128176258,6.208897702630426,29.124202908681962,17.298206730933348,9.0,9.0,1.2227036406403864,0.9823575064499407,10.001341108122702,2.368057319704367,7.311678541035434,2.72944734311432,1.6957111923037134,0.2653620979991839,12.876160487314442,5.335205976233807,10.25390625,0.25425065297932875,5.882087557678679,0.5694745703402225,0.05400491006787538,0.00612191238109277,2,1,1.0
S10,3750,3810,60,30,0.0113630366782614,3.0384362369202127,12.681099743296722,-0.9864707630545724,4.096392541194961,0.8848357510283015,-0.18724375496817824,5.05500898671476,19.964095105246038,15.82261786373331,14.0,13.0,1.2135063550001424,1.2549240978392775,16.92290108904946,9.861155690501665,36.21193451857068,2.2521010975845415,1.890273178482077,0.42065650797679005,7.498495438373376,3.332867399932018,10.25390625,0.27257821048301495,3.0617702697677425,0.42213949789740657,0.05167457747934032,0.010381588620602058,2,1,1.0
S10,3780,3840,60,30,0.025136839763461098,3.0700522357966054,15.099904649485598,-0.6073698185832577,3.965671716647779,0.8422679833670585,0.24884728492140074,5.043056399296107,22.138184995160337,16.465238813211204,13.0,13.0,1.3811112850970684,1.3416645578877002,17.267803863155695,11.75174812190747,35.7180340163891,3.5489762301266135,1.8766996378249357,0.40439887532013385,7.773750487861299,3.1819251513928757,10.25390625,0.2792587162737428,3.452994066394544,0.4577576055047465,0.06807195667920421,0.011881912509956653,2,1,1.0
S10,3810,3870,60,30,-0.05909974275435515,4.617788594789219,34.93782870688919,-0.9083321961445108,4.538121929332988,0.42140006036402977,3.064901526400149,7.831086366269672,50.51405995977953,25.645723612489707,11.0,12.0,1.4398948301379,1.9539556034052366,17.09014096076457,10.006221897385972,34.285892556311225,4.545868872891497,2.388164028824534,0.5055996915609647,11.906525915996053,8.915391290251767,10.25390625,0.27194513265536696,8.433944432902726,0.7226621276927705,0.21029557468175775,0.015701385571087207,2,1,1.0
S10,3840,3900,60,30,0.006733551517224615,4.597346986245847,35.33167779391769,-0.7774570774024802,4.838729998531126,0.40319789744009266,3.015781739514077,7.877883628337445,50.78239107800427,25.459078435162134,11.0,12.0,1.3564630187595266,1.8278593012701463,13.639739463588858,5.515904048536733,19.376747663193104,3.620366113206065,2.1048538123652603,0.4073422544733854,11.992102289271987,8.630861858608034,10.25390625,0.2735667895518544,8.86135874598985,0.8187943323932636,0.1844019374239676,0.012922753398405802,2,1,1.0
S10,3870,3930,60,30,0.06724236584753653,3.067452950680562,14.911734047411102,-0.5774035624996408,4.016297225280525,0.8631030849259942,0.195884258056223,4.76312442762425,22.51873396666926,15.37353046513182,15.0,15.0,1.3202609997827786,1.3489777562530492,17.184602627896446,8.520297768983651,29.765578397824513,2.2759342967398957,1.418519199770175,0.3444799444368162,5.9786576569643,3.640509413827132,10.25390625,0.2683422378106531,2.804425255745283,0.33370597264268814,0.049216561579223356,0.011112636956656659,2,1,0.7975952380952381
S11,90,150,60,30,-0.034747055851422556,3.3433541055947527,27.198779504420486,-0.20741096387998736,4.245590213524377,-0.9083010191526392,4.809571799944901,5.911208912692357,36.16546434440924,17.73304286073567,15.0,15.0,0.8405706554932402,1.2750743956102746,16.181278621134986,2.956816831900344,12.511486592766138,0.975578643251263,0.7246814923165366,0.18892999799686244,8.154817904100655,5.468696059396452,10.25390625,0.27643564404241977,4.735287570850868,0.4745197583796393,0.09223596053380471,0.01193167848809813,1,0,1.0
S11,120,180,60,30,0.057469993763509385,2.614029818292753,10.998871920744829,-0.4019717209408402,4.303678580739059,0.17987899150540054,-0.9858760090407164,4.551093131520017,19.9379976812889,10.90929802279258,15.0,15.0,0.6151721409623938,0.8850375457817227,15.507609649830197,2.782273439015787,11.550905953408108,0.761159674598884,0.6198504894900997,0.15584121698871128,7.2803061722539795,1.4555846449249807,10.25390625,0.266033827415068,3.4496314667233023,0.18566697172274102,0.018763306600500004,0.0034592259340586948,1,0,1.0
S11,150,210,60,30,0.04371821529758832,2.333175802043252,9.805982673583838,-0.25493188177594817,4.019560549212062,0.09638867889048802,-1.0669450225354122,3.6063281432587666,10.5396831204832,7.547049806938696,14.0,13.0,0.5625615377117689,0.5561381529927523,14.080512415562879,1.264961708276802,5.203427055613373,0.6373311434368776,0.39959090298405825,0.09299703887764839,6.614793922715985,1.1291259518794556,10.25390625,0.2443307267162511,2.8641088160609915,0.09118389492640284,0.007160195155235418,0.0017414022033352908,1,0,1.0
S11,180,240,60,30,0.05081212897310028,2.07040662056383,8.422833729018432,-0.1838736034480034,3.762981653557884,0.13615175657154063,-1.2031815352701316,3.169781419616024,7.133733943431453,6.487321115155448,14.0,14.0,0.29938509269621855,0.544776725989407,14.233603408559052,0.938219854402786,2.7138712191423053,0.45382164077162845,0.2904529273927789,0.06859193541480998,5.7931096350255125,0.7046330611299917,10.25390625,0.24288727112842837,2.1597155184105827,0.06130206257202864,0.0037997198885222436,0.0012332536513632187,1,0,1.0
S11,210,270,60,30,0.05133087529033715,2.2216915928459007,12.937615595478066,-0.18603770821590185,3.3766342232837054,0.06404246995234647,0.10484692035710363,3.2660102803367006,11.051277666199354,6.4308744594669704,14.0,14.0,0.6498555520706146,0.8791024690025339,14.316910455671993,1.5437529823566536,5.998725092525934,0.5089817432541038,0.4691902857179075,0.11063228046622335,5.869543135436607,1.9070082222141946,10.25390625,0.24045918651059756,2.501912674604095,0.06618471921400533,0.004776760109239827,0.0013518846420120388,1,0,1.0
S11,240,300,60,30,-0.026383211704167332,2.3709338783929983,12.958268938527727,-0.2690467505145565,3.461990484144314,0.1552077157089357,-0.14696720019135334,3.752966714393314,11.06308699544314,8.249602580385531,15.0,15.0,0.9593173882785826,0.894058447729388,15.311552431824174,2.7924783576426333,12.108543989316745,0.7313948738803558,0.6283354728744058,0.15594214891405211,6.284054634712428,2.0570182250249385,10.25390625,0.2544923894259102,2.6793065618529757,0.12502998742597532,0.008916433548109476,0.0022151675781104407,1,0,1.0
S11,270,330,60,30,0.014226153051090536,2.4200067824075977,10.7653634743079,-0.19431520394592355,4.1306392124595215,0.16088062211315268,-1.0141206477601779,4.368293272173262,10.933377188114711,10.38960572664763,17.0,17.0,0.8165410079179248,0.7560425185991791,18.222053352540804,5.467680367323819,23.07418072123955,1.0272602754265288,0.6438936522403433,0.18516468290476404,6.3871991329510625,1.7805541233779432,20.5078125,0.2841670881133738,2.730813752927607,0.25400263479437785,0.013426045989758382,0.002877258512970654,1,0,1.0
S11,300,360,60,30,-0.06206205110575671,2.5435232742036544,10.35427387448021,-0.42275987870348275,4.417938568734186,0.1534657560920136,-1.1587376031770633,4.8335514330316816,15.149919232689047,11.811115959984157,18.0,18.0,0.8431313095835091,0.7033073472964178,19.086001843547017,4.887057404937946,22.683020798106988,0.7011711231058728,0.5200848958092816,0.15899833680489275,6.716470168758568,1.499073188116461,20.5078125,0.30139216109193273,2.9266502674971844,0.3360841101443321,0.01774231408752506,0.003305343610704238,1,0,1.0
S11,330,390,60,30,-0.0772756178146246,2.654094973330242,11.187772270681645,-0.2973763084585173,4.718548908568134,0.1380881551209083,-1.1239702460196712,5.020140772204577,15.179007432515935,11.50324855548876,17.0,18.0,0.5601034099526564,0.6216560149059404,18.502226355893303,1.5314817615540057,6.969175594463302,0.42135092101413024,0.282057500085695,0.08636222972087221,7.3195929084447595,1.4037111760149434,20.5078125,0.30076521474389317,3.2699891065135653,0.31305340376927276,0.01570864423830936,0.0026397859668201955,1,0,1.0
S11,360,420,60,30,-0.05499952990807067,2.491296205728966,10.812272855810154,-0.2743299511453939,4.3453651824986075,0.2248768955794521,-1.0625379906723835,4.363095483769763,12.618743687230971,9.270109068357351,16.0,16.0,0.7203055202183961,0.45945616880680873,16.328592222444424,2.4352591208252607,8.305090335559793,0.5228337231288895,0.568019082429926,0.15113398285772045,6.937740973542228,1.4377394698458508,10.25390625,0.2710825065000173,3.062539619999982,0.171270404320278,0.006786875881279545,0.0013744023252817406,1,0,1.0
S11,390,450,60,30,-0.0631462981373242,2.378206135284805,10.198478891537032,-0.2696564615959136,4.342123174418004,0.1148866259764466,-1.2257453675350563,3.943573001338823,9.833292900406754,8.346121284839612,15.0,15.0,0.36477870539826307,0.4103165601458791,15.890823553831819,1.8249440722013779,7.279718097254213,0.33011106070818624,0.36774326692772885,0.09632962728246933,6.76825990921227,1.077547509159688,10.25390625,0.25687907683587313,2.7108688718826572,0.09805557014706658,0.00477704592725161,0.0011636979415516088,1,0,1.0
S11,420,480,60,30,-0.031230885290316368,3.000811400676044,16.946724095869943,-0.04459639183396001,4.764698848644444,0.037614948471587834,-0.1657772767748873,4.855414048904353,17.386545606396897,11.444607721276578,17.0,17.0,0.8652052313889114,0.8666867644959425,17.53575208078954,2.9713310165031164,9.908874399227992,0.7054617824734463,0.5729730731354356,0.1628879970331974,7.085191122243335,2.0810433168485063,10.25390625,0.27250732014415274,3.6663283305896464,0.3329767220675876,0.012674353901383044,0.0021121531303210208,1,0,1.0
S11,450,510,60,30,0.002961770961833427,2.966522242638117,16.90415316794256,0.020641328156406222,4.554692920846842,-0.025678613825039186,-0.09879661656789729,5.043250273841718,17.363912919102198,12.339687673075867,18.0,17.0,0.8103862820834181,0.8503745294429511,18.387218863136848,2.996010049302539,12.069963050045267,0.8748278256261605,0.5645996923967223,0.1683725024940105,7.06048662986675,1.902655118483774,10.25390625,0.2817799767419768,3.394274010758969,0.32637936861112105,0.01566128698070239,0.002729273534822545,1,0,1.0
S11,480,540,60,30,-0.004254762940343997,2.2241510515107654,8.657230653358326,-0.21988202660154602,4.256329088612665,0.18064015609119854,-1.335482828321026,4.396556477342269,12.901104963841592,10.937531413142958,18.0,18.0,0.48831679812954987,0.40959950817241586,17.911165486780497,1.7683260601066637,6.16776459233332,0.45587267735540343,0.3597351103551082,0.10626670174823225,6.2486146523164665,0.7447143160336417,20.5078125,0.29529973561761036,2.343335009567103,0.2084221900876028,0.009859606737577636,0.002364656098202987,1,0,1.0
S11,510,570,60,30,0.05408429231699342,2.244293440946946,8.286607143287155,-0.1414022154355261,4.254175316275367,0.1366132744985259,-1.3200683524018286,4.102520498446755,8.754136251804145,8.978508479555211,17.0,17.0,0.3803528484593001,0.6461723937280878,17.2920855146778,1.3862597696387393,4.460766233779145,0.281570909134357,0.2905672122709973,0.0831847241305447,6.284224673371067,0.8136308526658166,20.5078125,0.2825529498671379,2.512773361594393,0.15247149349299047,0.0073231896372508865,0.0017312190508106153,1,0,1.0
S11,540,600,60,30,-0.004346130378465746,2.191053670676721,9.025905450181574,-0.2695553375255641,4.03297758711103,0.14994192698281555,-1.2443423269452858,4.1629334412571986,12.652432047986517,9.333019038572868,17.0,18.0,0.47858509521147485,0.6871403972542679,17.686596731187816,2.3180081020157144,9.897637634503738,0.40522136387596425,0.36979248826199806,0.10748944664125971,6.2086958985410385,0.9783911401352325,20.5078125,0.29084586613248736,2.3592592677979694,0.20849545502298822,0.006777817791660175,0.0016383337937311492,1,0,1.0
S11,570,630,60,30,0.04404177664019522,2.4095210174688666,15.190929378671875,-0.2611287836944908,3.7093014311320696,0.8265796800161614,1.6254023848892762,4.540066206842832,21.285263753096118,10.98649671851759,18.0,17.0,1.0279959349661332,0.5750717052623423,17.859855523158814,2.425290100968226,10.290632250868859,0.4297647078130459,0.40800873142686106,0.1195092894867858,6.089881549696799,1.9522438723955522,20.5078125,0.2915820666254759,2.6599190583840673,0.2818437039817394,0.012297462307074807,0.0026213092992043515,1,0,1.0
S11,600,660,60,30,0.029621365442571285,2.461988173732548,15.69087786582828,-0.17622512124441947,3.8041298835716217,0.6262278407186397,1.359193931369008,4.591898532065044,21.31107067232727,11.298649100071367,18.0,17.0,0.959995976343249,0.6469460044301821,17.724240634468035,1.9336584795187102,7.148255167815067,0.3061972570159335,0.3623724289672382,0.105819045046996,6.33591755888332,1.9459274540822993,20.5078125,0.2903561131428308,2.69735423105216,0.2761667688354386,0.015638709851761825,0.003313818896914847,1,0,1.0
S11,630,690,60,30,-0.03675051533387969,2.24476435519202,9.879976215586108,-0.11318918512785345,3.879709551496558,-0.09043861546398094,-0.9473676493715839,4.268884589112656,13.303823830826111,10.100051229002638,18.0,18.0,0.6725622811691928,0.663363535908311,18.439583747157197,1.729765061975597,5.578105514548334,0.33982738715592736,0.2929556638351529,0.08928144030625451,6.079077242360089,1.2760314567582114,20.5078125,0.2984509970073626,2.331805685815879,0.24234344378455716,0.009743479400689281,0.002310348016343984,1,0,1.0
S11,660,720,60,30,-0.029382258774344156,2.119669973046383,8.78300447046026,-0.19748362276888665,3.76454243592445,0.14645327880540626,-1.1465923529246826,3.9597773104686587,9.872061461333903,9.026010067280229,18.0,18.0,0.48719573238909253,0.5696873149402175,18.432958026251953,1.2189153349640365,5.186663033648326,0.3040645155091872,0.20175831838663688,0.061731519522818475,5.690973247657281,1.1578411651074783,20.5078125,0.30127456410804043,1.9591479147681157,0.19253872255730028,0.005844334412231638,0.0016341062180209032,1,0,1.0
S11,690,750,60,30,0.025709828133994632,2.237118824438475,9.824067070048685,-0.19013105840145922,3.8562949229364305,0.11846485492696861,-1.0436097335594985,4.370685078949326,12.863960400326203,10.898269284220076,18.0,17.0,0.760602681005672,0.6587738460975409,17.980117300730864,1.9073740841335618,6.876036510825058,0.5379997676579423,0.40485485058084586,0.11979145462012197,6.083193296634403,1.4911687302907248,20.5078125,0.30219188599090807,2.3759863888071213,0.2630017952049083,0.015023969217852495,0.003447574073878144,1,0,1.0
S11,720,780,60,30,0.09695671653926424,2.464305490653298,10.453701891871628,-0.2255173829873247,4.104246526175072,0.24697430792427666,-1.00165468012993,4.378669344051028,12.94511652396928,10.61074837696725,16.0,16.0,0.6215814902137153,0.7184380764259183,16.638242871917708,2.329658903269418,7.4930017905328725,0.7786041932817459,0.5302443196760837,0.14410304784653896,6.545680904710959,1.3262664394699613,20.5078125,0.2803107170831861,2.704542254240757,0.21269129422866379,0.015258310081937546,0.003375242766399626,1,0,1.0
S11,750,810,60,30,-0.0627987157993431,2.396077058664725,9.980771565406766,-0.3276607129496698,4.076404783157716,0.1912471394789129,-1.0549208058855035,4.252424706247277,13.227165267450463,9.440386421124165,17.0,17.0,0.876237356897223,0.7909383672767772,18.261901014342715,5.297370741716341,21.41646720603459,0.7228351210648927,0.7068035802260825,0.20300031025059295,6.329718354822567,1.5421390975494842,20.5078125,0.2769271172653125,2.830789539892065,0.20549118474175374,0.009519694398634005,0.0020337147523993844,1,0,1.0
S11,780,840,60,30,-0.03201379577567782,2.4332925810894266,9.945681439502309,-0.1442253812272788,4.355123305371177,0.07338991567235362,-1.160386479819655,4.552023426215647,13.210654743794926,10.168783293515807,19.0,18.0,0.9260519945564493,0.7143964527663947,19.118536139372008,4.589189330114931,18.928125205497466,0.510134153671264,0.5304809934428679,0.16258569524896344,6.398019139803664,1.5083749210732142,20.5078125,0.29043943449828996,2.819198550948751,0.2346548939606476,0.008244199903383376,0.0016733199090626916,1,0,1.0
S11,810,870,60,30,-0.000626898612834815,2.3640355862941975,9.13098852036957,-0.19244478451276453,4.253245014245639,0.08057468710930213,-1.2534662548538353,4.393978730902202,11.014449359336108,9.689774055777487,17.0,18.0,0.4680629315896784,0.7074124854793727,17.599264503801663,1.5195992737295967,5.479574528322971,0.3336561022337567,0.3092834331613338,0.09001778673649173,6.473097350645352,1.093698971622414,20.5078125,0.2872753346738752,2.731981526816426,0.21418573784444186,0.006389373187211983,0.0013540074604546867,1,0,1.0
S11,840,900,60,30,-0.008575320920212334,2.3229076138799614,9.6741080137414,-0.26613685597699777,4.047845987803861,0.1721426496379294,-1.1658798019652898,4.286486491230237,10.832152352894042,9.593312895110163,17.0,18.0,0.53986832521004,0.846132150368791,17.367639145536984,1.5202118468042896,5.489148421683478,0.3199183569319535,0.30690480808304355,0.08815484844404206,6.393640921860087,1.1802525924423029,20.5078125,0.28493249966847223,2.6330136170599534,0.19360012550563352,0.0069843372297839,0.0015546623801952813,1,0,1.0
S11,870,930,60,30,0.014402693756866744,3.210825516019634,22.187560455658215,-0.07622682011258919,4.37838693881905,-0.45194238663994196,2.0378364672419655,5.1366709752762265,22.61385502736548,12.283105954728965,17.0,17.0,0.7534149763796835,0.9827384228724391,17.377076198831208,2.816336093568032,13.095945993214176,1.2167467497639863,0.6587705421709011,0.18533144287543876,7.240649678532336,3.448203463478219,10.25390625,0.269683819801685,4.280857998254478,0.33841825721699115,0.017863562698793897,0.00259790064207166,1,0,1.0
S11,900,960,60,30,0.05194771178390024,3.429064306912326,21.947659431398396,0.15988391850288797,4.603704595489839,-0.48614924072497123,1.2728598596156901,5.5886116286944,22.856458461232965,14.700572582315129,17.0,17.0,0.8973786753857863,0.9272721173289726,17.656358214810172,3.1840307838212234,13.090573127529101,1.2367312633256564,0.7259404911009565,0.2059666497867185,7.434820227265119,3.4630266275770683,10.25390625,0.2718804413676815,4.204296279833935,0.33116516357181724,0.0167146940937225,0.0024563657242253996,1,0,1.0
S11,930,990,60,30,-0.01311127955721739,2.460290513161365,15.283545438769604,-0.32711287628290464,3.9362696713457357,0.551482341800835,0.6081894651970714,4.6370956869639475,26.13268964898985,11.5745974446911,17.0,17.0,0.8645946456059534,0.7835092878038703,17.11948908313923,2.8181209450996727,11.03503851842985,0.709820615453263,0.5570068443754731,0.1549431651145046,6.530517861157696,2.428563393549673,20.5078125,0.28919182994087805,2.917123960624881,0.3008199070823337,0.019965844979050594,0.0039222004964353,1,0,1.0
S11,960,1020,60,30,-0.07525652084424203,2.582754552809432,18.972316269268312,-0.10977997392453018,3.77358174217766,-0.3171095235346695,1.772058344828153,4.394194389265479,19.420591484032013,10.303700572760745,17.0,16.0,0.858396237577432,1.1216182421125178,16.76772926537378,1.8763568688122603,7.376826001886947,0.365352872013394,0.4289817882860792,0.11831357651762138,6.173791186322463,3.430495144539714,20.5078125,0.2780436284808091,2.9126445917763024,0.22530149011103945,0.012163161076784917,0.002510255865852305,1,0,1.0
S11,990,1050,60,30,0.04069305647118806,2.92169027067405,18.96942171202394,-0.003582540735697074,4.152456648259244,-0.2747252997740892,0.6685526691917136,5.510018574590814,19.431554073474366,13.932000841868062,19.0,19.0,1.0073314795824653,1.0643494087040122,20.226742856175118,6.002147535557606,28.18032070300729,0.7901509573582542,0.5127755605625176,0.16485435964196068,6.754630730988644,3.6140443866876777,20.5078125,0.29799031067848625,3.422646362555561,0.3740334513565917,0.023710232148901902,0.0038432474930579726,1,0,1.0
S11,1020,1080,60,30,0.009642453938689257,2.8620481787349803,11.660837129670053,-0.29623566408302543,4.937067010077669,0.10918530725929486,-1.0548286953149673,5.467619587926297,16.361243999717257,13.806687988682446,19.0,18.0,0.9143813500187171,0.8806320539350387,20.91683953676678,7.176187000020636,31.683106101349722,1.2505067880226624,0.7855877242945936,0.25209875015566113,7.321211845736698,2.296166485791535,20.5078125,0.29736884611125464,3.608671288386885,0.4246653682415406,0.02341498479571175,0.003602782328903015,1,0,1.0
S11,1050,1110,60,30,0.019774577018777287,2.526328710785092,9.706084436805575,-0.3149190536423607,4.506620625689749,0.16877026401609516,-1.19541485967279,4.684140568835888,11.882631414385724,11.362066472278915,18.0,16.0,0.7560727719197174,0.4869769741595827,18.553630332253153,4.690421404590256,19.795414474802335,1.0389252565875517,0.6625906703545783,0.1952608646942741,6.810298726722998,1.3801681016972305,20.5078125,0.2829586025197085,3.022385619894095,0.2455740349019499,0.01462861397223828,0.0028569403533428572,1,0,1.0
S11,1080,1140,60,30,0.04519356686026318,2.192097259833269,8.347611932392137,-0.1544414557745932,3.9842571628658936,0.17577938561668938,-1.2511381530565833,4.04961962128843,11.447967945702642,9.320451549655765,17.0,17.0,0.45175006294501957,0.5439790274244742,17.52095725941683,1.601238919681907,6.015883164000217,0.504985889208124,0.3043158938756011,0.08815275220894715,6.018623505822793,0.8243526528794636,20.5078125,0.28706759809218735,2.3391675759345842,0.1608426105117937,0.011336167307986271,0.002826311806682759,1,0,1.0
S11,1110,1170,60,30,0.03191260051510623,2.005775757540638,7.545253880254725,-0.04103531387654882,3.7959433114533967,0.06227882161900435,-1.3328936718377875,3.6314928891159695,11.301617768134765,7.971416083886914,17.0,16.0,0.44062382384472976,0.3551043029150215,17.164993547340245,1.536763570729082,6.0706789500030744,0.4395179796342452,0.2913900534769609,0.08274768252895441,5.654471231578383,0.5567126122389247,20.5078125,0.2777795779520701,2.0700921189681685,0.10579719380280186,0.0071388706636028925,0.0020910485178720394,1,0,1.0
S11,1140,1200,60,30,-0.03628760153296426,3.175901038051874,23.235164929521254,-0.10742327118253911,4.220846400413381,-0.4186462301314686,2.8547394184635744,4.483989088871649,15.250189885418575,9.91242980367951,15.0,15.0,0.8428721204003766,1.135259006035516,16.15433795282552,3.005545548840917,12.636241409198554,1.5202474391674314,1.0771456604583391,0.2758303494249209,7.104619627993071,4.459494327373977,10.25390625,0.253050688281181,3.9397495811927037,0.1986952814418534,0.01406963775431907,0.0023924894282504644,1,0,1.0
S11,1170,1230,60,30,0.04653837471977423,3.3980376119141096,23.09840241632548,0.03208333225953815,4.183159572036434,-0.6114062212073,2.244275355524107,4.9014036217884716,16.00430914758597,10.964480749940636,16.0,16.0,1.1234798267707673,1.1164653922698906,17.355885468269403,3.6563210559849475,14.188387404186692,1.489512217885547,1.1444172050563661,0.3105890732014744,6.799745567072952,4.534158810310714,10.25390625,0.25629298940490275,3.743103049045137,0.18754053541558063,0.011877168615497374,0.002096833148728077,1,0,1.0
S11,1200,1260,60,30,0.04736208860406927,2.6630795704386103,14.452181388542723,0.011146660960380259,4.063095539451612,-0.14989341807693407,-0.25580413189033147,5.197652995127628,14.35497942166668,12.344999504926866,19.0,18.0,0.8907882387182334,0.8846371121126704,19.31457031691268,2.458217858634322,10.73412595400031,0.7961764872184557,0.523448679221069,0.1650472550282893,6.852693227801087,2.5610274711448677,20.5078125,0.312254057937329,3.034219554397696,0.4469456949022597,0.01186913037902981,0.0020175783638931586,1,0,1.0
S11,1890,1950,60,30,0.012510427396537613,3.266146592508948,20.038003421755786,-0.43659851861636967,4.076461905524896,0.9858177506164109,1.7618996491546728,5.528993167387715,24.877238383994182,17.420930732686646,17.0,18.0,1.3645514074899028,1.1465352354235898,20.361732450494916,7.61081908192311,23.55518263603758,2.342500059895889,1.4874099157038667,0.4283728318003371,7.207989374455826,4.173166955098825,10.25390625,0.29150762272070824,3.4863887645951848,0.6063754633832554,0.07185366320157069,0.01165264877512781,2,1,0.7062619047619048
S11,1920,1980,60,30,-0.1162264177696236,3.752996133329244,20.830490904473706,-0.5634517933389978,4.922718437272478,0.7557162886485963,0.8696950692924852,5.333494190487903,24.966712398850532,16.76885185926599,14.0,15.0,1.4618021745432943,1.1664713507770272,17.74611492592303,8.112970465211763,25.211837790579914,3.0854084394282775,1.7545810104981407,0.42261155595492644,7.976307080825022,4.873099008449937,10.25390625,0.26399632514378374,4.171455140819472,0.441982135783796,0.072158332346232,0.011127001720897272,2,1,1.0
S11,1950,2010,60,30,-0.03671233881277032,3.768781775848338,16.839387919819345,-0.8141736727515998,5.772191174400125,0.43760568032903585,-0.6642500744405786,5.778680677404331,21.673147766184275,18.637503971024806,14.0,14.0,1.127951772280571,1.0759761800290175,18.265156958732707,9.642963984560524,31.376596693221686,2.9119341586336884,1.8327813962443844,0.439180290336631,8.873201891868849,3.1322171712633695,10.25390625,0.26654134593872114,4.552510771192069,0.5887975050131721,0.07755494668943907,0.010819909680969578,2,1,1.0
S11,1980,2040,60,30,0.056669195911151195,3.5842881111830893,15.445913546110843,-0.5899929750686206,5.254154295649294,0.4876029219678943,-0.5235061257677636,5.872771799514642,21.601296892170385,18.468706872884248,15.0,14.0,1.1707301062097621,1.1368067200972858,18.483551174888962,9.49913364561383,31.372862704033896,2.391990723902145,1.5329306251559542,0.38618817805985484,8.238646108644561,3.747309937138938,10.25390625,0.27051841505541807,4.632029996813623,0.5457120670247382,0.07153537491757393,0.009660278304012811,2,1,1.0
S11,2010,2070,60,30,-0.0499301221687306,3.495601192120244,15.610490424509333,-1.04721756349048,5.138746931600676,0.8492353180600074,-0.0020167792654217642,5.845610546087502,24.331765798925442,17.416790824586723,14.0,16.0,1.1589563993272791,1.1921028601965096,16.28003213993245,6.762677090817411,27.014342431304637,1.6130535752834416,1.0374946484265963,0.2542536638753138,8.25166283513671,4.271690735752964,10.25390625,0.2634012285286063,4.625418459759373,0.4862449502219697,0.05346269619670191,0.007426574561749962,2,1,1.0
S11,2040,2100,60,30,-0.08680110775240785,3.2020491646242855,15.790036651838525,-0.6523933328348935,4.791276232634364,0.73620627359109,-9.206376124604176e-05,5.227022728308233,24.450423529789855,16.775806555208955,15.0,15.0,1.1848744150826471,0.9677807381058999,17.750347928501647,7.817062928000418,27.019823859623123,2.8620607949029604,1.6588721624380685,0.40945363670897317,7.423393527519863,3.8167304165662963,10.25390625,0.2780539633092079,3.544557009675214,0.4581366059224655,0.06527505485817768,0.011149297626670555,2,1,1.0
S11,2070,2130,60,30,-0.08116171361526343,3.279550730332004,19.326054185683724,-0.7314634867148471,4.446746874254497,0.7050390367389677,0.44779366891872163,5.649115335644156,25.81581947671152,18.37739819771351,15.0,14.0,1.2444173835889238,1.0636010226138957,16.575023664797342,5.529543874273377,18.47636826103806,2.463916423993923,1.5108056337785676,0.3684983501587885,7.2838136792929795,4.643894808417724,10.25390625,0.29010631192365766,3.5357322512944247,0.5084544446283424,0.0796224398777011,0.013030037846429546,2,1,1.0
S11,2100,2160,60,30,-0.04796273239635524,3.7874553247271856,19.1856941967908,-1.0071856045364074,4.811431766211159,0.8202881402315493,0.4884218944987042,6.291021183838464,25.791862895533058,19.009217249662573,13.0,14.0,1.3334138067855028,1.3336668190460759,15.477439374342824,4.957485461532662,18.830967776675898,1.6913468521852728,0.9941390034983256,0.23810354782692558,9.633753529090484,3.989968587550378,10.25390625,0.2773478550186199,5.552327795570169,0.6797603479827328,0.08634045529496669,0.009436820852137706,2,1,1.0
S11,2130,2190,60,30,-0.0518392460784837,3.5037200782436146,19.984986153372923,-0.5337458530694297,4.139526640466571,0.6798080505903823,0.7832976162763114,5.400979173884054,21.698695038001503,15.91386221892018,14.0,14.0,1.4046484164051691,1.3104056329371598,14.590346700537749,3.8441763667645152,14.383931060165988,1.9930463299856798,1.3313590221242242,0.29958870181331454,8.300680264349518,4.112332652448399,10.25390625,0.26318125721514346,4.304146014274738,0.41764382048026294,0.05595248839206339,0.008391078348393834,2,1,1.0
S11,2160,2220,60,30,0.06062437270310995,3.0280899683774734,17.602945122652173,-0.2545501903537012,3.4815887039956133,0.5391897741149387,0.5627069841531518,4.981851170897701,20.170585277756548,14.92998710125853,15.0,14.0,1.1948389575615244,1.3314941897437897,17.535759742138016,5.394040559684142,18.569879238082763,2.2145425586592435,1.5172909559687477,0.39297667341016246,7.140011085497575,3.51226127380593,10.25390625,0.28507619633563863,3.173850460961214,0.4120611356894744,0.04728550376725816,0.00872591670393308,2,1,1.0
S11,2190,2250,60,30,0.05446566571525344,3.0454872998533964,16.018538666923188,-0.4032239384760662,3.6658279302031596,0.8066965465604948,0.701060182389305,4.946589715201057,19.789520597139454,14.649128685075405,15.0,15.0,1.220688586580939,1.2678444413447927,16.96774647449587,5.456424512601276,18.329866209822157,2.2833910583329184,1.5155163875281275,0.3793823591952501,7.37834633546855,3.346626252137047,10.25390625,0.279215368026041,3.400447278406264,0.4122643245559762,0.04424759906897618,0.007779946168795921,2,1,1.0
S11,2220,2280,60,30,0.052480581077839546,2.6372714472361616,13.580233943064755,-0.004664610036698215,3.542553494341209,0.27274568118771914,-0.01954973210009392,5.1067892300232085,14.657210416115651,14.664435245116486,20.0,20.0,1.0266495029652456,0.9883962856505307,21.93836558871308,5.7511307105100435,22.16388469587918,0.848006198368653,0.7703968096222256,0.26322451749410675,6.085365506360846,2.7773342368648595,20.5078125,0.31130135541248777,2.578647108189299,0.4456946328485323,0.03379809356162562,0.006806397062560646,2,1,1.0
S11,2250,2310,60,30,-0.004439282822521572,2.4798051582530674,11.72027515461605,0.04881797577031388,3.8559864930654126,0.10217111543161374,-0.6693325036360811,5.122852196434815,14.352005910199072,15.192255349926386,21.0,22.0,0.9412642828812822,0.8976733656908131,23.183984373905286,6.092316837907578,23.190199124169588,1.087436208729438,0.7460075230785519,0.2690947470653336,5.963088971906596,2.2980246271168925,20.5078125,0.32649689848107716,2.194886268606892,0.5242577150234217,0.03144065289512923,0.0068946341470748,2,1,1.0
S11,2280,2340,60,30,-0.021927378921023546,3.016868352249381,15.402429575036686,-0.26213170962874255,4.459055075187725,0.3348905755254153,-0.2622173569671715,5.4919650856212545,18.29157520918754,16.27245760862316,17.0,18.0,1.004859009688706,1.084166338412833,18.46856582912867,4.651389998174602,18.341580465486373,1.1310034073701956,0.8793219382624852,0.25417208322037405,7.5113035172068,3.0131776822887026,10.25390625,0.28672015499095554,3.980087071555281,0.469076716285186,0.05726901607161082,0.00839388787150265,2,1,1.0
S11,2310,2370,60,30,-0.0496296358264141,3.1745620910826196,15.876783866994757,-0.44292494758940054,4.56340252926823,0.3330533245727309,-0.3484787822725255,5.609889615236369,18.403099921928813,16.446070412803174,16.0,15.0,1.1415082697816228,0.9467504837874863,17.049051069105595,5.371744503175847,24.556844422168624,1.3866137938918244,1.155320045772281,0.3008422111601059,8.261736128669893,3.0222587277819937,10.25390625,0.2790096691811803,4.549176571618331,0.42513880128889414,0.0654912181813733,0.0087130462851417,2,1,1.0
S11,2340,2400,60,30,-0.004364961755166719,2.8625160282117728,13.65367227420197,-0.3780354044162406,4.050241515662837,0.39449494602337515,-0.37738630143834984,4.840983183794723,17.391790219616944,15.396846160186609,16.0,16.0,1.2417411769045603,1.2084978086354603,19.015314840301134,8.117978384517597,29.290829290829294,2.086089531522484,1.480809180031107,0.39888395049580866,6.392489870081409,2.996087953842919,10.25390625,0.27249382139710293,3.375684895082589,0.31370271204941363,0.06427004094459272,0.011896889363360651,2,1,1.0
S11,2370,2430,60,30,-0.0010981287432441172,3.055385830217019,13.765646920808548,-0.47702474425022445,4.405867700409165,0.5772077868632968,-0.3798870818811606,5.046154229857466,16.936140784323996,16.049079064424635,15.0,15.0,1.1762266834581145,1.205591358682354,18.02201881095819,8.28102771029208,29.48125583955152,2.790414462555956,1.750768403920099,0.4317445988529685,7.050002971562516,3.322672863423618,10.25390625,0.27182713616474913,3.3552968329168897,0.3292637497355981,0.04977654834820178,0.009273114251496234,2,1,1.0
S11,2400,2460,60,30,0.052105927762318656,3.0340291196303153,14.373131764486818,-0.09801784510694411,4.67347087078862,0.23143319103327348,-0.47633780780481816,5.292398402554434,16.867364649090888,15.720978163567125,16.0,15.0,1.060049608247124,0.9777956890045214,17.268062448145578,5.456918559898324,18.724556248387643,2.6441700269073727,1.4558275918955044,0.37254313011558776,7.739841790896954,2.8687117786836565,10.25390625,0.28195030941027954,3.5368872745027296,0.35201398789324245,0.05636241807407275,0.009522055384774443,2,1,1.0
S11,2430,2490,60,30,-0.03130157356192076,3.327267045336077,20.324487212598008,-0.0646347432422344,4.364822187914589,0.3599771635901112,0.8052206906130541,5.1002521932085525,17.279134543378394,14.722139431641255,14.0,14.0,1.2431187864259527,0.8951819237531079,16.19567989772336,5.225212318721309,17.88565405325903,1.4704430356489282,1.30893638301332,0.3188511145279657,8.332593747009712,3.5697701950222416,10.25390625,0.2630532949045374,4.248840165216415,0.3543682092757466,0.05127760533620253,0.007774948726425951,2,1,1.0
S11,2460,2520,60,30,-0.030835907414835696,3.7163109724615273,21.22635843157819,-0.1706771238790028,4.548981721226228,0.3987197680273891,0.4327325838506151,5.1630250616222995,17.591428487736028,14.024772174794144,13.0,13.0,1.2368337902308102,1.1625676592466883,16.116838074281908,7.8982382798401165,27.00177039237855,1.7611820853229054,1.5426895255436923,0.3483586121822365,8.832737323096712,4.57184374150933,10.25390625,0.23992160089642764,5.0796169751370375,0.3237322968644363,0.046082103821517686,0.006465765257199881,2,1,1.0
S11,2490,2550,60,30,-0.06174352987134697,3.0410061400199524,16.24020494704387,-0.04277129133218571,4.181313772251718,0.18802920731404063,-0.03995883746858597,4.894207348587498,17.770495347057146,13.794087085918818,17.0,18.0,1.1831048270772917,1.1246276688224803,21.293260041178208,8.246271330095878,26.143991486574983,1.1506161614632433,1.1944111856296151,0.36785473461617146,6.643177303952534,3.5178409906418184,10.25390625,0.26494072555080045,3.8095928390571863,0.3447830828383031,0.046280849285568984,0.007745928565789011,2,1,1.0
S11,2520,2580,60,30,0.05182336643484788,2.495851523827087,12.06254091375005,-0.08676583711150407,3.5372656892455088,-0.0391640105447623,-0.5574442347777038,4.708312656753374,17.056126068110622,14.286131890039703,17.0,16.0,1.1207806702465235,1.0958561407171497,19.67494722682925,6.511227569323796,27.164964283123947,1.8475669604832698,1.2460318616276738,0.36366271922423316,6.553911793504183,2.7463123703959833,10.25390625,0.2993416371174259,2.513192134100755,0.3767310172427624,0.049141388613884285,0.010787004451125808,2,1,1.0
S11,4110,4170,60,30,0.05972487873046106,1.7737078767083019,9.792296299049617,-0.11638539323304269,2.6631638004844365,0.5069350215510147,0.10162176294735259,3.0236814209002647,10.688872313850295,8.274491832265682,14.0,14.0,1.008016423847034,0.8954310188442115,15.795526386025651,6.057404556614396,20.2209797657082,1.6831860580822458,1.5392276036203647,0.35324753336389886,4.72199168508005,1.803166269406335,10.25390625,0.27604010250062966,1.2366630891269825,0.1422574380408016,0.009575637164455794,0.004663847445690136,3,0,1.0
S11,4140,4200,60,30,0.04349440543646759,3.1635285988679605,20.71772965842068,-0.40355854006998626,3.5649607403346746,0.7041129700389378,2.022520128402573,4.9157645511348536,18.412704431557714,13.637409847831861,17.0,16.0,1.474346183335204,1.310878909065261,18.460643374844487,4.845089267582321,18.529411764705884,1.022874700567584,0.8227797069141253,0.2378896847313474,6.718338246559003,5.184472407930271,10.25390625,0.25979524666900344,3.7473442845354907,0.31582973293905364,0.035659153548275875,0.006216531922177684,3,0,1.0
S11,4170,4230,60,30,0.021974625115349027,3.1940583048856195,20.50587870788457,-0.37365301378956717,3.5566817516430116,0.7558547946168668,1.865413948208916,4.836674236948028,18.682234275096565,12.982277990747146,15.0,16.0,1.456505428943373,1.233752685393513,17.064119918603087,3.830137664180927,11.72962763086886,1.14088476778998,0.7709107159360433,0.20910393069950803,7.2520283194476445,5.163583192599161,10.25390625,0.2528563646918557,3.892923058388684,0.24448144455457468,0.022202484204330606,0.0038392363987630124,3,0,1.0
S11,4200,4260,60,30,-0.028926519997695924,2.764891039645783,20.035192563099926,-0.27118672312375275,3.131249679664521,0.07077726568885813,2.1050578678179646,4.49842788438617,21.32276756032052,12.02578076262334,15.0,16.0,1.3232553531732218,1.3334907311488078,17.006592680284044,2.8418021865058454,10.684446684600085,0.8272312010366889,0.5412498935922476,0.14963886809050206,6.498584009275636,4.614095568741702,10.25390625,0.25933151040718316,3.596351559073067,0.2309246988620072,0.03265660429476304,0.005955831969375016,3,0,1.0
S11,4230,4290,60,30,-0.04411281235514513,4.161486611760999,26.524563272557923,0.04917621327767785,3.9892302057419804,-0.4011311454051706,1.5828414850735557,6.249615068279449,21.45482056706438,16.58932346572483,14.0,15.0,1.4444166564403058,1.4765351773371769,17.452229632850305,7.102490670230755,24.490589936090043,1.4140242062221968,1.6008225077642337,0.3976818765705148,9.487157963973557,6.4472812875282,10.25390625,0.2535090119665669,7.385554666989171,0.42476791922352436,0.05582708040005611,0.005081784317298481,3,0,1.0
S11,4260,4320,60,30,-0.0366885060217056,4.008145678226369,26.332928225149953,0.042952914347681115,3.348643783109052,-0.4194470692921608,2.547630442756195,6.033380977999675,21.358553296493632,16.581985355708117,13.0,13.0,1.185544962345824,1.656824040870244,16.81145757912541,8.003977099216456,25.687952482080437,2.6895393112696016,1.9474669576196686,0.44031875656775454,9.30629954707069,6.27930990119966,10.25390625,0.25970562481786924,5.822013651707962,0.4391538680978943,0.04718447106472071,0.005299223446148455,3,0,1.0
S11,4290,4350,60,30,-0.024309831086648095,3.596471456998502,28.035621502925657,-0.10676769409118991,2.8297137191138324,-0.1671522039970838,4.261485433358488,5.688167526117515,26.57567775398144,14.689066897790541,12.0,12.0,1.6083234226001661,1.4945799167818,13.418255744841103,5.019920956921805,14.484432185859013,3.606093312657319,1.8879833223490186,0.36624774096408547,9.110922451321215,4.946642160726917,10.25390625,0.262993911434864,4.902260542792665,0.42188595239894916,0.03578755321944856,0.004678695770056978,3,0,1.0
S11,4320,4380,60,30,0.011474710144061602,3.8325441725593503,27.980188385379094,-0.08349694215181658,3.418465677731714,-0.7548853965949732,4.055715351059908,6.187632100202385,27.569697422285433,16.092092502420897,13.0,12.0,1.7524257549151487,1.866668224023261,14.189341130901534,4.7307211435666545,15.442741183089144,3.2290801805802154,1.832149246562082,0.38150851936344793,8.826562410687428,5.8361736971068305,10.25390625,0.27646319288079907,5.650157964766182,0.6998236621070234,0.03781222234578781,0.004012155693202103,3,0,1.0
S11,4350,4410,60,30,0.011815681521876599,4.042228824043547,26.03375803125083,-0.02705619931115133,3.537674945408021,-0.40106828129996885,2.319030178824767,6.36908230711417,27.56509610531568,17.676166525865863,12.0,13.0,1.4909798621165027,1.766284946685566,15.232804172008292,6.3981408768785695,21.70697107287056,3.302110642282834,2.27672241803814,0.4730883694649632,10.138719557187386,5.788316803657263,10.25390625,0.27599140366979297,4.872500043874689,0.8036419683119164,0.04438573517041984,0.005441615226030557,3,0,1.0
S11,4380,4440,60,30,-0.06312082398738277,3.801914377373901,24.568109415565246,-0.24796692021511665,3.511114704502413,0.11625668718520726,1.7161155044785454,6.016823980740601,21.8174082086672,17.1135106578424,15.0,15.0,1.408545381890923,1.5838783877264007,17.842947393613503,7.174893602698005,25.052011095700415,2.1081718478414886,1.4698097749971653,0.3760674584870821,8.572923250422182,5.1636816233652905,10.25390625,0.2743795677123799,4.5812825805195105,0.679394814689141,0.04591120852994946,0.006049075913657423,3,0,1.0
S11,4410,4470,60,30,0.02772443504672271,3.0443705494898463,16.570965504596185,-0.2502499303610423,3.556218452141058,0.6812755501065783,0.5911291785655526,5.3201819976422735,19.90750154403944,15.123565242108223,14.0,15.0,1.401736340144575,1.4661042148700831,17.029103938117938,5.974303512309517,20.988617850752043,3.865244115813377,2.3106631531275497,0.5424091908750116,8.035670502920683,4.386060815103159,10.25390625,0.28856155946201206,3.5937879045532997,0.5632690300538714,0.03963965227169196,0.006270244288638411,3,0,1.0
S13,90,150,60,30,0.12664304477733115,5.416699903237172,29.246928511079393,-0.6020866786572845,7.158828461336639,0.0490276304653582,0.05758474593377372,8.231891214149021,31.29725616626793,21.83509093056829,15.0,14.0,1.0078625354638495,1.1167145100136961,17.580540631958034,8.125007814834628,26.35669786132312,2.134190753584238,1.7540584106451582,0.422145688220102,12.61685257813417,6.0164108742713385,10.25390625,0.27057086961122684,9.301352789880118,0.9485160688352594,0.05825392596298171,0.0038693134786103095,1,0,1.0
S13,120,180,60,30,0.007050144308566679,3.943059362017984,26.023396621692193,-0.7941800720089283,4.836835524493845,0.39413308967531063,1.1159082718470685,6.922654069223762,25.261664755178657,18.444744963585087,16.0,15.0,1.0943585335692574,1.1510255719787628,16.818111999530412,5.400312873350221,24.05541024620458,1.1741042116049387,0.9332810675356102,0.24298770634342298,9.94040400480851,5.015200524322685,10.25390625,0.2874733928450888,6.218256669125689,0.7412366759044936,0.04849988486624057,0.004490932501964827,1,0,1.0
S13,150,210,60,30,0.05092320732239461,4.243807529070947,33.00292731929557,-0.4839011287516404,4.332277022214111,-0.011588699873160944,3.3542481726711113,7.036389633780387,37.93215023968259,17.484623677005143,14.0,15.0,1.0805079982849515,1.330271995504354,14.845913786946095,3.275346833430922,12.329775802067548,1.1005937636807968,1.1131925300613648,0.2604126484205249,10.063980872454007,4.523674661457319,10.25390625,0.27593209694676424,7.244216328345274,0.7207089556825957,0.042884608129903995,0.0035732424629723158,1,0,1.0
S13,180,240,60,30,0.03933989076955961,4.911831155861084,33.158121267705624,0.40588733139210065,4.56632613875764,-0.25054711938927526,2.1978142253262716,8.63487799737289,38.03776791927711,22.238711958196035,13.0,13.0,1.3703945524854182,1.5800793620758067,15.068143841215594,4.907699905769793,15.426677713338856,1.807404631725539,1.5469718060480233,0.34663260698899373,12.793183374817417,6.012487528156507,20.5078125,0.2970472996231533,9.12118955253347,1.2798426025302465,0.07253858358105893,0.004383545773866633,1,0,1.0
S13,210,270,60,30,0.04336992294499231,4.031849564076289,27.290522679409815,0.014896715932598156,4.344704343931596,-0.03993375071656335,2.0234791361474924,7.825981339637669,34.91108199951767,21.277490403513987,16.0,15.0,1.3668642932912691,1.3233731650016232,17.636723179278324,4.008136621224392,14.988989812645624,0.8879111169500574,0.7825704839554561,0.21893291275530982,10.211624933644947,5.592499417210087,20.5078125,0.31225719000962143,6.304367933228329,1.0270739752171882,0.05918123677207559,0.004884263830248807,1,0,1.0
S13,240,300,60,30,0.011480222990313229,3.653442167106097,19.751930876943526,-0.582423992803743,4.366718363544907,0.2508792993182278,0.35522397231660063,6.595341385495531,17.644979502789138,19.146405477546256,18.0,17.0,1.227120756506923,1.3259051792894914,19.19837013967469,4.143147628370041,14.486095030610034,0.8320263560385915,0.7031116290147182,0.21484768861121475,8.606608455323252,4.864710269223529,10.25390625,0.30173387649871586,4.6619836708042115,0.8294877529030799,0.0629692319702909,0.0072803625345791234,1,0,1.0
S13,270,330,60,30,0.03500958045376569,4.233665926197354,27.057789300348496,-0.5976594385724564,4.64784889288941,0.306482045978172,1.0936921860934579,7.590109505874396,30.594749642434316,21.308094216355325,17.0,16.0,1.297645142158188,1.2994450225272853,17.74939657786002,4.075616002812952,14.416414156340323,1.2305860005549814,0.9052788383649132,0.2527010191084173,9.90531292858504,6.2416286995565615,10.25390625,0.28668992085770534,5.559258479039665,0.7408240434847515,0.0654981472305641,0.006831096283629087,1,0,1.0
S13,300,360,60,30,0.01588928787521864,3.888407254458615,30.583424516017747,-0.3745934712144956,4.068517246880093,-0.06877929995443566,4.329189223287368,6.385805268116278,32.5394946873649,16.967801501529483,16.0,15.0,0.9715647631156485,1.0304363077386944,16.462687365930996,3.4223552700421993,11.259297646088926,0.9808040225306199,0.9510547623547934,0.2478303222495987,8.23252240865847,4.586822201083718,10.25390625,0.2874680419200808,5.468552913812159,0.7908218534928745,0.04952794022362778,0.005190464440746047,1,0,1.0
S13,330,390,60,30,0.18440419404227473,3.4701618658627913,23.949961957314436,-0.30726696028174205,4.073679975540552,-0.3863981735396358,1.7858314457519393,6.74468852734265,38.53111225811148,20.480476807921157,15.0,15.0,1.3472111353520517,1.4239404580401605,18.65444359993944,6.7945950301062705,27.614330976476847,1.1380325361672206,1.1939062616467566,0.33105883549709164,8.124443269037902,4.987852373711714,20.5078125,0.34221090198027465,3.1676578063117837,1.1247726997372987,0.0664951785765101,0.009201382208738404,1,0,1.0
S13,360,420,60,30,-0.009667910427924578,4.290933900586626,25.229193603009044,-0.3605346513638895,4.161199026415419,-0.5384799684729533,1.6192422714062875,8.029868158060408,38.569646139021785,23.142048992075004,17.0,16.0,1.3882249450947994,1.603295790691936,19.85807138914779,7.772451441335516,29.026429699909663,2.115830355968572,1.3641524307323427,0.389926938320247,9.775409325178671,6.130073900509089,10.25390625,0.3107199784746982,6.7342705440992265,1.6200579541135447,0.07239550464363166,0.005472194375894221,1,0,1.0
S13,390,450,60,30,-0.06066136780557264,4.630743590298981,32.371397541671705,-0.13799868519926106,4.111678021452028,-0.9379041285069353,3.478063429685215,7.32676299565459,35.39254207046652,17.996806240526116,15.0,14.0,1.4324443332812078,1.3628799792237496,16.40410857759361,6.301602297441499,25.143151277396722,1.8274916540665485,1.5115777846344582,0.36171861132072597,9.954449415973349,6.693234142438851,10.25390625,0.27076288650411146,8.354801644062457,0.8398680892991292,0.031573368285600444,0.0023251562362764733,1,0,1.0
S13,420,480,60,30,0.009991390785509457,4.236478635990381,32.16207659063232,-0.1148731800013285,4.173781316930411,-0.8370053116796847,4.273690664597863,7.2830691545060136,35.271556290331944,18.591848438281666,15.0,14.0,1.0474824930910493,1.5599347971049995,16.9874074105904,4.3984424571882625,13.818708181008672,1.5765779267716749,1.0061477467118058,0.26575338699770085,9.838044714840468,5.476058868674013,10.25390625,0.29243288961506736,6.11411834383531,0.9635765583586541,0.03667005259025843,0.003328770841228331,1,0,1.0
S13,450,510,60,30,-0.02140983845538984,4.066530851152404,24.63784011387895,-0.37403202461766616,4.6448154905299734,-0.3473854352993779,1.0913960755401284,7.057364256162794,28.295228770506053,18.993568739729763,15.0,15.0,1.0213380262963985,1.1247300739712278,16.519157063116886,4.052829222515172,13.608067505082673,1.172861225247543,0.9319406301865049,0.2418381616795379,10.356572695848437,3.666712834499677,10.25390625,0.29768700425880684,6.051989314003919,1.0157497250444398,0.047015415070838194,0.004238143649639779,1,0,1.0
S13,480,540,60,30,0.11377559689594682,5.318300807052786,31.600841762939133,0.1302089129569492,6.274347800422081,-0.5022165347771081,1.2250669554636078,7.7419944441815,30.278273737861426,20.221898554394667,16.0,16.0,0.9583252021996704,1.1197663569335616,18.96950921011082,6.546805119614583,26.28630705394191,1.9408458602014804,1.3604076486559247,0.3788029465349707,10.573569368183515,6.486184455265772,10.25390625,0.2758385991999904,7.370488237912358,1.125781233023223,0.04589301043196477,0.0037205797719744816,1,0,1.0
S13,510,570,60,30,-0.04722241095540012,5.376302357831528,32.393622219900706,-0.24037937582948815,6.176607707362077,-0.044974813565439316,1.2292345851342628,8.395482528764907,44.0354835079253,22.554343621783687,16.0,16.0,1.3077249036558605,1.083067252553041,18.15758039808236,6.475743667152377,26.27906976744186,1.9491375456882623,1.319446204175936,0.3538473461509291,11.441097212524667,6.117908674877298,10.25390625,0.2794191547265859,9.265040780914125,1.2838226436522713,0.0697018696001208,0.004440482852728135,1,0,1.0
S13,540,600,60,30,0.03177492509900325,4.602441442718534,30.42207603133009,-0.1308608523067093,5.187793227161155,-0.4373089697643349,1.938650245430213,7.252546091987864,44.19295251898019,18.57112810272841,15.0,14.0,1.2775259919144366,1.2178556020129268,15.508486621418955,3.8650851143552596,15.237801634583128,1.048123313535562,0.8815290294828118,0.21606644046048454,10.46357277441128,4.363226746697572,10.25390625,0.26946246632896265,7.788145242339242,0.7501059535814364,0.059086770755637424,0.0047149712466197525,1,0,1.0
S13,570,630,60,30,-0.010114486730725979,3.871209123543783,24.576918214075622,-0.030988648733638546,3.8591647286764,-1.3194227555444293,3.9689793429825224,4.901164510361758,19.548357237916125,11.326353269641649,12.0,13.0,1.0708380655298522,1.403260599570648,16.31676643044507,6.944859606709016,24.17864422704892,4.240070970719087,2.8298874259676583,0.604391678361051,7.835204548810824,5.550081020737163,10.25390625,0.23912469449009624,4.830261986509994,0.2879615351367692,0.015420924469671483,0.002262522354399722,1,0,1.0
S13,600,660,60,30,-0.040156161141998124,2.8751432002553328,16.322059646366444,-0.3351535769610633,2.3655069714540478,0.3087849526443811,0.9458987871573563,4.214518641608393,14.639006427664913,10.516841234630784,12.0,12.0,1.5581665748095501,1.6183609086824307,15.943744322248067,5.565449786923739,20.716714664408286,2.454985099086081,1.5449972257994888,0.36320689499468956,6.963761699516341,4.236147275889002,10.25390625,0.25567967402838887,3.1804239666203986,0.23548443909568745,0.017344260451285252,0.003607068258290905,1,0,1.0
S13,630,690,60,30,-0.12661818224413518,4.251220679740038,32.929007078575495,-0.16692421071421995,4.521917597978671,0.14822405849485515,3.325139156631047,6.352678556012145,35.415850653056324,13.947319516124196,12.0,12.0,1.3978303081998837,0.9526267918884923,14.178596736131572,5.253015930895358,21.561593752868937,2.959553779107346,2.207217274261939,0.4480773269659091,10.279356922956646,5.408750777898916,10.25390625,0.25573553644204644,7.878108932516144,0.5103840655483216,0.020746622775161157,0.0017347882875092433,1,0,1.0
S13,660,720,60,30,-0.007062661427314982,4.236952857494857,32.993524986149545,-0.1634126235722536,4.570267440568347,-0.1607094200987564,3.707273171723334,6.737377054285638,35.47254752401643,15.55401276533864,13.0,13.0,1.1903504642849354,1.412606163372238,14.94410096463218,4.824551400347133,21.57760076700539,3.1147973188736278,2.0723369792472353,0.45287555610793423,10.132764046302226,6.101648286125399,10.25390625,0.2595820504567613,7.233002501730261,0.48490133038644206,0.021041670227092298,0.0018883084523287183,1,0,1.0
S13,690,750,60,30,-0.009932103720443777,3.2940877207012687,19.868495033336327,-0.18538413478309596,3.9307399217116856,0.3113254216592722,0.5660778245092493,5.502248871878042,24.745904092183757,13.161584469761555,13.0,12.0,1.1932610225546907,1.2586735751856426,15.088437925345497,5.6109290298778465,23.96404233724808,2.738988952583557,2.155412697696729,0.464373712089372,9.163135499861935,4.301992116812818,10.25390625,0.26921424802414823,4.76069645340489,0.3922755589503067,0.021307712386095263,0.0027917538453661114,1,0,1.0
S13,720,780,60,30,0.005205562880449569,4.688655322872129,26.813602613119038,-0.5604416252604136,4.906584611275263,0.5117068176269899,0.7711419572766567,6.402005290485606,27.38391347719542,16.273461110367307,14.0,14.0,1.2810922637926045,1.3643149950639686,15.573558204731869,5.68545777079097,21.04633914140855,2.3900955635122805,1.3981373397382812,0.3231989481181314,10.038807117639376,5.211185338770636,10.25390625,0.23429071236264543,8.278580018282371,0.2524724936497748,0.021126421098116913,0.001860600465640453,1,0,1.0
S13,750,810,60,30,0.025227027402542783,5.058449146250999,26.23132848634418,-0.4819028062826354,6.287960799429701,0.020205304394841257,0.21180192811097998,6.153837174128949,31.51827527831834,14.442423319559593,11.0,12.0,1.3055596171329964,1.393871481183065,14.365575831647813,6.752737278608989,23.00610854323075,5.213541542895879,2.985751158350581,0.5576525016263526,11.025105259219652,6.316464750205109,10.25390625,0.2373132392045432,8.538779905400192,0.4524046827334306,0.03901591256705851,0.0032870528922008956,1,0,1.0
S13,780,840,60,30,-0.07343214979694267,4.614198287698972,26.631405524893278,-0.1936087037864383,6.321555792844342,-0.039298789313158076,0.0734470719980087,6.504771527760605,28.58235819259196,15.117379972211722,11.0,11.0,1.0863667311445255,0.9761555327081426,14.609836470140781,6.502658347580703,22.31616726442698,4.849547679775166,3.0120418493176375,0.5760578384531424,12.138865432733413,5.580725589198862,10.25390625,0.249295367257518,7.725930895608711,0.34431612417454394,0.02660984916916544,0.002351191560688753,1,0,1.0
S13,810,870,60,30,-0.02253195965152672,4.50251641456096,28.287142392845496,0.226153288982829,5.654774969148523,0.09314491687993645,0.7694655853782844,7.023402958514788,28.74064773331577,17.509470587744538,12.0,11.0,1.356244440001167,0.9896217177450276,14.525371800980041,5.735534117789766,19.591801448853165,2.8659962829490118,1.8380964656316185,0.3830093033140331,12.705747970895997,5.1710694531989745,10.25390625,0.26742098865381925,8.145354099302649,0.7424232491294359,0.04420341598227264,0.0034016515628895842,1,0,1.0
S13,840,900,60,30,0.04849364129271992,3.5860572506770794,19.321308249082982,0.08504620229814874,5.130207439167878,0.07037713660390411,-0.22355733555113488,5.858083990164118,25.745129118821787,15.220252509494754,14.0,13.0,1.2066703457117962,1.1618041648699906,15.348331367725832,4.576007757627442,16.8369687842426,1.4658557204572622,1.2693315977266622,0.29761201533836507,9.455448595328225,4.081119911783707,10.25390625,0.2743129431022348,5.350175952609396,0.5549199907143193,0.03232846631748102,0.0036724176994513,1,0,1.0
S13,870,930,60,30,-0.037287492283394015,3.223565797618323,13.187357408181892,-0.7961898402500709,5.12854060761057,0.4001172335011975,-0.7754882690524223,5.455243289682784,14.755932671581817,12.650385833560263,15.0,14.0,0.9963764382735977,0.7510249468640369,14.967464808141628,2.172528056500768,7.027571258359091,0.7219393252379043,0.6048677317628595,0.14767572922959699,9.105147932076925,2.462440323402482,10.25390625,0.2679475230243055,4.7897452825922455,0.3984004856444716,0.01348971590274152,0.0017621976399553787,1,0,1.0
S13,900,960,60,30,-0.11376136566297901,4.290335087194398,26.61094420067471,-0.7517992415733667,4.458384133891121,0.8611729531685867,2.2917386428656004,7.610045002671732,45.56075036382525,21.400855580692372,16.0,17.0,1.2138298530829412,1.25556192034599,17.159983508291393,3.6314285622576876,15.062243954660802,0.7691778390625644,0.6356068751777647,0.17528226367344793,9.792522328482717,6.245666156277829,20.5078125,0.3118318491507649,4.759362352734005,0.8565366183985652,0.06237546866258441,0.0068472105033677766,1,0,1.0
S13,930,990,60,30,0.01800044012043628,4.175824139564329,32.06588895714299,-0.29321942348831387,4.5007789630488215,-0.26740576636981167,3.1182244910067,7.654886522005936,45.28850777982654,21.133192663478667,15.0,14.0,1.3815179862813456,1.3364522315716036,15.975500330975976,4.592655394830228,17.39369359145129,1.0441753673603862,1.0320787706959593,0.25555540837890756,10.118906502422204,6.110351119666143,10.25390625,0.2994306688118501,7.376856754359423,1.2082345711615439,0.08627493502403528,0.006380201524536459,1,0,1.0
S13,960,1020,60,30,0.1692454100901485,4.160084136784526,28.36772964289969,-0.38090046465141936,4.948154588885327,-1.269904535356539,4.705226342645194,6.77546311021484,38.395401788293256,16.858373093954185,13.0,13.0,0.9074721817802792,1.4662102974627098,15.536427151088402,3.959850467330985,11.361481554167934,0.9784371886311736,1.0804139825005814,0.26147331968667736,10.080229606499584,5.775770769027744,20.5078125,0.293300723769257,5.836606852484554,0.771185377589131,0.03766531404566491,0.0036085340190331137,1,0,1.0
S13,990,1050,60,30,0.007884175579822957,4.3744868816401254,28.406029045745264,0.0007346874901167629,4.85640207609746,-1.1621565908952476,3.557393808863295,7.409378784957141,38.338065203936544,18.564932104826084,13.0,12.0,0.8744729307998091,1.4044411973101287,15.255349136023922,5.583115417215467,14.961410394662456,2.3390970380935054,2.142509531990745,0.45662801788045204,11.95862517373219,5.879985356993556,10.25390625,0.2850870455095879,6.605955464437191,0.8477742680737534,0.04437317877985175,0.0038810431834607577,1,0,1.0
S13,1020,1080,60,30,0.003323890709900102,4.166432787954053,23.677285083527764,-0.024038018849022798,4.805790117024802,-0.21857786557475864,0.45178650273801546,6.429758147077975,26.49208216830017,16.216480957367963,14.0,13.0,1.3685917126114548,1.1202316621385284,15.482734404743686,5.373168642025716,18.32553716238474,2.3202139313164274,1.8176050067028473,0.4067230324586498,10.589314890966332,5.208947284272052,10.25390625,0.26804014987637076,5.749873352266072,0.5213432955917223,0.02598307204631493,0.0028215568565475835,1,0,1.0
S13,1050,1110,60,30,-0.025490386750583034,5.145948917376623,27.999715752684605,-0.04438731319356698,6.3089635316248875,-0.3865625314319532,0.385130786525524,7.9160224316456,28.731276786423354,22.483020315651885,16.0,18.0,1.2630041223626003,1.2528624773464927,19.011864501401085,7.833990450009693,30.759991264468226,2.1482373614042154,1.4760191421307882,0.3989343610485026,10.110843463379318,5.492482224181667,10.25390625,0.2683696621648536,9.00590160807781,1.0432394453572982,0.08970413541311954,0.006216374516962051,1,0,1.0
S13,1080,1140,60,30,0.03257262145723099,4.971231974962217,27.910855145854523,-0.31436757155409634,5.94778482286261,-0.2287870809029813,0.3964429265992351,8.678663357386272,27.787339941746758,26.76903174936721,19.0,19.0,1.1127482444683192,1.2299943757152574,21.284038124911962,7.725034725182926,28.939461780944235,1.5735235462299941,1.0688823242193084,0.33624400272540284,10.187609695579573,5.824049829901636,10.25390625,0.2943277633417894,7.7500595425257295,1.4243742336250351,0.10567115241632445,0.007559373762675877,1,0,1.0
S13,1110,1170,60,30,0.02189143010259401,4.502288722281626,26.38727182377997,0.09015501878755039,5.339108677595956,-0.4513688873159292,0.9087991889089526,8.062062051386945,31.829769399619924,24.398830275649537,17.0,17.0,1.2108680950142126,1.3516231051049636,21.46948191783204,8.128949883218752,31.251822536971464,2.019608637241148,1.2824248098259574,0.3976951453663397,10.158768798791186,6.318388651225903,10.25390625,0.2827279373242779,7.72930471027626,1.1687543302430226,0.10859896227698705,0.008267669025463338,1,0,1.0
S13,1140,1200,60,30,-0.0533367515700247,3.8025185878177017,25.43701375014905,0.1868646062272585,4.009389599572652,-0.7320858290655575,2.4525819221006637,6.334979242502316,31.849683925001404,17.806201387744004,16.0,16.0,1.1512381062986847,1.4217976807467263,21.967021618137647,9.658306706289343,35.53038934685275,4.401425822518997,2.83525078935687,0.7690951040675607,8.237370080104263,5.4877766104690595,10.25390625,0.2754238317227202,5.816988076815451,0.7341833420699045,0.04544738002174912,0.0047243403383841,1,0,1.0
S13,1170,1230,60,30,0.0082393285079003,2.589807296338641,14.600224805621815,-0.16461948356213268,3.0917600122143725,0.20344236532903182,0.3539062100441219,5.401901179365308,15.289246674045941,14.03844514363908,17.0,17.0,1.1048764382771938,1.2896400566931903,18.781575801843736,2.65183864250357,10.409081148817137,0.7972322871835356,0.47489176230548813,0.14564439710346577,6.993422773937472,3.0762956095810137,20.5078125,0.32588432636214715,2.9943293081177127,0.6086684692438467,0.020376150310531124,0.0033094844812110204,1,0,1.0
S13,1200,1260,60,30,0.015755624665898645,3.593793540594945,25.159071419180904,-0.49009445503221594,4.2419078440522275,0.7189362358193527,1.6744366190184676,6.63693643123003,30.868056291213097,19.054530197197515,19.0,17.0,1.224011473421874,1.1613146400513128,20.2382885412536,4.00852457957717,17.723006499391452,0.6513123698512477,0.6188552458521459,0.20085974337953785,7.8104899858673855,5.254293923710427,20.5078125,0.30525776132514615,5.114241467555757,0.8465508650125664,0.06738459662499266,0.0070325364657078115,1,0,1.0
S13,1650,1710,60,30,0.05439411237386414,3.638643238681922,17.18837607548523,-0.6417572932395115,5.213219328875381,0.7479428698971223,0.18208752824435237,6.6762807456056015,17.159993417872066,16.429628412005226,18.0,17.0,1.1250765382523202,1.0421896209786186,18.41919659375188,2.7075346851802387,11.3224156510389,0.5354313538576888,0.4830114966796576,0.14519505924894346,8.996566408899739,3.9573626158238864,20.5078125,0.2873900781386792,5.963029980018442,0.5816983885626001,0.026292372632051874,0.0025557626020246147,3,0,0.7682142857142857
S13,1680,1740,60,30,0.021052411198494048,4.500256375692858,26.367553338082814,-0.4302792751834733,5.4651913545103925,0.7039184084650149,1.1199308699363932,7.211546357891669,28.72992414632005,20.397821362605782,17.0,16.0,1.3181436154285808,1.0569114877362875,17.654533144065155,3.4977026171730485,14.119337846187989,1.1089026260288166,0.7655545573591521,0.21601317719553836,10.282881180325688,5.334998113467756,10.25390625,0.27642935188231893,7.669472503516776,0.8460488751842548,0.08453729266297072,0.006698288046256797,3,0,1.0
S13,1710,1770,60,30,0.032059896468092555,5.941118479422015,30.295619718417925,-0.09242006528377555,7.4198566759980995,0.2300450945214246,-0.055854986372872784,8.1228948154941,28.625111460932693,23.55503509204999,14.0,14.0,1.3026185653075588,1.3738716568217455,16.20258856009639,4.771196552225171,15.26343630977571,1.9519488342937377,1.2561635315583508,0.3091321363291955,13.011781552230103,8.366683924729418,10.25390625,0.26208475772375706,9.951568494386038,1.0170399834257031,0.11626416332666112,0.007529836039459501,3,0,1.0
S13,1740,1800,60,30,-0.03043391448959215,6.243690830664866,39.47436941190436,-0.5697574970447278,5.44049633894047,0.28095063315004487,1.3898408657250902,9.141646528204108,47.17347916589958,23.331947606632404,14.0,15.0,1.6933809910438478,1.3152615594350212,18.653242092690125,7.120263412684306,25.23851597266692,2.5700793087103806,1.824694253089095,0.47366264557025234,12.344611873873264,8.89373566769117,10.25390625,0.25537269210166963,13.744661405508902,1.1275362651641723,0.08725680687319946,0.004199797895993013,3,0,1.0
S13,1770,1830,60,30,0.24374336855684053,5.147102276610146,38.09518447921512,-0.3216968738680023,4.854985652471172,0.22277449130934535,2.9201653029700028,8.200269170630992,47.3197220274939,22.112453637607036,17.0,17.0,1.3157705911294308,1.3995512792372151,20.905477303888123,8.106914642390027,33.00086305842994,1.765887223770202,1.4370001349182617,0.4279515398607884,8.972229717843163,6.611509354547377,10.25390625,0.27385052017215533,9.596339697379976,1.1155047797957576,0.08555221527939483,0.005433250927512178,3,0,1.0
S13,1800,1860,60,30,0.06957164265942586,3.8484980679356435,29.156596753942083,-0.08331843141948093,3.9180520607731624,-0.33440926835908463,3.476832228481724,7.610422976484439,34.89790261514152,23.565756290263046,20.0,20.0,1.177063791596808,1.581791005467531,21.95332215552396,7.364131604005111,32.81311924496538,1.210056641165996,0.9809000194773942,0.3256526362060194,8.21446499229382,4.720946492599935,20.5078125,0.31791741955209685,4.904360975085607,0.9842778657766663,0.0920883699850141,0.009533906105166877,3,0,1.0
S13,1830,1890,60,30,-0.07235234714752431,4.091512199687247,29.16209272086513,-0.23816443748642876,4.7178811290275,-0.027037924065449737,2.091650974809456,7.834301868077112,34.35519243256895,25.067351207132102,22.0,21.0,1.4660732259754405,1.490396708888953,22.988010236435493,6.980553649280972,26.293313811615427,1.007305306047693,0.6964945513751924,0.24778484765767977,7.978666575745396,4.400360300797251,10.25390625,0.31059214997488505,5.309396909046787,1.2599780260867397,0.12286644354781114,0.011850508312752679,3,0,1.0
S13,1860,1920,60,30,-0.08304666433009211,4.95061363259863,39.18550596650445,-0.10291828953864512,5.0276444059484255,0.4432165690432196,4.6899314779372805,8.324794210597519,41.194611856611374,23.209033835903497,19.0,19.0,1.4345598027501696,1.0220869000024475,21.583967898548593,6.603411682017025,31.76158584016747,1.1438492542492558,0.9662700107558275,0.3179598896744255,9.261471613664611,5.335728435908591,10.25390625,0.2767102260193046,8.620098379963189,1.0283680947749863,0.06867808866160692,0.004767791010482358,3,0,1.0
S13,1890,1950,60,30,-0.043272701224563025,4.595276819922413,39.18572108445149,0.00399240346308315,4.28205747777053,0.34146492459155764,6.4473663550754186,7.519486426257162,41.20833980223928,19.11301692835002,18.0,19.0,1.150645049033966,0.9784661246320414,20.355714128334604,4.865533100746773,19.40735057898396,1.1691111114074344,1.2303874139205737,0.38122243928593297,8.427760826183533,5.27918481067583,10.25390625,0.27704832038462485,7.09019970314759,0.8399044260638705,0.0404590715149478,0.003405159514082111,3,0,1.0
S13,1920,1980,60,30,0.0021580061893268325,3.952195842120502,35.042361724954105,-0.1699378588821332,3.437640971621931,0.946925776706202,5.9772175930140925,7.512456433128898,39.23316250858502,23.00820568331755,17.0,18.0,1.5423786317455273,1.2937084671797896,19.098100523971773,4.168508219350503,12.975757111169623,0.9045180623791147,0.9367310451887502,0.28039843131585424,8.539451303028486,7.275478603229092,20.5078125,0.3150402028167124,5.6783930394992,1.1772060272501217,0.12267061150334901,0.01102868855479389,3,0,1.0
S13,1950,2010,60,30,-0.16737436062416933,4.934520982916776,35.87807389634149,-0.2705701793302306,4.92574599309088,0.4438930395173719,2.3991230085601805,8.388149551196024,39.26119471057987,26.60163528943321,17.0,17.0,1.6635086195259492,1.1922903396583728,18.87728308413016,5.004782268578171,15.389278229429605,1.6613573255820995,1.0973916198636378,0.31696890196185123,9.749697483564749,8.203489290513746,10.25390625,0.2862977006504617,7.025026588014644,1.0916596345796539,0.17010573532460063,0.014050691468098647,3,0,1.0
S13,1980,2040,60,30,-0.11034612273805282,4.419993789354466,25.950454517502518,-0.4512879029906133,5.266242339160655,-0.1686637637470348,0.5224366445466777,7.560689522311896,28.306928902282724,25.051696946669203,18.0,18.0,1.1109397230777478,1.3520704698378243,22.038015153703356,8.309392684539885,28.49956893272815,1.8316700865937754,1.1540211824248312,0.36841002443544085,8.965875016908926,5.577002987095225,10.25390625,0.2976276929757112,6.038562906726882,1.0612050539185638,0.1559041238312555,0.014460712218521382,3,0,1.0
S13,3270,3330,60,30,0.10838244852774519,7.062908124799359,41.53900511341514,-1.4121602306167256,7.299579756584425,0.5600844314393371,0.6961149434110405,13.106211315317672,70.91743691563796,43.90283275569971,13.0,12.0,1.4491382233070718,1.3954118087099667,14.63274919749353,7.239840733381745,27.29643309052358,2.0738227095867603,1.7325366268178306,0.3568561538244759,19.829282433848537,10.235547569285488,10.25390625,0.27550321573288494,19.122754968249186,2.3023725650718507,0.29177267528219364,0.00935263112528392,2,1,1.0
S13,3300,3360,60,30,0.06903195616407458,5.92907068491747,39.671509726032966,-1.3682706332837493,5.892497950111723,0.8022722875864149,1.7240057660652184,11.82943046188996,57.23953895918989,40.29469298065032,13.0,12.0,1.51070802210569,1.6796474785908402,16.352244366091877,8.676958000380363,28.18027002940802,2.8287619311422754,1.719614139600988,0.38044560610641326,15.979692522579986,8.413897412240026,10.25390625,0.3039347652472945,14.359120570669067,2.7407671640788367,0.38270918234257484,0.014428107552214535,2,1,1.0
S13,3330,3390,60,30,-0.2947326537573975,7.503803780191296,53.85192014938959,-1.38482854536661,5.077386235216953,1.314089169645522,4.895314809188269,11.693625050302483,51.76923453820237,37.043779032395875,10.0,10.0,1.5673612434435893,0.9988143465495123,12.60222245667925,8.937406626699023,30.169083337514426,3.1696871827886572,2.1997338532066353,0.35831842163620337,20.546431504021832,11.736791135805197,10.25390625,0.26435749208959614,12.180160280045236,1.580245755394691,0.2894234822639829,0.015376213701034355,2,1,1.0
S13,3360,3420,60,30,0.017793076876353814,8.470907309498712,57.964341371313566,-2.032242496896877,7.636614641445245,1.30386991923497,4.103383745381693,12.0906759784037,58.55216711829145,35.72478197048036,10.0,9.0,1.3623391554559279,0.9085114850312254,10.75733090924265,3.3892257581040535,10.634690643721736,2.101043654657254,1.7998412768405714,0.2938554446859201,23.099298065539543,12.057129157012056,10.25390625,0.2541861219583058,24.56133488813808,2.093774671202863,0.3456095383721317,0.009446472350798209,2,1,1.0
S13,3390,3450,60,30,0.16224892893849016,8.200077342351507,45.19649394404051,-1.7057968063565747,9.448038120250368,1.2944980733502214,1.9271403947767558,11.887528986291667,40.83666869450351,38.33643305881895,12.0,12.0,1.4370756204922255,1.1702801858077656,16.669176205662676,7.870601826959043,24.293772223444794,2.164708068171818,1.7951323681726812,0.40954399084263116,18.945186615054233,7.403346092070884,10.25390625,0.2640109200764299,20.217538210090833,2.218419781158863,0.4254078845339949,0.013566980092513593,2,1,1.0
S13,3420,3480,60,30,0.023599969378576523,9.359632951618414,59.725285000197125,-1.585931278374129,10.192770596104152,0.9334836926216817,1.6456849423985478,14.317237377463238,81.4424649570773,42.224644607125384,11.0,11.0,1.3776108626529662,1.6624002703196874,15.349186283310425,8.902818554335838,26.254269074709583,4.3764991600546646,2.781478394887239,0.5188357386471253,24.95743452407541,12.880798304961152,10.25390625,0.27031702510261024,28.332099913360434,3.813805091381236,0.33356929358043413,0.007285292534102326,2,1,1.0
S13,3450,3510,60,30,0.17238486176166787,7.1649976288652235,58.01460056598786,-0.7995422007136119,7.339099317076897,0.49122788057765737,3.060016543244622,13.243314782878933,81.41403445142545,40.54204192713805,13.0,13.0,1.5683749922781096,1.547997692025613,16.32683207472905,9.028704994295897,32.004589507109486,3.238917654027852,1.9220492742639073,0.41617811784855446,17.96344073498869,14.304948307287765,10.25390625,0.2938805649653151,19.8876510862926,3.5807448683945067,0.24749988632230496,0.00691868374808514,2,1,1.0
S13,3480,3540,60,30,0.015351831391076995,7.953976369256532,52.5639722069196,-1.2392824356927434,7.5761549582646985,0.9842527770548676,2.701105056673728,12.449580824034546,60.58261021821707,35.88261249869124,12.0,12.0,1.6985114321957668,1.2419552868330985,15.61793645052907,9.440231107224934,30.98398252639243,2.629824740028374,1.7099085301996475,0.3566651952468451,20.01698795216406,13.239395780933119,10.25390625,0.2652423150497925,25.3605229744952,2.6423189262644624,0.2990734636939555,0.007473016957421482,2,1,1.0
S13,3510,3570,60,30,-0.2834424988507939,8.888706288277744,52.112242782690245,-1.1230923017786472,9.177844777383818,0.9655242922637427,1.6511673477830309,12.60366503109428,60.32163427930399,33.78095455677939,12.0,12.0,1.5436958182782046,1.2552573181356357,13.228999140576656,4.541971635489228,15.965235551788536,2.2721169666643664,1.5790868129268,0.3129077270970292,22.479893339916917,12.9709256159573,10.25390625,0.2539293329762456,28.090042802919783,2.1797050904695894,0.22847305992193742,0.005435718680519905,2,1,1.0
S13,3540,3600,60,30,0.058757298171757885,5.783317176417954,45.17272047396263,-0.20898769500029368,4.428703411986567,1.2403474002740555,5.413842349937353,8.27402325455791,35.74456622863735,24.15338228814032,12.0,12.0,1.6083678017164384,1.4132855580484625,14.0452193235841,4.584621949588764,14.567821559324194,3.6440162301661454,2.264046307814057,0.4551738007876825,13.804930371715539,9.929266109540201,10.25390625,0.2758082132909225,10.266741528983303,1.2088007705987416,0.12621800384438273,0.0074710698217073735,2,1,1.0
S13,3570,3630,60,30,-0.03072837042705789,2.508364079146461,15.547325914457748,-0.28562810069505734,2.9915773433524295,0.07817695004280291,0.5147400685129071,5.055316227096219,25.523609245994393,16.273258263223518,16.0,16.0,1.121251704461094,1.4048866409234437,19.158742404100437,6.171986365008314,23.32060147116699,2.763190602040872,2.057204443522563,0.5539053428978361,6.478874288103295,3.1061106560571763,10.25390625,0.31193863051808973,2.426794038977238,0.430038919479586,0.06111773315658573,0.013281377587218162,2,1,1.0
S13,3600,3660,60,30,-0.023654803512805106,5.798823205467844,47.3332637741983,-0.5996967702132364,5.799816673533986,1.3341604678488002,6.962874320516837,8.983931047632392,46.416591922839245,25.779968648785644,14.0,15.0,1.5198913171090311,0.9747748603365763,17.303433237762427,6.33090689596171,21.96749471458774,3.191471975021391,1.9013369157998183,0.46144031186735496,12.146864303459486,8.88770920068848,10.25390625,0.28075801288577895,10.81676488380406,1.5879572517369833,0.12463056978631724,0.00680591520350325,2,1,1.0
S13,3630,3690,60,30,0.14575808593770026,8.729839826675565,56.117253554736635,-1.1991992555082058,7.175448205018632,1.680667969155402,4.979212562692292,11.673380073097508,64.57015777295254,34.41299440704205,13.0,13.0,1.6600071165377825,1.3582466386040999,19.002652436102867,10.01571183461129,35.04795137026085,3.450875745912786,2.172720819534159,0.5212742740799423,14.516747289754782,10.817670467749235,10.25390625,0.2634855409106892,21.285176494186672,2.0030281229580957,0.21136545688469405,0.006348957827503357,2,1,1.0
S13,3660,3720,60,30,0.05389686389639502,8.54322655097674,52.847106797595636,-2.1838450641693874,6.749420064083709,1.2930905087358961,2.0504966451478266,12.62510361163659,62.87446405105861,35.8536986949674,13.0,13.0,1.499578111808259,1.413060534386613,19.4322677755368,11.580821705303828,33.568206512791804,2.7409037957963354,2.253110482252944,0.5185950966139123,19.270382931856226,11.717905004321699,10.25390625,0.25800022604127604,26.247684764018427,2.620924288621935,0.2560748209770676,0.00638351635939033,2,1,1.0
S13,3690,3750,60,30,-0.3322763327793229,7.093821423540687,40.646124472272355,-1.6022948420665568,6.4013341267982,0.869745227922399,1.1407835293375497,10.240004120611763,53.79606531546539,27.891069047166205,10.0,10.0,1.460796992041957,1.424496084854687,14.369323214593505,9.861109995703824,31.9127224191152,4.093027047084256,2.761909688008743,0.4771707400097376,18.580532614112812,8.477798511386448,10.25390625,0.2666963481180285,16.069934940793164,1.989960770790146,0.1184379420232322,0.004622119876270386,2,1,1.0
S13,3720,3780,60,30,0.06193200575483611,4.862564252308725,28.474289986009495,-1.1969985069209734,4.965361474639419,1.3276849677904028,1.9242846476120326,7.446652485106429,26.30757167178155,21.595180268099504,11.0,11.0,1.2183712824160968,1.3315198277670404,14.17081876790991,7.290737191664087,25.727345280417907,1.6683424228584782,1.6471635545719812,0.3291787730037933,12.326130449038136,6.046536150684251,10.25390625,0.2586199694054682,8.61640134383576,0.8603961451294067,0.0943785399533658,0.0071728930313841935,2,1,1.0
S13,3750,3810,60,30,0.05681577840513512,6.325616513406701,51.424099904442066,-0.7209251940972773,5.309158996986081,0.9322327698885052,5.482228627269603,8.745562389855936,31.250038482756892,24.626260274532388,11.0,10.0,1.2755801666476665,1.1857797874644758,10.584756156469021,2.4585208426863985,8.695485434019774,1.5970630730136095,1.19073559078644,0.20057309221557107,16.063351080639354,8.319934608654055,10.25390625,0.24828843985175952,13.706507634459248,1.1345143549274705,0.14920624988535347,0.007486599753202245,2,1,1.0
S13,3780,3840,60,30,0.042066994884854436,7.62086531359469,53.49510903013195,-0.4654210097124133,4.870989226253986,0.9899065894096911,3.7198563854555724,11.064861023642017,73.48329147300383,34.62822060690264,11.0,11.0,1.6839017200743869,1.8233591661961663,13.773075154245475,8.589370215651103,29.272042286267403,3.3179153291666856,2.329965770091037,0.4126337193401117,16.483264653018985,13.695458051846325,10.25390625,0.26300669441972474,19.36356008853327,1.6937860888677947,0.34659350904481195,0.011641011840258668,2,1,1.0
S13,3810,3870,60,30,0.09629446263157283,5.8084724281473825,47.74193818023362,-0.6951885574268226,3.560093819407234,1.4190790008160636,5.801045608396121,9.942191234103147,73.66711658603151,34.84115612067029,14.0,14.0,1.8421540720955585,1.5013024170850953,18.369538318775163,8.659611386378012,27.605724799505612,2.0423259382613828,1.7619724705791675,0.43563412167229315,11.891161354695091,11.574243147287554,10.25390625,0.2925720799942444,11.4804701988239,1.897423564126005,0.38608579490706696,0.01927995970618221,2,1,1.0
S13,3840,3900,60,30,0.06426165160229681,7.259002775890513,45.85135626587589,-0.3038197306870226,6.4080060882003655,0.264877448878879,1.8004590930414883,10.921712783621466,53.418304825602014,33.696875614026695,12.0,11.0,1.39457507810186,1.5019719504863056,15.592230205808084,8.337998674000131,22.157190635451506,3.5831719501706583,2.336967450832517,0.4636959664856954,19.160706435906377,10.934518489511994,10.25390625,0.2661299691924603,16.371676586451578,1.6916229457555072,0.2885495962066576,0.011208187838099737,2,1,1.0
S13,3870,3930,60,30,0.03252967478122084,8.201277475901547,51.961459059932125,-0.9488016985194332,6.607696974082492,-0.022046805727386442,1.4728353972388675,13.937846845859106,81.4646154409786,44.37559039806594,13.0,13.0,1.4213305739509514,1.6894998098412473,14.503399150648,6.118800139686513,16.952500163286558,2.4419507318173674,1.7051092149206326,0.35353880002303745,20.279082329669126,13.238736720975439,10.25390625,0.28248175700426564,21.249321648613726,2.8592176993398266,0.476893791503909,0.013302053361350883,2,1,0.9151190476190476
S14,30,90,60,30,-0.13126220930574514,3.480695651135323,24.330880993074068,-0.5480179051122039,4.4889584825328,0.6078955270510288,2.024902251520423,6.054875000879678,28.85961869074034,16.215052525406456,17.0,17.0,0.5424160072373532,0.8377474199721777,17.808340158830113,3.2086574477946215,12.496103897080468,1.3973882343683235,0.8966819327500739,0.25423618163133077,8.002519071205677,2.3571346298480416,20.5078125,0.30626500991541394,3.2845054073354616,0.4976522873924526,0.01344168795831368,0.002165568075191379,1,0,1.0
S14,60,120,60,30,-0.04136903516159949,2.4917120488694833,10.272384890343723,-0.34160389324290186,4.245398110242302,0.24247182257264982,-1.0563472620418057,4.707543092126691,10.926895324439467,10.886573253514747,17.0,17.0,0.7578896513834397,0.6982229994755148,17.318713272387882,2.1761663880099427,9.852163357322466,0.6591747056107409,0.6791831594132854,0.19142511916625893,7.0788305503280045,1.4226970826020975,20.5078125,0.2930866889714603,2.8497819282163235,0.25999916440347415,0.0066979737748859925,0.0013316314835871558,1,0,1.0
S14,90,150,60,30,-0.03395538844286002,3.903856915161218,25.740802855897318,-0.36996817409138427,4.866315230368272,0.5846317893919919,2.513596966228433,5.706331426792426,24.130821038096517,12.907752185679765,16.0,17.0,1.2060772739649335,0.791457026070559,16.619798827230852,1.8352917273184486,6.838930148247615,0.3592215019504774,0.42673995969123735,0.11669582458936878,8.378731897110274,2.8836547970558195,10.25390625,0.2516860309709636,6.367946874087919,0.29030108482869627,0.01447254697942313,0.0015331115435272436,1,0,1.0
S14,120,180,60,30,0.007956166664354333,4.111560384091286,27.36392830167368,-0.14078529121472655,4.721273841174531,0.13452673749166918,1.7094049093938333,5.771017175063483,24.80588144690472,13.439938236598179,15.0,15.0,1.178148439668389,1.1378504980482518,15.797942760958776,4.423884711760173,17.258890720678288,1.3628002960015049,1.0157063102203354,0.24970954393054257,8.883277681887106,3.187242588796464,10.25390625,0.24526505431603052,5.912219543276865,0.3659572562647451,0.01954560054169222,0.0022839147604066003,1,0,1.0
S14,150,210,60,30,0.09878890374667804,3.0898354327677833,17.489045664871995,-0.2586035972184672,4.0538165030195845,0.3278493944379532,0.08203919713585561,5.3439605904021885,19.04962496943945,13.027940257656962,14.0,14.0,0.9796294493352296,1.0848112408337824,14.808426909815868,4.508305274383409,15.969450603596943,1.7090527769960244,1.148320710451328,0.2618452056005584,8.685846925431232,3.2163147656023705,10.25390625,0.27022499875872924,4.169760900516063,0.39291113061605415,0.015024716319557851,0.00222025096990371,1,0,1.0
S14,180,240,60,30,0.050735929273135805,3.2632322689775832,17.46143961621447,-0.3367950021898266,4.701577336500864,0.17993173144799984,-0.26690397737199323,5.190467608244547,19.062926594855554,11.47282261491588,13.0,13.0,0.8523935201345197,0.910295432313473,13.957216624995278,3.8921122288206065,15.951890394510748,1.2840520279138266,0.9547814613244692,0.20988051906747812,9.517118345447335,2.906824566284002,10.25390625,0.2599761163118975,4.713760143235293,0.3595531680815926,0.013612547767575036,0.0018614949540615884,1,0,1.0
S14,210,270,60,30,0.0401636995045797,2.8379147281145065,12.79668081759809,-0.3450334867116538,4.144099710099179,0.10541687118309173,-0.5853261442617441,4.168636682133415,10.429031749704109,8.761315822706672,13.0,13.0,0.6510514755387236,0.9147738499820747,13.771251211900278,2.3323293498153723,8.342858632436819,1.0159764580271071,0.7659471168609909,0.1708114737471082,7.93873899715367,2.1562174139326764,10.25390625,0.24163703886920782,3.6622610081570937,0.16207146767262945,0.006950918984116358,0.0013341544303790487,1,0,1.0
S14,240,300,60,30,0.02833310851276818,2.569304181922151,12.350243056164516,-0.3458683767373515,4.149254179846572,0.11012256940120231,-0.7467969282906353,4.125003968584777,8.396504272790251,9.038423126009564,15.0,15.0,0.6030710909829503,0.6979291711526949,15.592389255186987,1.9915806547248995,8.346122698622146,0.8940048008749402,0.6720482609576686,0.17090258601824618,7.030663715085669,1.7488896603453472,10.25390625,0.26028754443351126,2.9691098853204254,0.19313859615232584,0.005930335810313439,0.0012938449529876425,1,0,1.0
S14,270,330,60,30,0.00979938606023022,2.486343174697845,11.62862645381794,-0.2570841568935592,4.2926766556786475,0.18747333086698714,-0.9011664909614421,4.534753974245959,10.99843672345644,10.117673649800091,18.0,17.0,0.6021138583333756,0.5875484420872009,18.084852562205842,2.8295092974427347,9.723153558769994,0.36820649153452367,0.47637170879802854,0.14045995526887536,6.696080976687631,1.5319926173812854,20.5078125,0.28456361801596847,2.798569677206301,0.24272811837727112,0.005690139537049583,0.0011878165764431117,1,0,1.0
S14,300,360,60,30,-0.05950799508893928,2.5795050359634013,11.839258703827701,-0.42544423340111,3.964617586863031,0.43736434499238014,-0.4770580573708201,4.753519851418196,12.6068184119152,10.588831999126775,17.0,18.0,0.8969705557726029,0.7862964423158811,18.54634341832176,3.073249204049777,10.733592210723645,0.5417325443979379,0.5590379856393973,0.16805951898113727,6.697947853519831,2.2427800761440944,20.5078125,0.2956149535550868,2.995521160357515,0.35309672936447406,0.007364843477698549,0.0013614660626679264,1,0,1.0
S14,330,390,60,30,0.06305769685581054,3.5657259171423648,20.371675079759704,-0.19939794453375692,3.9151365587872213,-0.10373375471056237,0.7152784427885526,5.064692035396653,19.46012805329609,12.733322890901734,14.0,14.0,0.9344061796545874,1.0340909954816233,17.02983095335417,6.5285494888402615,27.446521293459327,2.0665612355156706,1.8462026157870166,0.44752254345014386,7.9064592850673,3.9912481013669283,10.25390625,0.27291456437844125,3.9589599601122445,0.3945897783712156,0.018758260898409405,0.0029083566221901388,1,0,1.0
S14,360,420,60,30,-0.08878201450892986,3.5997973152958807,20.261111108605512,-0.2689846972413285,4.179655843187095,0.010494468472191898,0.545154052472852,4.9175236708170305,19.394643419068736,12.440344934306125,13.0,14.0,1.0300502273075065,0.8584686779248768,16.133236164341387,7.032139391279017,27.476545253863133,2.4137002287075915,1.8973971161374021,0.4283754172863027,8.145099263077968,3.751043605893301,10.25390625,0.2614699254768478,3.6364161190724285,0.39022039938138636,0.017160327046499495,0.00303343789713193,1,0,1.0
S14,390,450,60,30,-0.001066488536967792,2.1703253533000573,10.450158522953352,-0.27958936829792325,3.695977638679534,0.0784610777751135,-0.8322374490111675,4.0926848580353505,9.862884640558667,9.202950365517427,18.0,18.0,0.5346279892413672,0.7273696407733355,18.399821133623316,2.4864193535929693,9.152425454336418,0.5596169881886967,0.5711978525823762,0.17116374007177368,5.778110734252415,1.3203094623655351,20.5078125,0.2952360568870698,2.0578340241618074,0.20954192043965775,0.004153290970152196,0.0011258841571452707,1,0,1.0
S14,420,480,60,30,-0.03847405053472367,1.9362970792329497,6.549497970762706,-0.23095555126814696,3.6825585190288836,0.15578877706659489,-1.37516955662138,3.9019371780426515,7.898653522560872,8.961407954081245,19.0,19.0,0.5146325134789105,0.37385354023486683,19.071569107933108,0.9998442172961913,3.022232515053261,0.2379970946184401,0.16491034158262163,0.05227478185466383,5.379056350250756,0.6355363286655142,20.5078125,0.3147070228460501,1.7269536304609197,0.22032174430594656,0.003691388985377402,0.0011009340927705831,1,0,1.0
S14,450,510,60,30,0.003615750178805253,3.423968566956646,21.80988760216406,-0.3925445678715407,4.096546076686559,0.3119554389680889,1.464558199098506,5.4347450555133285,18.326305311781493,12.89552130471708,17.0,16.0,1.0585300650246843,1.1760758564563922,17.429986307379878,3.646974712806448,12.412858556932408,0.8521827915442095,1.102779416296683,0.3005506621857367,7.839746095691926,4.648214908607574,10.25390625,0.284410375605425,4.201018989138908,0.44640957132932907,0.021313457603793395,0.0029537007029137308,1,0,1.0
S14,480,540,60,30,0.024491311740576466,3.757090495357515,21.65606500371028,-0.6703721802894318,5.17002819617561,0.35002007389798284,0.3279129679482997,5.614381785688809,18.322296138902118,12.798256218191975,13.0,14.0,0.8626034987759279,1.1278828826311862,14.101984727379175,3.6502185114152903,12.596652993066394,1.1824046282932406,1.0852521141930773,0.23985365220148525,10.05177238033154,4.215983278803179,10.25390625,0.2614730157510727,5.510527732722639,0.39051638448846837,0.020270137901835072,0.0023648405949386712,1,0,1.0
S14,510,570,60,30,-0.08600404995487976,2.789885181817454,12.229394024433955,-0.49700589601166956,4.512676667345048,0.282500483919501,-0.850362250092652,4.528163266187713,12.851732194723088,9.912357105833948,13.0,14.0,0.6732338312997268,0.741930911877744,13.854110129984571,1.4535983240805006,4.908759555986839,0.6681901732341465,0.4467993222395726,0.10206723523462537,8.222160273320952,1.8922718497620477,10.25390625,0.2541032381615801,3.742772420015689,0.23359635178528748,0.00602870875679058,0.0010690832605949828,1,0,1.0
S14,540,600,60,30,-0.008615274251048466,2.8455661859568733,13.67649122155079,-0.4703679333108375,4.348051117963241,0.4758544041024189,-0.4849661261012508,4.946140537780668,17.806645818337064,11.98216547623634,16.0,15.0,0.8836603867860301,0.8665178575921061,15.759902249197495,2.3313332793981245,7.7068886537033805,0.6454985417078327,0.6038401975084005,0.1550049401974918,7.770895784314556,2.5902581556149538,10.25390625,0.2773615748223252,3.251513784520901,0.2665996378750456,0.006630631432281884,0.0012286899759074775,1,0,1.0
S14,570,630,60,30,-0.016133010632694702,3.255693785157481,21.34787716123401,-0.02056950545433827,3.789026560913255,-0.11603362164451556,1.5357340639190298,5.3254657689577485,21.771262862366747,11.751043358003585,15.0,14.0,1.1166963281370568,1.2298402000949231,15.635311209169316,3.7249995442210833,13.003374452489497,1.9130671043334808,1.4642398627536408,0.3514634724940159,8.268618781025852,3.9100997117882517,10.25390625,0.2616874769222365,4.787027333100812,0.3229484181997743,0.008956769867957572,0.0012014258401989465,1,0,1.0
S14,600,660,60,30,-0.09557038272796296,2.720222140161048,18.452831741298567,-0.11275873827582455,3.3950510355714894,-0.020362176709817874,1.4574182084390346,4.792946450218357,22.776131128292796,11.702344586175139,14.0,14.0,0.8951678245828765,0.580937597631483,16.919937614855684,4.41204674480622,17.480235112955622,3.9777472430072405,2.8401006358551464,0.6712965139293983,7.508507228593841,3.273182026153149,10.25390625,0.2840796713436561,2.9290098856380014,0.3202517507388058,0.006514752207160058,0.001294661012514756,1,0,1.0
S14,630,690,60,30,0.040128662742320374,2.134752037143152,8.909407150375543,-0.45785825159647614,3.6438363325181564,0.3804260154818128,-1.021231460272234,4.13182042774175,10.241295295286202,9.700143669511027,17.0,17.0,0.5548931363378985,0.7043488615593164,17.53904374076873,1.5718403909974104,6.665854107189059,0.4109019447061128,0.2992006783387487,0.08678772395612726,5.95628122873586,1.2275517323876786,20.5078125,0.29661698845161805,2.144909321402048,0.21631936135212382,0.006010859959166016,0.0015665896095373227,1,0,1.0
S14,660,720,60,30,0.029493451778461608,2.067336623827351,7.7483123865864805,-0.2961921003407545,3.5876978606899286,0.25732181599395504,-1.1754059673869939,4.010706606576945,8.76632741736707,9.256068330075605,18.0,17.0,0.5688952617465179,0.5450187174320839,18.28929723143763,2.2228446887561133,9.351289689784466,0.35579352244278545,0.37412634855147586,0.11250356424235115,5.741367361208339,1.102979845143254,20.5078125,0.3030891913648623,1.989809557723542,0.2505054943522854,0.0059683475400961255,0.0016166403664103336,1,0,1.0
S14,690,750,60,30,0.009101753799845765,2.0959428344470132,8.126756921073223,-0.27301590118171326,3.705251906434374,0.23348083631829966,-1.1765266926631257,4.171460970175906,9.199232857417927,9.703350254803285,19.0,18.0,0.613455008219306,0.5547725445352328,18.887929096836316,1.7950043483143143,7.794602989710736,0.29964765222873757,0.27142198079810675,0.08476050753584179,5.764568147304033,0.930137570700508,20.5078125,0.31285526756703125,1.9695065793896522,0.26651651058310033,0.005956074324590558,0.001569074269864583,1,0,1.0
S14,720,780,60,30,0.03826359143148936,2.3618083638250016,9.185170643504176,-0.45600336667260855,4.146762592841773,0.33207854403169434,-1.1333928197161875,4.4611383413296775,10.824508179669735,9.920300102052257,17.0,17.0,0.5095301133129672,0.6733145900130532,17.40418438827489,1.3848616903984325,6.08060143213072,0.3191905152632414,0.30085601459478434,0.0866730293865675,6.603812096443273,1.1246866033145382,20.5078125,0.2868771916460896,2.777235988376385,0.21372966853887954,0.005129021734057554,0.001075972814868624,1,0,1.0
S14,750,810,60,30,0.047966109916277394,5.466748278732205,45.488080250015436,-0.34452160060874193,4.744324978283723,0.6073568465431165,7.2971595894220656,8.541056013892833,47.59462665778571,23.03614509853538,17.0,17.0,1.1412539761053564,1.04791439238101,19.209229350667513,7.870752951571897,29.042224221033983,1.3464735498360758,1.0032778826851532,0.2865704084586906,9.510707053743143,6.874439184235373,10.25390625,0.26290141647342186,10.636900947979536,1.184052435013393,0.08070176597265181,0.004829918448483813,1,0,1.0
S14,780,840,60,30,0.028762594517743528,5.51652892310303,43.86482332611208,0.027729036931476707,5.023077826416624,0.5365767764840039,6.041623516379618,8.549909799366677,48.2464757680618,22.91269081516961,16.0,15.0,1.246817878293485,1.1134090374980037,20.371336453792882,9.984401815173467,34.81994459833795,4.082801980461679,2.592377988872033,0.6732117053682969,9.952314113253188,7.118308775310554,10.25390625,0.2621599876436342,12.13939568018498,1.081907643215424,0.09207941662477793,0.004878094336046999,1,0,1.0
S14,810,870,60,30,0.07562913813842698,2.5707546713053397,11.24869175878289,-0.2565350234576605,4.076094495895466,0.28481402189558824,-0.727709583432226,4.89915613876564,12.27574546129009,11.554928417112274,16.0,16.0,0.8486523779414539,0.7899918295838131,17.4769038888425,3.334938123359862,14.563128456721131,1.1821612613401826,1.233511022316733,0.3374463481404225,7.219978326446319,1.7761326831544333,20.5078125,0.2976576876378045,2.8718993421725787,0.34630269321614904,0.006660335307581506,0.0012783626600011168,1,0,1.0
S14,840,900,60,30,-0.0038554062382132174,2.903183059232123,15.727819603845298,-0.5642177939803399,4.243735653330113,0.24925187763932688,-0.132740683432909,5.816139563682624,24.633429769133542,15.04351393310917,18.0,19.0,0.8639702404004141,1.0379497129072586,18.516181056645568,1.7371162555340025,7.318336176869787,0.3060674695526582,0.3157590505144405,0.09656984582682708,7.472654795356994,2.719795110011904,20.5078125,0.30345311280566856,3.6540499698689355,0.41307651805869305,0.01848587240847491,0.002747015027329727,1,0,1.0
S14,870,930,60,30,-0.0025435259619332987,4.165515872512226,25.767926450661488,-0.6614355578858688,4.661338457165975,0.4012486436075652,1.2274705991791741,6.681055847232675,25.209713264342113,16.525441557007163,16.0,15.0,1.083153325527285,1.0261580909713663,16.93236081626115,3.607402019252318,13.589400345523417,1.5553410751530707,1.1521245523496948,0.3048486203077337,9.564769392269444,4.353648851459772,10.25390625,0.27805707322535483,6.604026171533705,0.5050806486417492,0.044744657220810294,0.0040920615465136504,1,0,1.0
S14,900,960,60,30,0.04559881883581359,4.163972238044506,26.038416187732864,-0.08568034746554892,4.758614818118517,0.25496416083569867,1.2471581698738134,6.227905110703786,25.417177936948264,16.534143188399412,13.0,12.0,0.9357823519975168,1.047508338153084,15.471805887697222,6.323954185943109,23.861026261268474,3.5665641677802813,2.7450630468082844,0.5650353988872451,10.127149970312715,4.3610087198259855,10.25390625,0.2662044326332402,5.471850818500728,0.424569629725431,0.038597868866450835,0.0044752518754677005,1,0,1.0
S14,930,990,60,30,-0.0184951981987226,3.2131597914846863,19.33612694722371,0.22274418446881658,3.4682691808729995,0.20916814265407976,0.7364693059646488,6.150153972678508,24.801952926429482,17.86516560948696,16.0,16.0,1.2428474413144317,1.2870107734669927,21.30555850245885,9.163193701833702,38.696640115976564,2.615376793617843,2.4978500070253165,0.6905224862768107,7.954836119376214,3.693735394789268,10.25390625,0.3023595631086832,4.378505689080648,0.7943882843830613,0.05606669805202567,0.006909959362779517,1,0,1.0
S14,960,1020,60,30,0.010963236058642164,3.3204005258449203,19.263495335566077,-0.313826742997754,4.364135418266136,0.33083621063900953,0.2958584167026497,6.313926921303796,24.756203419256416,16.747961434946063,18.0,17.0,1.0698677399540408,1.0911066473256088,19.087555151255536,5.879340892590467,25.254216432437232,1.7378552345712028,1.154790313447389,0.3334628665378289,8.465014139953134,3.0074823201374903,10.25390625,0.29411902509357385,4.863902022069696,0.6970306763782799,0.03257768572860809,0.0037448586329091784,1,0,1.0
S14,990,1050,60,30,0.014445465687275996,2.7634656455002715,12.020380680020446,-0.47257675785236186,4.8202480963135015,0.3123206739184321,-0.9925390124906857,5.5598217101939005,12.796961444654587,13.281123415645455,18.0,18.0,0.5232541274645808,0.7203471130716331,18.722657992014557,1.8146771751145123,7.9741814286379675,0.3894619522429604,0.37027843908196917,0.11428346885245962,7.734526331011572,1.3546273145390553,20.5078125,0.3110254886655308,3.563345364035391,0.5199767000133381,0.00961431675867161,0.0014075076844880599,1,0,1.0
S14,1020,1080,60,30,0.004168547187785407,2.5663432005951607,10.104959803322267,-0.691440466222681,4.724386151544108,0.3822464444536844,-1.2270061659554634,5.236232955617144,11.522540714751074,12.362557902515212,18.0,19.0,0.2830055710656027,0.7310502835181982,18.515400882346853,1.2298849992271799,4.7429469574615055,0.265191738489843,0.20741130099180144,0.06373481593251142,7.26514409778165,0.6757599533676024,20.5078125,0.31450692944844694,3.1013825620400906,0.436022324477116,0.008251607155802783,0.0013746846494747393,1,0,1.0
S14,1050,1110,60,30,0.028429675220734744,2.721704215033519,14.830000492577362,-0.6346734212433041,4.751868330224425,0.5322496767078638,-0.47647569508962606,5.450444841269939,15.693673561060217,12.875755850800134,18.0,18.0,0.6037096432285622,0.3087888576823597,18.576697675377346,1.2723319753239688,5.135520335296935,0.2662772454202038,0.211472287099952,0.0651830035094524,7.368966762714928,1.2858014488973255,20.5078125,0.3135283943962557,3.320699994461941,0.4680904887558934,0.008128063989694833,0.0012677973598437552,1,0,1.0
S14,1080,1140,60,30,0.029945461315223892,2.9994381818205387,14.976617911104185,-0.5680563843949149,4.923056268140405,0.4132721364825846,-0.6529830434186095,5.768104194706763,15.792419394974665,13.79420159751104,17.0,16.0,0.7068184920892026,0.6829067358610343,17.210404703963057,2.774168085058245,9.782491626483793,0.7471057989534896,0.6474480910561441,0.18038354775693566,8.565909029091916,1.9928393189610918,20.5078125,0.2951325903773296,4.090793590104129,0.5219704860453263,0.010906684367841,0.0014814891166495747,1,0,1.0
S14,1110,1170,60,30,0.0385067537467348,4.112432070986414,27.72836976133967,-0.479054067955174,5.532043081148027,0.06604433275394728,1.707070483645178,6.475065075601463,18.82539486954906,14.8092854864928,15.0,15.0,0.7075668149018055,0.8332330729931581,15.63413589835835,2.8844592845645645,9.014884539301386,0.6664956740418377,0.853874289073646,0.21385591333593318,10.221339308154281,3.276792078057087,10.25390625,0.2565917713586924,7.365812328427628,0.5169158117548395,0.01924620422929539,0.0017168291546491058,1,0,1.0
S14,1140,1200,60,30,0.05655249976679222,4.057135764899216,27.55525582617981,-0.46411902559811863,5.716984643868003,0.02664161590353858,1.7763681136767024,6.344209036714398,18.767472741796354,14.537764308339371,15.0,15.0,0.7287225161618651,0.8985399445053072,15.639321079413511,3.140532133917222,10.472796682321277,0.7600074361364707,0.9550636003078902,0.23730093004962538,10.052178506686884,3.4297280802713823,10.25390625,0.25758492500046337,7.097545860635317,0.4883422984394974,0.01743698790477109,0.001609626738575132,1,0,1.0
S14,1890,1950,60,30,-0.048889145119981506,7.97294535481745,51.868323336482135,-1.0194518795570033,8.024615816873029,0.551996679908817,1.5002783949989302,13.210992897921994,75.30202373614455,44.51699449227577,14.0,14.0,1.558122587637753,1.3835993333366743,16.24325596060851,6.816559015888209,27.92700792340367,1.8920153114537706,1.4257817986884667,0.3385241309798588,18.672963620704643,11.700086345863497,10.25390625,0.2721704726276874,21.671691831498368,2.103622936457615,0.5593083182837285,0.016282514898266685,2,1,0.7634047619047619
S14,1920,1980,60,30,-0.10760449869240618,6.550896223097654,45.57115110531058,-1.2861077896018647,7.927137199905987,0.3016535440907297,1.4721162642320653,10.877427847907628,39.34142351929992,39.03508563925303,14.0,14.0,1.1966800302580376,1.1657773853600266,17.243136423798124,8.839306003098699,28.18027002940802,2.777069216885699,1.8039372602539416,0.4168887692894549,15.740048428565823,8.748796733919328,10.25390625,0.28022211137447833,13.015099479612207,1.7418532463518848,0.39526982641480035,0.01841444332366468,2,1,1.0
S14,1950,2010,60,30,-0.00882968263709812,6.246455686097215,32.300150358692115,-2.0887649694415114,7.825749076762097,1.2395628319249057,1.2088284540605478,10.929280133874355,44.31433156900226,37.35447655086605,12.0,11.0,1.0354394771496072,0.7845874178602557,14.417341852466008,7.43938488360179,27.622333190570096,3.6771956373168457,2.2221459453560812,0.43178953186569324,17.877148047634225,6.1944837445198955,10.25390625,0.28708959732398787,12.353930871767137,1.9693348792156453,0.3302558312758009,0.015629117884474204,2,1,1.0
S14,1980,2040,60,30,-0.1959929015451945,7.019905152673204,40.5276434228233,-2.195467373883888,8.2810365551218,1.3102743130172796,1.864813526595638,11.850697852741936,50.605100204251045,39.312655032658334,12.0,12.0,1.3026767964413002,1.1581446316814927,14.482189013661442,7.722008689268901,29.77178006383614,2.5703672015921004,2.212885965012072,0.4321604425939169,19.155230258553523,7.8225392915797265,10.25390625,0.2800055984646723,16.179589478307253,2.1347814653975856,0.37544563196818753,0.014044061575017803,2,1,1.0
S14,2010,2070,60,30,0.08451077607790254,6.5057584087166545,38.83054009743946,-1.5252478886441927,8.637158229888128,0.896980090194133,1.1348780842185677,10.85486109253357,50.54665126032965,37.1109647099691,14.0,14.0,1.2968393185110882,1.144989122000048,18.341488748245084,11.084783022356993,34.16950221073933,3.1236052125403946,1.7759428953352776,0.417534241398001,16.074370382491598,7.28135963047808,10.25390625,0.28659634224358954,13.276643827476004,2.1239281306903086,0.3543584672511007,0.015630829465880847,2,1,1.0
S14,2040,2100,60,30,-0.08815275657032509,5.688680094938218,24.00739007704064,-1.9472222670351336,7.649732172032319,0.8395004396408412,-0.2675415316932681,10.056711573906027,35.97339170394065,34.23865460651625,14.0,13.0,1.0534152017396565,0.877599246990402,16.023459217218463,8.098149199864642,27.843567809397438,2.402920983241163,1.6660665811774493,0.37022797706319244,15.628037349767244,3.8732069537033236,10.25390625,0.28644043005179476,11.96766479050459,1.64418185004941,0.3249966222749757,0.016004241783791825,2,1,1.0
S14,2070,2130,60,30,0.09638724195969674,6.345053854303455,37.57721014309666,-1.8209194122326624,8.520658796525304,0.9045814164880397,0.45209228748757413,11.309853067325797,50.90541439074325,39.68003023381577,14.0,13.0,0.9347784060433946,0.9911673017051306,16.583858673241075,7.286288165997343,23.232398262665917,2.9209500131963635,1.7172861597937041,0.39822904169315293,16.54561335610204,4.875997181026671,10.25390625,0.29868390914251386,12.61743896957634,2.407781028011496,0.3907123715701463,0.017234590625865586,2,1,1.0
S14,2100,2160,60,30,-0.13408489389009212,6.1543791572307605,37.22364296710512,-1.891922036539246,7.701276397905904,1.1503226543795266,1.3386057535324545,10.972085111283326,50.77671424344121,37.092772000435374,14.0,14.0,1.1140521735856328,0.8682967455543233,16.41272822127068,5.607126017755328,22.155334813636234,2.699923279333269,1.6423004900595388,0.3955360591663615,16.25880714823229,5.337766260424914,10.25390625,0.293521195761838,12.101620232090932,2.1046356928117977,0.3001835282103389,0.01403392429982152,2,1,1.0
S14,2130,2190,60,30,-0.009888028097182347,6.869841742905401,37.15596416505039,-1.5980131398142308,8.374979924072836,0.8524575205253572,0.5184079635265189,10.615818627983916,41.396696718836345,31.85877959028678,12.0,12.0,1.1571365793301216,1.3168277312756516,12.79907180135865,3.5880474957824005,11.068669578631926,1.9428897581296005,1.5787950553989798,0.308655916482307,19.144326899420793,8.160786337223328,10.25390625,0.25468272562028593,18.009080565840836,1.3824415859308603,0.1976528796535276,0.007357321778795494,2,1,1.0
S14,2160,2220,60,30,-0.10024194251102948,7.452429195672685,36.657416384754995,-1.4577422120422656,9.276612299479773,0.784128031000761,0.442557955323458,10.462348013369885,41.66191152192855,31.884978977963144,11.0,12.0,1.3140442199408018,1.1372594563688745,15.308259979221916,9.867691018615664,33.748391955332,3.2195347616748378,2.300198345484891,0.4413878784614227,19.101044208520708,9.746700875005557,10.25390625,0.24766710911131432,17.469104570705813,1.2680994764706288,0.23039860436143417,0.009144653291798373,2,1,1.0
S14,2190,2250,60,30,0.05721866608337748,6.152681208744937,40.652633207426334,0.08360151970868313,7.072430445588823,0.1326211115920203,1.2930036512064218,11.038897233827019,62.748606583954825,37.19450843761937,17.0,16.0,1.2464516964268597,1.330012423481826,21.31697107604583,8.860919712654146,33.76816427946727,2.58539803380394,1.9527176391512808,0.5588745447191461,12.431171590456128,7.8265998345599215,10.25390625,0.26175824783324475,11.86039265619323,1.1308966111905436,0.14510782375945985,0.00792611295357482,2,1,1.0
S14,2220,2280,60,30,0.03088424695844935,7.404173133208087,56.83065962123881,-0.2417526031344196,5.163058837980462,0.8852685466166487,6.080380507463209,12.341654744919115,61.656325713680005,38.62365925998622,22.0,21.0,1.49332122812551,1.1708766341563333,23.074443181347956,5.680652350031141,19.91005496640942,0.9272267186374119,0.7142751861873935,0.25779776662708836,11.688203356895087,8.294238718794707,10.25390625,0.28751436207349207,17.524991896652804,2.9898730056543807,0.2780603303926643,0.00918867757623511,2,1,1.0
S14,2250,2310,60,30,0.08565299030970144,8.252300745211835,62.32031696056825,-0.4111039468134263,6.041288633008378,0.4639681911071183,3.9773989858125445,12.297208000662243,48.11972012461361,35.101109127269154,18.0,19.0,1.407933123323784,1.311337936776001,21.398933160465578,8.235129761459415,33.02522884170949,1.5210123927764663,1.3354687205706564,0.4083897254147816,13.553578752652436,8.872534853133583,10.25390625,0.2560452104489933,22.517095545200153,2.4458152755199456,0.1559744523865134,0.0045628169403217865,2,1,1.0
S14,2280,2340,60,30,-0.0023262781998340696,6.524474626169351,51.687789121102114,-0.7699865745305992,6.782863048238989,0.00543359969343865,3.098607484706534,10.177052199858558,48.228351514946155,29.3740182343233,12.0,12.0,1.268486694735782,1.6286750418717595,16.74867795627132,10.822828656015897,37.054345074673364,3.0999303481312777,2.464300289127544,0.498662678079525,15.71930713048987,7.368099400890737,10.25390625,0.26777765957342137,13.524257900798261,1.7448147859758258,0.15522172688362137,0.007218648282038598,2,1,1.0
S14,2310,2370,60,30,-0.25454196567919146,4.542728048645304,24.269880404484148,-0.39672509055400573,5.2539725110015345,0.41218889037788853,0.5700309448952066,6.4892418573505,20.96717123225824,18.175100521488964,15.0,15.0,1.1065111284438258,1.1813299640163895,18.524986884574137,6.636301351037642,22.469795971292783,1.8833126147890444,1.8328277637061021,0.475996080146278,9.601227525848213,4.690777198814414,10.25390625,0.283219662360434,5.054545578323114,0.7789470495314944,0.052006717743907686,0.005982289918540327,2,1,1.0
S14,2340,2400,60,30,-0.025646921033169724,3.2909655360707823,15.397825336119109,-0.3846771738976952,4.857248766459494,0.1277486255375851,-0.6715546909570671,6.485056787455647,18.37299036062605,18.912698150016933,19.0,19.0,0.920497671572437,0.9653759281537742,21.743446065393762,6.227719229321317,23.392002187042493,1.4267712186766937,1.073822393428199,0.3523846795810841,8.30240817186727,1.9369054651014381,20.5078125,0.3144481364819764,4.0452431113654885,0.9263008015679592,0.056815655533548934,0.007087413014317871,2,1,1.0
S14,2370,2430,60,30,-0.05329582213176951,6.259415953309686,46.213814010519854,-0.40168908945199255,5.3223277958328765,1.5071940745613723,6.346346565834743,8.604976681131188,40.12938592747819,20.88918993049815,17.0,18.0,1.5091939028458128,1.0040306279031586,20.464281269040363,7.297148323275184,25.389458828638116,1.4571010731637548,1.5161657566776592,0.442341724837578,11.245213479195455,9.785731183664856,10.25390625,0.2418114782057341,14.517568051096648,1.0467696287373027,0.06895931161702387,0.0033264832628075443,2,1,1.0
S14,2400,2460,60,30,0.13507133096984703,6.174967498665589,46.52642929259106,0.03615794976049337,4.874776697846052,1.5408245185258451,7.0156651317183645,8.225647993162989,40.21745123374423,19.766936644334397,16.0,15.0,1.6116230965138574,1.0608741074017953,18.92018401993503,6.89283996127027,20.000590156381925,2.1445961311159887,1.698720195869489,0.45239460411975646,11.051021499451599,10.626834529322831,10.25390625,0.2405998177446007,13.84008253900531,0.8840828305730112,0.07094619564141108,0.0036122015428240156,2,1,1.0
S14,2430,2490,60,30,-0.0007945894636699276,3.2908412365467274,16.57596289321703,-0.014698067015452454,4.402009432360597,0.06252172060611468,-0.36137238494118895,5.866685849087788,16.59481994832097,16.597532610741073,18.0,18.0,1.0820150048139547,1.2667793819141575,19.804543027773075,6.0491376204394065,22.215409031885734,1.088685607529013,0.8878226464900792,0.2698549077477445,7.676065637631248,3.096914870821518,10.25390625,0.29051482645336285,3.9245739228581926,0.5800765757756245,0.046868343870430075,0.006780973755199435,2,1,1.0
S14,2460,2520,60,30,-0.027025464250892375,3.9459799045521042,20.769772985308744,-0.2781146512206375,5.111230999819968,0.1353447082283888,-0.0037193075090145022,6.7710917707562865,29.37636095947045,22.87268017743118,17.0,18.0,1.1621414485539692,1.2092732803378192,18.804835072413077,6.219950264012627,23.435515522196262,1.702720712016287,1.2499200962982002,0.3500563896511676,8.524727471778856,4.527145672423442,10.25390625,0.27556738897498473,6.018592107669283,0.6695270481177525,0.06945051170774753,0.007030785376283176,2,1,1.0
S14,2490,2550,60,30,-0.0637480820926531,4.284065750786268,33.70818647630898,-0.3411518890546229,4.254691591651287,-0.5155759236969817,4.152287974298496,6.973406448900458,37.46645491938878,22.438945869687103,15.0,16.0,1.2069364705094567,1.444616149959079,18.63034901533899,7.700987750668447,22.495409100183636,2.270847185253889,1.779279768673361,0.4544302137812134,9.154309672079574,6.664505078359804,10.25390625,0.27188124477016534,6.762924488121917,0.8134156537526015,0.14912414889053055,0.01374246270355663,2,1,1.0
S14,2520,2580,60,30,0.30044626611742153,3.4190179759534005,21.701722225484986,-0.08260331092371838,4.667951116240838,0.7714613950880013,1.0483946004604636,5.896472519463829,27.947080390450285,17.72043763705453,17.0,18.0,1.2201206323675897,0.9299124677496533,19.7405646757537,7.573834135491102,27.962810956764983,2.0061156836170793,1.4848597194616036,0.4169072162940577,6.90159545366574,2.638597726714461,10.25390625,0.28741533686157966,3.2768307747507386,0.48412116126470817,0.05729420025516235,0.010114023599794917,2,1,0.9865952380952381
S14,4320,4380,60,30,0.12975305135694273,4.677659777096531,27.90874744731253,-0.8487035428345432,6.649885821863754,0.7437926199337695,0.9091713634200977,10.204289878719369,31.520837243312094,27.89542151152735,20.0,20.0,0.8878025640643358,0.9652742056314904,21.886395987980023,5.429248973016784,23.782534701078895,0.9587050743065533,0.7031308644958666,0.24186945214657113,11.557218931493013,4.084574144789894,20.5078125,0.349721764276578,7.551429288983938,2.551703402367991,0.06551469863995212,0.003688151548269923,3,0,1.0
S14,4350,4410,60,30,0.051089976332422384,7.084872123359675,53.53377389618788,-0.532264564202521,7.107769179862839,1.1615955485729141,4.433118620307164,11.806882535446466,37.631677133460784,32.732605808281065,19.0,18.0,1.1960735888881269,1.0911937351557077,22.594566991324186,7.697505591395457,29.753781089782592,2.311013897425465,1.7834013309914882,0.5576171713358666,14.578178856824344,7.034280285502814,10.25390625,0.3129941301380488,13.49057509042326,3.322901468136966,0.13904213002735769,0.005170865382564033,3,0,1.0
S14,4380,4440,60,30,0.009728822694283606,7.468243104869608,52.25822360189285,-0.05648142738950185,6.229039604001597,0.4423001987870332,2.9956199132344814,10.561013015063502,37.908463486625266,28.069789610390156,13.0,12.0,1.536702187109151,1.0807576061303943,17.86201353322818,7.918978878947245,28.92501610177472,4.137985447310337,3.067641858680581,0.6911883161105357,17.29157126600685,6.976969334898744,10.25390625,0.26706198174624823,16.657741706145366,2.166991514738672,0.12555501087411655,0.004690937874067108,3,0,1.0
S14,4410,4470,60,30,-0.0821712889412358,4.807252288078392,25.06728726396575,-0.953773429578739,6.664297245138172,0.10481131945237314,0.07380186838257208,9.572830639183616,26.838428823175065,26.90500377880004,15.0,16.0,0.8365280819451915,0.8456438572256111,19.955682937286262,5.450941904319038,21.658365863507875,2.651979326561321,2.8529607147050142,0.7704755016564466,13.625494649499984,4.269508088763875,20.5078125,0.3395842198464757,7.427909697571126,2.367853603883444,0.1067250794099355,0.006393563695014863,3,0,1.0
S14,4440,4500,60,30,0.08795423168546854,4.449118348340243,22.454197826214546,-0.6458622160777117,7.1569079286333706,0.32403115572016095,-0.6577329389468916,10.215228754942116,26.734947553798172,29.015811205728177,20.0,20.0,0.776824131607697,0.9492647555183789,20.787182652139347,2.9825334227554174,12.103510719084062,0.565772403620407,0.4718516886217274,0.1598030979264336,11.903276333934043,3.0371930516410965,20.5078125,0.35555401186718755,7.41274367307677,2.298677915544992,0.1022134162384183,0.005843463720164764,3,0,1.0
S14,4470,4530,60,30,0.010442639219731324,3.8316097848980206,16.39000864985674,-0.5028512060727055,6.617931973454819,0.39927910255486865,-0.9756012989358367,8.780085112764318,21.376382411360396,24.81178584024111,21.0,21.0,0.6893456498051928,0.7872703337147715,22.133129783123824,4.518565396842918,18.23027128709219,0.5289059092077193,0.4616004766028735,0.164731243243442,10.189970807272614,2.3026329717895573,20.5078125,0.3482939847075783,5.788934776968462,1.4830359094393908,0.07913772238905716,0.006104630865864097,3,0,1.0
S14,4500,4560,60,30,0.0043994764602518464,3.6734193040590846,12.891669536703542,-0.4708859081617992,6.548270409050504,0.30972140011567334,-1.2023540374376975,8.547978818822342,17.123068065597113,23.51263054492394,22.0,21.0,0.6248133312498151,0.5438521191860539,22.519571818911672,4.468531023858949,21.860465116279066,0.7387301570248497,0.5451335151209826,0.19721077600724626,9.997475410166434,1.7848922577559414,20.5078125,0.36786682264511317,4.846493096828741,1.7028844734144652,0.0644319948599144,0.005283403390975689,3,0,1.0
S14,4530,4590,60,30,0.006057180139500561,3.903283144759819,17.213609567477107,-0.6311693532121438,6.986829728690299,0.3264979109469164,-1.0468817036727154,8.882506317136686,19.205247312925433,24.036585553951184,20.0,21.0,0.4096236680635941,0.5952518774635912,21.659992355982624,2.3529177906149594,10.755687138479063,0.6041815738250048,0.42874043627083736,0.1522629586756245,10.626583453687038,1.5822768965205654,20.5078125,0.36707626036783586,5.199198226777059,1.780738657417307,0.06720575437233729,0.005163418406746573,3,0,1.0
S14,4560,4620,60,30,0.06044737850245041,3.8481519158915862,15.15769254080324,-0.8001436686567548,6.939461661005017,0.35828825819710597,-1.1856350905314537,8.760690588596573,19.036438086268692,23.84168806030936,20.0,20.0,0.4541044042487389,0.4868268633010822,20.783956648613913,2.9464508028873952,10.957923404506571,0.6808798662688225,0.5044719458464262,0.17059437782246295,10.736176685061775,1.572181262571527,20.5078125,0.35611753025145726,5.488596894690536,1.6568693608101157,0.06641391441153004,0.005092044576576489,3,0,1.0
S14,4590,4650,60,30,-0.11500748363293442,6.331258854759898,41.509247222866584,-0.5680382163152742,7.0847207837418384,-0.6206950214959395,2.945883116685817,9.303585581021366,30.98819417614078,22.862570398151675,19.0,20.0,0.6300321798723945,0.9545152761051359,20.346196285343,3.8239617376519184,17.285093564658975,0.8798375109179236,0.6652405239073504,0.21677478473200956,11.683794842666446,4.19571678279925,10.25390625,0.28165459699517287,10.039655548507218,1.4290662454526464,0.04703407932916744,0.0027320031430231096,3,0,1.0
S14,4620,4680,60,30,-0.04826571075506408,6.641645036610437,38.238568362213336,-0.9063204653433928,7.097649523547178,0.15381778061746315,1.2854638971141403,8.55134931123808,29.558679655213105,19.89733288693582,15.0,15.0,1.2680360112816795,1.12094735126499,18.45634178809949,7.149359033057222,24.129852335937056,3.2100669016928287,1.8758222187221159,0.4771102450941275,12.044892555326857,6.576277243524487,10.25390625,0.24436049791157938,13.634539560171692,1.0853632086438343,0.043441545914756435,0.00219955261975563,3,0,1.0
S15,120,180,60,30,0.013978025730054317,4.872451253020893,36.81347610333812,-0.11443770651417579,5.655007189350716,-0.08761815812801092,2.927206572773258,7.305216994624089,31.844421320823812,17.277514559799766,15.0,14.0,1.2505471185800752,1.0046478627417437,16.83872316683695,5.33790020307573,19.79463170763679,2.062729973858659,1.5629958072169483,0.39011203419738427,10.84149985727079,5.496313430760732,10.25390625,0.2624422896569505,8.310119090725735,0.8378046928111537,0.027553925853253964,0.0021053322053918282,1,0,1.0
S15,150,210,60,30,-0.024911569057827623,4.66011269935239,36.682535611347156,-0.21665659472617388,5.231466783135582,0.019129946079710906,3.6332288050873736,7.238533015549999,31.75014451143472,17.441390385493676,15.0,16.0,1.1243127518048897,1.0576601546161926,17.828175864073597,5.1402122746235115,19.88421100024236,2.0176325169149116,1.5709180226815909,0.4164974872786189,9.894184155099099,5.423082693338627,10.25390625,0.27804019227128585,7.618670305936868,0.9249883086968522,0.032904443751928886,0.002562703321012972,1,0,1.0
S15,180,240,60,30,0.06089893706440053,5.0764085528573215,31.81399585882911,-0.34589157265932763,5.174991533065816,0.19337451544281584,1.966544868053063,6.912565496933271,29.967785872654407,15.598860489130741,15.0,15.0,1.0693744683414286,0.9960987437443953,16.37252744470314,3.749415192878058,15.038319190426984,1.3677888400012719,1.0022438642525597,0.2580456051723481,8.450026700898103,4.257755590925618,10.25390625,0.24301758248952146,9.309508849723667,0.5583632846182366,0.022405896254181983,0.0016810267967429433,1,0,1.0
S15,210,270,60,30,-0.04540885228882994,5.281646039582119,31.621402043309722,-0.4768770786257831,5.0440602790496225,0.17241788192877514,1.587245954404147,7.092166434445398,29.961738410900995,16.453180731978723,12.0,13.0,1.25784233315956,1.2824073191010124,13.989550613762022,5.044016087680387,20.302710751206355,3.64285109243195,2.6175523619756422,0.5145821381539125,9.838844461211133,5.579079753853022,10.25390625,0.2396515331872412,9.941936626599418,0.6387590369690614,0.02739292269386737,0.001952434231634585,1,0,1.0
S15,240,300,60,30,-0.020053122161948645,3.214700242064074,21.2093231559768,-0.5061290457540928,3.550603063993475,0.6678447462503815,1.6906474367470343,5.596864596603402,21.0242558375624,13.62280114812905,14.0,15.0,1.0643545403002233,1.0554758197071914,16.56091670347117,2.2179330752089412,7.864219021404091,0.7308191285396516,0.5574218474806907,0.1507889064231357,8.61904019691931,3.450463963344825,10.25390625,0.2785926153280985,4.773683807756402,0.4921927222392505,0.019781721111401807,0.002477060397079385,1,0,1.0
S15,270,330,60,30,0.003116247234780303,4.780647623575898,28.941404397514646,-0.3454067325913751,5.161824510470241,-0.7382461512216956,2.248567011630211,6.0990386967977575,27.56948637561285,14.303300073930174,14.0,15.0,0.7759522021314074,1.0599521063053425,16.372659125373016,5.444974138084849,23.677844772749673,2.128222646400762,1.7687632240046927,0.42370604765827896,9.467742786460287,4.612520148101773,10.25390625,0.24581339248110484,6.437994960498256,0.5680378861226975,0.018469703520382613,0.0019640010512688294,1,0,1.0
S15,300,360,60,30,0.059327996807223046,4.969736497403566,28.52769200138652,-0.36885587265612996,5.879606759125291,-0.6960622111110852,1.573321961025366,6.5954170085730635,27.481425270663973,15.349175989712021,14.0,14.0,0.5907511683373401,0.9910206647757069,15.984797671689797,5.643393551085108,23.723418281818013,2.1086751490814657,1.774783335218745,0.41301473891393664,10.032924392107466,4.276599296196623,10.25390625,0.2530721246901277,6.992192188159161,0.6375622785873221,0.020511239948731302,0.001945046793618774,1,0,1.0
S15,330,390,60,30,0.0348894599167325,3.1659437366199796,13.362229859795296,-0.6923778223458046,4.709749151336116,0.2919511470830662,-0.8039871644428493,5.883986312883594,17.789559389120168,14.43776739478647,17.0,16.0,0.8104471103871792,0.6911086662682587,17.07101735021677,2.0271565500098037,7.848078463896963,0.5410375519805083,0.4215043723445965,0.11826070217839828,8.425662208838778,1.5723142408166046,20.5078125,0.28865121064276145,4.456345452815079,0.5110160275279226,0.019614535336389925,0.0025232929335131755,1,0,1.0
S15,360,420,60,30,0.018556541152656786,2.8001135768729903,11.02701728298757,-0.6289999656713637,4.682849035416503,0.34338780008929287,-1.0010498163196815,5.342024261154323,12.959833862808557,13.319947644548686,17.0,16.0,0.7561905876826006,0.5930799873146168,16.54017296289561,1.717957622894563,6.502135363353849,0.6259357077241092,0.3882146142724329,0.10585265556167224,7.981872459730458,1.3839721663034812,20.5078125,0.2896231779929055,3.837805072840603,0.45306966412797234,0.010198373247449394,0.0015121682203877837,1,0,1.0
S15,390,450,60,30,-0.0867428000504437,3.0787959353205747,18.438105692509815,-0.48088833416980725,4.337661637616724,0.05134961308991276,0.3515651747997799,5.205357041022595,13.261187399346452,12.752723490019074,16.0,16.0,0.8790147246267437,0.7597724776799459,17.12075087421032,3.628389872437634,14.998190827345127,0.8146374106233842,0.5100585178290599,0.1412829935686055,7.8533828169977555,2.4128823189646296,10.25390625,0.2759282454083197,3.836649713411425,0.4165819290171435,0.016850190645272007,0.0026519379411779793,1,0,1.0
S15,420,480,60,30,-0.01800236396163395,5.945017160455218,39.822395498697986,-0.19923143172949603,5.047829056480616,0.40995391482937804,2.5949853253912813,8.34879168185082,44.92417349560256,20.011403985520236,14.0,14.0,1.500783429436599,1.2204012483056328,16.645281484895914,6.023248353113325,21.839810346287358,1.8784633320339044,1.2419657514061089,0.31019317518308204,11.576341054961542,8.636502977980289,10.25390625,0.24692396545451184,14.459064291775645,0.9360508481188082,0.06871675992437185,0.003264024779317954,1,0,1.0
S15,450,510,60,30,0.027990147613734584,6.084569568935124,40.00811959831208,-0.10593595973170705,5.436744721364768,0.30882375679581614,2.0979833858571952,8.356829545019679,45.00187362598851,19.785417948844994,13.0,13.0,1.4787689801378117,1.267895953928824,15.212093317370874,6.200990359293115,23.511139321460192,2.631962204588468,1.8595129069554175,0.40450364931828325,12.480515971980415,9.041741663075502,10.25390625,0.24739518120889112,15.194054519114138,0.9169352697732569,0.06600119109755902,0.002980676587336097,1,0,1.0
S15,480,540,60,30,-0.0071836692026585125,3.8602581528459807,22.50690317707352,-0.2605744450773291,5.26942524673184,0.06332589558993112,0.10960805603643298,5.335234740370754,14.410917873195173,11.971608138011504,15.0,16.0,1.0382614061353537,1.2110669495268396,16.08875046880038,2.8775585037739346,11.98436772207264,0.8285172396073183,0.5259679896287597,0.13764750977012433,8.461549239719352,4.701862257144289,10.25390625,0.25400125602682955,5.446273295441271,0.28379364866255624,0.015418918617947672,0.0018903598149312517,1,0,1.0
S15,510,570,60,30,0.15300125229302824,3.0412302158289526,14.091229330959626,-0.4577717151960927,4.900779554320768,0.5208492483003982,-0.5515108321970983,5.320766496987597,14.156165126339237,12.801528342368254,16.0,16.0,0.7227626398558601,0.7783494279056052,16.39057703779325,1.3786597518330526,4.090763301096489,0.4247096418535632,0.30338160638537487,0.08230433203406459,7.88194351809219,1.8519170005514056,10.25390625,0.28075644827146296,4.038620802799968,0.3833851890270656,0.015640490107028754,0.0023013469902655784,1,0,1.0
S15,540,600,60,30,0.04722703812186613,2.5571655058729195,12.108761304563503,-0.48482634223623666,3.943790534529926,0.4545128836561286,-0.5534826149943015,4.858259125433176,13.731655019111288,12.080836174123606,17.0,17.0,0.7766959396803508,0.9271592677316511,17.0651348823423,1.578902857361491,5.693142374365081,0.4904998145027282,0.31567145798718493,0.08904695570865584,7.008034697465618,1.8383644828535073,20.5078125,0.28937141185350995,3.06169306969151,0.33207582516895906,0.012480539407541897,0.0023392361393199715,1,0,1.0
S15,570,630,60,30,-0.0331988763726835,2.8985676838217818,15.144933997529794,-0.5002839565708276,4.253038736373679,0.4243034575591986,-0.21578565076228395,5.35044908044213,17.10270778484184,12.808846971234313,18.0,17.0,1.0917679313554105,0.9156713127086995,17.43650528926778,1.6551920852767423,5.54286910529904,0.5416500913214835,0.31143818548743313,0.08973859917432515,7.591584766785699,2.1926177318635136,20.5078125,0.28751012033566486,3.9416483997679834,0.37557983918626736,0.012226164263346643,0.0017957756194412083,1,0,1.0
S15,600,660,60,30,0.0634478522956179,3.429507028421244,16.420267764194456,-0.20775507015106878,4.912360326787333,0.17967057051131222,-0.485342591804498,6.114566200914652,17.035893007327264,14.143846113307672,17.0,17.0,0.9653182248519943,0.9098152223875748,17.497581693894325,1.2634801404924023,5.075320606190079,0.39338734784201795,0.2443650012308035,0.07090016097054555,8.54168554271415,2.3863821820790534,20.5078125,0.2881030230522844,4.9329423034037685,0.46634628316250326,0.015549232597462274,0.0018211016498385086,1,0,1.0
S15,630,690,60,30,0.0004934868162172712,3.967496347691651,29.781124952439136,-0.33519708607514215,3.9410917422915657,-0.06863741754844722,3.4522143696748095,5.990017496984558,26.22951573569896,13.382186417199751,15.0,15.0,1.1365862794005883,1.2041740837902437,15.642131050231342,2.6703802136808545,9.459398369993414,1.1944994945106444,0.8450425108031883,0.21249112477538928,8.69886429534799,5.1395096521120704,10.25390625,0.25879284742469216,6.217951798006949,0.39493086616098344,0.019036013701593534,0.0019958486385442628,1,0,1.0
S15,660,720,60,30,-0.21529150900285735,4.107403653240436,27.908039260875373,-0.14909757089997344,4.072922185609873,-1.0445297465536323,3.3459466197115324,5.455589975444999,25.213764859511123,12.472274524713583,14.0,14.0,0.810823693181871,1.3078384196055355,14.601093311334107,3.3805407671208494,10.088143727793009,1.5372968036735895,1.0862692335345343,0.24947128066737995,8.11219317865634,5.394545638213971,10.25390625,0.2465976457731581,4.3708047533311785,0.2588942828399686,0.010381647944165405,0.001631158660364872,1,0,1.0
S15,690,750,60,30,0.026221423322476754,4.290321984266943,30.77032426605259,-0.12399844640893246,4.51533738798355,0.220337408114295,2.2945960564079657,6.481729394079564,30.277338255639386,15.742680254095893,13.0,13.0,1.4572526803078,1.2725699970746975,14.905395966175675,4.434205397768929,13.368897758729485,2.85953643245445,1.8483051737486758,0.406316596254714,10.256124218872085,6.765850250930705,10.25390625,0.26263370247352175,6.682540276784289,0.42742115863385866,0.0533239056135589,0.005141128982907061,1,0,1.0
S15,720,780,60,30,-0.07366783978343627,4.2690776859514665,30.124372497395846,-0.08091185234578158,5.78872013516917,0.1420571520964238,1.9174509553737629,6.461693747952483,29.887711629656444,15.241961044445455,11.0,11.0,1.437129481779876,0.9789455179723164,12.110555808328552,3.3837200585008,11.898105542128961,2.4006298776620705,2.3028207370394194,0.4131784784763402,11.682735518885387,6.06802656532942,10.25390625,0.2526486381999311,7.592328989711523,0.3447946329494712,0.053057846382753605,0.004703443237135695,1,0,1.0
S15,750,810,60,30,0.09749753213023345,2.9203781961094304,14.01735131943989,-0.35081575835939427,4.258999928725379,0.5091379857605942,-0.37531605759077413,4.348197329483669,13.72719073594375,9.236158401157669,14.0,14.0,0.8734966826247977,0.8205164909890418,15.296706889861237,2.261386406710158,8.443248193524612,0.8849611813616498,0.5749434586797749,0.14351113569372007,7.195525679028789,2.3994211883065755,10.25390625,0.25159329584861984,3.8625617063578392,0.1816384211724786,0.011867348567053881,0.0020694625429918453,1,0,1.0
S15,780,840,60,30,-0.004377435508430657,4.3004263532771825,29.754640414514526,-0.03422376129818172,3.8575372608639493,-0.2839917910701967,3.0302589317366078,6.8959562881802166,30.94020832394935,17.126630181643023,13.0,13.0,1.5720549298523592,1.3150163473116834,15.622628916847079,6.287910572774519,28.08222873576487,4.302840973736889,2.97376140873806,0.6249898877451888,9.941455757039902,6.522949683422268,10.25390625,0.26884553626580926,7.045907225896077,0.9426133690234112,0.021079849788187888,0.001836170082009925,1,0,1.0
S15,810,870,60,30,-0.14309241263685876,5.04200302136234,31.318252264998762,-0.10536566524152846,5.074981214820028,-0.34055197930557674,1.2051244060264095,7.759372849054031,31.581395699256287,18.396277377652,12.0,13.0,1.3296740701544312,1.2458499018810016,15.331202088042817,6.540537867422362,28.28834783345132,4.6569793573403215,3.145498798577675,0.6393121485825022,12.4810361214742,6.948486849371833,10.25390625,0.26513119720375483,9.817204299645008,0.9596259039283204,0.02102858817987974,0.001347856016182638,1,0,1.0
S15,840,900,60,30,-0.016018351277415795,3.92920258885242,22.09296262682512,-0.44276464763994705,5.887591614837136,-0.03670891716095446,0.053378951988812595,6.113351761520485,18.634536764841236,12.286497255397874,15.0,16.0,0.7577523658872664,0.9733582603739511,15.998107936687806,1.2210355718135182,4.844852544482368,0.40462126408153437,0.31863739528023133,0.08441638435690485,9.687150978332086,3.834277504559537,10.25390625,0.2554981632360328,7.552573687873894,0.3267122078485892,0.008865731783811079,0.0007780318065546042,1,0,1.0
S15,870,930,60,30,0.10288603675212007,3.1815875502630218,13.390296247602617,-0.5807579131186194,5.23842339821478,0.31593266541075216,-0.958201213498596,5.5025317270774385,12.81343988719894,11.658875996892421,16.0,16.0,0.58125876437696,0.7669440967671882,16.23692535418129,0.9805270163896836,3.128919068071852,0.3218930883847217,0.2187543378254711,0.0589876613977618,8.577651459434895,1.3776510127814872,10.25390625,0.2691408023819472,5.013132625780409,0.2778492883128949,0.00810445463999351,0.001013563949723219,1,0,1.0
S15,900,960,60,30,-0.08466269243433083,2.965421568522732,13.706040640556097,-0.6869985079009149,4.974156666025203,0.18767397244265596,-0.8365902761477018,5.065642133629135,12.089744870079278,11.007275712682116,16.0,16.0,0.7192274580701595,0.6805139237382526,15.854801860823624,0.6325075900866106,2.3418091041287585,0.12169837972143334,0.15152779019643248,0.039976928994762205,8.239830288867797,1.456155408120141,10.25390625,0.2644709023559157,4.2462119021131555,0.23160371719465367,0.007821209794064943,0.0011773202980212857,1,0,1.0
S15,930,990,60,30,-0.007778682159076669,2.7584548971156444,10.942887301818287,-0.4837557394346542,4.842417282565174,0.291710452395904,-1.131289309017794,4.844234272329604,10.723351847245176,10.76575061704844,16.0,16.0,0.618617764290296,0.5782636477635789,16.21207023681298,0.7667378468097592,2.783445843275409,0.18500571262159424,0.17957076561608123,0.04840927980099241,7.741053042139161,0.8885186984495215,10.25390625,0.27262736227245765,3.7274028124089997,0.24732313889978905,0.006708762636628209,0.0011110441064115374,1,0,1.0
S15,960,1020,60,30,0.008455157670014474,4.215097017122412,30.236861710943955,-0.3098752582239833,4.946284926006724,-0.3270744286562106,3.0453677859854613,5.65793760373167,26.16272912751425,13.46622365613395,15.0,14.0,0.9126787188723591,1.0062028054174397,15.037875484296892,2.504795755396711,7.749414465654949,0.8190011912899638,0.824510740540194,0.19982207526013057,8.801466053824269,4.973028185223126,10.25390625,0.24551546025880103,6.026306289471443,0.37516350118620156,0.02222825865730187,0.002557958896049932,1,0,1.0
S15,990,1050,60,30,-0.05338872201051234,4.372018469862812,30.224213451495906,-0.47976449082223355,4.786451449871304,-0.16155016911138628,2.348359979824777,5.780773614480105,26.13990908398236,13.609747970984639,13.0,14.0,1.039923033075363,1.0947901661040436,14.092767105807441,2.239187158811639,6.723754995724079,0.9018206692466741,0.7742469093538512,0.17678792102240812,9.287882802623514,5.141296783344198,10.25390625,0.24647585586754597,7.088724854913065,0.40956857502632393,0.026934148199916137,0.0026196992815524693,1,0,1.0
S15,1020,1080,60,30,0.03229410628123392,6.667890250827551,42.34430887125303,-0.4548748605306069,5.886910315035209,0.26239919569021375,2.1882260104503946,9.257533851539463,48.81708703835894,21.841687552008388,14.0,14.0,1.292683656505883,1.2685558888149524,15.255342366566651,2.353449265062598,10.046353738646557,0.9985031313928666,0.6858863900674078,0.16994489475354405,12.682409746723643,9.854428458876445,10.25390625,0.25650713235813366,17.288532088039023,1.2768697102924955,0.07503133156393421,0.0028558474593032134,1,0,1.0
S15,1050,1110,60,30,-0.09713130959400383,6.564482484680907,42.86702399421446,-0.05933371564302227,4.947664525739136,-0.030384946124908878,2.5423430260851543,8.890908152975156,48.94743061982876,21.038982853520615,10.0,11.0,1.5700501321096896,1.4586309643256339,12.207969539990474,4.580467851611167,15.510524123398103,4.426268237489011,2.9647983704928396,0.49987233672603143,15.554806327326165,10.301301435110155,10.25390625,0.24292047992486063,15.305253772396819,0.8453234739775751,0.06854493117547088,0.003138600080981197,1,0,1.0
S15,1080,1140,60,30,0.016446282296129267,2.414346834862607,12.10709105569818,-0.2741123295793968,2.871046720832017,0.347463241635958,0.05973293580897021,3.9074436598973574,13.610707164287096,9.146685814836378,11.0,11.0,1.2050693743058247,1.163279899081906,12.925439242740566,4.23571442480525,12.985549464897051,3.3091636323364595,2.7540685487889682,0.5006747134533899,7.5341999431655235,1.8840557470422388,10.25390625,0.2674659311103555,2.4525834084057876,0.21425826051885488,0.00963739682001432,0.0024593823034219225,1,0,1.0
S15,1110,1170,60,30,0.029174879772774165,2.731088229748282,13.12943660517591,-0.4747280930889007,3.8071283998500336,0.4357151494572867,-0.2860817555688753,4.394700818512213,11.571671712372877,10.019272126593393,14.0,13.0,0.8824995243666331,0.9686997645470323,14.906759091458271,2.8470589493351803,10.622497995232848,1.6825558081736989,1.2232678089245894,0.28793194850660264,7.699039220315597,2.3386298676088217,10.25390625,0.2647292657241237,3.2326794085966246,0.26554116570990316,0.007978976902745197,0.0015623830494987505,1,0,1.0
S15,1140,1200,60,30,-0.07149837438650478,3.1057775550448388,14.67188455233128,-0.7331023475232525,4.178233674975446,0.5198795903631409,-0.26756268150402773,5.104153325213888,19.30690292319792,12.208360099653317,14.0,15.0,0.9295702088126346,0.9223937243890303,15.754649639604946,3.6245891784012305,15.792427660405188,1.7277797773974763,1.3094758545485652,0.32045798780131624,8.303793453406481,2.567162939231459,10.25390625,0.27261678932887146,3.9941778789946154,0.3469281360327075,0.016419725080510497,0.002526906261122815,1,0,1.0
S15,1170,1230,60,30,0.03833106159066061,4.367540306852058,32.177586947701045,-0.2281966989870683,5.682797428732546,0.3516820516971929,1.9675162517259883,7.841162352260375,30.610849897034775,21.744414089883836,16.0,15.0,1.2837725116927095,1.0039576435577968,17.10601477181236,4.519585693705985,19.18852246448098,1.3448153872022646,1.2172185161669917,0.32074671668515614,10.708392325231744,5.528442231703538,10.25390625,0.29925841667215286,6.751420530659715,1.1297089595863332,0.09327735490999738,0.007503751539031576,1,0,1.0
S15,1200,1260,60,30,-0.028024181731265387,4.233241510506882,31.973357564913858,-0.12521238348712438,5.265039405131788,0.3164402969931258,2.3313147389746325,7.7301974562936975,30.456994297685647,21.63467340742663,16.0,16.0,1.3745251456091558,1.028791586877161,17.829449006706792,4.688765078604662,19.166687023383403,1.814096728064827,1.2361177100896497,0.3381065946634709,9.87798766174158,5.84844399987596,20.5078125,0.30723729768482266,6.519297854529187,1.123032257514314,0.09369817063420882,0.0075761995892959805,1,0,1.0
S15,1230,1290,60,30,0.06176971576817169,2.6545462708857865,12.576417396656215,-0.2991819601673855,3.763211815842168,0.18032027769911843,-0.5063989338253516,4.958214311990276,13.293663343471728,12.507557983645896,17.0,16.0,0.8924927271501674,0.9236490155444086,17.412263319131913,2.77235878738715,12.511112757445547,0.7217812433593064,0.5048246105690812,0.14325982816970406,6.9565987313150455,2.328147407138608,20.5078125,0.2929706101278104,3.041785581432661,0.37720282537631344,0.016056015519337444,0.0029776959699046963,1,0,0.9205
S15,1620,1680,60,30,-0.021884689249140686,1.9730597696842982,9.137318072239971,-0.172783641632164,2.9329062750230817,-0.05595003005675474,-0.5370611055825325,3.3006242038219993,12.534149863156419,9.606443395129983,17.0,17.0,0.8796915952511078,0.9995435413309984,19.096839447622088,7.159219955353571,24.475024782777353,0.9274723165459892,0.9033271832508972,0.26086181034473105,4.592061145889079,1.7676864725755563,10.25390625,0.2812835269800326,1.4178138790010901,0.16938447162979012,0.01522092380565896,0.006390876219225743,3,0,1.0
S15,1650,1710,60,30,-0.050938444299087116,3.082821041051828,19.799963958721374,-0.01796211033259791,3.537968584902253,0.09732153155919329,1.3825392072611224,4.32990071068447,16.037295497835746,11.797274992728337,15.0,15.0,1.3128090779915376,1.1283194343567693,19.125568941374045,8.79254821010863,30.913037126069582,2.067042685361945,1.6303959046545113,0.43051976034311995,6.248006839252514,3.7325762572113916,10.25390625,0.2612272762540295,3.155669225097317,0.30935893021777666,0.02776853373235471,0.005679707394258353,3,0,1.0
S15,1680,1740,60,30,-0.0025229298370841695,2.943842272320821,19.655032701185537,-0.014885343187328395,3.350391224364904,-0.026216738150091554,1.8518120095700654,4.066610451038672,15.989936711107378,9.66174378650277,13.0,12.0,1.2629840309670044,1.0744805598165965,14.361476337088236,4.572002251213486,13.733514602690992,1.9914883350140964,1.6164260287980903,0.3456715540199582,7.104067071383709,3.720268397377877,10.25390625,0.2512938217161936,3.089192695468532,0.20712775871048722,0.013687800155180129,0.0029799861517692972,3,0,1.0
S15,1710,1770,60,30,-0.0025514563517669256,1.7311060158010259,8.271291314528314,-0.1745009931998744,2.716332337584159,0.15594336616217902,-0.581442108900704,3.1022469266990536,9.248748455285071,7.47805889204906,16.0,16.0,0.7824097837806597,0.7977987556450445,17.49378210303367,2.6055358107925612,8.933115950058127,0.43352090954041234,0.7402771681703317,0.20916849023945755,4.8739331904450145,1.2761646586203375,20.5078125,0.2856535759855541,1.3542429449622109,0.13597507453200638,0.004556998336405864,0.0019601198788317623,3,0,1.0
S15,1740,1800,60,30,0.019477763091578615,2.8704598179713887,25.383590940601522,-0.15130716485994555,2.999886678609764,-0.37192013886677144,6.307515253840473,4.767835689104931,28.025489427065953,12.286153728230847,17.0,17.0,0.9851718525974796,1.1516470912021104,17.255944671872715,1.9556897353627063,6.763723556955764,0.3725671194609117,0.463458595323338,0.13132128083642536,5.750938341429597,5.190464705522802,10.25390625,0.2732582380294047,3.6703011571442437,0.3332118763177351,0.0223322624768775,0.003726985235904248,3,0,1.0
S15,1770,1830,60,30,-0.023052079702404128,3.862436435136287,25.187671314636564,0.03618478698410206,3.165984696274248,-0.3678957012963456,2.7428821428340777,5.3036577732843595,27.882598274538672,12.564191881476255,14.0,15.0,1.4489053177850055,1.3342433497983546,17.48220409327465,4.92789458284703,17.325708946593416,0.9037297056932349,1.0281414171105403,0.27736531767182243,7.425233006981553,6.299554991632129,10.25390625,0.24550212199449373,5.68677293437336,0.31145649934204755,0.029086290579999056,0.0035410627600098673,3,0,1.0
S15,1800,1860,60,30,-0.01487143386692521,3.0527007881841772,23.217079468025602,-0.0930479056177784,2.5771496671854184,-0.5518873028582285,5.004828139953348,3.7973607572154613,17.895980875076802,7.999059717558533,14.0,14.0,1.0205442531823388,1.2378987086360453,15.37724489481218,4.1256462529725395,13.51335232616285,2.052091889377515,1.455223969813087,0.3399445032806853,5.546961745581526,4.213616608030617,10.25390625,0.23379497420847054,3.2210224695156358,0.1296989856845283,0.006639735977471339,0.001501754794480395,3,0,1.0
S15,1830,1890,60,30,0.0070938103304914,1.4569557040689267,7.110267099329597,-0.13664027701032944,2.074636891813594,0.4203717035679186,-0.29037560570233856,2.7758418261678814,8.914881386863915,7.023494784365543,17.0,16.0,1.0369890814644278,1.0424506166775505,17.20982700483249,1.5741481523519203,4.946273238956165,0.38392672203319794,0.3286284767051246,0.09345755628310172,3.894497512133641,1.4354130888675325,20.5078125,0.288313757495834,1.0384341313334196,0.11088375493637405,0.005117937667543259,0.002846800923913137,3,0,1.0
S15,1860,1920,60,30,0.017164912387655933,3.113490872083062,24.822980472995418,-0.04122685779346344,2.2830317897089096,-0.7928877596429567,5.694105341294465,3.8871778831770176,23.408240001234404,9.016617668969408,14.0,13.0,1.0749408957132587,1.2821519848823388,15.337957664764144,3.9319799840390455,13.192194582817617,1.8444725754623332,1.7708319285341703,0.40756140898001847,5.53709222077852,4.530278044717604,10.25390625,0.23540714841230392,3.2174115539254475,0.1498598568293096,0.009870509912631605,0.0022213234079214907,3,0,1.0
S15,1890,1950,60,30,0.05159977330014304,3.309457834569266,24.98007587231114,-0.044354475585063065,2.11357830880279,-0.5952229353343401,4.18467849267747,4.174794186113635,23.498381513553124,9.394507517876434,13.0,12.0,1.1092606313130156,1.432016221014823,14.55219090187436,3.997658529638554,12.368960802187784,2.1443405255287367,1.8212143042349829,0.3957522805146383,5.631041460072066,4.456050409759557,10.25390625,0.2363013369968852,3.4287570927276025,0.20071171970437246,0.011799857165031718,0.002477345955554511,3,0,1.0
S15,1920,1980,60,30,-0.003855755089433804,1.7000409302662518,10.535021296347331,-0.2598493917547627,1.9232771220254925,0.421632407192527,1.1803515551340427,3.0493717307376267,10.344909705354821,7.507041863473857,17.0,17.0,1.316254316342334,1.2938203085212228,17.42867211657192,2.3677202974672866,10.256080934221186,0.7069154035350356,0.4621897401147574,0.1319128762368198,4.13345867207296,2.1986354590722383,10.25390625,0.2734809855964713,1.4526447934732687,0.12325171115388957,0.005469748499284233,0.0023156392374367343,3,0,1.0
S15,3090,3150,60,30,-0.07602256282230553,6.358608467338292,31.331814821167015,-1.1185613027314032,7.625887938245853,0.7431571215034803,0.25715567254646565,8.953739478405181,33.40405837216176,25.703832418213352,15.0,15.0,1.5139592527045833,1.4608099402744403,18.902301599746345,8.806221348462255,28.78807113311541,2.81929876492412,1.8670941726997272,0.4714398354235114,12.66195804320152,6.712656572973913,10.25390625,0.2614048765383558,10.475090005997947,1.0718144828627234,0.13772194484389816,0.008495327605547491,2,1,0.8461666666666666
S15,3120,3180,60,30,-0.13173860826421085,6.952537493634074,36.04693286113258,-1.1554331863283833,7.403104218722372,1.0077366589165626,1.1109128082651818,10.007108267718909,41.016403942436064,29.202084681984484,11.0,13.0,1.594222959336569,1.4864949692844416,16.325280183223057,9.414408295763506,24.999685030500164,4.048533454135176,2.5661495057214196,0.5061866751218739,17.133739673542753,7.537954253743323,10.25390625,0.26170213265895914,16.013499751598783,1.4856863190886689,0.21340329208690173,0.00865302230127635,2,1,1.0
S15,3150,3210,60,30,-0.16395350022402672,6.898880813848605,38.65229886706024,-1.8594236127562596,6.8825010542616365,1.3777778954568174,2.20904739551664,11.007939656875195,41.05711873301843,32.28270059744876,12.0,13.0,1.58943147058907,1.3860256255857677,14.124764692990425,5.667312286228692,19.903179425260568,2.354207566317406,1.5141318783100848,0.3146099482699458,17.629835569047607,8.393180882642827,10.25390625,0.26797059479194035,18.900788338306143,1.9013169082397785,0.24399257486497608,0.008159115796954894,2,1,1.0
S15,3180,3240,60,30,0.10360435908322052,6.919679255094752,43.46406374620862,-0.8778476633173586,6.603749103243596,1.147695369218595,2.4276544085739493,10.646766590178519,47.946822570996694,31.834788761718276,14.0,14.0,1.4897088142144947,1.5304419296393648,19.608453644629737,10.721478493050698,37.11053157233236,2.9013520481808124,1.8906260028804696,0.47583307869049624,14.394084923716845,8.995448618398484,10.25390625,0.26768350897447873,15.689156931341616,1.9498956780662928,0.22791993241483774,0.009138492026705474,2,1,1.0
S15,3210,3270,60,30,0.06493240109215107,6.297545765925852,36.7730578250535,-0.8092495160319582,6.051496523303797,0.5667988347875063,0.9571613017382234,9.293329215635573,47.07367355722916,28.26188284647456,12.0,13.0,1.601845644912155,1.5453217615749024,18.925878116656907,11.844241777172899,38.87267474425872,4.524093482316064,2.862962661865907,0.6098150068151448,14.200304784147422,9.577748234457948,10.25390625,0.26937763531794234,12.795536971541834,1.5687259746376794,0.2205971505891472,0.01081219522878212,2,1,1.0
S15,3240,3300,60,30,0.08753450483735611,5.838734169842148,36.823970645128355,-0.8167837865493888,4.676393259084758,1.111599538558393,2.0052202449625716,8.264094863829786,39.90267242798371,24.45318100247847,10.0,11.0,1.7117358150809303,1.764060541066168,12.959024957246907,7.787752970048881,26.608440104917673,4.372987379635228,2.414307295646735,0.41031956520473795,13.942409845535153,7.073743140302207,10.25390625,0.25889154622846505,10.68378002846156,1.1306377096576206,0.15555699478487356,0.009547118265855187,2,1,1.0
S15,3270,3330,60,30,0.044330887402316464,6.43667425391726,35.62820310168832,-1.0926149849471538,7.674402157865975,0.7050848773859756,0.5258045333164425,9.501303403512404,39.99682294443172,29.463727931744717,10.0,9.0,1.069479640298147,1.2503752543942805,11.048557894141204,5.652915373851682,19.106627759706747,3.0791023324127096,1.976128831830031,0.3104873591672493,20.26544597612907,5.352811205894576,10.25390625,0.25745733354157047,12.479385459120081,1.2368954863297486,0.17035659391687852,0.009028097730416011,2,1,1.0
S15,3300,3360,60,30,0.10847806619621236,8.427827398139234,43.926031320847684,-1.3460103661695912,9.172220858190085,1.2270758104490722,1.8335476474813532,11.067155021889944,40.0016751747069,27.91357953134882,10.0,9.0,1.5644327601533836,1.42293765039045,13.14398241731392,8.107829327088707,23.882066805919585,4.26173230563558,2.7697425824962547,0.4534661712506862,22.423146896694075,9.125457826750448,10.25390625,0.2473435573016184,23.836879301874724,1.7222889897873526,0.11631382816930004,0.0033433297656486364,2,1,1.0
S15,3330,3390,60,30,-0.2684200610133392,7.937731399526988,44.20878033891101,-1.3546703767685135,8.650214746106684,1.2037053411940293,2.390794216319681,11.000081086888803,38.117444882080775,26.41311662834962,11.0,11.0,1.5898421014521344,1.331582442803507,15.478115166318961,7.670985083110761,23.838254595591494,4.881314458114972,2.871583439320472,0.5553859606897275,20.073187948539772,9.300591508223164,10.25390625,0.2515704461806541,20.58958081425722,1.7224506598365534,0.06738850785747527,0.0021878926417690466,2,1,1.0
S15,3360,3420,60,30,0.09619916148646789,7.056812460541309,34.168364517986774,-1.443267246361904,9.940173443460719,0.5999157701552191,-0.09300045602442886,11.05568405227358,35.22475285479061,29.175903542530495,14.0,13.0,1.1090432684972802,1.2320488727309544,15.925593844358445,6.465282934722839,24.298308288654226,3.017068085067351,1.8105159749752622,0.40957826709776973,17.646209991583362,7.685844775463275,10.25390625,0.2690571028408555,17.07331225933002,1.5732511355440444,0.16005378750007254,0.005873605791914564,2,1,1.0
S15,3390,3450,60,30,-0.02641860055309176,6.116178481363974,33.928136004110485,-1.0186160272652571,5.031972175650077,1.4637451825600036,2.635172185398944,8.827829554384541,35.0108751925375,24.076626374765397,10.0,11.0,1.679175302865179,1.4313420570513475,14.21988857024558,6.3736853913425735,23.120648753089043,2.3694462454767953,1.4917492070214182,0.3095425053270622,15.847262095731214,8.040260862105821,10.25390625,0.2536930558015694,13.461589929088625,1.0193458975013303,0.11926565517717076,0.0059417511578513035,2,1,1.0
S15,3420,3480,60,30,-0.1555912416377784,2.502297925187849,14.759391118729404,-0.40065893535155483,2.8346756952836376,0.415926229810313,0.6922586871632661,4.089056065158279,17.583539852721447,10.989187442518036,14.0,14.0,1.3711397903753424,1.226751199010281,17.60311438116397,6.331968666470265,25.78161582548141,2.6875444941736806,1.7044624794696466,0.4348850042946723,6.450790200101761,2.4724962416068434,10.25390625,0.2706051227640746,2.415002093918551,0.20082129275138338,0.016370237209221577,0.004232190729256486,2,1,1.0
S15,3450,3510,60,30,0.010779131509650272,2.991743860655425,15.941024139706059,-0.3088512125793036,3.7632790810963987,-0.0707510109909187,0.40331553739294623,4.851144262882894,12.921732656953155,12.086073324952588,16.0,15.0,1.0168051225751407,1.005673037345407,16.019338099690938,2.430655632360677,8.259130619955625,1.0320550418119403,0.5809536612007751,0.15159455857770168,7.553304550150719,2.6413039633981037,10.25390625,0.26296088748661767,4.010770564130635,0.2731769074225058,0.022141814190064425,0.003557610551255234,2,1,1.0
S15,3480,3540,60,30,-0.032185174780367753,4.772870596569707,29.975607541356936,-0.29881920772945786,4.943547114246101,0.48650932174786204,1.4811357812607024,6.428824061956522,22.27160831032464,15.449409531631812,13.0,14.0,1.3659744851079503,1.1027950132154107,15.408404048187949,4.355950046055883,15.774736877734883,1.1538900890736248,1.2584343282892358,0.29746034717701497,11.202190086800654,6.229727091888875,10.25390625,0.24276434220131068,8.315182014794965,0.44007327953176933,0.03751142603128163,0.0031681341304006807,2,1,1.0
S15,3510,3570,60,30,0.01620857841997556,4.740768561507087,29.97225822573543,-0.5973584978205262,5.11254207676431,0.5624059314269083,1.4568326394462296,6.233452554167715,22.259531651188837,14.470039895133073,12.0,13.0,1.382602651727769,1.188066126156524,14.276544639120159,5.649676942338028,17.35036571546307,2.1830485144234726,1.742967616062503,0.3590766974443833,11.75977314690877,6.3887237375902455,10.25390625,0.2381884371544869,7.718983895056476,0.4398552375116062,0.023094056835420897,0.0021361683891720166,2,1,1.0
S15,3540,3600,60,30,0.06195150436457485,4.096541600365285,25.053820681954484,-0.8265183989489151,5.018092098617034,0.7085793358735594,0.9801257503417036,6.827596392880394,31.222918207886696,21.830909091352908,14.0,13.0,1.308031941078227,1.2349255805161856,15.164579245983544,5.32551611942481,18.771111526471998,2.2108545228233436,1.5509989535439592,0.3474408703751577,10.94503115709084,5.007324881566431,10.25390625,0.2853467562129057,5.860136597798321,0.7346759036826473,0.1537178585050045,0.0154247640959355,2,1,1.0
S15,3570,3630,60,30,0.08180845819814214,4.68350704819751,25.067455159879067,-0.9166748749053517,6.344558245416284,0.586617954779497,0.005699640597450095,7.626755246497037,31.21668117700125,22.775640836547556,14.0,14.0,1.249338275988198,1.208493973587755,15.375053258676369,4.5973769325314295,15.136139386748265,1.6476209916035873,1.0382988418396624,0.24702011662067783,12.547975091746006,4.798261237572637,10.25390625,0.27551053360000194,8.39862795767333,0.8614097935474319,0.17645305512181655,0.012865243221901582,2,1,1.0
S15,3600,3660,60,30,-0.13059737693600043,4.924846681987296,20.830960879529627,-0.7587607164335601,7.4446360845990185,0.3880037616599732,-0.6664368266530021,7.416787177014413,23.44263969895355,17.140906640544515,13.0,13.0,0.9472463899547643,0.7802162736542535,14.327438694784332,4.683672447161359,16.58208296557811,2.1810679755373648,1.4586787346066477,0.3154062338008608,13.329652705489005,3.745626410112707,10.25390625,0.24954774817788988,9.838245254924882,0.6300338413588019,0.034111696400690325,0.0023495169710673752,2,1,1.0
S15,3630,3690,60,30,0.12624658665865657,5.721051808361367,31.98483408479072,-0.6027976107890289,6.674663196342037,0.15604126984712685,0.32581737947885303,8.076136624775,38.96126998400771,21.288624844256354,12.0,12.0,0.9086201138422202,1.2263864671677351,13.653468774021626,4.494025215402795,16.535158027391077,2.4886985780212307,1.6365547095206363,0.3342831329630713,14.74250932050922,5.970910454980911,10.25390625,0.24669305959599194,12.765754454792805,0.6928431598289294,0.12171714567851621,0.006617424161022049,2,1,1.0
S15,3660,3720,60,30,0.05477920749476152,6.1678121573026745,37.73440768467801,-1.0389693266624258,5.573693868673488,0.6226827695371683,1.1573566053921267,7.8768689691312055,38.99291426431732,20.393646896449507,12.0,12.0,1.348527290267897,1.444026395653764,14.263810489743639,4.379463763344225,15.050854009131976,1.9574076463214174,1.252603293530343,0.27382804872338085,12.989934915542493,7.513835751575642,10.25390625,0.24346785601297852,13.143432799488728,0.7180155284248151,0.09648685207599812,0.005147062981115171,2,1,1.0
S15,3690,3750,60,30,0.05082205144447787,5.663874788610138,30.179972464853478,-0.7899837738130788,5.842575267292478,0.6888961642293855,0.5783377346114222,7.254976255314507,25.282708944266297,16.141269223672385,15.0,14.0,1.4695340732497144,1.3875820185786905,16.589872921207476,5.863023334678188,18.598146447357436,2.152621015657114,1.5664285681049825,0.3798812167143982,11.162047330242922,5.079038031378337,10.25390625,0.24030139077134288,10.6909343941908,0.5818470496336803,0.02857040961234093,0.0018857400134854251,2,1,1.0
S15,3720,3780,60,30,0.08636825275315234,5.076909038673827,22.92782964185138,-0.6914113444552843,6.530372651749998,0.607431723893993,-0.25483126024541347,7.205316013204652,20.038535918312974,16.075090423095943,13.0,13.0,1.1644020146157914,1.2688669886297754,14.56031701303987,4.554055130675631,16.497305987356576,1.5768427980136432,1.1715695992828248,0.2621310133440516,13.2787586014282,3.2073812407741924,10.25390625,0.24815315621148812,10.540818865130088,0.7156784878917358,0.026877600422543692,0.001734436321171699,2,1,1.0
S16,90,150,60,30,0.0038704337692300407,3.363704359050965,16.427963249311226,-0.5500527029525613,4.930984752255615,0.41596972957848843,-0.3910516498672063,6.323743618316977,18.98348158014551,17.725475489041944,17.0,17.0,1.0420468992950451,1.0462680913464495,18.18816651749804,5.977730879944608,24.782621496427733,0.697964582069269,0.7257938783336014,0.20590940365105467,8.482939183157368,3.0185843914929666,10.25390625,0.28968195895594046,5.237043692530557,0.6467249401024344,0.056689456553779986,0.006180899907488174,1,0,0.8605
S16,120,180,60,30,0.059834772778451874,3.1496218681996084,14.625016818610472,-0.5947222477823622,4.95547300180259,0.4194231896813511,-0.6846878288103526,5.780814003823898,15.901159339347892,14.231837756114553,16.0,16.0,0.768905223503105,0.9665601580811917,16.50989493798496,2.9459662898585055,10.984876145819321,0.9010500029808112,0.5555835240125423,0.14887778180205424,8.313101100696382,1.3839691147660087,10.25390625,0.2852028257774379,4.433407836406595,0.5491571589318993,0.01785090507710727,0.002327803530606599,1,0,1.0
S16,150,210,60,30,-0.044907533102847265,2.838789615381083,11.099162728206341,-0.9513421843905658,4.748006710929841,0.5693382941121196,-0.9096143394296115,5.192637895546344,13.365005945574737,13.382855548346114,15.0,15.0,0.7701576933828803,0.6607461103826767,15.347198049318166,1.7145502994656423,6.339097594911548,0.7050150025681395,0.44667036017876094,0.11282461801515174,8.210071313506027,0.9702019790274097,10.25390625,0.27749863658345775,3.792611180270428,0.4033540166615661,0.0254783530706048,0.004045810078283461,1,0,1.0
S16,180,240,60,30,0.02593505681354808,3.5082027669806704,21.11170358589991,-0.544040467576509,4.9690900832519045,0.19515105604964517,0.74294035206352,5.346143113833674,17.748176547801986,12.767000000465341,15.0,14.0,0.7643940174530279,1.0753412526065544,15.682296611886574,4.494387373953228,19.73661043352144,0.9222905926038992,0.7372270388346035,0.1831666408219023,8.588671085181547,2.168077458284596,10.25390625,0.25127832287764107,5.071438118848191,0.3538693781716624,0.017336755812427843,0.002298689504387746,1,0,1.0
S16,210,270,60,30,-0.06623821059183475,3.7114789230746466,21.065998098741883,-0.36821083200279847,4.800884364561616,0.0800609451983237,0.45252177311925523,5.506377793925861,17.913212136997902,13.034530242968005,15.0,16.0,1.085446905663731,1.1995140642141962,17.02630851547733,4.848105611612716,19.73965282269517,1.2483843247541975,0.7875764310436967,0.2107544378851026,8.346870506814648,2.585647730768645,10.25390625,0.25620378086630513,5.365129491657642,0.39689933292803525,0.01924437923363956,0.002361780641433652,1,0,1.0
S16,240,300,60,30,0.014634722769383653,3.046010349665796,15.021447937260048,-0.30132491987875026,4.897375471849136,0.20467188772020434,-0.6941590718600104,5.664233707001716,13.198928409099931,14.312132480768284,17.0,17.0,0.8327854834768297,0.8601704196249592,17.739445463491833,2.800535270573988,11.711681346788103,0.8313991976483621,0.5104275465659817,0.14747294006291742,8.05560917948165,1.613066377951596,20.5078125,0.2908344512000306,4.078152809089435,0.4434127592329568,0.02571399163105414,0.003607547415877308,1,0,1.0
S16,270,330,60,30,-0.061344594917168746,3.3052696659849783,17.25985847162119,-0.36280597573972145,4.830468077558006,0.29396177406766016,-0.2763384273526399,5.711875025948019,18.72419218469674,13.544355205541878,15.0,16.0,0.9460186559720862,0.9654364067216715,16.396831742771962,3.340817485526885,10.855965625749754,0.9985193119447068,0.8175342660310598,0.21382571744920834,8.945664926359598,2.42182573831063,10.25390625,0.2734647371297519,4.877783978177428,0.40049040058253976,0.020711139750971618,0.0026044669413474585,1,0,1.0
S16,300,360,60,30,-0.07052723114285755,3.2577070668537167,16.406868946520852,-0.3273567736291524,4.7356375937929815,0.018687795522681686,-0.2580778988623318,5.424993843783987,18.175669749795674,12.778429676290854,16.0,15.0,0.9526290896624359,1.027980790015344,15.75041957452084,2.606794097529341,8.496037119464162,0.822005387538827,0.7038842024946588,0.17934443402557432,8.250021618104038,2.4996954009220578,10.25390625,0.2656656516614887,4.292744520809039,0.3200944379280329,0.010987655968422258,0.0016228713359520749,1,0,1.0
S16,330,390,60,30,0.01750391834067709,2.692032917525138,12.059280365067238,-0.586806651776086,4.635585121155346,0.38413139182869244,-0.9650425899305168,5.074568842466509,14.18667473995512,12.033387069887837,16.0,16.0,0.5321817243675855,0.618066268727668,16.641720955995467,1.4977098703707252,5.028901505305974,0.40951297248752516,0.3145163079023216,0.08655731483695585,7.634700073314376,1.2771500648515504,20.5078125,0.2915324521731445,3.5230599519848083,0.39665110224715294,0.009669974719018606,0.0015568985901658829,1,0,1.0
S16,360,420,60,30,-0.053756895123115274,2.518688685675582,9.257067769769204,-0.7525817428596803,4.50964039822478,0.4849249441638061,-1.1159911218078535,4.878838794745801,11.6630011806385,11.923862919197854,16.0,16.0,0.41599369116203694,0.44074391838493837,16.750172575698898,2.4095103869136887,8.163707691602836,0.5186967858827845,0.47509197104600803,0.1301621838482214,7.285771029602716,0.7888228176515129,20.5078125,0.29724600488642966,3.0512705756578526,0.42905952991326574,0.012532857336033468,0.0022572067609538376,1,0,1.0
S16,390,450,60,30,-0.07301739426416166,2.7378585323049385,12.717475553092559,-0.7534331639797667,4.441212927203299,0.4020551297680494,-0.8590816530720553,5.028693387271728,13.221836527138509,11.912362129604741,15.0,16.0,0.545951000337449,0.7428866390609151,16.24653049109705,2.523070563572186,8.16613651475825,0.45069612996991526,0.5104578144582805,0.13533401638597414,7.887920337532781,1.6061704306398765,10.25390625,0.276508579848949,3.717745559230776,0.32829388744146143,0.012851466360405416,0.002091757625397653,1,0,1.0
S16,420,480,60,30,0.03979135620171746,2.7402084625805796,12.668444966174633,-0.47038040158236466,4.560276059726068,0.279458086564723,-0.9445004606871983,4.9535469039296665,13.190138869974922,11.308729541562949,16.0,15.0,0.6671324512467122,0.5545348070823074,16.00638084344753,2.0418218013155114,7.5210049668278,0.4827138719943144,0.48135519199617866,0.12636521529014366,7.757029440671009,1.7347723919008724,10.25390625,0.2741852756558362,3.7618364858077538,0.32577242079867186,0.007196084657592431,0.0011641360536275558,1,0,1.0
S16,450,510,60,30,0.01300240949987358,3.05988382150169,20.00726300426316,-0.5772241237150707,4.752900395620142,0.4055087136164248,0.784584544224666,5.07885066630139,16.52029374115429,10.898888336402356,16.0,16.0,0.7319192876047648,0.34726163211422445,16.631891902887794,1.587394869531205,6.333604681862184,0.3750481018712148,0.3431443241711632,0.09427041872834153,7.520834540958938,1.458201941317297,10.25390625,0.27603842790654665,3.720127299598048,0.2945678960475334,0.006870743367460706,0.001119204268613243,1,0,1.0
S16,480,540,60,30,-0.008683001934067047,2.87960043291886,19.650654506737254,-0.6348575498792419,3.9537349401560724,-0.2783844173092294,1.8109953614463619,4.670540542935048,16.44654796361682,11.064571083292382,15.0,16.0,0.6276701423006784,1.0888480464395869,15.764944780174767,2.162273802147289,7.9580171479254975,0.7126732348821763,0.5195854340949285,0.13403714902025055,7.10907605497946,3.0533903644005256,10.25390625,0.2575570480547793,3.7212869087105087,0.23340401490975238,0.010630642357721322,0.001876998735731724,1,0,1.0
S16,510,570,60,30,0.03660532361838335,2.842063867882558,15.015808149303332,-0.5724703663861015,4.1296128422317615,0.41486675022275654,-0.24404541210381936,5.168351726236191,13.956288571161423,13.208075051408745,17.0,16.0,0.6968100229195716,0.7614449228618915,16.968902792486787,2.6813601791620796,8.322709020934859,0.5876227907575463,0.635191975439918,0.17471757269333174,7.3530870048040775,2.61781184299864,20.5078125,0.30482526733263565,2.8183334573931087,0.37129539413624485,0.01652279912368486,0.0031624745408238173,1,0,1.0
S16,540,600,60,30,-0.02118114867469354,3.105385762009022,19.15657431075541,-0.5109808614865688,4.524588855027375,-0.09759300336260934,0.42856344770099364,5.409361011957755,16.544709888334808,12.81189497377187,16.0,16.0,0.7508139922710841,1.0054326984245772,16.309487816912757,2.865357678477332,10.078995616367068,0.8498694806326362,0.7859728521157957,0.2060808806676286,8.206977981617241,2.655936370097836,10.25390625,0.27233203234018794,4.268699237436682,0.3186046672814142,0.014346389046270029,0.0020772656833726918,1,0,1.0
S16,570,630,60,30,-0.0019530516008712468,2.983817803602351,14.761068549315855,-0.37395236912705465,4.772880726677116,0.16712254144715935,-0.6459260924214489,5.198062313087082,18.473251462134023,13.479378332886968,15.0,17.0,0.8528325838270912,0.713182237312232,16.924563306478166,2.535011065004842,10.54388962856574,0.5001866213734051,0.47567371498962224,0.13159075248830768,7.441372347804412,2.175342907574849,20.5078125,0.2889736090695772,3.407530569056381,0.3975123391429315,0.021055172821034397,0.0035445165754653604,1,0,1.0
S16,600,660,60,30,0.04512079145333786,2.9323771701856134,13.80742833036673,-0.36748320108669946,4.899457496821051,-0.01806622445998125,-0.751665443409328,5.544729755688525,18.3349960322299,13.881321035196677,18.0,18.0,0.6464259722750499,0.9183539944196563,19.254893634963224,6.805941814571912,31.44039097029183,1.0057632394741574,0.6583305049434841,0.1975622385844419,7.7347733859100405,1.9503875465755878,20.5078125,0.29440805201942316,3.9383552426768764,0.4588022426614978,0.022832087106314423,0.0032529018023714764,1,0,1.0
S16,630,690,60,30,-0.064944567607958,2.7174864963658103,9.700976441308237,-0.8235201115076278,4.969445575570749,0.4112589036695265,-1.2359793903891467,5.103655988487431,11.136799619405096,11.520133654631465,16.0,17.0,0.2902203086574067,0.5464752583740593,16.91404121692341,1.2646283392667617,4.565936376558396,0.23703064716781452,0.26047547662477266,0.07302855743665358,7.809480485075674,0.7703838220167584,20.5078125,0.28691862999971274,3.674888840473766,0.30278000229885044,0.00904017403035835,0.0014317838874677586,1,0,1.0
S16,660,720,60,30,0.06108791866140652,2.736729459577777,9.701480212769962,-0.5898547757170858,5.036160139311351,0.3598254014024969,-1.269532671061576,4.853787242466207,10.195825843776252,10.705185048849446,16.0,15.0,0.3226922262152789,0.28655526567187106,15.798511339992041,1.0260400860911798,4.443542628927393,0.3203533035057629,0.2698145831808433,0.07072024771340127,7.674165576727067,0.669534967527151,10.25390625,0.27159329972988266,3.6771654788095174,0.2508798528837138,0.006421783554745447,0.0010814598657108128,1,0,1.0
S16,690,750,60,30,-0.0025748972838962425,2.8162312180954756,13.130636455044435,-0.7245873781156391,5.0717723345451855,0.33291795355989545,-1.0386812139334853,5.072022848282137,11.822935141079839,11.201631676293488,16.0,16.0,0.46816012197122514,0.6114459993640506,15.954607217744503,1.4955031253040285,5.175412106507276,0.541765551264053,0.37839649746932413,0.09968545609122369,8.014894415381066,1.4590133708391924,10.25390625,0.27308786648139655,3.8146224490926492,0.26405056662304094,0.008302499300255235,0.0013377574411024711,1,0,1.0
S16,720,780,60,30,0.043336537880824845,3.8019057360773023,23.000099661387353,-0.5414032182992586,5.568207579013719,0.3844956873957534,0.8846094211544919,6.404807159474459,22.45937640354656,14.05061325486786,16.0,16.0,0.9247999055538034,0.5531304534141758,16.711484718303776,1.4834019674104302,5.352547038913823,0.5787102378207944,0.35534220356249985,0.09811436671416453,9.140177797194442,2.9731913365598737,20.5078125,0.27466426281133227,5.534434558657405,0.3521728969903242,0.017613604072446536,0.0019483367548450076,1,0,1.0
S16,750,810,60,30,0.06890920158059424,3.697395376577251,26.23649639288776,-0.28980961967244934,4.430409849486281,-0.15999478450351606,2.626801102342746,5.920497426398697,24.015638460807942,13.216604703115443,15.0,15.0,0.9648484204191992,1.0398528588002909,16.10624935284085,3.009981845801996,12.333727415091886,1.5781918393993255,1.1345420357955402,0.2889576368521309,8.75246062796909,4.247352492511903,10.25390625,0.2645435396911611,5.889058378179624,0.3589824847227735,0.01903965983322912,0.0020640737399047933,1,0,1.0
S16,780,840,60,30,0.10561630551241281,2.3985602684151375,11.75509106281974,-0.4742818718154831,4.017034192263849,0.5129613252647925,-0.48625557801399744,4.367652202445593,11.814591028261678,10.876410704023865,15.0,15.0,0.6812967869506936,0.7254871587440477,15.96444340969171,1.9992353357645836,6.842301542605474,0.5815160449360391,0.44168679408977446,0.11583212240305572,6.766398591283171,1.7553082689507342,10.25390625,0.2839559201250326,2.507205542590329,0.2945815077807704,0.009267505548279455,0.0021544851548727217,1,0,1.0
S16,810,870,60,30,0.04979111811056111,2.6203480615750574,13.15158948736552,-0.5326871291566935,4.339146178014865,0.5052415950069682,-0.6133730780440785,4.750030571864807,14.094832694798853,11.140576399438082,16.0,15.0,0.5670451464541749,0.6647475928999024,15.836017886433911,1.8829032215762525,8.056200447081448,0.38483724930782176,0.44412316732535134,0.11563126427424907,7.09313108126413,1.6401624478140473,20.5078125,0.27993336884557624,2.9816209512140492,0.24315951181917778,0.009059277950409705,0.0018199203220554462,1,0,1.0
S16,840,900,60,30,0.08088444597432051,2.7741513427953883,14.003475093564571,-0.6046639779519103,4.434932012529308,0.4312280439933045,-0.6204745907982163,5.257969868168584,14.7118954591126,12.691680945826466,16.0,16.0,0.6490764504442744,0.8231799335050358,16.45986455282773,2.272039126675702,8.636684588842117,0.5726931161170119,0.5003059381478814,0.13473229932169156,7.645769462653171,1.8784802643975642,20.5078125,0.2936138034914126,3.3812487757198775,0.3996988604711448,0.013107136435307008,0.0021768680805198727,1,0,1.0
S16,870,930,60,30,0.037985191515590516,3.0197361173898707,15.397027530793736,-0.46911613455237844,4.61956417194175,0.22032758808620348,-0.5982083023764293,5.736454912687762,17.24763842879429,14.160844320035306,17.0,17.0,0.7856868158942729,0.7852356089939746,18.226699990468965,2.982508699467282,12.353457822583726,0.5487354665454913,0.4797800486569713,0.1424321187732414,7.975926068664821,2.0694376379375345,20.5078125,0.30942774347326607,3.768514060092007,0.6254246783598664,0.0164756894434631,0.0022772511036189794,1,0,1.0
S16,900,960,60,30,-0.06516988850837459,2.733240359772585,14.194455524526418,-0.5927531196048759,4.475318867329487,0.26474217942930683,-0.7423026820332184,5.118575261369688,17.291674633476205,12.367107392866489,16.0,17.0,0.5884021548041315,0.6485423314743458,17.66116494445999,3.1397707741209073,12.907205295452556,0.5420740861439557,0.5122843775157623,0.14694675492188242,7.450092732139124,1.6590065383458823,20.5078125,0.2933491493930654,3.2263561505836877,0.3872389088876184,0.016819798756502066,0.0029265189826315013,1,0,1.0
S16,930,990,60,30,-0.057816091097748414,2.8352882089695313,13.494000448552079,-0.6852041766760292,4.843783260653659,0.4087549999952959,-0.846253632982938,4.974149658142579,10.277635883250335,11.307448709242248,16.0,16.0,0.34527150446861765,0.5563726419375917,16.58549174864889,1.2907785386668433,4.859378712283201,0.3386930376623247,0.2874520802024198,0.07897241796293489,7.7186262461973705,1.4231052899402128,20.5078125,0.28368327381869485,3.3347400948418984,0.2799947074046337,0.010236074220572978,0.0018093680615413714,1,0,1.0
S16,960,1020,60,30,-0.06485904784914785,3.0930522542440038,17.951123660836927,-0.627495680493585,4.545503014690482,0.3058242423716027,0.014915301316715812,5.687010483081475,20.07881924413666,13.537896994207687,16.0,17.0,0.8584791061527894,0.8484972840810165,17.181611519198693,2.2762854364116034,8.131055240262949,0.6422416554719287,0.48911572762623146,0.13753923781669605,8.218615840673245,2.485045698310968,20.5078125,0.2881495236710922,4.550091974333822,0.44416622867969574,0.016416612088031222,0.002083241419250498,1,0,1.0
S16,990,1050,60,30,0.08973047385179929,3.0039440375379405,18.48465907724129,-0.490288775180801,4.197197171998469,0.3346619940765149,0.5488293371138084,5.377713389574539,20.414279376810107,13.140232461090932,16.0,15.0,0.8335345240715514,0.7960590473167082,15.885988972746157,2.4645926711829844,8.33970793079669,0.8262452392209452,0.5656899144982871,0.14640729855144233,7.670724087544254,2.3460211588712654,10.25390625,0.2723492602964148,4.12387994281629,0.35710114000578946,0.014453410577244235,0.0021585030430495864,1,0,1.0
S16,1020,1080,60,30,0.025846557697752827,2.8372898022553086,12.509319215419668,-0.6317652012519408,4.834489784743935,0.28329961245578533,-0.9517584041353002,5.166486124991811,12.152543930185322,12.238713193026369,16.0,15.0,0.5995611392074397,0.5606587693358268,15.852608736818656,2.0990543849472334,7.74527990242167,0.8165531445661541,0.5024207702568511,0.13047308108962816,7.942017875927387,1.3660646397182643,10.25390625,0.28002544456006406,3.7161904960033776,0.35281867000619027,0.012016279946156748,0.0019254488995281488,1,0,1.0
S16,1050,1110,60,30,-0.008500444390558652,2.544025294353054,12.68309308598393,-0.7130835575329879,4.2494136164256595,0.45282758717640287,-0.7535944289172929,4.617711684232569,12.204433843581342,10.896268522261229,15.0,16.0,0.49869509996330313,0.821090307261816,15.494184320958766,2.034533124266855,7.320521263162982,0.7224943710296604,0.4819580792670273,0.12247664082607788,7.381606309253539,1.2082841547150784,10.25390625,0.27584560890251875,3.151543549661052,0.29005777277249734,0.008946605540901901,0.001717307554280988,1,0,1.0
S16,1080,1140,60,30,0.0397504211160729,2.4977028425874357,11.609003117811602,-0.5566995945068185,4.3750504601380555,0.34195113025142965,-1.0332397656834873,4.593315949842578,13.513784785154082,10.864859337215735,16.0,15.0,0.5142666077047284,0.4810034449396607,16.129326117031844,1.9840734527226225,7.322815157286234,0.38650749882405944,0.4671148091186567,0.12367817776800809,7.109966381809132,1.1637051292356844,20.5078125,0.282320025551149,3.0739565182132678,0.28442835460929666,0.0071185461244214565,0.0013664264017286883,1,0,1.0
S16,1110,1170,60,30,0.047389077102919265,2.964969161040393,15.205402130795013,-0.5339662360340757,4.849892436476649,0.18452826445762038,-0.6188550645992779,5.387843697563108,13.52217492559895,12.381988125669999,17.0,16.0,0.7214731451269822,0.8724991978147688,17.634370854358025,4.086764072900317,17.181978798586574,0.6618487814628122,0.6538711683375886,0.1842771214962128,7.884783288145854,2.3039425195561627,10.25390625,0.28126132960460537,3.9849609206072008,0.38163562316384225,0.009139714645898779,0.0013561026642764915,1,0,1.0
S16,1140,1200,60,30,-0.023618125686445033,2.790982678892233,14.92515972263702,-0.6125198152887701,4.151841567897069,0.21894433805444038,-0.2295602693668557,4.97715818386871,12.84939887726222,11.753490600313622,16.0,16.0,0.9981898724604424,1.0881450792064291,16.945547891902628,4.751053133177409,17.70092864921412,0.8938000735223574,0.7703741412199124,0.20536008740534367,7.371295509919653,2.483438388677067,10.25390625,0.27585411022663947,3.8400173254175343,0.3884672644372842,0.01300964790027037,0.0020410260529649944,1,0,1.0
S16,1170,1230,60,30,0.08067183622050915,2.5944420298233815,15.423922811891348,-0.46595519089669474,3.963769984221368,0.22795757017510915,0.019069741801432283,4.721525726066521,16.844274218883637,11.380049303422616,16.0,15.0,0.7728055129753809,0.9227586735868982,15.912224559251566,2.23061177781993,9.185008168131043,0.7029190490407649,0.4568566961491607,0.1191681648920899,6.971294522273352,2.5879358100238203,10.25390625,0.282359561568758,3.221460559812472,0.346528190465945,0.010722963854053328,0.001951580968715462,1,0,1.0
S16,1200,1260,60,30,-0.04002519638775644,2.8805056683409096,15.434427898012729,-0.43960977242478383,4.094956388797391,0.21220154411243342,-0.10044865042522844,4.723956817349324,16.851239469102364,11.226529475923085,16.0,16.0,1.0790905765071699,1.1041049433373094,16.690834126149856,2.5098759753491766,9.964101281466553,0.5181967218784751,0.5245906210826602,0.14286236957588785,7.048770098572177,2.920991058436886,10.25390625,0.2743681604579426,3.3982623371815244,0.30262558721636484,0.01207318194203123,0.002165367971581894,1,0,1.0
S16,1230,1290,60,30,-0.030038974396798982,2.7733562932625815,13.478647456787002,-0.43074233165064335,4.348145009392198,0.2756162254597574,-0.6028850342428256,4.49095633726018,11.699340574604378,10.760179852585921,16.0,17.0,0.9015820449001196,1.0132400952264096,16.743022507306126,2.4793736605954626,10.038936699813421,0.49783774447612245,0.5145765491579564,0.14066789289660353,6.813475442782918,2.0080581380757083,10.25390625,0.2724971588167818,2.998519939600462,0.2526028807896747,0.009663151902208391,0.0019793799168772506,1,0,0.8061666666666667
S16,1980,2040,60,30,0.07279206559356828,3.7979477153168557,16.810931186356456,-0.8690525795880624,5.779674653139532,0.5120838193957324,-0.6863940016333174,7.611621872005114,28.715993255542884,27.799765718124267,20.0,19.0,1.0403640288098044,1.1447166935242559,23.121676011324233,8.914857307745685,31.031887110511118,1.6403986435469176,1.2511673468307776,0.41036042792654537,8.511727914601064,3.507561218843813,10.25390625,0.3179569602960801,5.066657018406686,1.2384768374790602,0.21756192511756417,0.0219591380912212,2,1,0.8605238095238095
S16,2010,2070,60,30,0.071736668795321,3.536032638856888,18.89097800028923,-0.6741913477492056,5.2938590809962145,0.4559389336557587,-0.30170097456095446,6.9380337463937405,26.389901199152455,24.469446267337396,17.0,17.0,1.185649894945067,1.247565990827131,21.87213911932867,8.902793833606744,32.991151688089005,2.695920854124001,1.6967661318291476,0.5085576074846513,8.464286878395763,3.3791261678123052,10.25390625,0.3020107030950823,4.685057817951623,0.9358150663219996,0.1426265170427911,0.01664930726292189,2,1,1.0
S16,2040,2100,60,30,0.08136123692599881,3.306015002322277,19.04509640382078,-0.30747024470508477,4.6538642937260155,0.4642430896380697,0.0832611950044968,6.9303382828791245,27.190025368187086,24.371272629531234,19.0,18.0,1.1671008750301255,1.213951403261221,21.763218321135067,5.953741076099993,26.970563653927563,2.439911954997404,1.4539854525218345,0.46859567991035184,7.5191343318783135,3.9437070401843233,10.25390625,0.3297396501878428,3.7391500417827084,0.9833282133621764,0.1566972549957605,0.020171009484828018,2,1,1.0
S16,2070,2130,60,30,-0.04697465603369784,3.37284703941365,15.432917171028105,-0.482587508111155,4.6958581089007225,0.6233642876356861,-0.04066031401324732,7.264008217306913,27.409383844660518,26.007194568349462,21.0,22.0,1.2080092068890103,1.1176773405987008,24.090969130633425,7.251537778899417,30.31560293662626,1.363468755119418,0.9253824250833065,0.33736143823671394,7.169759277469983,3.7920354564713303,10.25390625,0.33652723904634746,3.554010840635302,1.0380015342526032,0.16408254161893857,0.021459689081655044,2,1,1.0
S16,2100,2160,60,30,0.06450445827369113,3.6292196600886673,18.010584990408,-0.050836842056865034,5.0320980398783295,0.17686532474442607,-0.41449020568818495,7.941877640628475,23.62487652840697,27.971203341908474,23.0,23.0,1.0206075289757761,1.1056912769925729,26.33936062361988,8.848073427114098,32.19127939944311,1.456081012334162,1.074348255247673,0.4111469180888686,7.871643292051758,3.1835982937986254,10.25390625,0.3516237961027394,3.763255309187691,1.538316879464154,0.14774881499662704,0.016784046432213647,2,1,1.0
S16,2130,2190,60,30,-0.029596199242231325,3.2749176057726292,16.17540221278821,-0.09847496020687874,5.001683816271231,0.04379391759389953,-0.5751182164283914,7.5699055347428965,20.900040344944102,27.111311307474097,22.0,23.0,0.9592735280940304,0.999900952734689,24.493440430663707,7.911829385735993,29.86474790453827,1.1318204137492802,0.8800029028261035,0.32338489754371585,7.800426706154458,2.580521031619103,20.5078125,0.35964699863598065,3.3761700986939367,1.474227618198577,0.1439750607011796,0.0174929226124303,2,1,1.0
S16,2160,2220,60,30,0.09767036142441854,3.350482313066711,21.495218532618203,-0.09529201202709847,4.665798741409646,0.5729839642428326,1.0355362797962817,7.075942921880888,21.473800144688227,23.10807586697019,20.0,21.0,1.04901715497787,1.0021748318595527,22.237516813620864,5.3473676426528876,18.924947589098537,0.8730936473293132,0.6346075879319935,0.22296343731331425,7.56074433137704,2.962346815467556,20.5078125,0.33599597731307346,4.032589228229868,1.0721938327072977,0.11618821729745234,0.013513863603154066,2,1,1.0
S16,2190,2250,60,30,-0.047366276447411475,3.259268977940794,20.43139192255149,-0.12240360011911719,4.911219739327507,0.017073631110456258,0.3029438392635915,6.911266704996983,20.363494073479504,20.9781460833554,22.0,22.0,0.7522415612121457,1.035339506873688,23.766064814301153,7.374048445219622,26.460348162475825,1.1297413014328836,0.8332837469628659,0.3007284464390192,7.340993031902307,2.4901744104269405,20.5078125,0.3411300576194761,3.18851116797011,1.0029830013064627,0.06435017915253284,0.009024533053239175,2,1,1.0
S16,2220,2280,60,30,-0.01507587624096235,2.875867475925352,13.019154299521787,-0.1808785730339083,4.934446719999961,0.17144925050354534,-0.9841934901533818,6.827748253639352,17.78452281377674,22.597565788361244,22.0,23.0,0.8177831773725499,0.8719223026701096,24.851466099336612,6.392777295454632,25.020815445060233,1.1250292059701004,0.8113031551014285,0.31065788955433704,7.486496875662934,2.0827300435265927,20.5078125,0.37384315868349244,2.602427655333424,1.3061513880480633,0.09503551797727368,0.013624806815461474,2,1,1.0
S16,2250,2310,60,30,0.03939034589254709,3.1144356397954045,18.431290567292287,-0.4043519585962589,4.542366046049121,0.2639201481014916,0.07993228354006154,7.054114058864572,23.614534008596078,23.33759257712933,22.0,22.0,1.1338420489327041,1.0011009440322554,23.960640785119097,6.0189373428028885,21.493198477076533,1.2573076596523254,0.860753882661969,0.31739827104304386,7.504356680478297,2.6715050723176605,20.5078125,0.35197233189642924,3.304734851573656,1.2847437048571844,0.1181258553142431,0.015096538197257064,2,1,1.0
S16,2280,2340,60,30,-0.0918490940179016,3.2518744901898082,17.692143207235365,-0.17323179762046897,5.039823660645266,0.2972918190405897,-0.19242317502759754,7.35517786589039,23.991136515658606,23.301271949764118,21.0,22.0,1.0575708142831068,0.9545604401645332,23.70009584531622,4.371838186669336,17.177206851119895,0.7721048275083209,0.6066884013449826,0.22980621263067524,8.074388458677683,2.7761023637345765,20.5078125,0.3580492980524951,3.260451971521028,1.3397207135209406,0.10941356981095512,0.0136914393878926,2,1,1.0
S16,2310,2370,60,30,-0.06939537629147552,4.438846921458242,27.975269327618612,-6.678991551932494e-05,6.163519201422985,-0.16240326544844408,1.0302329277387319,8.928772555445532,21.97911398025012,25.92502200446685,22.0,22.0,0.9006172732862354,0.8671900487811425,23.465355222298324,5.380495854905127,22.421655350305585,0.9725817734887121,0.7034471754444993,0.25980938868455916,10.228301173333158,3.4151110307642787,20.5078125,0.3156640879203819,7.248935117471047,1.6274967255178936,0.11022757704642051,0.007642393462768711,2,1,1.0
S16,2340,2400,60,30,-0.09613460631920522,4.389757561623104,26.408013984106418,0.19103707728497243,5.3412995353953345,-0.7107400479521893,1.43605828559775,9.052410077894152,22.43011009306004,27.73049754240944,24.0,23.0,0.8302798655505013,1.049760196346562,26.697134839956288,7.821609161399966,31.55675714302729,1.2569435718667497,0.8498348373657726,0.3426667555307906,9.43071511732579,3.8049089817189037,20.5078125,0.3472531006883121,5.391490276615551,2.125679981845953,0.11054296202862712,0.008766899509745745,2,1,1.0
S16,2370,2430,60,30,0.08266402747301863,3.1865601544443267,16.86886191911747,0.04240701868149918,3.8547856565303196,-0.19641191594973403,0.07853160492600253,7.794402932637655,22.587366932581453,25.8865295940858,23.0,22.0,1.3146103525334372,1.3140507128008427,25.402366634291557,8.037817103162386,33.53142037522689,1.5893411363874688,0.9872288746295583,0.37260310931292306,7.857709822064427,4.218078039089147,20.5078125,0.3862080181876657,2.6832764464877417,1.597459916607068,0.09751589843815477,0.012699512566382078,2,1,1.0
S16,2400,2460,60,30,-0.037970517756188954,3.0754799231362924,16.069337431138695,0.1097042631933054,3.5189125582839016,-0.20736682143111354,0.14803591135385652,7.336231001550318,23.52585950898367,23.783168523363145,21.0,21.0,1.3691524992948432,1.242731508716473,23.464723865301952,6.572714795718795,27.90016873058555,1.3782533428660257,0.932482037360506,0.33295285579961453,7.941551695986694,3.984837920317155,20.5078125,0.37400860930143043,3.192588222135507,1.491835684280015,0.11273241707615592,0.013421201911582907,2,1,1.0
S16,2430,2490,60,30,-0.04206194493236972,3.1605726529833067,19.102840215226184,0.24069866867129044,3.7063460332046803,0.16016417740398572,0.790685327670146,7.119851320275827,23.59911494604068,23.48191782657951,21.0,21.0,1.325193526269039,1.065506597168932,23.200075091539226,6.8401928182463,28.289479967527814,1.0372961733445425,0.9858610760266833,0.3449306508815306,7.9640891007240855,3.689540100331365,20.5078125,0.34771174978346997,3.4973509491121852,1.301855605437143,0.11432559515630246,0.014126547701089053,2,1,1.0
S16,2460,2520,60,30,0.006532370752889777,3.521651171174657,19.17834968202026,0.24463428053817043,4.72627595973821,0.365363922302201,0.4101309916346869,7.388143516522136,20.288775972907036,23.791401403147045,20.0,20.0,1.1643109189674596,1.2502739475936064,22.003176944157065,6.249554756769933,21.419574614261585,1.561832279096322,1.1535014888975712,0.3801275998497905,8.849709858035181,4.060396902262337,20.5078125,0.32402556883858163,3.8790900519325313,0.9564523664584739,0.10701335211297282,0.013549146345009455,2,1,1.0
S16,2490,2550,60,30,-0.02309212657850882,4.295866017339669,30.825765170605543,0.0024231878447198985,4.381596118563154,-0.020436111141789642,2.5086209599685567,7.618869193695374,20.92286577438518,22.61480171979997,19.0,20.0,1.16620629790052,1.311283776209891,21.33661884874026,5.389896558995182,19.88146019792947,1.390325559739454,1.012296307690027,0.3316760317478247,9.246102922979398,4.759947196365868,10.25390625,0.2936585395613974,6.681419998563976,1.0987924804740692,0.10343783433804654,0.008646113708486947,2,1,1.0
S16,2520,2580,60,30,-0.19129623525177517,3.8878421056437387,28.298232295216145,0.18644458324661917,3.822944846379637,-0.6299703663575451,3.104358909780794,6.540512912711837,18.9197551858153,20.175786637468946,21.0,22.0,1.230729624839636,1.075363746510673,23.22378736586112,5.212796684450188,22.303364177110126,0.8442599515171664,0.6844114520624898,0.25071984532733743,6.98891236109368,4.217468266012801,10.25390625,0.29429820336002166,4.244976587771726,0.7100799350461465,0.09457542163216102,0.01245237562011307,2,1,1.0
S16,2550,2610,60,30,0.13819246692589665,2.5452195879100743,12.209047834883826,0.10800582340669074,3.1706772376855117,-0.06246707358929414,-0.19943261760187125,6.278730748344401,21.30501328134877,23.319786587230993,24.0,23.0,1.1330301977697126,1.1092708079423759,24.95861488645107,5.659910677724295,20.70896344958335,0.8399080036203099,0.5336378482025234,0.2116254336681764,6.074128639641319,2.4529966734065614,20.5078125,0.3858684278475397,1.7619322746077863,0.7556151061987699,0.1771863663452703,0.03865150235044309,2,1,1.0
S16,2580,2640,60,30,-0.08398926106959018,2.87356290613681,12.97558280228909,0.0021181055092499095,4.062539828882003,-0.077664072376781,-0.5980808108833182,6.599938483441901,21.20831029638608,24.154230706163965,22.0,22.0,1.0616037337840227,0.9850276906571295,24.18958519471033,6.638000488508049,23.007248518225197,1.235373156877991,0.7051606901060502,0.2643341105331873,7.0046439857235185,2.1033970753151183,20.5078125,0.3618443158963382,2.451468657742038,0.8889740660866273,0.1620111496931601,0.028101047258617073,2,1,1.0
S16,2610,2670,60,30,-0.038725783163219486,3.268367629428176,19.893131901532726,0.2222263343771407,4.442740213748191,0.004885591038350953,0.3260865457938822,6.921967510699193,31.075173592391923,25.207540293095743,18.0,18.0,1.3131273003311958,1.212296638199877,21.475182162691016,6.7976114522336415,25.674973895270046,1.558351063051675,1.280522383650521,0.40504548963188647,8.258748274867287,2.883260278229304,20.5078125,0.35040234191067987,3.534788760070962,1.0901377773652121,0.1930679712161682,0.02442980665702276,2,1,0.8561666666666666
S16,4320,4380,60,30,0.005696328115514562,2.3432986080408633,14.114083420495145,-0.3514816433339357,3.6321351066264524,0.4151598994408065,-0.029768419942783897,5.121306171180803,18.17575110688803,14.828896726218565,19.0,18.0,0.8847311037935566,0.8349280809012366,18.985834052825336,3.2381696304204652,12.60548918682924,0.7540854712558674,0.5596898380260441,0.17198965829642113,6.2203029892261155,2.1412720055424415,20.5078125,0.33982011675729684,2.1541117286664297,0.5430065969225831,0.031388590130736825,0.006670160774323434,3,0,0.9938333333333333
S16,4350,4410,60,30,0.01109237657016247,2.160048595369432,12.601512270400061,-0.11367412204692218,3.0246537132902023,0.22498342884258107,0.14976592472107564,4.434704474723972,21.136463181552646,14.156809756122641,18.0,19.0,1.0313923521040962,1.1157355158452573,19.71175474521524,5.838034729995042,20.549699897525983,1.4245958521056892,0.8982074279221957,0.27219100033803073,5.371911542403658,2.053024265491996,20.5078125,0.3191319138269786,1.9715578234529814,0.3938740002019367,0.052584361838102896,0.01352501312162251,3,0,1.0
S16,4380,4440,60,30,0.029403708759798888,3.324704621521061,18.42791225919647,-0.23677755053866928,4.195162853211887,0.35466002804939795,0.32264374655408146,5.641530182943877,21.07509860315363,16.28792713967873,17.0,16.0,1.0827382926703697,1.1824874038456459,18.986116659134375,6.179179962644864,22.288891271651345,1.6484096644246864,1.1642260303227732,0.3311744479621837,7.608732543932981,3.79879332401895,10.25390625,0.2903895532952449,3.6155442676596663,0.4724025275454489,0.043038055923514666,0.006797080797667489,3,0,1.0
S16,4410,4470,60,30,-0.032921432884232195,4.697206530046946,34.120770681136264,-0.1790681250397354,4.914545028608882,-0.2572243606199519,3.0752621654981356,7.246205337302485,41.81167371771801,17.429023692930212,14.0,14.0,1.2123351698342038,1.2221940781213252,15.844044384983562,5.693852940668493,22.352586480760124,2.2036427016334987,1.7754272894539118,0.40748539267145706,10.721733350566915,4.41452623841456,10.25390625,0.258736447868788,9.295096945924165,0.6738157283087417,0.034136167287571094,0.0023910690411930724,3,0,1.0
S16,4440,4500,60,30,0.06789996836619311,4.387407409003294,34.55566028760266,0.08356027536397598,3.7287692105632706,-0.38204892964796716,5.124536412308052,6.746651097903171,42.04749327264263,16.354840384611975,16.0,16.0,1.1953638954390324,1.3839765678151768,18.251241721532605,5.142571378884977,22.318840579710145,1.8557398153810976,1.6675768562283932,0.44934321324192594,8.399901263530957,5.020215296793082,10.25390625,0.2664256112522259,6.909896104732062,0.630928044946285,0.0313130956907366,0.0028506355868673696,3,0,1.0
S16,4470,4530,60,30,0.012176835131781456,4.51931915906818,29.834304914298393,-0.14299621691728473,4.079964308272298,-0.2906107582574829,2.349680504036346,6.816195978598655,28.111490687206377,15.686742386520198,17.0,16.0,1.4256556588590623,1.4791317841950824,17.764633193114307,3.6301485072318367,13.714005738586874,1.1111962053583162,1.0308040625192174,0.28796282301245224,8.914259305275547,5.901783866836799,10.25390625,0.2528371816452501,8.021833290774065,0.4530939153532919,0.029854367103926614,0.002496634659448893,3,0,1.0
S16,4500,4560,60,30,0.0691044110312248,4.400918830493558,29.704769539044886,-0.26553217131286366,4.393045154072768,-0.19007144222653,2.7169080858135093,6.456679822119268,28.376699690481022,14.615045024979661,15.0,15.0,1.3039286724968437,1.4934630394421926,15.899644425691928,2.6928873178572985,9.76344532784781,1.287666954318285,0.9364271870882617,0.23835090212105764,8.868512764089939,5.562552629622233,10.25390625,0.2559130832783816,7.784046472494357,0.4981368769345715,0.025172836605975944,0.002136052794795269,3,0,1.0
S16,4530,4590,60,30,0.009378237485542678,2.640401278190509,17.651657968426168,-0.567608653191588,3.7199172281419584,0.5858799037271808,1.027822187374956,5.096878241036025,22.893653115645286,13.254525446713188,17.0,17.0,1.0612181777441791,0.9938976143903471,17.941242334284716,3.9789743707880922,18.17794170948553,0.8281582713762988,0.5699518866195851,0.16448827896669121,6.817071596121642,2.426349550861246,20.5078125,0.29287932636321046,3.2741016265981098,0.447138417554437,0.01511809171096497,0.002593202065554333,3,0,1.0
S16,4560,4620,60,30,0.025634683786549848,2.9287173043953985,18.293739854586164,-0.5702558491224958,4.307599432367808,0.350966496636023,0.4265311810357697,5.887126386888228,22.940147758954765,15.84833067898553,17.0,18.0,0.7699949313293223,0.8233771095329265,17.64809721609114,1.9484893691123184,7.032368823777086,0.49838460137162516,0.42320651552541494,0.12280521734550995,7.530221989232879,1.859214268622168,20.5078125,0.3039791209332111,3.5421364968961937,0.49560452696215956,0.02020783314218963,0.003085308502899903,3,0,1.0
S16,4590,4650,60,30,0.020365852910618674,2.486519743814719,12.65594559738272,-0.5256952236025975,4.031230906412682,0.3683602831626425,-0.738291844795699,5.250121127152005,15.6117102747237,14.766267845878836,18.0,18.0,0.7857462492302876,0.909266678118022,19.12802972368207,4.638644246060436,21.66961382693514,0.6557077691864177,0.5480482603744457,0.1679614282741225,6.722910723825184,2.1899774059623396,20.5078125,0.32504173995109864,2.7026776599256634,0.5360308641135461,0.026822913468854223,0.004886396380564033,3,0,1.0
S16,4620,4680,60,30,-0.07086552346617814,2.888107284396056,17.910832447955627,-0.5220858455626536,3.893816287376235,0.7149263701596844,0.9192443411360354,5.216886838620146,15.408133386358625,13.674742432654694,17.0,17.0,1.1539297469093346,0.7651062577251513,16.85218710218332,2.1253047670411753,9.045764503192364,0.5408070311099505,0.5163786776925535,0.14247736475553308,7.057789817990901,2.2492349505734115,10.25390625,0.285857461946371,3.7164233965310753,0.3975617154360822,0.020721876585219096,0.003246942132282046,3,0,1.0
